ISO-10303-21;
HEADER;
FILE_DESCRIPTION(('FreeCAD Model'),'2;1');
FILE_NAME('Open CASCADE Shape Model','2026-10-07T22:28:00',('FreeCAD'),(
    'FreeCAD'),'Open CASCADE STEP processor 7.8','FreeCAD','Unknown');
FILE_SCHEMA(('AUTOMOTIVE_DESIGN { 1 0 10303 214 1 1 1 1 }'));
ENDSEC;
DATA;
#1 = APPLICATION_PROTOCOL_DEFINITION('international standard',
  'automotive_design',2000,#2);
#2 = APPLICATION_CONTEXT(
  'core data for automotive mechanical design processes');
#3 = SHAPE_DEFINITION_REPRESENTATION(#4,#10);
#4 = PRODUCT_DEFINITION_SHAPE('','',#5);
#5 = PRODUCT_DEFINITION('design','',#6,#9);
#6 = PRODUCT_DEFINITION_FORMATION('','',#7);
#7 = PRODUCT('Open CASCADE STEP translator 7.8 1',
  'Open CASCADE STEP translator 7.8 1','',(#8));
#8 = PRODUCT_CONTEXT('',#2,'mechanical');
#9 = PRODUCT_DEFINITION_CONTEXT('part definition',#2,'design');
#10 = SHAPE_REPRESENTATION('',(#11,#15,#1820,#3384,#3954,#4091,#4397,
    #4652,#4958,#5213,#5519,#5774,#6080,#6335,#6427,#6733,#6922,#7014,
    #7320,#7509,#7601,#7907,#8096,#8188,#8494,#8683,#9244,#9336,#9642,
    #9734,#10040,#10132,#10438,#10530,#10836,#10928,#11176,#11482,#11574
    ,#12975,#13281,#13587,#13893,#14199,#14769,#14906,#15212,#15467,
    #15773,#16028,#16334,#16589,#16895,#17150,#17242,#17334,#17426,
    #17732,#17980,#18286,#19423,#19515,#19821,#20127,#20433,#20739,
    #21163,#21255,#21561,#21653),#21959);
#11 = AXIS2_PLACEMENT_3D('',#12,#13,#14);
#12 = CARTESIAN_POINT('',(0.,0.,0.));
#13 = DIRECTION('',(0.,0.,1.));
#14 = DIRECTION('',(1.,0.,-0.));
#15 = MANIFOLD_SOLID_BREP('',#16);
#16 = CLOSED_SHELL('',(#17,#59,#90,#121,#152,#183,#214,#245,#276,#307,
    #338,#369,#400,#431,#462,#493,#524,#555,#586,#617,#648,#679,#710,
    #741,#774,#807,#838,#869,#900,#931,#962,#993,#1024,#1055,#1086,#1117
    ,#1148,#1179,#1210,#1241,#1272,#1303,#1334,#1365,#1396,#1427,#1458,
    #1489,#1513,#1546,#1579,#1612,#1645,#1678,#1749));
#17 = ADVANCED_FACE('',(#18),#54,.T.);
#18 = FACE_BOUND('',#19,.T.);
#19 = EDGE_LOOP('',(#20,#30,#39,#47));
#20 = ORIENTED_EDGE('',*,*,#21,.T.);
#21 = EDGE_CURVE('',#22,#24,#26,.T.);
#22 = VERTEX_POINT('',#23);
#23 = CARTESIAN_POINT('',(-100.,-20.,18.5));
#24 = VERTEX_POINT('',#25);
#25 = CARTESIAN_POINT('',(100.,-20.,18.5));
#26 = LINE('',#27,#28);
#27 = CARTESIAN_POINT('',(-100.,-20.,18.5));
#28 = VECTOR('',#29,1.);
#29 = DIRECTION('',(1.,0.,0.));
#30 = ORIENTED_EDGE('',*,*,#31,.T.);
#31 = EDGE_CURVE('',#24,#32,#34,.T.);
#32 = VERTEX_POINT('',#33);
#33 = CARTESIAN_POINT('',(100.,-18.5,20.));
#34 = CIRCLE('',#35,1.5);
#35 = AXIS2_PLACEMENT_3D('',#36,#37,#38);
#36 = CARTESIAN_POINT('',(100.,-18.5,18.5));
#37 = DIRECTION('',(-1.,-0.,-1.110223024625E-16));
#38 = DIRECTION('',(1.110223024625E-16,0.,-1.));
#39 = ORIENTED_EDGE('',*,*,#40,.F.);
#40 = EDGE_CURVE('',#41,#32,#43,.T.);
#41 = VERTEX_POINT('',#42);
#42 = CARTESIAN_POINT('',(-100.,-18.5,20.));
#43 = LINE('',#44,#45);
#44 = CARTESIAN_POINT('',(-100.,-18.5,20.));
#45 = VECTOR('',#46,1.);
#46 = DIRECTION('',(1.,0.,0.));
#47 = ORIENTED_EDGE('',*,*,#48,.F.);
#48 = EDGE_CURVE('',#22,#41,#49,.T.);
#49 = CIRCLE('',#50,1.5);
#50 = AXIS2_PLACEMENT_3D('',#51,#52,#53);
#51 = CARTESIAN_POINT('',(-100.,-18.5,18.5));
#52 = DIRECTION('',(-1.,-0.,-1.110223024625E-16));
#53 = DIRECTION('',(1.110223024625E-16,0.,-1.));
#54 = CYLINDRICAL_SURFACE('',#55,1.5);
#55 = AXIS2_PLACEMENT_3D('',#56,#57,#58);
#56 = CARTESIAN_POINT('',(-100.,-18.5,18.5));
#57 = DIRECTION('',(-1.,-0.,-1.110223024625E-16));
#58 = DIRECTION('',(1.110223024625E-16,0.,-1.));
#59 = ADVANCED_FACE('',(#60),#85,.F.);
#60 = FACE_BOUND('',#61,.F.);
#61 = EDGE_LOOP('',(#62,#63,#71,#79));
#62 = ORIENTED_EDGE('',*,*,#21,.T.);
#63 = ORIENTED_EDGE('',*,*,#64,.T.);
#64 = EDGE_CURVE('',#24,#65,#67,.T.);
#65 = VERTEX_POINT('',#66);
#66 = CARTESIAN_POINT('',(100.,-20.,5.1));
#67 = LINE('',#68,#69);
#68 = CARTESIAN_POINT('',(100.,-20.,18.5));
#69 = VECTOR('',#70,1.);
#70 = DIRECTION('',(1.110223024625E-16,0.,-1.));
#71 = ORIENTED_EDGE('',*,*,#72,.F.);
#72 = EDGE_CURVE('',#73,#65,#75,.T.);
#73 = VERTEX_POINT('',#74);
#74 = CARTESIAN_POINT('',(-100.,-20.,5.1));
#75 = LINE('',#76,#77);
#76 = CARTESIAN_POINT('',(-100.,-20.,5.1));
#77 = VECTOR('',#78,1.);
#78 = DIRECTION('',(1.,0.,0.));
#79 = ORIENTED_EDGE('',*,*,#80,.F.);
#80 = EDGE_CURVE('',#22,#73,#81,.T.);
#81 = LINE('',#82,#83);
#82 = CARTESIAN_POINT('',(-100.,-20.,18.5));
#83 = VECTOR('',#84,1.);
#84 = DIRECTION('',(1.110223024625E-16,0.,-1.));
#85 = PLANE('',#86);
#86 = AXIS2_PLACEMENT_3D('',#87,#88,#89);
#87 = CARTESIAN_POINT('',(-100.,-20.,18.5));
#88 = DIRECTION('',(-0.,1.,0.));
#89 = DIRECTION('',(1.110223024625E-16,0.,-1.));
#90 = ADVANCED_FACE('',(#91),#116,.F.);
#91 = FACE_BOUND('',#92,.F.);
#92 = EDGE_LOOP('',(#93,#103,#109,#110));
#93 = ORIENTED_EDGE('',*,*,#94,.T.);
#94 = EDGE_CURVE('',#95,#97,#99,.T.);
#95 = VERTEX_POINT('',#96);
#96 = CARTESIAN_POINT('',(-100.,-5.1,20.));
#97 = VERTEX_POINT('',#98);
#98 = CARTESIAN_POINT('',(100.,-5.1,20.));
#99 = LINE('',#100,#101);
#100 = CARTESIAN_POINT('',(-100.,-5.1,20.));
#101 = VECTOR('',#102,1.);
#102 = DIRECTION('',(1.,0.,0.));
#103 = ORIENTED_EDGE('',*,*,#104,.T.);
#104 = EDGE_CURVE('',#97,#32,#105,.T.);
#105 = LINE('',#106,#107);
#106 = CARTESIAN_POINT('',(100.,18.5,20.));
#107 = VECTOR('',#108,1.);
#108 = DIRECTION('',(0.,-1.,-0.));
#109 = ORIENTED_EDGE('',*,*,#40,.F.);
#110 = ORIENTED_EDGE('',*,*,#111,.F.);
#111 = EDGE_CURVE('',#95,#41,#112,.T.);
#112 = LINE('',#113,#114);
#113 = CARTESIAN_POINT('',(-100.,18.5,20.));
#114 = VECTOR('',#115,1.);
#115 = DIRECTION('',(0.,-1.,-0.));
#116 = PLANE('',#117);
#117 = AXIS2_PLACEMENT_3D('',#118,#119,#120);
#118 = CARTESIAN_POINT('',(-100.,-5.1,20.));
#119 = DIRECTION('',(0.,0.,-1.));
#120 = DIRECTION('',(0.,-1.,0.));
#121 = ADVANCED_FACE('',(#122),#147,.T.);
#122 = FACE_BOUND('',#123,.T.);
#123 = EDGE_LOOP('',(#124,#134,#140,#141));
#124 = ORIENTED_EDGE('',*,*,#125,.T.);
#125 = EDGE_CURVE('',#126,#128,#130,.T.);
#126 = VERTEX_POINT('',#127);
#127 = CARTESIAN_POINT('',(-100.,-15.7,5.1));
#128 = VERTEX_POINT('',#129);
#129 = CARTESIAN_POINT('',(100.,-15.7,5.1));
#130 = LINE('',#131,#132);
#131 = CARTESIAN_POINT('',(-100.,-15.7,5.1));
#132 = VECTOR('',#133,1.);
#133 = DIRECTION('',(1.,0.,0.));
#134 = ORIENTED_EDGE('',*,*,#135,.T.);
#135 = EDGE_CURVE('',#128,#65,#136,.T.);
#136 = LINE('',#137,#138);
#137 = CARTESIAN_POINT('',(100.,-15.7,5.1));
#138 = VECTOR('',#139,1.);
#139 = DIRECTION('',(-1.359631073447E-32,-1.,1.224646799147E-16));
#140 = ORIENTED_EDGE('',*,*,#72,.F.);
#141 = ORIENTED_EDGE('',*,*,#142,.F.);
#142 = EDGE_CURVE('',#126,#73,#143,.T.);
#143 = LINE('',#144,#145);
#144 = CARTESIAN_POINT('',(-100.,-15.7,5.1));
#145 = VECTOR('',#146,1.);
#146 = DIRECTION('',(-1.359631073447E-32,-1.,1.224646799147E-16));
#147 = PLANE('',#148);
#148 = AXIS2_PLACEMENT_3D('',#149,#150,#151);
#149 = CARTESIAN_POINT('',(-100.,-15.7,5.1));
#150 = DIRECTION('',(0.,-1.224646799147E-16,-1.));
#151 = DIRECTION('',(-1.359631073447E-32,-1.,1.224646799147E-16));
#152 = ADVANCED_FACE('',(#153),#178,.F.);
#153 = FACE_BOUND('',#154,.F.);
#154 = EDGE_LOOP('',(#155,#165,#171,#172));
#155 = ORIENTED_EDGE('',*,*,#156,.T.);
#156 = EDGE_CURVE('',#157,#159,#161,.T.);
#157 = VERTEX_POINT('',#158);
#158 = CARTESIAN_POINT('',(-100.,-5.1,15.7));
#159 = VERTEX_POINT('',#160);
#160 = CARTESIAN_POINT('',(100.,-5.1,15.7));
#161 = LINE('',#162,#163);
#162 = CARTESIAN_POINT('',(-100.,-5.1,15.7));
#163 = VECTOR('',#164,1.);
#164 = DIRECTION('',(1.,0.,0.));
#165 = ORIENTED_EDGE('',*,*,#166,.T.);
#166 = EDGE_CURVE('',#159,#97,#167,.T.);
#167 = LINE('',#168,#169);
#168 = CARTESIAN_POINT('',(100.,-5.1,15.7));
#169 = VECTOR('',#170,1.);
#170 = DIRECTION('',(-1.110223024625E-16,1.110223024625E-16,1.));
#171 = ORIENTED_EDGE('',*,*,#94,.F.);
#172 = ORIENTED_EDGE('',*,*,#173,.F.);
#173 = EDGE_CURVE('',#157,#95,#174,.T.);
#174 = LINE('',#175,#176);
#175 = CARTESIAN_POINT('',(-100.,-5.1,15.7));
#176 = VECTOR('',#177,1.);
#177 = DIRECTION('',(-1.110223024625E-16,1.110223024625E-16,1.));
#178 = PLANE('',#179);
#179 = AXIS2_PLACEMENT_3D('',#180,#181,#182);
#180 = CARTESIAN_POINT('',(-100.,-5.1,15.7));
#181 = DIRECTION('',(0.,-1.,1.110223024625E-16));
#182 = DIRECTION('',(-1.110223024625E-16,1.110223024625E-16,1.));
#183 = ADVANCED_FACE('',(#184),#209,.F.);
#184 = FACE_BOUND('',#185,.F.);
#185 = EDGE_LOOP('',(#186,#187,#195,#203));
#186 = ORIENTED_EDGE('',*,*,#125,.T.);
#187 = ORIENTED_EDGE('',*,*,#188,.T.);
#188 = EDGE_CURVE('',#128,#189,#191,.T.);
#189 = VERTEX_POINT('',#190);
#190 = CARTESIAN_POINT('',(100.,-15.7,10.));
#191 = LINE('',#192,#193);
#192 = CARTESIAN_POINT('',(100.,-15.7,-10.));
#193 = VECTOR('',#194,1.);
#194 = DIRECTION('',(-1.110223024625E-16,1.224646799147E-16,1.));
#195 = ORIENTED_EDGE('',*,*,#196,.F.);
#196 = EDGE_CURVE('',#197,#189,#199,.T.);
#197 = VERTEX_POINT('',#198);
#198 = CARTESIAN_POINT('',(-100.,-15.7,10.));
#199 = LINE('',#200,#201);
#200 = CARTESIAN_POINT('',(-100.,-15.7,10.));
#201 = VECTOR('',#202,1.);
#202 = DIRECTION('',(1.,0.,0.));
#203 = ORIENTED_EDGE('',*,*,#204,.F.);
#204 = EDGE_CURVE('',#126,#197,#205,.T.);
#205 = LINE('',#206,#207);
#206 = CARTESIAN_POINT('',(-100.,-15.7,-10.));
#207 = VECTOR('',#208,1.);
#208 = DIRECTION('',(-1.110223024625E-16,1.224646799147E-16,1.));
#209 = PLANE('',#210);
#210 = AXIS2_PLACEMENT_3D('',#211,#212,#213);
#211 = CARTESIAN_POINT('',(-100.,-15.7,5.1));
#212 = DIRECTION('',(0.,-1.,1.224646799147E-16));
#213 = DIRECTION('',(-1.110223024625E-16,1.224646799147E-16,1.));
#214 = ADVANCED_FACE('',(#215),#240,.F.);
#215 = FACE_BOUND('',#216,.F.);
#216 = EDGE_LOOP('',(#217,#227,#233,#234));
#217 = ORIENTED_EDGE('',*,*,#218,.T.);
#218 = EDGE_CURVE('',#219,#221,#223,.T.);
#219 = VERTEX_POINT('',#220);
#220 = CARTESIAN_POINT('',(-100.,-10.,15.7));
#221 = VERTEX_POINT('',#222);
#222 = CARTESIAN_POINT('',(100.,-10.,15.7));
#223 = LINE('',#224,#225);
#224 = CARTESIAN_POINT('',(-100.,-10.,15.7));
#225 = VECTOR('',#226,1.);
#226 = DIRECTION('',(1.,0.,0.));
#227 = ORIENTED_EDGE('',*,*,#228,.T.);
#228 = EDGE_CURVE('',#221,#159,#229,.T.);
#229 = LINE('',#230,#231);
#230 = CARTESIAN_POINT('',(100.,-10.,15.7));
#231 = VECTOR('',#232,1.);
#232 = DIRECTION('',(1.232595164408E-32,1.,-1.110223024625E-16));
#233 = ORIENTED_EDGE('',*,*,#156,.F.);
#234 = ORIENTED_EDGE('',*,*,#235,.F.);
#235 = EDGE_CURVE('',#219,#157,#236,.T.);
#236 = LINE('',#237,#238);
#237 = CARTESIAN_POINT('',(-100.,-10.,15.7));
#238 = VECTOR('',#239,1.);
#239 = DIRECTION('',(1.232595164408E-32,1.,-1.110223024625E-16));
#240 = PLANE('',#241);
#241 = AXIS2_PLACEMENT_3D('',#242,#243,#244);
#242 = CARTESIAN_POINT('',(-100.,-10.,15.7));
#243 = DIRECTION('',(-0.,1.110223024625E-16,1.));
#244 = DIRECTION('',(1.232595164408E-32,1.,-1.110223024625E-16));
#245 = ADVANCED_FACE('',(#246),#271,.F.);
#246 = FACE_BOUND('',#247,.F.);
#247 = EDGE_LOOP('',(#248,#249,#257,#265));
#248 = ORIENTED_EDGE('',*,*,#196,.T.);
#249 = ORIENTED_EDGE('',*,*,#250,.T.);
#250 = EDGE_CURVE('',#189,#251,#253,.T.);
#251 = VERTEX_POINT('',#252);
#252 = CARTESIAN_POINT('',(100.,-11.7,10.));
#253 = LINE('',#254,#255);
#254 = CARTESIAN_POINT('',(100.,-15.7,10.));
#255 = VECTOR('',#256,1.);
#256 = DIRECTION('',(1.359631073447E-32,1.,-1.224646799147E-16));
#257 = ORIENTED_EDGE('',*,*,#258,.F.);
#258 = EDGE_CURVE('',#259,#251,#261,.T.);
#259 = VERTEX_POINT('',#260);
#260 = CARTESIAN_POINT('',(-100.,-11.7,10.));
#261 = LINE('',#262,#263);
#262 = CARTESIAN_POINT('',(-100.,-11.7,10.));
#263 = VECTOR('',#264,1.);
#264 = DIRECTION('',(1.,0.,0.));
#265 = ORIENTED_EDGE('',*,*,#266,.F.);
#266 = EDGE_CURVE('',#197,#259,#267,.T.);
#267 = LINE('',#268,#269);
#268 = CARTESIAN_POINT('',(-100.,-15.7,10.));
#269 = VECTOR('',#270,1.);
#270 = DIRECTION('',(1.359631073447E-32,1.,-1.224646799147E-16));
#271 = PLANE('',#272);
#272 = AXIS2_PLACEMENT_3D('',#273,#274,#275);
#273 = CARTESIAN_POINT('',(-100.,-15.7,10.));
#274 = DIRECTION('',(-0.,1.224646799147E-16,1.));
#275 = DIRECTION('',(1.359631073447E-32,1.,-1.224646799147E-16));
#276 = ADVANCED_FACE('',(#277),#302,.F.);
#277 = FACE_BOUND('',#278,.F.);
#278 = EDGE_LOOP('',(#279,#289,#295,#296));
#279 = ORIENTED_EDGE('',*,*,#280,.T.);
#280 = EDGE_CURVE('',#281,#283,#285,.T.);
#281 = VERTEX_POINT('',#282);
#282 = CARTESIAN_POINT('',(-100.,-10.,11.7));
#283 = VERTEX_POINT('',#284);
#284 = CARTESIAN_POINT('',(100.,-10.,11.7));
#285 = LINE('',#286,#287);
#286 = CARTESIAN_POINT('',(-100.,-10.,11.7));
#287 = VECTOR('',#288,1.);
#288 = DIRECTION('',(1.,0.,0.));
#289 = ORIENTED_EDGE('',*,*,#290,.T.);
#290 = EDGE_CURVE('',#283,#221,#291,.T.);
#291 = LINE('',#292,#293);
#292 = CARTESIAN_POINT('',(100.,-10.,11.7));
#293 = VECTOR('',#294,1.);
#294 = DIRECTION('',(-1.110223024625E-16,1.110223024625E-16,1.));
#295 = ORIENTED_EDGE('',*,*,#218,.F.);
#296 = ORIENTED_EDGE('',*,*,#297,.F.);
#297 = EDGE_CURVE('',#281,#219,#298,.T.);
#298 = LINE('',#299,#300);
#299 = CARTESIAN_POINT('',(-100.,-10.,11.7));
#300 = VECTOR('',#301,1.);
#301 = DIRECTION('',(-1.110223024625E-16,1.110223024625E-16,1.));
#302 = PLANE('',#303);
#303 = AXIS2_PLACEMENT_3D('',#304,#305,#306);
#304 = CARTESIAN_POINT('',(-100.,-10.,11.7));
#305 = DIRECTION('',(0.,-1.,1.110223024625E-16));
#306 = DIRECTION('',(-1.110223024625E-16,1.110223024625E-16,1.));
#307 = ADVANCED_FACE('',(#308),#333,.F.);
#308 = FACE_BOUND('',#309,.F.);
#309 = EDGE_LOOP('',(#310,#311,#319,#327));
#310 = ORIENTED_EDGE('',*,*,#258,.T.);
#311 = ORIENTED_EDGE('',*,*,#312,.T.);
#312 = EDGE_CURVE('',#251,#313,#315,.T.);
#313 = VERTEX_POINT('',#314);
#314 = CARTESIAN_POINT('',(100.,-8.2,6.5));
#315 = LINE('',#316,#317);
#316 = CARTESIAN_POINT('',(100.,-11.7,10.));
#317 = VECTOR('',#318,1.);
#318 = DIRECTION('',(7.850462293419E-17,0.707106781187,-0.707106781187)
  );
#319 = ORIENTED_EDGE('',*,*,#320,.F.);
#320 = EDGE_CURVE('',#321,#313,#323,.T.);
#321 = VERTEX_POINT('',#322);
#322 = CARTESIAN_POINT('',(-100.,-8.2,6.5));
#323 = LINE('',#324,#325);
#324 = CARTESIAN_POINT('',(-100.,-8.2,6.5));
#325 = VECTOR('',#326,1.);
#326 = DIRECTION('',(1.,0.,0.));
#327 = ORIENTED_EDGE('',*,*,#328,.F.);
#328 = EDGE_CURVE('',#259,#321,#329,.T.);
#329 = LINE('',#330,#331);
#330 = CARTESIAN_POINT('',(-100.,-11.7,10.));
#331 = VECTOR('',#332,1.);
#332 = DIRECTION('',(7.850462293419E-17,0.707106781187,-0.707106781187)
  );
#333 = PLANE('',#334);
#334 = AXIS2_PLACEMENT_3D('',#335,#336,#337);
#335 = CARTESIAN_POINT('',(-100.,-11.7,10.));
#336 = DIRECTION('',(-0.,0.707106781187,0.707106781187));
#337 = DIRECTION('',(7.850462293419E-17,0.707106781187,-0.707106781187)
  );
#338 = ADVANCED_FACE('',(#339),#364,.F.);
#339 = FACE_BOUND('',#340,.F.);
#340 = EDGE_LOOP('',(#341,#351,#357,#358));
#341 = ORIENTED_EDGE('',*,*,#342,.T.);
#342 = EDGE_CURVE('',#343,#345,#347,.T.);
#343 = VERTEX_POINT('',#344);
#344 = CARTESIAN_POINT('',(-100.,-6.5,8.2));
#345 = VERTEX_POINT('',#346);
#346 = CARTESIAN_POINT('',(100.,-6.5,8.2));
#347 = LINE('',#348,#349);
#348 = CARTESIAN_POINT('',(-100.,-6.5,8.2));
#349 = VECTOR('',#350,1.);
#350 = DIRECTION('',(1.,0.,0.));
#351 = ORIENTED_EDGE('',*,*,#352,.T.);
#352 = EDGE_CURVE('',#345,#283,#353,.T.);
#353 = LINE('',#354,#355);
#354 = CARTESIAN_POINT('',(100.,-6.5,8.2));
#355 = VECTOR('',#356,1.);
#356 = DIRECTION('',(-7.850462293419E-17,-0.707106781187,0.707106781187)
  );
#357 = ORIENTED_EDGE('',*,*,#280,.F.);
#358 = ORIENTED_EDGE('',*,*,#359,.F.);
#359 = EDGE_CURVE('',#343,#281,#360,.T.);
#360 = LINE('',#361,#362);
#361 = CARTESIAN_POINT('',(-100.,-6.5,8.2));
#362 = VECTOR('',#363,1.);
#363 = DIRECTION('',(-7.850462293419E-17,-0.707106781187,0.707106781187)
  );
#364 = PLANE('',#365);
#365 = AXIS2_PLACEMENT_3D('',#366,#367,#368);
#366 = CARTESIAN_POINT('',(-100.,-6.5,8.2));
#367 = DIRECTION('',(0.,-0.707106781187,-0.707106781187));
#368 = DIRECTION('',(-7.850462293419E-17,-0.707106781187,0.707106781187)
  );
#369 = ADVANCED_FACE('',(#370),#395,.F.);
#370 = FACE_BOUND('',#371,.F.);
#371 = EDGE_LOOP('',(#372,#373,#381,#389));
#372 = ORIENTED_EDGE('',*,*,#320,.T.);
#373 = ORIENTED_EDGE('',*,*,#374,.T.);
#374 = EDGE_CURVE('',#313,#375,#377,.T.);
#375 = VERTEX_POINT('',#376);
#376 = CARTESIAN_POINT('',(100.,-8.2,-6.5));
#377 = LINE('',#378,#379);
#378 = CARTESIAN_POINT('',(100.,-8.2,6.5));
#379 = VECTOR('',#380,1.);
#380 = DIRECTION('',(1.110223024625E-16,-1.224646799147E-16,-1.));
#381 = ORIENTED_EDGE('',*,*,#382,.F.);
#382 = EDGE_CURVE('',#383,#375,#385,.T.);
#383 = VERTEX_POINT('',#384);
#384 = CARTESIAN_POINT('',(-100.,-8.2,-6.5));
#385 = LINE('',#386,#387);
#386 = CARTESIAN_POINT('',(-100.,-8.2,-6.5));
#387 = VECTOR('',#388,1.);
#388 = DIRECTION('',(1.,0.,0.));
#389 = ORIENTED_EDGE('',*,*,#390,.F.);
#390 = EDGE_CURVE('',#321,#383,#391,.T.);
#391 = LINE('',#392,#393);
#392 = CARTESIAN_POINT('',(-100.,-8.2,6.5));
#393 = VECTOR('',#394,1.);
#394 = DIRECTION('',(1.110223024625E-16,-1.224646799147E-16,-1.));
#395 = PLANE('',#396);
#396 = AXIS2_PLACEMENT_3D('',#397,#398,#399);
#397 = CARTESIAN_POINT('',(-100.,-8.2,6.5));
#398 = DIRECTION('',(0.,1.,-1.224646799147E-16));
#399 = DIRECTION('',(1.110223024625E-16,-1.224646799147E-16,-1.));
#400 = ADVANCED_FACE('',(#401),#426,.F.);
#401 = FACE_BOUND('',#402,.F.);
#402 = EDGE_LOOP('',(#403,#413,#419,#420));
#403 = ORIENTED_EDGE('',*,*,#404,.T.);
#404 = EDGE_CURVE('',#405,#407,#409,.T.);
#405 = VERTEX_POINT('',#406);
#406 = CARTESIAN_POINT('',(-100.,6.5,8.2));
#407 = VERTEX_POINT('',#408);
#408 = CARTESIAN_POINT('',(100.,6.5,8.2));
#409 = LINE('',#410,#411);
#410 = CARTESIAN_POINT('',(-100.,6.5,8.2));
#411 = VECTOR('',#412,1.);
#412 = DIRECTION('',(1.,0.,0.));
#413 = ORIENTED_EDGE('',*,*,#414,.T.);
#414 = EDGE_CURVE('',#407,#345,#415,.T.);
#415 = LINE('',#416,#417);
#416 = CARTESIAN_POINT('',(100.,6.5,8.2));
#417 = VECTOR('',#418,1.);
#418 = DIRECTION('',(-1.232595164408E-32,-1.,1.110223024625E-16));
#419 = ORIENTED_EDGE('',*,*,#342,.F.);
#420 = ORIENTED_EDGE('',*,*,#421,.F.);
#421 = EDGE_CURVE('',#405,#343,#422,.T.);
#422 = LINE('',#423,#424);
#423 = CARTESIAN_POINT('',(-100.,6.5,8.2));
#424 = VECTOR('',#425,1.);
#425 = DIRECTION('',(-1.232595164408E-32,-1.,1.110223024625E-16));
#426 = PLANE('',#427);
#427 = AXIS2_PLACEMENT_3D('',#428,#429,#430);
#428 = CARTESIAN_POINT('',(-100.,6.5,8.2));
#429 = DIRECTION('',(0.,-1.110223024625E-16,-1.));
#430 = DIRECTION('',(-1.232595164408E-32,-1.,1.110223024625E-16));
#431 = ADVANCED_FACE('',(#432),#457,.F.);
#432 = FACE_BOUND('',#433,.F.);
#433 = EDGE_LOOP('',(#434,#435,#443,#451));
#434 = ORIENTED_EDGE('',*,*,#382,.T.);
#435 = ORIENTED_EDGE('',*,*,#436,.T.);
#436 = EDGE_CURVE('',#375,#437,#439,.T.);
#437 = VERTEX_POINT('',#438);
#438 = CARTESIAN_POINT('',(100.,-11.7,-10.));
#439 = LINE('',#440,#441);
#440 = CARTESIAN_POINT('',(100.,-8.2,-6.5));
#441 = VECTOR('',#442,1.);
#442 = DIRECTION('',(7.850462293419E-17,-0.707106781187,-0.707106781187)
  );
#443 = ORIENTED_EDGE('',*,*,#444,.F.);
#444 = EDGE_CURVE('',#445,#437,#447,.T.);
#445 = VERTEX_POINT('',#446);
#446 = CARTESIAN_POINT('',(-100.,-11.7,-10.));
#447 = LINE('',#448,#449);
#448 = CARTESIAN_POINT('',(-100.,-11.7,-10.));
#449 = VECTOR('',#450,1.);
#450 = DIRECTION('',(1.,0.,0.));
#451 = ORIENTED_EDGE('',*,*,#452,.F.);
#452 = EDGE_CURVE('',#383,#445,#453,.T.);
#453 = LINE('',#454,#455);
#454 = CARTESIAN_POINT('',(-100.,-8.2,-6.5));
#455 = VECTOR('',#456,1.);
#456 = DIRECTION('',(7.850462293419E-17,-0.707106781187,-0.707106781187)
  );
#457 = PLANE('',#458);
#458 = AXIS2_PLACEMENT_3D('',#459,#460,#461);
#459 = CARTESIAN_POINT('',(-100.,-8.2,-6.5));
#460 = DIRECTION('',(0.,0.707106781187,-0.707106781187));
#461 = DIRECTION('',(7.850462293419E-17,-0.707106781187,-0.707106781187)
  );
#462 = ADVANCED_FACE('',(#463),#488,.F.);
#463 = FACE_BOUND('',#464,.F.);
#464 = EDGE_LOOP('',(#465,#475,#481,#482));
#465 = ORIENTED_EDGE('',*,*,#466,.T.);
#466 = EDGE_CURVE('',#467,#469,#471,.T.);
#467 = VERTEX_POINT('',#468);
#468 = CARTESIAN_POINT('',(-100.,10.,11.7));
#469 = VERTEX_POINT('',#470);
#470 = CARTESIAN_POINT('',(100.,10.,11.7));
#471 = LINE('',#472,#473);
#472 = CARTESIAN_POINT('',(-100.,10.,11.7));
#473 = VECTOR('',#474,1.);
#474 = DIRECTION('',(1.,0.,0.));
#475 = ORIENTED_EDGE('',*,*,#476,.T.);
#476 = EDGE_CURVE('',#469,#407,#477,.T.);
#477 = LINE('',#478,#479);
#478 = CARTESIAN_POINT('',(100.,10.,11.7));
#479 = VECTOR('',#480,1.);
#480 = DIRECTION('',(7.850462293419E-17,-0.707106781187,-0.707106781187)
  );
#481 = ORIENTED_EDGE('',*,*,#404,.F.);
#482 = ORIENTED_EDGE('',*,*,#483,.F.);
#483 = EDGE_CURVE('',#467,#405,#484,.T.);
#484 = LINE('',#485,#486);
#485 = CARTESIAN_POINT('',(-100.,10.,11.7));
#486 = VECTOR('',#487,1.);
#487 = DIRECTION('',(7.850462293419E-17,-0.707106781187,-0.707106781187)
  );
#488 = PLANE('',#489);
#489 = AXIS2_PLACEMENT_3D('',#490,#491,#492);
#490 = CARTESIAN_POINT('',(-100.,10.,11.7));
#491 = DIRECTION('',(0.,0.707106781187,-0.707106781187));
#492 = DIRECTION('',(7.850462293419E-17,-0.707106781187,-0.707106781187)
  );
#493 = ADVANCED_FACE('',(#494),#519,.F.);
#494 = FACE_BOUND('',#495,.F.);
#495 = EDGE_LOOP('',(#496,#497,#505,#513));
#496 = ORIENTED_EDGE('',*,*,#444,.T.);
#497 = ORIENTED_EDGE('',*,*,#498,.T.);
#498 = EDGE_CURVE('',#437,#499,#501,.T.);
#499 = VERTEX_POINT('',#500);
#500 = CARTESIAN_POINT('',(100.,-15.7,-10.));
#501 = LINE('',#502,#503);
#502 = CARTESIAN_POINT('',(100.,-11.7,-10.));
#503 = VECTOR('',#504,1.);
#504 = DIRECTION('',(-1.359631073447E-32,-1.,1.224646799147E-16));
#505 = ORIENTED_EDGE('',*,*,#506,.F.);
#506 = EDGE_CURVE('',#507,#499,#509,.T.);
#507 = VERTEX_POINT('',#508);
#508 = CARTESIAN_POINT('',(-100.,-15.7,-10.));
#509 = LINE('',#510,#511);
#510 = CARTESIAN_POINT('',(-100.,-15.7,-10.));
#511 = VECTOR('',#512,1.);
#512 = DIRECTION('',(1.,0.,0.));
#513 = ORIENTED_EDGE('',*,*,#514,.F.);
#514 = EDGE_CURVE('',#445,#507,#515,.T.);
#515 = LINE('',#516,#517);
#516 = CARTESIAN_POINT('',(-100.,-11.7,-10.));
#517 = VECTOR('',#518,1.);
#518 = DIRECTION('',(-1.359631073447E-32,-1.,1.224646799147E-16));
#519 = PLANE('',#520);
#520 = AXIS2_PLACEMENT_3D('',#521,#522,#523);
#521 = CARTESIAN_POINT('',(-100.,-11.7,-10.));
#522 = DIRECTION('',(0.,-1.224646799147E-16,-1.));
#523 = DIRECTION('',(-1.359631073447E-32,-1.,1.224646799147E-16));
#524 = ADVANCED_FACE('',(#525),#550,.F.);
#525 = FACE_BOUND('',#526,.F.);
#526 = EDGE_LOOP('',(#527,#537,#543,#544));
#527 = ORIENTED_EDGE('',*,*,#528,.T.);
#528 = EDGE_CURVE('',#529,#531,#533,.T.);
#529 = VERTEX_POINT('',#530);
#530 = CARTESIAN_POINT('',(-100.,10.,15.7));
#531 = VERTEX_POINT('',#532);
#532 = CARTESIAN_POINT('',(100.,10.,15.7));
#533 = LINE('',#534,#535);
#534 = CARTESIAN_POINT('',(-100.,10.,15.7));
#535 = VECTOR('',#536,1.);
#536 = DIRECTION('',(1.,0.,0.));
#537 = ORIENTED_EDGE('',*,*,#538,.T.);
#538 = EDGE_CURVE('',#531,#469,#539,.T.);
#539 = LINE('',#540,#541);
#540 = CARTESIAN_POINT('',(100.,10.,15.7));
#541 = VECTOR('',#542,1.);
#542 = DIRECTION('',(1.110223024625E-16,-1.110223024625E-16,-1.));
#543 = ORIENTED_EDGE('',*,*,#466,.F.);
#544 = ORIENTED_EDGE('',*,*,#545,.F.);
#545 = EDGE_CURVE('',#529,#467,#546,.T.);
#546 = LINE('',#547,#548);
#547 = CARTESIAN_POINT('',(-100.,10.,15.7));
#548 = VECTOR('',#549,1.);
#549 = DIRECTION('',(1.110223024625E-16,-1.110223024625E-16,-1.));
#550 = PLANE('',#551);
#551 = AXIS2_PLACEMENT_3D('',#552,#553,#554);
#552 = CARTESIAN_POINT('',(-100.,10.,15.7));
#553 = DIRECTION('',(0.,1.,-1.110223024625E-16));
#554 = DIRECTION('',(1.110223024625E-16,-1.110223024625E-16,-1.));
#555 = ADVANCED_FACE('',(#556),#581,.F.);
#556 = FACE_BOUND('',#557,.F.);
#557 = EDGE_LOOP('',(#558,#559,#567,#575));
#558 = ORIENTED_EDGE('',*,*,#506,.T.);
#559 = ORIENTED_EDGE('',*,*,#560,.T.);
#560 = EDGE_CURVE('',#499,#561,#563,.T.);
#561 = VERTEX_POINT('',#562);
#562 = CARTESIAN_POINT('',(100.,-15.7,-5.1));
#563 = LINE('',#564,#565);
#564 = CARTESIAN_POINT('',(100.,-15.7,-10.));
#565 = VECTOR('',#566,1.);
#566 = DIRECTION('',(-1.110223024625E-16,1.224646799147E-16,1.));
#567 = ORIENTED_EDGE('',*,*,#568,.F.);
#568 = EDGE_CURVE('',#569,#561,#571,.T.);
#569 = VERTEX_POINT('',#570);
#570 = CARTESIAN_POINT('',(-100.,-15.7,-5.1));
#571 = LINE('',#572,#573);
#572 = CARTESIAN_POINT('',(-100.,-15.7,-5.1));
#573 = VECTOR('',#574,1.);
#574 = DIRECTION('',(1.,0.,0.));
#575 = ORIENTED_EDGE('',*,*,#576,.F.);
#576 = EDGE_CURVE('',#507,#569,#577,.T.);
#577 = LINE('',#578,#579);
#578 = CARTESIAN_POINT('',(-100.,-15.7,-10.));
#579 = VECTOR('',#580,1.);
#580 = DIRECTION('',(-1.110223024625E-16,1.224646799147E-16,1.));
#581 = PLANE('',#582);
#582 = AXIS2_PLACEMENT_3D('',#583,#584,#585);
#583 = CARTESIAN_POINT('',(-100.,-15.7,-10.));
#584 = DIRECTION('',(0.,-1.,1.224646799147E-16));
#585 = DIRECTION('',(-1.110223024625E-16,1.224646799147E-16,1.));
#586 = ADVANCED_FACE('',(#587),#612,.F.);
#587 = FACE_BOUND('',#588,.F.);
#588 = EDGE_LOOP('',(#589,#599,#605,#606));
#589 = ORIENTED_EDGE('',*,*,#590,.T.);
#590 = EDGE_CURVE('',#591,#593,#595,.T.);
#591 = VERTEX_POINT('',#592);
#592 = CARTESIAN_POINT('',(-100.,5.1,15.7));
#593 = VERTEX_POINT('',#594);
#594 = CARTESIAN_POINT('',(100.,5.1,15.7));
#595 = LINE('',#596,#597);
#596 = CARTESIAN_POINT('',(-100.,5.1,15.7));
#597 = VECTOR('',#598,1.);
#598 = DIRECTION('',(1.,0.,0.));
#599 = ORIENTED_EDGE('',*,*,#600,.T.);
#600 = EDGE_CURVE('',#593,#531,#601,.T.);
#601 = LINE('',#602,#603);
#602 = CARTESIAN_POINT('',(100.,-10.,15.7));
#603 = VECTOR('',#604,1.);
#604 = DIRECTION('',(1.232595164408E-32,1.,-1.110223024625E-16));
#605 = ORIENTED_EDGE('',*,*,#528,.F.);
#606 = ORIENTED_EDGE('',*,*,#607,.F.);
#607 = EDGE_CURVE('',#591,#529,#608,.T.);
#608 = LINE('',#609,#610);
#609 = CARTESIAN_POINT('',(-100.,-10.,15.7));
#610 = VECTOR('',#611,1.);
#611 = DIRECTION('',(1.232595164408E-32,1.,-1.110223024625E-16));
#612 = PLANE('',#613);
#613 = AXIS2_PLACEMENT_3D('',#614,#615,#616);
#614 = CARTESIAN_POINT('',(-100.,5.1,15.7));
#615 = DIRECTION('',(-0.,1.110223024625E-16,1.));
#616 = DIRECTION('',(1.232595164408E-32,1.,-1.110223024625E-16));
#617 = ADVANCED_FACE('',(#618),#643,.F.);
#618 = FACE_BOUND('',#619,.F.);
#619 = EDGE_LOOP('',(#620,#621,#629,#637));
#620 = ORIENTED_EDGE('',*,*,#568,.T.);
#621 = ORIENTED_EDGE('',*,*,#622,.T.);
#622 = EDGE_CURVE('',#561,#623,#625,.T.);
#623 = VERTEX_POINT('',#624);
#624 = CARTESIAN_POINT('',(100.,-20.,-5.1));
#625 = LINE('',#626,#627);
#626 = CARTESIAN_POINT('',(100.,-15.7,-5.1));
#627 = VECTOR('',#628,1.);
#628 = DIRECTION('',(-1.359631073447E-32,-1.,1.224646799147E-16));
#629 = ORIENTED_EDGE('',*,*,#630,.F.);
#630 = EDGE_CURVE('',#631,#623,#633,.T.);
#631 = VERTEX_POINT('',#632);
#632 = CARTESIAN_POINT('',(-100.,-20.,-5.1));
#633 = LINE('',#634,#635);
#634 = CARTESIAN_POINT('',(-100.,-20.,-5.1));
#635 = VECTOR('',#636,1.);
#636 = DIRECTION('',(1.,0.,0.));
#637 = ORIENTED_EDGE('',*,*,#638,.F.);
#638 = EDGE_CURVE('',#569,#631,#639,.T.);
#639 = LINE('',#640,#641);
#640 = CARTESIAN_POINT('',(-100.,-15.7,-5.1));
#641 = VECTOR('',#642,1.);
#642 = DIRECTION('',(-1.359631073447E-32,-1.,1.224646799147E-16));
#643 = PLANE('',#644);
#644 = AXIS2_PLACEMENT_3D('',#645,#646,#647);
#645 = CARTESIAN_POINT('',(-100.,-15.7,-5.1));
#646 = DIRECTION('',(0.,-1.224646799147E-16,-1.));
#647 = DIRECTION('',(-1.359631073447E-32,-1.,1.224646799147E-16));
#648 = ADVANCED_FACE('',(#649),#674,.T.);
#649 = FACE_BOUND('',#650,.T.);
#650 = EDGE_LOOP('',(#651,#652,#660,#668));
#651 = ORIENTED_EDGE('',*,*,#590,.T.);
#652 = ORIENTED_EDGE('',*,*,#653,.T.);
#653 = EDGE_CURVE('',#593,#654,#656,.T.);
#654 = VERTEX_POINT('',#655);
#655 = CARTESIAN_POINT('',(100.,5.1,20.));
#656 = LINE('',#657,#658);
#657 = CARTESIAN_POINT('',(100.,5.1,15.7));
#658 = VECTOR('',#659,1.);
#659 = DIRECTION('',(-1.110223024625E-16,1.110223024625E-16,1.));
#660 = ORIENTED_EDGE('',*,*,#661,.F.);
#661 = EDGE_CURVE('',#662,#654,#664,.T.);
#662 = VERTEX_POINT('',#663);
#663 = CARTESIAN_POINT('',(-100.,5.1,20.));
#664 = LINE('',#665,#666);
#665 = CARTESIAN_POINT('',(-100.,5.1,20.));
#666 = VECTOR('',#667,1.);
#667 = DIRECTION('',(1.,0.,0.));
#668 = ORIENTED_EDGE('',*,*,#669,.F.);
#669 = EDGE_CURVE('',#591,#662,#670,.T.);
#670 = LINE('',#671,#672);
#671 = CARTESIAN_POINT('',(-100.,5.1,15.7));
#672 = VECTOR('',#673,1.);
#673 = DIRECTION('',(-1.110223024625E-16,1.110223024625E-16,1.));
#674 = PLANE('',#675);
#675 = AXIS2_PLACEMENT_3D('',#676,#677,#678);
#676 = CARTESIAN_POINT('',(-100.,5.1,15.7));
#677 = DIRECTION('',(0.,-1.,1.110223024625E-16));
#678 = DIRECTION('',(-1.110223024625E-16,1.110223024625E-16,1.));
#679 = ADVANCED_FACE('',(#680),#705,.F.);
#680 = FACE_BOUND('',#681,.F.);
#681 = EDGE_LOOP('',(#682,#683,#691,#699));
#682 = ORIENTED_EDGE('',*,*,#630,.T.);
#683 = ORIENTED_EDGE('',*,*,#684,.T.);
#684 = EDGE_CURVE('',#623,#685,#687,.T.);
#685 = VERTEX_POINT('',#686);
#686 = CARTESIAN_POINT('',(100.,-20.,-18.5));
#687 = LINE('',#688,#689);
#688 = CARTESIAN_POINT('',(100.,-20.,18.5));
#689 = VECTOR('',#690,1.);
#690 = DIRECTION('',(1.110223024625E-16,0.,-1.));
#691 = ORIENTED_EDGE('',*,*,#692,.F.);
#692 = EDGE_CURVE('',#693,#685,#695,.T.);
#693 = VERTEX_POINT('',#694);
#694 = CARTESIAN_POINT('',(-100.,-20.,-18.5));
#695 = LINE('',#696,#697);
#696 = CARTESIAN_POINT('',(-100.,-20.,-18.5));
#697 = VECTOR('',#698,1.);
#698 = DIRECTION('',(1.,0.,0.));
#699 = ORIENTED_EDGE('',*,*,#700,.F.);
#700 = EDGE_CURVE('',#631,#693,#701,.T.);
#701 = LINE('',#702,#703);
#702 = CARTESIAN_POINT('',(-100.,-20.,18.5));
#703 = VECTOR('',#704,1.);
#704 = DIRECTION('',(1.110223024625E-16,0.,-1.));
#705 = PLANE('',#706);
#706 = AXIS2_PLACEMENT_3D('',#707,#708,#709);
#707 = CARTESIAN_POINT('',(-100.,-20.,-5.1));
#708 = DIRECTION('',(-0.,1.,0.));
#709 = DIRECTION('',(1.110223024625E-16,0.,-1.));
#710 = ADVANCED_FACE('',(#711),#736,.F.);
#711 = FACE_BOUND('',#712,.F.);
#712 = EDGE_LOOP('',(#713,#723,#729,#730));
#713 = ORIENTED_EDGE('',*,*,#714,.T.);
#714 = EDGE_CURVE('',#715,#717,#719,.T.);
#715 = VERTEX_POINT('',#716);
#716 = CARTESIAN_POINT('',(-100.,18.5,20.));
#717 = VERTEX_POINT('',#718);
#718 = CARTESIAN_POINT('',(100.,18.5,20.));
#719 = LINE('',#720,#721);
#720 = CARTESIAN_POINT('',(-100.,18.5,20.));
#721 = VECTOR('',#722,1.);
#722 = DIRECTION('',(1.,0.,0.));
#723 = ORIENTED_EDGE('',*,*,#724,.T.);
#724 = EDGE_CURVE('',#717,#654,#725,.T.);
#725 = LINE('',#726,#727);
#726 = CARTESIAN_POINT('',(100.,18.5,20.));
#727 = VECTOR('',#728,1.);
#728 = DIRECTION('',(0.,-1.,-0.));
#729 = ORIENTED_EDGE('',*,*,#661,.F.);
#730 = ORIENTED_EDGE('',*,*,#731,.F.);
#731 = EDGE_CURVE('',#715,#662,#732,.T.);
#732 = LINE('',#733,#734);
#733 = CARTESIAN_POINT('',(-100.,18.5,20.));
#734 = VECTOR('',#735,1.);
#735 = DIRECTION('',(0.,-1.,-0.));
#736 = PLANE('',#737);
#737 = AXIS2_PLACEMENT_3D('',#738,#739,#740);
#738 = CARTESIAN_POINT('',(-100.,18.5,20.));
#739 = DIRECTION('',(0.,0.,-1.));
#740 = DIRECTION('',(0.,-1.,0.));
#741 = ADVANCED_FACE('',(#742),#769,.T.);
#742 = FACE_BOUND('',#743,.T.);
#743 = EDGE_LOOP('',(#744,#754,#761,#762));
#744 = ORIENTED_EDGE('',*,*,#745,.T.);
#745 = EDGE_CURVE('',#746,#748,#750,.T.);
#746 = VERTEX_POINT('',#747);
#747 = CARTESIAN_POINT('',(-100.,-18.5,-20.));
#748 = VERTEX_POINT('',#749);
#749 = CARTESIAN_POINT('',(100.,-18.5,-20.));
#750 = LINE('',#751,#752);
#751 = CARTESIAN_POINT('',(-100.,-18.5,-20.));
#752 = VECTOR('',#753,1.);
#753 = DIRECTION('',(1.,0.,0.));
#754 = ORIENTED_EDGE('',*,*,#755,.T.);
#755 = EDGE_CURVE('',#748,#685,#756,.T.);
#756 = CIRCLE('',#757,1.5);
#757 = AXIS2_PLACEMENT_3D('',#758,#759,#760);
#758 = CARTESIAN_POINT('',(100.,-18.5,-18.5));
#759 = DIRECTION('',(-1.,0.,-1.110223024625E-16));
#760 = DIRECTION('',(0.,1.,0.));
#761 = ORIENTED_EDGE('',*,*,#692,.F.);
#762 = ORIENTED_EDGE('',*,*,#763,.F.);
#763 = EDGE_CURVE('',#746,#693,#764,.T.);
#764 = CIRCLE('',#765,1.5);
#765 = AXIS2_PLACEMENT_3D('',#766,#767,#768);
#766 = CARTESIAN_POINT('',(-100.,-18.5,-18.5));
#767 = DIRECTION('',(-1.,0.,-1.110223024625E-16));
#768 = DIRECTION('',(0.,1.,0.));
#769 = CYLINDRICAL_SURFACE('',#770,1.5);
#770 = AXIS2_PLACEMENT_3D('',#771,#772,#773);
#771 = CARTESIAN_POINT('',(-100.,-18.5,-18.5));
#772 = DIRECTION('',(-1.,0.,-1.110223024625E-16));
#773 = DIRECTION('',(0.,1.,0.));
#774 = ADVANCED_FACE('',(#775),#802,.T.);
#775 = FACE_BOUND('',#776,.T.);
#776 = EDGE_LOOP('',(#777,#778,#787,#795));
#777 = ORIENTED_EDGE('',*,*,#714,.T.);
#778 = ORIENTED_EDGE('',*,*,#779,.T.);
#779 = EDGE_CURVE('',#717,#780,#782,.T.);
#780 = VERTEX_POINT('',#781);
#781 = CARTESIAN_POINT('',(100.,20.,18.5));
#782 = CIRCLE('',#783,1.5);
#783 = AXIS2_PLACEMENT_3D('',#784,#785,#786);
#784 = CARTESIAN_POINT('',(100.,18.5,18.5));
#785 = DIRECTION('',(-1.,0.,-1.110223024625E-16));
#786 = DIRECTION('',(0.,-1.,-0.));
#787 = ORIENTED_EDGE('',*,*,#788,.F.);
#788 = EDGE_CURVE('',#789,#780,#791,.T.);
#789 = VERTEX_POINT('',#790);
#790 = CARTESIAN_POINT('',(-100.,20.,18.5));
#791 = LINE('',#792,#793);
#792 = CARTESIAN_POINT('',(-100.,20.,18.5));
#793 = VECTOR('',#794,1.);
#794 = DIRECTION('',(1.,0.,0.));
#795 = ORIENTED_EDGE('',*,*,#796,.F.);
#796 = EDGE_CURVE('',#715,#789,#797,.T.);
#797 = CIRCLE('',#798,1.5);
#798 = AXIS2_PLACEMENT_3D('',#799,#800,#801);
#799 = CARTESIAN_POINT('',(-100.,18.5,18.5));
#800 = DIRECTION('',(-1.,0.,-1.110223024625E-16));
#801 = DIRECTION('',(0.,-1.,-0.));
#802 = CYLINDRICAL_SURFACE('',#803,1.5);
#803 = AXIS2_PLACEMENT_3D('',#804,#805,#806);
#804 = CARTESIAN_POINT('',(-100.,18.5,18.5));
#805 = DIRECTION('',(-1.,0.,-1.110223024625E-16));
#806 = DIRECTION('',(0.,-1.,-0.));
#807 = ADVANCED_FACE('',(#808),#833,.F.);
#808 = FACE_BOUND('',#809,.F.);
#809 = EDGE_LOOP('',(#810,#811,#819,#827));
#810 = ORIENTED_EDGE('',*,*,#745,.T.);
#811 = ORIENTED_EDGE('',*,*,#812,.T.);
#812 = EDGE_CURVE('',#748,#813,#815,.T.);
#813 = VERTEX_POINT('',#814);
#814 = CARTESIAN_POINT('',(100.,-5.1,-20.));
#815 = LINE('',#816,#817);
#816 = CARTESIAN_POINT('',(100.,-18.5,-20.));
#817 = VECTOR('',#818,1.);
#818 = DIRECTION('',(0.,1.,0.));
#819 = ORIENTED_EDGE('',*,*,#820,.F.);
#820 = EDGE_CURVE('',#821,#813,#823,.T.);
#821 = VERTEX_POINT('',#822);
#822 = CARTESIAN_POINT('',(-100.,-5.1,-20.));
#823 = LINE('',#824,#825);
#824 = CARTESIAN_POINT('',(-100.,-5.1,-20.));
#825 = VECTOR('',#826,1.);
#826 = DIRECTION('',(1.,0.,0.));
#827 = ORIENTED_EDGE('',*,*,#828,.F.);
#828 = EDGE_CURVE('',#746,#821,#829,.T.);
#829 = LINE('',#830,#831);
#830 = CARTESIAN_POINT('',(-100.,-18.5,-20.));
#831 = VECTOR('',#832,1.);
#832 = DIRECTION('',(0.,1.,0.));
#833 = PLANE('',#834);
#834 = AXIS2_PLACEMENT_3D('',#835,#836,#837);
#835 = CARTESIAN_POINT('',(-100.,-18.5,-20.));
#836 = DIRECTION('',(0.,0.,1.));
#837 = DIRECTION('',(0.,1.,0.));
#838 = ADVANCED_FACE('',(#839),#864,.F.);
#839 = FACE_BOUND('',#840,.F.);
#840 = EDGE_LOOP('',(#841,#851,#857,#858));
#841 = ORIENTED_EDGE('',*,*,#842,.T.);
#842 = EDGE_CURVE('',#843,#845,#847,.T.);
#843 = VERTEX_POINT('',#844);
#844 = CARTESIAN_POINT('',(-100.,20.,5.1));
#845 = VERTEX_POINT('',#846);
#846 = CARTESIAN_POINT('',(100.,20.,5.1));
#847 = LINE('',#848,#849);
#848 = CARTESIAN_POINT('',(-100.,20.,5.1));
#849 = VECTOR('',#850,1.);
#850 = DIRECTION('',(1.,0.,0.));
#851 = ORIENTED_EDGE('',*,*,#852,.T.);
#852 = EDGE_CURVE('',#845,#780,#853,.T.);
#853 = LINE('',#854,#855);
#854 = CARTESIAN_POINT('',(100.,20.,-18.5));
#855 = VECTOR('',#856,1.);
#856 = DIRECTION('',(-1.110223024625E-16,0.,1.));
#857 = ORIENTED_EDGE('',*,*,#788,.F.);
#858 = ORIENTED_EDGE('',*,*,#859,.F.);
#859 = EDGE_CURVE('',#843,#789,#860,.T.);
#860 = LINE('',#861,#862);
#861 = CARTESIAN_POINT('',(-100.,20.,-18.5));
#862 = VECTOR('',#863,1.);
#863 = DIRECTION('',(-1.110223024625E-16,0.,1.));
#864 = PLANE('',#865);
#865 = AXIS2_PLACEMENT_3D('',#866,#867,#868);
#866 = CARTESIAN_POINT('',(-100.,20.,5.1));
#867 = DIRECTION('',(0.,-1.,0.));
#868 = DIRECTION('',(-1.110223024625E-16,0.,1.));
#869 = ADVANCED_FACE('',(#870),#895,.T.);
#870 = FACE_BOUND('',#871,.T.);
#871 = EDGE_LOOP('',(#872,#882,#888,#889));
#872 = ORIENTED_EDGE('',*,*,#873,.T.);
#873 = EDGE_CURVE('',#874,#876,#878,.T.);
#874 = VERTEX_POINT('',#875);
#875 = CARTESIAN_POINT('',(-100.,-5.1,-15.7));
#876 = VERTEX_POINT('',#877);
#877 = CARTESIAN_POINT('',(100.,-5.1,-15.7));
#878 = LINE('',#879,#880);
#879 = CARTESIAN_POINT('',(-100.,-5.1,-15.7));
#880 = VECTOR('',#881,1.);
#881 = DIRECTION('',(1.,0.,0.));
#882 = ORIENTED_EDGE('',*,*,#883,.T.);
#883 = EDGE_CURVE('',#876,#813,#884,.T.);
#884 = LINE('',#885,#886);
#885 = CARTESIAN_POINT('',(100.,-5.1,-15.7));
#886 = VECTOR('',#887,1.);
#887 = DIRECTION('',(1.110223024625E-16,-2.22044604925E-16,-1.));
#888 = ORIENTED_EDGE('',*,*,#820,.F.);
#889 = ORIENTED_EDGE('',*,*,#890,.F.);
#890 = EDGE_CURVE('',#874,#821,#891,.T.);
#891 = LINE('',#892,#893);
#892 = CARTESIAN_POINT('',(-100.,-5.1,-15.7));
#893 = VECTOR('',#894,1.);
#894 = DIRECTION('',(1.110223024625E-16,-2.22044604925E-16,-1.));
#895 = PLANE('',#896);
#896 = AXIS2_PLACEMENT_3D('',#897,#898,#899);
#897 = CARTESIAN_POINT('',(-100.,-5.1,-15.7));
#898 = DIRECTION('',(0.,1.,-2.22044604925E-16));
#899 = DIRECTION('',(1.110223024625E-16,-2.22044604925E-16,-1.));
#900 = ADVANCED_FACE('',(#901),#926,.F.);
#901 = FACE_BOUND('',#902,.F.);
#902 = EDGE_LOOP('',(#903,#913,#919,#920));
#903 = ORIENTED_EDGE('',*,*,#904,.T.);
#904 = EDGE_CURVE('',#905,#907,#909,.T.);
#905 = VERTEX_POINT('',#906);
#906 = CARTESIAN_POINT('',(-100.,15.7,5.1));
#907 = VERTEX_POINT('',#908);
#908 = CARTESIAN_POINT('',(100.,15.7,5.1));
#909 = LINE('',#910,#911);
#910 = CARTESIAN_POINT('',(-100.,15.7,5.1));
#911 = VECTOR('',#912,1.);
#912 = DIRECTION('',(1.,0.,0.));
#913 = ORIENTED_EDGE('',*,*,#914,.T.);
#914 = EDGE_CURVE('',#907,#845,#915,.T.);
#915 = LINE('',#916,#917);
#916 = CARTESIAN_POINT('',(100.,15.7,5.1));
#917 = VECTOR('',#918,1.);
#918 = DIRECTION('',(0.,1.,0.));
#919 = ORIENTED_EDGE('',*,*,#842,.F.);
#920 = ORIENTED_EDGE('',*,*,#921,.F.);
#921 = EDGE_CURVE('',#905,#843,#922,.T.);
#922 = LINE('',#923,#924);
#923 = CARTESIAN_POINT('',(-100.,15.7,5.1));
#924 = VECTOR('',#925,1.);
#925 = DIRECTION('',(0.,1.,0.));
#926 = PLANE('',#927);
#927 = AXIS2_PLACEMENT_3D('',#928,#929,#930);
#928 = CARTESIAN_POINT('',(-100.,15.7,5.1));
#929 = DIRECTION('',(0.,0.,1.));
#930 = DIRECTION('',(0.,1.,0.));
#931 = ADVANCED_FACE('',(#932),#957,.F.);
#932 = FACE_BOUND('',#933,.F.);
#933 = EDGE_LOOP('',(#934,#935,#943,#951));
#934 = ORIENTED_EDGE('',*,*,#873,.T.);
#935 = ORIENTED_EDGE('',*,*,#936,.T.);
#936 = EDGE_CURVE('',#876,#937,#939,.T.);
#937 = VERTEX_POINT('',#938);
#938 = CARTESIAN_POINT('',(100.,-10.,-15.7));
#939 = LINE('',#940,#941);
#940 = CARTESIAN_POINT('',(100.,10.,-15.7));
#941 = VECTOR('',#942,1.);
#942 = DIRECTION('',(-2.465190328816E-32,-1.,2.22044604925E-16));
#943 = ORIENTED_EDGE('',*,*,#944,.F.);
#944 = EDGE_CURVE('',#945,#937,#947,.T.);
#945 = VERTEX_POINT('',#946);
#946 = CARTESIAN_POINT('',(-100.,-10.,-15.7));
#947 = LINE('',#948,#949);
#948 = CARTESIAN_POINT('',(-100.,-10.,-15.7));
#949 = VECTOR('',#950,1.);
#950 = DIRECTION('',(1.,0.,0.));
#951 = ORIENTED_EDGE('',*,*,#952,.F.);
#952 = EDGE_CURVE('',#874,#945,#953,.T.);
#953 = LINE('',#954,#955);
#954 = CARTESIAN_POINT('',(-100.,10.,-15.7));
#955 = VECTOR('',#956,1.);
#956 = DIRECTION('',(-2.465190328816E-32,-1.,2.22044604925E-16));
#957 = PLANE('',#958);
#958 = AXIS2_PLACEMENT_3D('',#959,#960,#961);
#959 = CARTESIAN_POINT('',(-100.,-5.1,-15.7));
#960 = DIRECTION('',(0.,-2.22044604925E-16,-1.));
#961 = DIRECTION('',(-2.465190328816E-32,-1.,2.22044604925E-16));
#962 = ADVANCED_FACE('',(#963),#988,.F.);
#963 = FACE_BOUND('',#964,.F.);
#964 = EDGE_LOOP('',(#965,#975,#981,#982));
#965 = ORIENTED_EDGE('',*,*,#966,.T.);
#966 = EDGE_CURVE('',#967,#969,#971,.T.);
#967 = VERTEX_POINT('',#968);
#968 = CARTESIAN_POINT('',(-100.,15.7,10.));
#969 = VERTEX_POINT('',#970);
#970 = CARTESIAN_POINT('',(100.,15.7,10.));
#971 = LINE('',#972,#973);
#972 = CARTESIAN_POINT('',(-100.,15.7,10.));
#973 = VECTOR('',#974,1.);
#974 = DIRECTION('',(1.,0.,0.));
#975 = ORIENTED_EDGE('',*,*,#976,.T.);
#976 = EDGE_CURVE('',#969,#907,#977,.T.);
#977 = LINE('',#978,#979);
#978 = CARTESIAN_POINT('',(100.,15.7,10.));
#979 = VECTOR('',#980,1.);
#980 = DIRECTION('',(1.110223024625E-16,0.,-1.));
#981 = ORIENTED_EDGE('',*,*,#904,.F.);
#982 = ORIENTED_EDGE('',*,*,#983,.F.);
#983 = EDGE_CURVE('',#967,#905,#984,.T.);
#984 = LINE('',#985,#986);
#985 = CARTESIAN_POINT('',(-100.,15.7,10.));
#986 = VECTOR('',#987,1.);
#987 = DIRECTION('',(1.110223024625E-16,0.,-1.));
#988 = PLANE('',#989);
#989 = AXIS2_PLACEMENT_3D('',#990,#991,#992);
#990 = CARTESIAN_POINT('',(-100.,15.7,10.));
#991 = DIRECTION('',(-0.,1.,0.));
#992 = DIRECTION('',(1.110223024625E-16,0.,-1.));
#993 = ADVANCED_FACE('',(#994),#1019,.F.);
#994 = FACE_BOUND('',#995,.F.);
#995 = EDGE_LOOP('',(#996,#997,#1005,#1013));
#996 = ORIENTED_EDGE('',*,*,#944,.T.);
#997 = ORIENTED_EDGE('',*,*,#998,.T.);
#998 = EDGE_CURVE('',#937,#999,#1001,.T.);
#999 = VERTEX_POINT('',#1000);
#1000 = CARTESIAN_POINT('',(100.,-10.,-11.7));
#1001 = LINE('',#1002,#1003);
#1002 = CARTESIAN_POINT('',(100.,-10.,-15.7));
#1003 = VECTOR('',#1004,1.);
#1004 = DIRECTION('',(-1.110223024625E-16,2.22044604925E-16,1.));
#1005 = ORIENTED_EDGE('',*,*,#1006,.F.);
#1006 = EDGE_CURVE('',#1007,#999,#1009,.T.);
#1007 = VERTEX_POINT('',#1008);
#1008 = CARTESIAN_POINT('',(-100.,-10.,-11.7));
#1009 = LINE('',#1010,#1011);
#1010 = CARTESIAN_POINT('',(-100.,-10.,-11.7));
#1011 = VECTOR('',#1012,1.);
#1012 = DIRECTION('',(1.,0.,0.));
#1013 = ORIENTED_EDGE('',*,*,#1014,.F.);
#1014 = EDGE_CURVE('',#945,#1007,#1015,.T.);
#1015 = LINE('',#1016,#1017);
#1016 = CARTESIAN_POINT('',(-100.,-10.,-15.7));
#1017 = VECTOR('',#1018,1.);
#1018 = DIRECTION('',(-1.110223024625E-16,2.22044604925E-16,1.));
#1019 = PLANE('',#1020);
#1020 = AXIS2_PLACEMENT_3D('',#1021,#1022,#1023);
#1021 = CARTESIAN_POINT('',(-100.,-10.,-15.7));
#1022 = DIRECTION('',(0.,-1.,2.22044604925E-16));
#1023 = DIRECTION('',(-1.110223024625E-16,2.22044604925E-16,1.));
#1024 = ADVANCED_FACE('',(#1025),#1050,.F.);
#1025 = FACE_BOUND('',#1026,.F.);
#1026 = EDGE_LOOP('',(#1027,#1037,#1043,#1044));
#1027 = ORIENTED_EDGE('',*,*,#1028,.T.);
#1028 = EDGE_CURVE('',#1029,#1031,#1033,.T.);
#1029 = VERTEX_POINT('',#1030);
#1030 = CARTESIAN_POINT('',(-100.,11.7,10.));
#1031 = VERTEX_POINT('',#1032);
#1032 = CARTESIAN_POINT('',(100.,11.7,10.));
#1033 = LINE('',#1034,#1035);
#1034 = CARTESIAN_POINT('',(-100.,11.7,10.));
#1035 = VECTOR('',#1036,1.);
#1036 = DIRECTION('',(1.,0.,0.));
#1037 = ORIENTED_EDGE('',*,*,#1038,.T.);
#1038 = EDGE_CURVE('',#1031,#969,#1039,.T.);
#1039 = LINE('',#1040,#1041);
#1040 = CARTESIAN_POINT('',(100.,11.7,10.));
#1041 = VECTOR('',#1042,1.);
#1042 = DIRECTION('',(0.,1.,0.));
#1043 = ORIENTED_EDGE('',*,*,#966,.F.);
#1044 = ORIENTED_EDGE('',*,*,#1045,.F.);
#1045 = EDGE_CURVE('',#1029,#967,#1046,.T.);
#1046 = LINE('',#1047,#1048);
#1047 = CARTESIAN_POINT('',(-100.,11.7,10.));
#1048 = VECTOR('',#1049,1.);
#1049 = DIRECTION('',(0.,1.,0.));
#1050 = PLANE('',#1051);
#1051 = AXIS2_PLACEMENT_3D('',#1052,#1053,#1054);
#1052 = CARTESIAN_POINT('',(-100.,11.7,10.));
#1053 = DIRECTION('',(0.,0.,1.));
#1054 = DIRECTION('',(0.,1.,0.));
#1055 = ADVANCED_FACE('',(#1056),#1081,.F.);
#1056 = FACE_BOUND('',#1057,.F.);
#1057 = EDGE_LOOP('',(#1058,#1059,#1067,#1075));
#1058 = ORIENTED_EDGE('',*,*,#1006,.T.);
#1059 = ORIENTED_EDGE('',*,*,#1060,.T.);
#1060 = EDGE_CURVE('',#999,#1061,#1063,.T.);
#1061 = VERTEX_POINT('',#1062);
#1062 = CARTESIAN_POINT('',(100.,-6.5,-8.2));
#1063 = LINE('',#1064,#1065);
#1064 = CARTESIAN_POINT('',(100.,-10.,-11.7));
#1065 = VECTOR('',#1066,1.);
#1066 = DIRECTION('',(-7.850462293419E-17,0.707106781187,0.707106781187)
  );
#1067 = ORIENTED_EDGE('',*,*,#1068,.F.);
#1068 = EDGE_CURVE('',#1069,#1061,#1071,.T.);
#1069 = VERTEX_POINT('',#1070);
#1070 = CARTESIAN_POINT('',(-100.,-6.5,-8.2));
#1071 = LINE('',#1072,#1073);
#1072 = CARTESIAN_POINT('',(-100.,-6.5,-8.2));
#1073 = VECTOR('',#1074,1.);
#1074 = DIRECTION('',(1.,0.,0.));
#1075 = ORIENTED_EDGE('',*,*,#1076,.F.);
#1076 = EDGE_CURVE('',#1007,#1069,#1077,.T.);
#1077 = LINE('',#1078,#1079);
#1078 = CARTESIAN_POINT('',(-100.,-10.,-11.7));
#1079 = VECTOR('',#1080,1.);
#1080 = DIRECTION('',(-7.850462293419E-17,0.707106781187,0.707106781187)
  );
#1081 = PLANE('',#1082);
#1082 = AXIS2_PLACEMENT_3D('',#1083,#1084,#1085);
#1083 = CARTESIAN_POINT('',(-100.,-10.,-11.7));
#1084 = DIRECTION('',(0.,-0.707106781187,0.707106781187));
#1085 = DIRECTION('',(-7.850462293419E-17,0.707106781187,0.707106781187)
  );
#1086 = ADVANCED_FACE('',(#1087),#1112,.F.);
#1087 = FACE_BOUND('',#1088,.F.);
#1088 = EDGE_LOOP('',(#1089,#1099,#1105,#1106));
#1089 = ORIENTED_EDGE('',*,*,#1090,.T.);
#1090 = EDGE_CURVE('',#1091,#1093,#1095,.T.);
#1091 = VERTEX_POINT('',#1092);
#1092 = CARTESIAN_POINT('',(-100.,8.2,6.5));
#1093 = VERTEX_POINT('',#1094);
#1094 = CARTESIAN_POINT('',(100.,8.2,6.5));
#1095 = LINE('',#1096,#1097);
#1096 = CARTESIAN_POINT('',(-100.,8.2,6.5));
#1097 = VECTOR('',#1098,1.);
#1098 = DIRECTION('',(1.,0.,0.));
#1099 = ORIENTED_EDGE('',*,*,#1100,.T.);
#1100 = EDGE_CURVE('',#1093,#1031,#1101,.T.);
#1101 = LINE('',#1102,#1103);
#1102 = CARTESIAN_POINT('',(100.,8.2,6.5));
#1103 = VECTOR('',#1104,1.);
#1104 = DIRECTION('',(-7.850462293419E-17,0.707106781187,0.707106781187)
  );
#1105 = ORIENTED_EDGE('',*,*,#1028,.F.);
#1106 = ORIENTED_EDGE('',*,*,#1107,.F.);
#1107 = EDGE_CURVE('',#1091,#1029,#1108,.T.);
#1108 = LINE('',#1109,#1110);
#1109 = CARTESIAN_POINT('',(-100.,8.2,6.5));
#1110 = VECTOR('',#1111,1.);
#1111 = DIRECTION('',(-7.850462293419E-17,0.707106781187,0.707106781187)
  );
#1112 = PLANE('',#1113);
#1113 = AXIS2_PLACEMENT_3D('',#1114,#1115,#1116);
#1114 = CARTESIAN_POINT('',(-100.,8.2,6.5));
#1115 = DIRECTION('',(0.,-0.707106781187,0.707106781187));
#1116 = DIRECTION('',(-7.850462293419E-17,0.707106781187,0.707106781187)
  );
#1117 = ADVANCED_FACE('',(#1118),#1143,.F.);
#1118 = FACE_BOUND('',#1119,.F.);
#1119 = EDGE_LOOP('',(#1120,#1121,#1129,#1137));
#1120 = ORIENTED_EDGE('',*,*,#1068,.T.);
#1121 = ORIENTED_EDGE('',*,*,#1122,.T.);
#1122 = EDGE_CURVE('',#1061,#1123,#1125,.T.);
#1123 = VERTEX_POINT('',#1124);
#1124 = CARTESIAN_POINT('',(100.,6.5,-8.2));
#1125 = LINE('',#1126,#1127);
#1126 = CARTESIAN_POINT('',(100.,-6.5,-8.2));
#1127 = VECTOR('',#1128,1.);
#1128 = DIRECTION('',(2.465190328816E-32,1.,-2.22044604925E-16));
#1129 = ORIENTED_EDGE('',*,*,#1130,.F.);
#1130 = EDGE_CURVE('',#1131,#1123,#1133,.T.);
#1131 = VERTEX_POINT('',#1132);
#1132 = CARTESIAN_POINT('',(-100.,6.5,-8.2));
#1133 = LINE('',#1134,#1135);
#1134 = CARTESIAN_POINT('',(-100.,6.5,-8.2));
#1135 = VECTOR('',#1136,1.);
#1136 = DIRECTION('',(1.,0.,0.));
#1137 = ORIENTED_EDGE('',*,*,#1138,.F.);
#1138 = EDGE_CURVE('',#1069,#1131,#1139,.T.);
#1139 = LINE('',#1140,#1141);
#1140 = CARTESIAN_POINT('',(-100.,-6.5,-8.2));
#1141 = VECTOR('',#1142,1.);
#1142 = DIRECTION('',(2.465190328816E-32,1.,-2.22044604925E-16));
#1143 = PLANE('',#1144);
#1144 = AXIS2_PLACEMENT_3D('',#1145,#1146,#1147);
#1145 = CARTESIAN_POINT('',(-100.,-6.5,-8.2));
#1146 = DIRECTION('',(-0.,2.22044604925E-16,1.));
#1147 = DIRECTION('',(2.465190328816E-32,1.,-2.22044604925E-16));
#1148 = ADVANCED_FACE('',(#1149),#1174,.F.);
#1149 = FACE_BOUND('',#1150,.F.);
#1150 = EDGE_LOOP('',(#1151,#1161,#1167,#1168));
#1151 = ORIENTED_EDGE('',*,*,#1152,.T.);
#1152 = EDGE_CURVE('',#1153,#1155,#1157,.T.);
#1153 = VERTEX_POINT('',#1154);
#1154 = CARTESIAN_POINT('',(-100.,8.2,-6.5));
#1155 = VERTEX_POINT('',#1156);
#1156 = CARTESIAN_POINT('',(100.,8.2,-6.5));
#1157 = LINE('',#1158,#1159);
#1158 = CARTESIAN_POINT('',(-100.,8.2,-6.5));
#1159 = VECTOR('',#1160,1.);
#1160 = DIRECTION('',(1.,0.,0.));
#1161 = ORIENTED_EDGE('',*,*,#1162,.T.);
#1162 = EDGE_CURVE('',#1155,#1093,#1163,.T.);
#1163 = LINE('',#1164,#1165);
#1164 = CARTESIAN_POINT('',(100.,8.2,-6.5));
#1165 = VECTOR('',#1166,1.);
#1166 = DIRECTION('',(-1.110223024625E-16,0.,1.));
#1167 = ORIENTED_EDGE('',*,*,#1090,.F.);
#1168 = ORIENTED_EDGE('',*,*,#1169,.F.);
#1169 = EDGE_CURVE('',#1153,#1091,#1170,.T.);
#1170 = LINE('',#1171,#1172);
#1171 = CARTESIAN_POINT('',(-100.,8.2,-6.5));
#1172 = VECTOR('',#1173,1.);
#1173 = DIRECTION('',(-1.110223024625E-16,0.,1.));
#1174 = PLANE('',#1175);
#1175 = AXIS2_PLACEMENT_3D('',#1176,#1177,#1178);
#1176 = CARTESIAN_POINT('',(-100.,8.2,-6.5));
#1177 = DIRECTION('',(0.,-1.,0.));
#1178 = DIRECTION('',(-1.110223024625E-16,0.,1.));
#1179 = ADVANCED_FACE('',(#1180),#1205,.F.);
#1180 = FACE_BOUND('',#1181,.F.);
#1181 = EDGE_LOOP('',(#1182,#1183,#1191,#1199));
#1182 = ORIENTED_EDGE('',*,*,#1130,.T.);
#1183 = ORIENTED_EDGE('',*,*,#1184,.T.);
#1184 = EDGE_CURVE('',#1123,#1185,#1187,.T.);
#1185 = VERTEX_POINT('',#1186);
#1186 = CARTESIAN_POINT('',(100.,10.,-11.7));
#1187 = LINE('',#1188,#1189);
#1188 = CARTESIAN_POINT('',(100.,6.5,-8.2));
#1189 = VECTOR('',#1190,1.);
#1190 = DIRECTION('',(7.850462293419E-17,0.707106781187,-0.707106781187)
  );
#1191 = ORIENTED_EDGE('',*,*,#1192,.F.);
#1192 = EDGE_CURVE('',#1193,#1185,#1195,.T.);
#1193 = VERTEX_POINT('',#1194);
#1194 = CARTESIAN_POINT('',(-100.,10.,-11.7));
#1195 = LINE('',#1196,#1197);
#1196 = CARTESIAN_POINT('',(-100.,10.,-11.7));
#1197 = VECTOR('',#1198,1.);
#1198 = DIRECTION('',(1.,0.,0.));
#1199 = ORIENTED_EDGE('',*,*,#1200,.F.);
#1200 = EDGE_CURVE('',#1131,#1193,#1201,.T.);
#1201 = LINE('',#1202,#1203);
#1202 = CARTESIAN_POINT('',(-100.,6.5,-8.2));
#1203 = VECTOR('',#1204,1.);
#1204 = DIRECTION('',(7.850462293419E-17,0.707106781187,-0.707106781187)
  );
#1205 = PLANE('',#1206);
#1206 = AXIS2_PLACEMENT_3D('',#1207,#1208,#1209);
#1207 = CARTESIAN_POINT('',(-100.,6.5,-8.2));
#1208 = DIRECTION('',(-0.,0.707106781187,0.707106781187));
#1209 = DIRECTION('',(7.850462293419E-17,0.707106781187,-0.707106781187)
  );
#1210 = ADVANCED_FACE('',(#1211),#1236,.F.);
#1211 = FACE_BOUND('',#1212,.F.);
#1212 = EDGE_LOOP('',(#1213,#1223,#1229,#1230));
#1213 = ORIENTED_EDGE('',*,*,#1214,.T.);
#1214 = EDGE_CURVE('',#1215,#1217,#1219,.T.);
#1215 = VERTEX_POINT('',#1216);
#1216 = CARTESIAN_POINT('',(-100.,11.7,-10.));
#1217 = VERTEX_POINT('',#1218);
#1218 = CARTESIAN_POINT('',(100.,11.7,-10.));
#1219 = LINE('',#1220,#1221);
#1220 = CARTESIAN_POINT('',(-100.,11.7,-10.));
#1221 = VECTOR('',#1222,1.);
#1222 = DIRECTION('',(1.,0.,0.));
#1223 = ORIENTED_EDGE('',*,*,#1224,.T.);
#1224 = EDGE_CURVE('',#1217,#1155,#1225,.T.);
#1225 = LINE('',#1226,#1227);
#1226 = CARTESIAN_POINT('',(100.,11.7,-10.));
#1227 = VECTOR('',#1228,1.);
#1228 = DIRECTION('',(-7.850462293419E-17,-0.707106781187,0.707106781187
    ));
#1229 = ORIENTED_EDGE('',*,*,#1152,.F.);
#1230 = ORIENTED_EDGE('',*,*,#1231,.F.);
#1231 = EDGE_CURVE('',#1215,#1153,#1232,.T.);
#1232 = LINE('',#1233,#1234);
#1233 = CARTESIAN_POINT('',(-100.,11.7,-10.));
#1234 = VECTOR('',#1235,1.);
#1235 = DIRECTION('',(-7.850462293419E-17,-0.707106781187,0.707106781187
    ));
#1236 = PLANE('',#1237);
#1237 = AXIS2_PLACEMENT_3D('',#1238,#1239,#1240);
#1238 = CARTESIAN_POINT('',(-100.,11.7,-10.));
#1239 = DIRECTION('',(0.,-0.707106781187,-0.707106781187));
#1240 = DIRECTION('',(-7.850462293419E-17,-0.707106781187,0.707106781187
    ));
#1241 = ADVANCED_FACE('',(#1242),#1267,.F.);
#1242 = FACE_BOUND('',#1243,.F.);
#1243 = EDGE_LOOP('',(#1244,#1245,#1253,#1261));
#1244 = ORIENTED_EDGE('',*,*,#1192,.T.);
#1245 = ORIENTED_EDGE('',*,*,#1246,.T.);
#1246 = EDGE_CURVE('',#1185,#1247,#1249,.T.);
#1247 = VERTEX_POINT('',#1248);
#1248 = CARTESIAN_POINT('',(100.,10.,-15.7));
#1249 = LINE('',#1250,#1251);
#1250 = CARTESIAN_POINT('',(100.,10.,-11.7));
#1251 = VECTOR('',#1252,1.);
#1252 = DIRECTION('',(1.110223024625E-16,-2.22044604925E-16,-1.));
#1253 = ORIENTED_EDGE('',*,*,#1254,.F.);
#1254 = EDGE_CURVE('',#1255,#1247,#1257,.T.);
#1255 = VERTEX_POINT('',#1256);
#1256 = CARTESIAN_POINT('',(-100.,10.,-15.7));
#1257 = LINE('',#1258,#1259);
#1258 = CARTESIAN_POINT('',(-100.,10.,-15.7));
#1259 = VECTOR('',#1260,1.);
#1260 = DIRECTION('',(1.,0.,0.));
#1261 = ORIENTED_EDGE('',*,*,#1262,.F.);
#1262 = EDGE_CURVE('',#1193,#1255,#1263,.T.);
#1263 = LINE('',#1264,#1265);
#1264 = CARTESIAN_POINT('',(-100.,10.,-11.7));
#1265 = VECTOR('',#1266,1.);
#1266 = DIRECTION('',(1.110223024625E-16,-2.22044604925E-16,-1.));
#1267 = PLANE('',#1268);
#1268 = AXIS2_PLACEMENT_3D('',#1269,#1270,#1271);
#1269 = CARTESIAN_POINT('',(-100.,10.,-11.7));
#1270 = DIRECTION('',(0.,1.,-2.22044604925E-16));
#1271 = DIRECTION('',(1.110223024625E-16,-2.22044604925E-16,-1.));
#1272 = ADVANCED_FACE('',(#1273),#1298,.F.);
#1273 = FACE_BOUND('',#1274,.F.);
#1274 = EDGE_LOOP('',(#1275,#1285,#1291,#1292));
#1275 = ORIENTED_EDGE('',*,*,#1276,.T.);
#1276 = EDGE_CURVE('',#1277,#1279,#1281,.T.);
#1277 = VERTEX_POINT('',#1278);
#1278 = CARTESIAN_POINT('',(-100.,15.7,-10.));
#1279 = VERTEX_POINT('',#1280);
#1280 = CARTESIAN_POINT('',(100.,15.7,-10.));
#1281 = LINE('',#1282,#1283);
#1282 = CARTESIAN_POINT('',(-100.,15.7,-10.));
#1283 = VECTOR('',#1284,1.);
#1284 = DIRECTION('',(1.,0.,0.));
#1285 = ORIENTED_EDGE('',*,*,#1286,.T.);
#1286 = EDGE_CURVE('',#1279,#1217,#1287,.T.);
#1287 = LINE('',#1288,#1289);
#1288 = CARTESIAN_POINT('',(100.,15.7,-10.));
#1289 = VECTOR('',#1290,1.);
#1290 = DIRECTION('',(0.,-1.,0.));
#1291 = ORIENTED_EDGE('',*,*,#1214,.F.);
#1292 = ORIENTED_EDGE('',*,*,#1293,.F.);
#1293 = EDGE_CURVE('',#1277,#1215,#1294,.T.);
#1294 = LINE('',#1295,#1296);
#1295 = CARTESIAN_POINT('',(-100.,15.7,-10.));
#1296 = VECTOR('',#1297,1.);
#1297 = DIRECTION('',(0.,-1.,0.));
#1298 = PLANE('',#1299);
#1299 = AXIS2_PLACEMENT_3D('',#1300,#1301,#1302);
#1300 = CARTESIAN_POINT('',(-100.,15.7,-10.));
#1301 = DIRECTION('',(0.,0.,-1.));
#1302 = DIRECTION('',(0.,-1.,0.));
#1303 = ADVANCED_FACE('',(#1304),#1329,.F.);
#1304 = FACE_BOUND('',#1305,.F.);
#1305 = EDGE_LOOP('',(#1306,#1307,#1315,#1323));
#1306 = ORIENTED_EDGE('',*,*,#1254,.T.);
#1307 = ORIENTED_EDGE('',*,*,#1308,.T.);
#1308 = EDGE_CURVE('',#1247,#1309,#1311,.T.);
#1309 = VERTEX_POINT('',#1310);
#1310 = CARTESIAN_POINT('',(100.,5.1,-15.7));
#1311 = LINE('',#1312,#1313);
#1312 = CARTESIAN_POINT('',(100.,10.,-15.7));
#1313 = VECTOR('',#1314,1.);
#1314 = DIRECTION('',(-2.465190328816E-32,-1.,2.22044604925E-16));
#1315 = ORIENTED_EDGE('',*,*,#1316,.F.);
#1316 = EDGE_CURVE('',#1317,#1309,#1319,.T.);
#1317 = VERTEX_POINT('',#1318);
#1318 = CARTESIAN_POINT('',(-100.,5.1,-15.7));
#1319 = LINE('',#1320,#1321);
#1320 = CARTESIAN_POINT('',(-100.,5.1,-15.7));
#1321 = VECTOR('',#1322,1.);
#1322 = DIRECTION('',(1.,0.,0.));
#1323 = ORIENTED_EDGE('',*,*,#1324,.F.);
#1324 = EDGE_CURVE('',#1255,#1317,#1325,.T.);
#1325 = LINE('',#1326,#1327);
#1326 = CARTESIAN_POINT('',(-100.,10.,-15.7));
#1327 = VECTOR('',#1328,1.);
#1328 = DIRECTION('',(-2.465190328816E-32,-1.,2.22044604925E-16));
#1329 = PLANE('',#1330);
#1330 = AXIS2_PLACEMENT_3D('',#1331,#1332,#1333);
#1331 = CARTESIAN_POINT('',(-100.,10.,-15.7));
#1332 = DIRECTION('',(0.,-2.22044604925E-16,-1.));
#1333 = DIRECTION('',(-2.465190328816E-32,-1.,2.22044604925E-16));
#1334 = ADVANCED_FACE('',(#1335),#1360,.F.);
#1335 = FACE_BOUND('',#1336,.F.);
#1336 = EDGE_LOOP('',(#1337,#1347,#1353,#1354));
#1337 = ORIENTED_EDGE('',*,*,#1338,.T.);
#1338 = EDGE_CURVE('',#1339,#1341,#1343,.T.);
#1339 = VERTEX_POINT('',#1340);
#1340 = CARTESIAN_POINT('',(-100.,15.7,-5.1));
#1341 = VERTEX_POINT('',#1342);
#1342 = CARTESIAN_POINT('',(100.,15.7,-5.1));
#1343 = LINE('',#1344,#1345);
#1344 = CARTESIAN_POINT('',(-100.,15.7,-5.1));
#1345 = VECTOR('',#1346,1.);
#1346 = DIRECTION('',(1.,0.,0.));
#1347 = ORIENTED_EDGE('',*,*,#1348,.T.);
#1348 = EDGE_CURVE('',#1341,#1279,#1349,.T.);
#1349 = LINE('',#1350,#1351);
#1350 = CARTESIAN_POINT('',(100.,15.7,10.));
#1351 = VECTOR('',#1352,1.);
#1352 = DIRECTION('',(1.110223024625E-16,0.,-1.));
#1353 = ORIENTED_EDGE('',*,*,#1276,.F.);
#1354 = ORIENTED_EDGE('',*,*,#1355,.F.);
#1355 = EDGE_CURVE('',#1339,#1277,#1356,.T.);
#1356 = LINE('',#1357,#1358);
#1357 = CARTESIAN_POINT('',(-100.,15.7,10.));
#1358 = VECTOR('',#1359,1.);
#1359 = DIRECTION('',(1.110223024625E-16,0.,-1.));
#1360 = PLANE('',#1361);
#1361 = AXIS2_PLACEMENT_3D('',#1362,#1363,#1364);
#1362 = CARTESIAN_POINT('',(-100.,15.7,-5.1));
#1363 = DIRECTION('',(-0.,1.,0.));
#1364 = DIRECTION('',(1.110223024625E-16,0.,-1.));
#1365 = ADVANCED_FACE('',(#1366),#1391,.F.);
#1366 = FACE_BOUND('',#1367,.F.);
#1367 = EDGE_LOOP('',(#1368,#1369,#1377,#1385));
#1368 = ORIENTED_EDGE('',*,*,#1316,.T.);
#1369 = ORIENTED_EDGE('',*,*,#1370,.T.);
#1370 = EDGE_CURVE('',#1309,#1371,#1373,.T.);
#1371 = VERTEX_POINT('',#1372);
#1372 = CARTESIAN_POINT('',(100.,5.1,-20.));
#1373 = LINE('',#1374,#1375);
#1374 = CARTESIAN_POINT('',(100.,5.1,-15.7));
#1375 = VECTOR('',#1376,1.);
#1376 = DIRECTION('',(1.110223024625E-16,-2.22044604925E-16,-1.));
#1377 = ORIENTED_EDGE('',*,*,#1378,.F.);
#1378 = EDGE_CURVE('',#1379,#1371,#1381,.T.);
#1379 = VERTEX_POINT('',#1380);
#1380 = CARTESIAN_POINT('',(-100.,5.1,-20.));
#1381 = LINE('',#1382,#1383);
#1382 = CARTESIAN_POINT('',(-100.,5.1,-20.));
#1383 = VECTOR('',#1384,1.);
#1384 = DIRECTION('',(1.,0.,0.));
#1385 = ORIENTED_EDGE('',*,*,#1386,.F.);
#1386 = EDGE_CURVE('',#1317,#1379,#1387,.T.);
#1387 = LINE('',#1388,#1389);
#1388 = CARTESIAN_POINT('',(-100.,5.1,-15.7));
#1389 = VECTOR('',#1390,1.);
#1390 = DIRECTION('',(1.110223024625E-16,-2.22044604925E-16,-1.));
#1391 = PLANE('',#1392);
#1392 = AXIS2_PLACEMENT_3D('',#1393,#1394,#1395);
#1393 = CARTESIAN_POINT('',(-100.,5.1,-15.7));
#1394 = DIRECTION('',(0.,1.,-2.22044604925E-16));
#1395 = DIRECTION('',(1.110223024625E-16,-2.22044604925E-16,-1.));
#1396 = ADVANCED_FACE('',(#1397),#1422,.T.);
#1397 = FACE_BOUND('',#1398,.T.);
#1398 = EDGE_LOOP('',(#1399,#1400,#1408,#1416));
#1399 = ORIENTED_EDGE('',*,*,#1338,.T.);
#1400 = ORIENTED_EDGE('',*,*,#1401,.T.);
#1401 = EDGE_CURVE('',#1341,#1402,#1404,.T.);
#1402 = VERTEX_POINT('',#1403);
#1403 = CARTESIAN_POINT('',(100.,20.,-5.1));
#1404 = LINE('',#1405,#1406);
#1405 = CARTESIAN_POINT('',(100.,15.7,-5.1));
#1406 = VECTOR('',#1407,1.);
#1407 = DIRECTION('',(0.,1.,0.));
#1408 = ORIENTED_EDGE('',*,*,#1409,.F.);
#1409 = EDGE_CURVE('',#1410,#1402,#1412,.T.);
#1410 = VERTEX_POINT('',#1411);
#1411 = CARTESIAN_POINT('',(-100.,20.,-5.1));
#1412 = LINE('',#1413,#1414);
#1413 = CARTESIAN_POINT('',(-100.,20.,-5.1));
#1414 = VECTOR('',#1415,1.);
#1415 = DIRECTION('',(1.,0.,0.));
#1416 = ORIENTED_EDGE('',*,*,#1417,.F.);
#1417 = EDGE_CURVE('',#1339,#1410,#1418,.T.);
#1418 = LINE('',#1419,#1420);
#1419 = CARTESIAN_POINT('',(-100.,15.7,-5.1));
#1420 = VECTOR('',#1421,1.);
#1421 = DIRECTION('',(0.,1.,0.));
#1422 = PLANE('',#1423);
#1423 = AXIS2_PLACEMENT_3D('',#1424,#1425,#1426);
#1424 = CARTESIAN_POINT('',(-100.,15.7,-5.1));
#1425 = DIRECTION('',(0.,0.,1.));
#1426 = DIRECTION('',(0.,1.,0.));
#1427 = ADVANCED_FACE('',(#1428),#1453,.F.);
#1428 = FACE_BOUND('',#1429,.F.);
#1429 = EDGE_LOOP('',(#1430,#1431,#1439,#1447));
#1430 = ORIENTED_EDGE('',*,*,#1378,.T.);
#1431 = ORIENTED_EDGE('',*,*,#1432,.T.);
#1432 = EDGE_CURVE('',#1371,#1433,#1435,.T.);
#1433 = VERTEX_POINT('',#1434);
#1434 = CARTESIAN_POINT('',(100.,18.5,-20.));
#1435 = LINE('',#1436,#1437);
#1436 = CARTESIAN_POINT('',(100.,-18.5,-20.));
#1437 = VECTOR('',#1438,1.);
#1438 = DIRECTION('',(0.,1.,0.));
#1439 = ORIENTED_EDGE('',*,*,#1440,.F.);
#1440 = EDGE_CURVE('',#1441,#1433,#1443,.T.);
#1441 = VERTEX_POINT('',#1442);
#1442 = CARTESIAN_POINT('',(-100.,18.5,-20.));
#1443 = LINE('',#1444,#1445);
#1444 = CARTESIAN_POINT('',(-100.,18.5,-20.));
#1445 = VECTOR('',#1446,1.);
#1446 = DIRECTION('',(1.,0.,0.));
#1447 = ORIENTED_EDGE('',*,*,#1448,.F.);
#1448 = EDGE_CURVE('',#1379,#1441,#1449,.T.);
#1449 = LINE('',#1450,#1451);
#1450 = CARTESIAN_POINT('',(-100.,-18.5,-20.));
#1451 = VECTOR('',#1452,1.);
#1452 = DIRECTION('',(0.,1.,0.));
#1453 = PLANE('',#1454);
#1454 = AXIS2_PLACEMENT_3D('',#1455,#1456,#1457);
#1455 = CARTESIAN_POINT('',(-100.,5.1,-20.));
#1456 = DIRECTION('',(0.,0.,1.));
#1457 = DIRECTION('',(0.,1.,0.));
#1458 = ADVANCED_FACE('',(#1459),#1484,.F.);
#1459 = FACE_BOUND('',#1460,.F.);
#1460 = EDGE_LOOP('',(#1461,#1471,#1477,#1478));
#1461 = ORIENTED_EDGE('',*,*,#1462,.T.);
#1462 = EDGE_CURVE('',#1463,#1465,#1467,.T.);
#1463 = VERTEX_POINT('',#1464);
#1464 = CARTESIAN_POINT('',(-100.,20.,-18.5));
#1465 = VERTEX_POINT('',#1466);
#1466 = CARTESIAN_POINT('',(100.,20.,-18.5));
#1467 = LINE('',#1468,#1469);
#1468 = CARTESIAN_POINT('',(-100.,20.,-18.5));
#1469 = VECTOR('',#1470,1.);
#1470 = DIRECTION('',(1.,0.,0.));
#1471 = ORIENTED_EDGE('',*,*,#1472,.T.);
#1472 = EDGE_CURVE('',#1465,#1402,#1473,.T.);
#1473 = LINE('',#1474,#1475);
#1474 = CARTESIAN_POINT('',(100.,20.,-18.5));
#1475 = VECTOR('',#1476,1.);
#1476 = DIRECTION('',(-1.110223024625E-16,0.,1.));
#1477 = ORIENTED_EDGE('',*,*,#1409,.F.);
#1478 = ORIENTED_EDGE('',*,*,#1479,.F.);
#1479 = EDGE_CURVE('',#1463,#1410,#1480,.T.);
#1480 = LINE('',#1481,#1482);
#1481 = CARTESIAN_POINT('',(-100.,20.,-18.5));
#1482 = VECTOR('',#1483,1.);
#1483 = DIRECTION('',(-1.110223024625E-16,0.,1.));
#1484 = PLANE('',#1485);
#1485 = AXIS2_PLACEMENT_3D('',#1486,#1487,#1488);
#1486 = CARTESIAN_POINT('',(-100.,20.,-18.5));
#1487 = DIRECTION('',(0.,-1.,0.));
#1488 = DIRECTION('',(-1.110223024625E-16,0.,1.));
#1489 = ADVANCED_FACE('',(#1490),#1508,.T.);
#1490 = FACE_BOUND('',#1491,.T.);
#1491 = EDGE_LOOP('',(#1492,#1493,#1500,#1501));
#1492 = ORIENTED_EDGE('',*,*,#1462,.T.);
#1493 = ORIENTED_EDGE('',*,*,#1494,.T.);
#1494 = EDGE_CURVE('',#1465,#1433,#1495,.T.);
#1495 = CIRCLE('',#1496,1.5);
#1496 = AXIS2_PLACEMENT_3D('',#1497,#1498,#1499);
#1497 = CARTESIAN_POINT('',(100.,18.5,-18.5));
#1498 = DIRECTION('',(-1.,0.,-1.110223024625E-16));
#1499 = DIRECTION('',(-1.110223024625E-16,0.,1.));
#1500 = ORIENTED_EDGE('',*,*,#1440,.F.);
#1501 = ORIENTED_EDGE('',*,*,#1502,.F.);
#1502 = EDGE_CURVE('',#1463,#1441,#1503,.T.);
#1503 = CIRCLE('',#1504,1.5);
#1504 = AXIS2_PLACEMENT_3D('',#1505,#1506,#1507);
#1505 = CARTESIAN_POINT('',(-100.,18.5,-18.5));
#1506 = DIRECTION('',(-1.,0.,-1.110223024625E-16));
#1507 = DIRECTION('',(-1.110223024625E-16,0.,1.));
#1508 = CYLINDRICAL_SURFACE('',#1509,1.5);
#1509 = AXIS2_PLACEMENT_3D('',#1510,#1511,#1512);
#1510 = CARTESIAN_POINT('',(-100.,18.5,-18.5));
#1511 = DIRECTION('',(-1.,0.,-1.110223024625E-16));
#1512 = DIRECTION('',(-1.110223024625E-16,0.,1.));
#1513 = ADVANCED_FACE('',(#1514),#1541,.F.);
#1514 = FACE_BOUND('',#1515,.T.);
#1515 = EDGE_LOOP('',(#1516,#1526,#1533,#1534));
#1516 = ORIENTED_EDGE('',*,*,#1517,.T.);
#1517 = EDGE_CURVE('',#1518,#1520,#1522,.T.);
#1518 = VERTEX_POINT('',#1519);
#1519 = CARTESIAN_POINT('',(-100.,-15.1,12.55));
#1520 = VERTEX_POINT('',#1521);
#1521 = CARTESIAN_POINT('',(100.,-15.1,12.55));
#1522 = LINE('',#1523,#1524);
#1523 = CARTESIAN_POINT('',(-100.,-15.1,12.55));
#1524 = VECTOR('',#1525,1.);
#1525 = DIRECTION('',(1.,0.,0.));
#1526 = ORIENTED_EDGE('',*,*,#1527,.T.);
#1527 = EDGE_CURVE('',#1520,#1520,#1528,.T.);
#1528 = CIRCLE('',#1529,2.55);
#1529 = AXIS2_PLACEMENT_3D('',#1530,#1531,#1532);
#1530 = CARTESIAN_POINT('',(100.,-15.1,15.1));
#1531 = DIRECTION('',(1.,-0.,1.110223024625E-16));
#1532 = DIRECTION('',(1.110223024625E-16,0.,-1.));
#1533 = ORIENTED_EDGE('',*,*,#1517,.F.);
#1534 = ORIENTED_EDGE('',*,*,#1535,.F.);
#1535 = EDGE_CURVE('',#1518,#1518,#1536,.T.);
#1536 = CIRCLE('',#1537,2.55);
#1537 = AXIS2_PLACEMENT_3D('',#1538,#1539,#1540);
#1538 = CARTESIAN_POINT('',(-100.,-15.1,15.1));
#1539 = DIRECTION('',(1.,-0.,1.110223024625E-16));
#1540 = DIRECTION('',(1.110223024625E-16,0.,-1.));
#1541 = CYLINDRICAL_SURFACE('',#1542,2.55);
#1542 = AXIS2_PLACEMENT_3D('',#1543,#1544,#1545);
#1543 = CARTESIAN_POINT('',(-100.,-15.1,15.1));
#1544 = DIRECTION('',(-1.,0.,-1.110223024625E-16));
#1545 = DIRECTION('',(1.110223024625E-16,0.,-1.));
#1546 = ADVANCED_FACE('',(#1547),#1574,.F.);
#1547 = FACE_BOUND('',#1548,.T.);
#1548 = EDGE_LOOP('',(#1549,#1559,#1566,#1567));
#1549 = ORIENTED_EDGE('',*,*,#1550,.T.);
#1550 = EDGE_CURVE('',#1551,#1553,#1555,.T.);
#1551 = VERTEX_POINT('',#1552);
#1552 = CARTESIAN_POINT('',(-100.,-15.1,-17.65));
#1553 = VERTEX_POINT('',#1554);
#1554 = CARTESIAN_POINT('',(100.,-15.1,-17.65));
#1555 = LINE('',#1556,#1557);
#1556 = CARTESIAN_POINT('',(-100.,-15.1,-17.65));
#1557 = VECTOR('',#1558,1.);
#1558 = DIRECTION('',(1.,0.,0.));
#1559 = ORIENTED_EDGE('',*,*,#1560,.T.);
#1560 = EDGE_CURVE('',#1553,#1553,#1561,.T.);
#1561 = CIRCLE('',#1562,2.55);
#1562 = AXIS2_PLACEMENT_3D('',#1563,#1564,#1565);
#1563 = CARTESIAN_POINT('',(100.,-15.1,-15.1));
#1564 = DIRECTION('',(1.,-0.,1.110223024625E-16));
#1565 = DIRECTION('',(1.110223024625E-16,0.,-1.));
#1566 = ORIENTED_EDGE('',*,*,#1550,.F.);
#1567 = ORIENTED_EDGE('',*,*,#1568,.F.);
#1568 = EDGE_CURVE('',#1551,#1551,#1569,.T.);
#1569 = CIRCLE('',#1570,2.55);
#1570 = AXIS2_PLACEMENT_3D('',#1571,#1572,#1573);
#1571 = CARTESIAN_POINT('',(-100.,-15.1,-15.1));
#1572 = DIRECTION('',(1.,-0.,1.110223024625E-16));
#1573 = DIRECTION('',(1.110223024625E-16,0.,-1.));
#1574 = CYLINDRICAL_SURFACE('',#1575,2.55);
#1575 = AXIS2_PLACEMENT_3D('',#1576,#1577,#1578);
#1576 = CARTESIAN_POINT('',(-100.,-15.1,-15.1));
#1577 = DIRECTION('',(-1.,0.,-1.110223024625E-16));
#1578 = DIRECTION('',(1.110223024625E-16,0.,-1.));
#1579 = ADVANCED_FACE('',(#1580),#1607,.F.);
#1580 = FACE_BOUND('',#1581,.T.);
#1581 = EDGE_LOOP('',(#1582,#1592,#1599,#1600));
#1582 = ORIENTED_EDGE('',*,*,#1583,.T.);
#1583 = EDGE_CURVE('',#1584,#1586,#1588,.T.);
#1584 = VERTEX_POINT('',#1585);
#1585 = CARTESIAN_POINT('',(-100.,15.1,12.55));
#1586 = VERTEX_POINT('',#1587);
#1587 = CARTESIAN_POINT('',(100.,15.1,12.55));
#1588 = LINE('',#1589,#1590);
#1589 = CARTESIAN_POINT('',(-100.,15.1,12.55));
#1590 = VECTOR('',#1591,1.);
#1591 = DIRECTION('',(1.,0.,0.));
#1592 = ORIENTED_EDGE('',*,*,#1593,.T.);
#1593 = EDGE_CURVE('',#1586,#1586,#1594,.T.);
#1594 = CIRCLE('',#1595,2.55);
#1595 = AXIS2_PLACEMENT_3D('',#1596,#1597,#1598);
#1596 = CARTESIAN_POINT('',(100.,15.1,15.1));
#1597 = DIRECTION('',(1.,-0.,1.110223024625E-16));
#1598 = DIRECTION('',(1.110223024625E-16,0.,-1.));
#1599 = ORIENTED_EDGE('',*,*,#1583,.F.);
#1600 = ORIENTED_EDGE('',*,*,#1601,.F.);
#1601 = EDGE_CURVE('',#1584,#1584,#1602,.T.);
#1602 = CIRCLE('',#1603,2.55);
#1603 = AXIS2_PLACEMENT_3D('',#1604,#1605,#1606);
#1604 = CARTESIAN_POINT('',(-100.,15.1,15.1));
#1605 = DIRECTION('',(1.,-0.,1.110223024625E-16));
#1606 = DIRECTION('',(1.110223024625E-16,0.,-1.));
#1607 = CYLINDRICAL_SURFACE('',#1608,2.55);
#1608 = AXIS2_PLACEMENT_3D('',#1609,#1610,#1611);
#1609 = CARTESIAN_POINT('',(-100.,15.1,15.1));
#1610 = DIRECTION('',(-1.,0.,-1.110223024625E-16));
#1611 = DIRECTION('',(1.110223024625E-16,0.,-1.));
#1612 = ADVANCED_FACE('',(#1613),#1640,.F.);
#1613 = FACE_BOUND('',#1614,.T.);
#1614 = EDGE_LOOP('',(#1615,#1625,#1632,#1633));
#1615 = ORIENTED_EDGE('',*,*,#1616,.T.);
#1616 = EDGE_CURVE('',#1617,#1619,#1621,.T.);
#1617 = VERTEX_POINT('',#1618);
#1618 = CARTESIAN_POINT('',(-100.,0.,-4.5));
#1619 = VERTEX_POINT('',#1620);
#1620 = CARTESIAN_POINT('',(100.,0.,-4.5));
#1621 = LINE('',#1622,#1623);
#1622 = CARTESIAN_POINT('',(-100.,0.,-4.5));
#1623 = VECTOR('',#1624,1.);
#1624 = DIRECTION('',(1.,0.,0.));
#1625 = ORIENTED_EDGE('',*,*,#1626,.T.);
#1626 = EDGE_CURVE('',#1619,#1619,#1627,.T.);
#1627 = CIRCLE('',#1628,4.5);
#1628 = AXIS2_PLACEMENT_3D('',#1629,#1630,#1631);
#1629 = CARTESIAN_POINT('',(100.,0.,0.));
#1630 = DIRECTION('',(1.,-0.,1.110223024625E-16));
#1631 = DIRECTION('',(1.110223024625E-16,0.,-1.));
#1632 = ORIENTED_EDGE('',*,*,#1616,.F.);
#1633 = ORIENTED_EDGE('',*,*,#1634,.F.);
#1634 = EDGE_CURVE('',#1617,#1617,#1635,.T.);
#1635 = CIRCLE('',#1636,4.5);
#1636 = AXIS2_PLACEMENT_3D('',#1637,#1638,#1639);
#1637 = CARTESIAN_POINT('',(-100.,0.,0.));
#1638 = DIRECTION('',(1.,-0.,1.110223024625E-16));
#1639 = DIRECTION('',(1.110223024625E-16,0.,-1.));
#1640 = CYLINDRICAL_SURFACE('',#1641,4.5);
#1641 = AXIS2_PLACEMENT_3D('',#1642,#1643,#1644);
#1642 = CARTESIAN_POINT('',(-100.,0.,0.));
#1643 = DIRECTION('',(-1.,0.,-1.110223024625E-16));
#1644 = DIRECTION('',(1.110223024625E-16,0.,-1.));
#1645 = ADVANCED_FACE('',(#1646),#1673,.F.);
#1646 = FACE_BOUND('',#1647,.T.);
#1647 = EDGE_LOOP('',(#1648,#1658,#1665,#1666));
#1648 = ORIENTED_EDGE('',*,*,#1649,.T.);
#1649 = EDGE_CURVE('',#1650,#1652,#1654,.T.);
#1650 = VERTEX_POINT('',#1651);
#1651 = CARTESIAN_POINT('',(-100.,15.1,-17.65));
#1652 = VERTEX_POINT('',#1653);
#1653 = CARTESIAN_POINT('',(100.,15.1,-17.65));
#1654 = LINE('',#1655,#1656);
#1655 = CARTESIAN_POINT('',(-100.,15.1,-17.65));
#1656 = VECTOR('',#1657,1.);
#1657 = DIRECTION('',(1.,0.,0.));
#1658 = ORIENTED_EDGE('',*,*,#1659,.T.);
#1659 = EDGE_CURVE('',#1652,#1652,#1660,.T.);
#1660 = CIRCLE('',#1661,2.55);
#1661 = AXIS2_PLACEMENT_3D('',#1662,#1663,#1664);
#1662 = CARTESIAN_POINT('',(100.,15.1,-15.1));
#1663 = DIRECTION('',(1.,-0.,1.110223024625E-16));
#1664 = DIRECTION('',(1.110223024625E-16,0.,-1.));
#1665 = ORIENTED_EDGE('',*,*,#1649,.F.);
#1666 = ORIENTED_EDGE('',*,*,#1667,.F.);
#1667 = EDGE_CURVE('',#1650,#1650,#1668,.T.);
#1668 = CIRCLE('',#1669,2.55);
#1669 = AXIS2_PLACEMENT_3D('',#1670,#1671,#1672);
#1670 = CARTESIAN_POINT('',(-100.,15.1,-15.1));
#1671 = DIRECTION('',(1.,-0.,1.110223024625E-16));
#1672 = DIRECTION('',(1.110223024625E-16,0.,-1.));
#1673 = CYLINDRICAL_SURFACE('',#1674,2.55);
#1674 = AXIS2_PLACEMENT_3D('',#1675,#1676,#1677);
#1675 = CARTESIAN_POINT('',(-100.,15.1,-15.1));
#1676 = DIRECTION('',(-1.,0.,-1.110223024625E-16));
#1677 = DIRECTION('',(1.110223024625E-16,0.,-1.));
#1678 = ADVANCED_FACE('',(#1679,#1729,#1732,#1735,#1738,#1741),#1744,.F.
  );
#1679 = FACE_BOUND('',#1680,.F.);
#1680 = EDGE_LOOP('',(#1681,#1682,#1683,#1684,#1685,#1686,#1687,#1688,
    #1689,#1690,#1691,#1692,#1693,#1694,#1695,#1696,#1697,#1698,#1699,
    #1700,#1701,#1702,#1703,#1704,#1705,#1706,#1707,#1708,#1709,#1710,
    #1711,#1712,#1713,#1714,#1715,#1716,#1717,#1718,#1719,#1720,#1721,
    #1722,#1723,#1724,#1725,#1726,#1727,#1728));
#1681 = ORIENTED_EDGE('',*,*,#48,.F.);
#1682 = ORIENTED_EDGE('',*,*,#80,.T.);
#1683 = ORIENTED_EDGE('',*,*,#142,.F.);
#1684 = ORIENTED_EDGE('',*,*,#204,.T.);
#1685 = ORIENTED_EDGE('',*,*,#266,.T.);
#1686 = ORIENTED_EDGE('',*,*,#328,.T.);
#1687 = ORIENTED_EDGE('',*,*,#390,.T.);
#1688 = ORIENTED_EDGE('',*,*,#452,.T.);
#1689 = ORIENTED_EDGE('',*,*,#514,.T.);
#1690 = ORIENTED_EDGE('',*,*,#576,.T.);
#1691 = ORIENTED_EDGE('',*,*,#638,.T.);
#1692 = ORIENTED_EDGE('',*,*,#700,.T.);
#1693 = ORIENTED_EDGE('',*,*,#763,.F.);
#1694 = ORIENTED_EDGE('',*,*,#828,.T.);
#1695 = ORIENTED_EDGE('',*,*,#890,.F.);
#1696 = ORIENTED_EDGE('',*,*,#952,.T.);
#1697 = ORIENTED_EDGE('',*,*,#1014,.T.);
#1698 = ORIENTED_EDGE('',*,*,#1076,.T.);
#1699 = ORIENTED_EDGE('',*,*,#1138,.T.);
#1700 = ORIENTED_EDGE('',*,*,#1200,.T.);
#1701 = ORIENTED_EDGE('',*,*,#1262,.T.);
#1702 = ORIENTED_EDGE('',*,*,#1324,.T.);
#1703 = ORIENTED_EDGE('',*,*,#1386,.T.);
#1704 = ORIENTED_EDGE('',*,*,#1448,.T.);
#1705 = ORIENTED_EDGE('',*,*,#1502,.F.);
#1706 = ORIENTED_EDGE('',*,*,#1479,.T.);
#1707 = ORIENTED_EDGE('',*,*,#1417,.F.);
#1708 = ORIENTED_EDGE('',*,*,#1355,.T.);
#1709 = ORIENTED_EDGE('',*,*,#1293,.T.);
#1710 = ORIENTED_EDGE('',*,*,#1231,.T.);
#1711 = ORIENTED_EDGE('',*,*,#1169,.T.);
#1712 = ORIENTED_EDGE('',*,*,#1107,.T.);
#1713 = ORIENTED_EDGE('',*,*,#1045,.T.);
#1714 = ORIENTED_EDGE('',*,*,#983,.T.);
#1715 = ORIENTED_EDGE('',*,*,#921,.T.);
#1716 = ORIENTED_EDGE('',*,*,#859,.T.);
#1717 = ORIENTED_EDGE('',*,*,#796,.F.);
#1718 = ORIENTED_EDGE('',*,*,#731,.T.);
#1719 = ORIENTED_EDGE('',*,*,#669,.F.);
#1720 = ORIENTED_EDGE('',*,*,#607,.T.);
#1721 = ORIENTED_EDGE('',*,*,#545,.T.);
#1722 = ORIENTED_EDGE('',*,*,#483,.T.);
#1723 = ORIENTED_EDGE('',*,*,#421,.T.);
#1724 = ORIENTED_EDGE('',*,*,#359,.T.);
#1725 = ORIENTED_EDGE('',*,*,#297,.T.);
#1726 = ORIENTED_EDGE('',*,*,#235,.T.);
#1727 = ORIENTED_EDGE('',*,*,#173,.T.);
#1728 = ORIENTED_EDGE('',*,*,#111,.T.);
#1729 = FACE_BOUND('',#1730,.F.);
#1730 = EDGE_LOOP('',(#1731));
#1731 = ORIENTED_EDGE('',*,*,#1535,.F.);
#1732 = FACE_BOUND('',#1733,.F.);
#1733 = EDGE_LOOP('',(#1734));
#1734 = ORIENTED_EDGE('',*,*,#1568,.F.);
#1735 = FACE_BOUND('',#1736,.F.);
#1736 = EDGE_LOOP('',(#1737));
#1737 = ORIENTED_EDGE('',*,*,#1601,.F.);
#1738 = FACE_BOUND('',#1739,.F.);
#1739 = EDGE_LOOP('',(#1740));
#1740 = ORIENTED_EDGE('',*,*,#1634,.F.);
#1741 = FACE_BOUND('',#1742,.F.);
#1742 = EDGE_LOOP('',(#1743));
#1743 = ORIENTED_EDGE('',*,*,#1667,.F.);
#1744 = PLANE('',#1745);
#1745 = AXIS2_PLACEMENT_3D('',#1746,#1747,#1748);
#1746 = CARTESIAN_POINT('',(-100.,0.,0.));
#1747 = DIRECTION('',(1.,0.,1.110223024625E-16));
#1748 = DIRECTION('',(1.110223024625E-16,0.,-1.));
#1749 = ADVANCED_FACE('',(#1750,#1800,#1803,#1806,#1809,#1812),#1815,.T.
  );
#1750 = FACE_BOUND('',#1751,.T.);
#1751 = EDGE_LOOP('',(#1752,#1753,#1754,#1755,#1756,#1757,#1758,#1759,
    #1760,#1761,#1762,#1763,#1764,#1765,#1766,#1767,#1768,#1769,#1770,
    #1771,#1772,#1773,#1774,#1775,#1776,#1777,#1778,#1779,#1780,#1781,
    #1782,#1783,#1784,#1785,#1786,#1787,#1788,#1789,#1790,#1791,#1792,
    #1793,#1794,#1795,#1796,#1797,#1798,#1799));
#1752 = ORIENTED_EDGE('',*,*,#31,.F.);
#1753 = ORIENTED_EDGE('',*,*,#64,.T.);
#1754 = ORIENTED_EDGE('',*,*,#135,.F.);
#1755 = ORIENTED_EDGE('',*,*,#188,.T.);
#1756 = ORIENTED_EDGE('',*,*,#250,.T.);
#1757 = ORIENTED_EDGE('',*,*,#312,.T.);
#1758 = ORIENTED_EDGE('',*,*,#374,.T.);
#1759 = ORIENTED_EDGE('',*,*,#436,.T.);
#1760 = ORIENTED_EDGE('',*,*,#498,.T.);
#1761 = ORIENTED_EDGE('',*,*,#560,.T.);
#1762 = ORIENTED_EDGE('',*,*,#622,.T.);
#1763 = ORIENTED_EDGE('',*,*,#684,.T.);
#1764 = ORIENTED_EDGE('',*,*,#755,.F.);
#1765 = ORIENTED_EDGE('',*,*,#812,.T.);
#1766 = ORIENTED_EDGE('',*,*,#883,.F.);
#1767 = ORIENTED_EDGE('',*,*,#936,.T.);
#1768 = ORIENTED_EDGE('',*,*,#998,.T.);
#1769 = ORIENTED_EDGE('',*,*,#1060,.T.);
#1770 = ORIENTED_EDGE('',*,*,#1122,.T.);
#1771 = ORIENTED_EDGE('',*,*,#1184,.T.);
#1772 = ORIENTED_EDGE('',*,*,#1246,.T.);
#1773 = ORIENTED_EDGE('',*,*,#1308,.T.);
#1774 = ORIENTED_EDGE('',*,*,#1370,.T.);
#1775 = ORIENTED_EDGE('',*,*,#1432,.T.);
#1776 = ORIENTED_EDGE('',*,*,#1494,.F.);
#1777 = ORIENTED_EDGE('',*,*,#1472,.T.);
#1778 = ORIENTED_EDGE('',*,*,#1401,.F.);
#1779 = ORIENTED_EDGE('',*,*,#1348,.T.);
#1780 = ORIENTED_EDGE('',*,*,#1286,.T.);
#1781 = ORIENTED_EDGE('',*,*,#1224,.T.);
#1782 = ORIENTED_EDGE('',*,*,#1162,.T.);
#1783 = ORIENTED_EDGE('',*,*,#1100,.T.);
#1784 = ORIENTED_EDGE('',*,*,#1038,.T.);
#1785 = ORIENTED_EDGE('',*,*,#976,.T.);
#1786 = ORIENTED_EDGE('',*,*,#914,.T.);
#1787 = ORIENTED_EDGE('',*,*,#852,.T.);
#1788 = ORIENTED_EDGE('',*,*,#779,.F.);
#1789 = ORIENTED_EDGE('',*,*,#724,.T.);
#1790 = ORIENTED_EDGE('',*,*,#653,.F.);
#1791 = ORIENTED_EDGE('',*,*,#600,.T.);
#1792 = ORIENTED_EDGE('',*,*,#538,.T.);
#1793 = ORIENTED_EDGE('',*,*,#476,.T.);
#1794 = ORIENTED_EDGE('',*,*,#414,.T.);
#1795 = ORIENTED_EDGE('',*,*,#352,.T.);
#1796 = ORIENTED_EDGE('',*,*,#290,.T.);
#1797 = ORIENTED_EDGE('',*,*,#228,.T.);
#1798 = ORIENTED_EDGE('',*,*,#166,.T.);
#1799 = ORIENTED_EDGE('',*,*,#104,.T.);
#1800 = FACE_BOUND('',#1801,.T.);
#1801 = EDGE_LOOP('',(#1802));
#1802 = ORIENTED_EDGE('',*,*,#1527,.F.);
#1803 = FACE_BOUND('',#1804,.T.);
#1804 = EDGE_LOOP('',(#1805));
#1805 = ORIENTED_EDGE('',*,*,#1560,.F.);
#1806 = FACE_BOUND('',#1807,.T.);
#1807 = EDGE_LOOP('',(#1808));
#1808 = ORIENTED_EDGE('',*,*,#1593,.F.);
#1809 = FACE_BOUND('',#1810,.T.);
#1810 = EDGE_LOOP('',(#1811));
#1811 = ORIENTED_EDGE('',*,*,#1626,.F.);
#1812 = FACE_BOUND('',#1813,.T.);
#1813 = EDGE_LOOP('',(#1814));
#1814 = ORIENTED_EDGE('',*,*,#1659,.F.);
#1815 = PLANE('',#1816);
#1816 = AXIS2_PLACEMENT_3D('',#1817,#1818,#1819);
#1817 = CARTESIAN_POINT('',(100.,0.,0.));
#1818 = DIRECTION('',(1.,0.,1.110223024625E-16));
#1819 = DIRECTION('',(1.110223024625E-16,0.,-1.));
#1820 = MANIFOLD_SOLID_BREP('',#1821);
#1821 = CLOSED_SHELL('',(#1822,#1862,#1915,#1940,#1965,#1974,#1983,#2023
    ,#2097,#2139,#2181,#2216,#2251,#2279,#2342,#2367,#2392,#2417,#2434,
    #2446,#2477,#2508,#2551,#2619,#2650,#2674,#2742,#2773,#2872,#2903,
    #2927,#2951,#2968,#2993,#3018,#3043,#3068,#3089,#3129,#3182,#3206,
    #3231,#3256,#3265,#3274,#3322,#3339,#3353,#3372));
#1822 = ADVANCED_FACE('',(#1823),#1857,.F.);
#1823 = FACE_BOUND('',#1824,.F.);
#1824 = EDGE_LOOP('',(#1825,#1835,#1843,#1851));
#1825 = ORIENTED_EDGE('',*,*,#1826,.F.);
#1826 = EDGE_CURVE('',#1827,#1829,#1831,.T.);
#1827 = VERTEX_POINT('',#1828);
#1828 = CARTESIAN_POINT('',(132.,-12.,26.));
#1829 = VERTEX_POINT('',#1830);
#1830 = CARTESIAN_POINT('',(132.,12.,26.));
#1831 = LINE('',#1832,#1833);
#1832 = CARTESIAN_POINT('',(132.,-12.,26.));
#1833 = VECTOR('',#1834,1.);
#1834 = DIRECTION('',(-0.,1.,0.));
#1835 = ORIENTED_EDGE('',*,*,#1836,.T.);
#1836 = EDGE_CURVE('',#1827,#1837,#1839,.T.);
#1837 = VERTEX_POINT('',#1838);
#1838 = CARTESIAN_POINT('',(146.,-12.,26.));
#1839 = LINE('',#1840,#1841);
#1840 = CARTESIAN_POINT('',(132.,-12.,26.));
#1841 = VECTOR('',#1842,1.);
#1842 = DIRECTION('',(1.,0.,-0.));
#1843 = ORIENTED_EDGE('',*,*,#1844,.T.);
#1844 = EDGE_CURVE('',#1837,#1845,#1847,.T.);
#1845 = VERTEX_POINT('',#1846);
#1846 = CARTESIAN_POINT('',(146.,12.,26.));
#1847 = LINE('',#1848,#1849);
#1848 = CARTESIAN_POINT('',(146.,-12.,26.));
#1849 = VECTOR('',#1850,1.);
#1850 = DIRECTION('',(-0.,1.,0.));
#1851 = ORIENTED_EDGE('',*,*,#1852,.F.);
#1852 = EDGE_CURVE('',#1829,#1845,#1853,.T.);
#1853 = LINE('',#1854,#1855);
#1854 = CARTESIAN_POINT('',(132.,12.,26.));
#1855 = VECTOR('',#1856,1.);
#1856 = DIRECTION('',(1.,0.,-0.));
#1857 = PLANE('',#1858);
#1858 = AXIS2_PLACEMENT_3D('',#1859,#1860,#1861);
#1859 = CARTESIAN_POINT('',(132.,-12.,26.));
#1860 = DIRECTION('',(0.,0.,1.));
#1861 = DIRECTION('',(1.,0.,-0.));
#1862 = ADVANCED_FACE('',(#1863,#1888,#1899),#1910,.T.);
#1863 = FACE_BOUND('',#1864,.T.);
#1864 = EDGE_LOOP('',(#1865,#1873,#1874,#1882));
#1865 = ORIENTED_EDGE('',*,*,#1866,.F.);
#1866 = EDGE_CURVE('',#1837,#1867,#1869,.T.);
#1867 = VERTEX_POINT('',#1868);
#1868 = CARTESIAN_POINT('',(146.,-12.,38.));
#1869 = LINE('',#1870,#1871);
#1870 = CARTESIAN_POINT('',(146.,-12.,26.));
#1871 = VECTOR('',#1872,1.);
#1872 = DIRECTION('',(0.,0.,1.));
#1873 = ORIENTED_EDGE('',*,*,#1844,.T.);
#1874 = ORIENTED_EDGE('',*,*,#1875,.T.);
#1875 = EDGE_CURVE('',#1845,#1876,#1878,.T.);
#1876 = VERTEX_POINT('',#1877);
#1877 = CARTESIAN_POINT('',(146.,12.,38.));
#1878 = LINE('',#1879,#1880);
#1879 = CARTESIAN_POINT('',(146.,12.,26.));
#1880 = VECTOR('',#1881,1.);
#1881 = DIRECTION('',(0.,0.,1.));
#1882 = ORIENTED_EDGE('',*,*,#1883,.F.);
#1883 = EDGE_CURVE('',#1867,#1876,#1884,.T.);
#1884 = LINE('',#1885,#1886);
#1885 = CARTESIAN_POINT('',(146.,-12.,38.));
#1886 = VECTOR('',#1887,1.);
#1887 = DIRECTION('',(-0.,1.,0.));
#1888 = FACE_BOUND('',#1889,.T.);
#1889 = EDGE_LOOP('',(#1890));
#1890 = ORIENTED_EDGE('',*,*,#1891,.T.);
#1891 = EDGE_CURVE('',#1892,#1892,#1894,.T.);
#1892 = VERTEX_POINT('',#1893);
#1893 = CARTESIAN_POINT('',(146.,6.,30.7));
#1894 = CIRCLE('',#1895,2.3);
#1895 = AXIS2_PLACEMENT_3D('',#1896,#1897,#1898);
#1896 = CARTESIAN_POINT('',(146.,6.,33.));
#1897 = DIRECTION('',(-1.,0.,0.));
#1898 = DIRECTION('',(0.,0.,-1.));
#1899 = FACE_BOUND('',#1900,.T.);
#1900 = EDGE_LOOP('',(#1901));
#1901 = ORIENTED_EDGE('',*,*,#1902,.T.);
#1902 = EDGE_CURVE('',#1903,#1903,#1905,.T.);
#1903 = VERTEX_POINT('',#1904);
#1904 = CARTESIAN_POINT('',(146.,-6.,30.7));
#1905 = CIRCLE('',#1906,2.3);
#1906 = AXIS2_PLACEMENT_3D('',#1907,#1908,#1909);
#1907 = CARTESIAN_POINT('',(146.,-6.,33.));
#1908 = DIRECTION('',(-1.,0.,0.));
#1909 = DIRECTION('',(0.,0.,-1.));
#1910 = PLANE('',#1911);
#1911 = AXIS2_PLACEMENT_3D('',#1912,#1913,#1914);
#1912 = CARTESIAN_POINT('',(146.,-12.,26.));
#1913 = DIRECTION('',(1.,0.,-0.));
#1914 = DIRECTION('',(0.,0.,1.));
#1915 = ADVANCED_FACE('',(#1916),#1935,.F.);
#1916 = FACE_BOUND('',#1917,.F.);
#1917 = EDGE_LOOP('',(#1918,#1927,#1933,#1934));
#1918 = ORIENTED_EDGE('',*,*,#1919,.F.);
#1919 = EDGE_CURVE('',#1920,#1920,#1922,.T.);
#1920 = VERTEX_POINT('',#1921);
#1921 = CARTESIAN_POINT('',(139.8,6.,30.7));
#1922 = CIRCLE('',#1923,2.3);
#1923 = AXIS2_PLACEMENT_3D('',#1924,#1925,#1926);
#1924 = CARTESIAN_POINT('',(139.8,6.,33.));
#1925 = DIRECTION('',(-1.,0.,0.));
#1926 = DIRECTION('',(0.,0.,-1.));
#1927 = ORIENTED_EDGE('',*,*,#1928,.F.);
#1928 = EDGE_CURVE('',#1892,#1920,#1929,.T.);
#1929 = LINE('',#1930,#1931);
#1930 = CARTESIAN_POINT('',(146.,6.,30.7));
#1931 = VECTOR('',#1932,1.);
#1932 = DIRECTION('',(-1.,0.,0.));
#1933 = ORIENTED_EDGE('',*,*,#1891,.T.);
#1934 = ORIENTED_EDGE('',*,*,#1928,.T.);
#1935 = CYLINDRICAL_SURFACE('',#1936,2.3);
#1936 = AXIS2_PLACEMENT_3D('',#1937,#1938,#1939);
#1937 = CARTESIAN_POINT('',(146.,6.,33.));
#1938 = DIRECTION('',(-1.,0.,0.));
#1939 = DIRECTION('',(0.,0.,-1.));
#1940 = ADVANCED_FACE('',(#1941),#1960,.F.);
#1941 = FACE_BOUND('',#1942,.F.);
#1942 = EDGE_LOOP('',(#1943,#1952,#1958,#1959));
#1943 = ORIENTED_EDGE('',*,*,#1944,.F.);
#1944 = EDGE_CURVE('',#1945,#1945,#1947,.T.);
#1945 = VERTEX_POINT('',#1946);
#1946 = CARTESIAN_POINT('',(139.8,-6.,30.7));
#1947 = CIRCLE('',#1948,2.3);
#1948 = AXIS2_PLACEMENT_3D('',#1949,#1950,#1951);
#1949 = CARTESIAN_POINT('',(139.8,-6.,33.));
#1950 = DIRECTION('',(-1.,0.,0.));
#1951 = DIRECTION('',(0.,0.,-1.));
#1952 = ORIENTED_EDGE('',*,*,#1953,.F.);
#1953 = EDGE_CURVE('',#1903,#1945,#1954,.T.);
#1954 = LINE('',#1955,#1956);
#1955 = CARTESIAN_POINT('',(146.,-6.,30.7));
#1956 = VECTOR('',#1957,1.);
#1957 = DIRECTION('',(-1.,0.,0.));
#1958 = ORIENTED_EDGE('',*,*,#1902,.T.);
#1959 = ORIENTED_EDGE('',*,*,#1953,.T.);
#1960 = CYLINDRICAL_SURFACE('',#1961,2.3);
#1961 = AXIS2_PLACEMENT_3D('',#1962,#1963,#1964);
#1962 = CARTESIAN_POINT('',(146.,-6.,33.));
#1963 = DIRECTION('',(-1.,0.,0.));
#1964 = DIRECTION('',(0.,0.,-1.));
#1965 = ADVANCED_FACE('',(#1966),#1969,.F.);
#1966 = FACE_BOUND('',#1967,.F.);
#1967 = EDGE_LOOP('',(#1968));
#1968 = ORIENTED_EDGE('',*,*,#1919,.T.);
#1969 = PLANE('',#1970);
#1970 = AXIS2_PLACEMENT_3D('',#1971,#1972,#1973);
#1971 = CARTESIAN_POINT('',(139.8,6.,33.));
#1972 = DIRECTION('',(-1.,0.,0.));
#1973 = DIRECTION('',(0.,0.,-1.));
#1974 = ADVANCED_FACE('',(#1975),#1978,.F.);
#1975 = FACE_BOUND('',#1976,.F.);
#1976 = EDGE_LOOP('',(#1977));
#1977 = ORIENTED_EDGE('',*,*,#1944,.T.);
#1978 = PLANE('',#1979);
#1979 = AXIS2_PLACEMENT_3D('',#1980,#1981,#1982);
#1980 = CARTESIAN_POINT('',(139.8,-6.,33.));
#1981 = DIRECTION('',(-1.,0.,0.));
#1982 = DIRECTION('',(0.,0.,-1.));
#1983 = ADVANCED_FACE('',(#1984),#2018,.T.);
#1984 = FACE_BOUND('',#1985,.T.);
#1985 = EDGE_LOOP('',(#1986,#1994,#1995,#1996,#2004,#2012));
#1986 = ORIENTED_EDGE('',*,*,#1987,.T.);
#1987 = EDGE_CURVE('',#1988,#1827,#1990,.T.);
#1988 = VERTEX_POINT('',#1989);
#1989 = CARTESIAN_POINT('',(132.,-12.,25.));
#1990 = LINE('',#1991,#1992);
#1991 = CARTESIAN_POINT('',(132.,-12.,-38.));
#1992 = VECTOR('',#1993,1.);
#1993 = DIRECTION('',(0.,0.,1.));
#1994 = ORIENTED_EDGE('',*,*,#1836,.T.);
#1995 = ORIENTED_EDGE('',*,*,#1866,.T.);
#1996 = ORIENTED_EDGE('',*,*,#1997,.F.);
#1997 = EDGE_CURVE('',#1998,#1867,#2000,.T.);
#1998 = VERTEX_POINT('',#1999);
#1999 = CARTESIAN_POINT('',(127.,-12.,38.));
#2000 = LINE('',#2001,#2002);
#2001 = CARTESIAN_POINT('',(132.,-12.,38.));
#2002 = VECTOR('',#2003,1.);
#2003 = DIRECTION('',(1.,0.,-0.));
#2004 = ORIENTED_EDGE('',*,*,#2005,.F.);
#2005 = EDGE_CURVE('',#2006,#1998,#2008,.T.);
#2006 = VERTEX_POINT('',#2007);
#2007 = CARTESIAN_POINT('',(127.,-12.,25.));
#2008 = LINE('',#2009,#2010);
#2009 = CARTESIAN_POINT('',(127.,-12.,-38.));
#2010 = VECTOR('',#2011,1.);
#2011 = DIRECTION('',(0.,0.,1.));
#2012 = ORIENTED_EDGE('',*,*,#2013,.F.);
#2013 = EDGE_CURVE('',#1988,#2006,#2014,.T.);
#2014 = LINE('',#2015,#2016);
#2015 = CARTESIAN_POINT('',(127.,-12.,25.));
#2016 = VECTOR('',#2017,1.);
#2017 = DIRECTION('',(-1.,-0.,0.));
#2018 = PLANE('',#2019);
#2019 = AXIS2_PLACEMENT_3D('',#2020,#2021,#2022);
#2020 = CARTESIAN_POINT('',(136.28125,-12.,31.71875));
#2021 = DIRECTION('',(-0.,-1.,-0.));
#2022 = DIRECTION('',(0.,0.,-1.));
#2023 = ADVANCED_FACE('',(#2024,#2058),#2092,.F.);
#2024 = FACE_BOUND('',#2025,.F.);
#2025 = EDGE_LOOP('',(#2026,#2036,#2044,#2052));
#2026 = ORIENTED_EDGE('',*,*,#2027,.F.);
#2027 = EDGE_CURVE('',#2028,#2030,#2032,.T.);
#2028 = VERTEX_POINT('',#2029);
#2029 = CARTESIAN_POINT('',(70.,-25.,-25.));
#2030 = VERTEX_POINT('',#2031);
#2031 = CARTESIAN_POINT('',(70.,-25.,25.));
#2032 = LINE('',#2033,#2034);
#2033 = CARTESIAN_POINT('',(70.,-25.,-25.));
#2034 = VECTOR('',#2035,1.);
#2035 = DIRECTION('',(0.,0.,1.));
#2036 = ORIENTED_EDGE('',*,*,#2037,.T.);
#2037 = EDGE_CURVE('',#2028,#2038,#2040,.T.);
#2038 = VERTEX_POINT('',#2039);
#2039 = CARTESIAN_POINT('',(70.,25.,-25.));
#2040 = LINE('',#2041,#2042);
#2041 = CARTESIAN_POINT('',(70.,-25.,-25.));
#2042 = VECTOR('',#2043,1.);
#2043 = DIRECTION('',(-0.,1.,0.));
#2044 = ORIENTED_EDGE('',*,*,#2045,.T.);
#2045 = EDGE_CURVE('',#2038,#2046,#2048,.T.);
#2046 = VERTEX_POINT('',#2047);
#2047 = CARTESIAN_POINT('',(70.,25.,25.));
#2048 = LINE('',#2049,#2050);
#2049 = CARTESIAN_POINT('',(70.,25.,-25.));
#2050 = VECTOR('',#2051,1.);
#2051 = DIRECTION('',(0.,0.,1.));
#2052 = ORIENTED_EDGE('',*,*,#2053,.F.);
#2053 = EDGE_CURVE('',#2030,#2046,#2054,.T.);
#2054 = LINE('',#2055,#2056);
#2055 = CARTESIAN_POINT('',(70.,-25.,25.));
#2056 = VECTOR('',#2057,1.);
#2057 = DIRECTION('',(-0.,1.,0.));
#2058 = FACE_BOUND('',#2059,.F.);
#2059 = EDGE_LOOP('',(#2060,#2070,#2078,#2086));
#2060 = ORIENTED_EDGE('',*,*,#2061,.T.);
#2061 = EDGE_CURVE('',#2062,#2064,#2066,.T.);
#2062 = VERTEX_POINT('',#2063);
#2063 = CARTESIAN_POINT('',(70.,20.2,-20.2));
#2064 = VERTEX_POINT('',#2065);
#2065 = CARTESIAN_POINT('',(70.,-20.2,-20.2));
#2066 = LINE('',#2067,#2068);
#2067 = CARTESIAN_POINT('',(70.,-22.6,-20.2));
#2068 = VECTOR('',#2069,1.);
#2069 = DIRECTION('',(0.,-1.,0.));
#2070 = ORIENTED_EDGE('',*,*,#2071,.T.);
#2071 = EDGE_CURVE('',#2064,#2072,#2074,.T.);
#2072 = VERTEX_POINT('',#2073);
#2073 = CARTESIAN_POINT('',(70.,-20.2,20.2));
#2074 = LINE('',#2075,#2076);
#2075 = CARTESIAN_POINT('',(70.,-20.2,-22.6));
#2076 = VECTOR('',#2077,1.);
#2077 = DIRECTION('',(0.,0.,1.));
#2078 = ORIENTED_EDGE('',*,*,#2079,.F.);
#2079 = EDGE_CURVE('',#2080,#2072,#2082,.T.);
#2080 = VERTEX_POINT('',#2081);
#2081 = CARTESIAN_POINT('',(70.,20.2,20.2));
#2082 = LINE('',#2083,#2084);
#2083 = CARTESIAN_POINT('',(70.,-22.6,20.2));
#2084 = VECTOR('',#2085,1.);
#2085 = DIRECTION('',(0.,-1.,0.));
#2086 = ORIENTED_EDGE('',*,*,#2087,.F.);
#2087 = EDGE_CURVE('',#2062,#2080,#2088,.T.);
#2088 = LINE('',#2089,#2090);
#2089 = CARTESIAN_POINT('',(70.,20.2,-22.6));
#2090 = VECTOR('',#2091,1.);
#2091 = DIRECTION('',(0.,0.,1.));
#2092 = PLANE('',#2093);
#2093 = AXIS2_PLACEMENT_3D('',#2094,#2095,#2096);
#2094 = CARTESIAN_POINT('',(70.,-25.,-25.));
#2095 = DIRECTION('',(1.,0.,-0.));
#2096 = DIRECTION('',(0.,0.,1.));
#2097 = ADVANCED_FACE('',(#2098,#2123),#2134,.T.);
#2098 = FACE_BOUND('',#2099,.T.);
#2099 = EDGE_LOOP('',(#2100,#2108,#2109,#2117));
#2100 = ORIENTED_EDGE('',*,*,#2101,.F.);
#2101 = EDGE_CURVE('',#2038,#2102,#2104,.T.);
#2102 = VERTEX_POINT('',#2103);
#2103 = CARTESIAN_POINT('',(103.,25.,-25.));
#2104 = LINE('',#2105,#2106);
#2105 = CARTESIAN_POINT('',(70.,25.,-25.));
#2106 = VECTOR('',#2107,1.);
#2107 = DIRECTION('',(1.,0.,-0.));
#2108 = ORIENTED_EDGE('',*,*,#2045,.T.);
#2109 = ORIENTED_EDGE('',*,*,#2110,.T.);
#2110 = EDGE_CURVE('',#2046,#2111,#2113,.T.);
#2111 = VERTEX_POINT('',#2112);
#2112 = CARTESIAN_POINT('',(103.,25.,25.));
#2113 = LINE('',#2114,#2115);
#2114 = CARTESIAN_POINT('',(70.,25.,25.));
#2115 = VECTOR('',#2116,1.);
#2116 = DIRECTION('',(1.,0.,-0.));
#2117 = ORIENTED_EDGE('',*,*,#2118,.F.);
#2118 = EDGE_CURVE('',#2102,#2111,#2119,.T.);
#2119 = LINE('',#2120,#2121);
#2120 = CARTESIAN_POINT('',(103.,25.,-25.));
#2121 = VECTOR('',#2122,1.);
#2122 = DIRECTION('',(0.,0.,1.));
#2123 = FACE_BOUND('',#2124,.T.);
#2124 = EDGE_LOOP('',(#2125));
#2125 = ORIENTED_EDGE('',*,*,#2126,.T.);
#2126 = EDGE_CURVE('',#2127,#2127,#2129,.T.);
#2127 = VERTEX_POINT('',#2128);
#2128 = CARTESIAN_POINT('',(86.,25.,-3.3));
#2129 = CIRCLE('',#2130,3.3);
#2130 = AXIS2_PLACEMENT_3D('',#2131,#2132,#2133);
#2131 = CARTESIAN_POINT('',(86.,25.,0.));
#2132 = DIRECTION('',(0.,-1.,0.));
#2133 = DIRECTION('',(0.,-0.,-1.));
#2134 = PLANE('',#2135);
#2135 = AXIS2_PLACEMENT_3D('',#2136,#2137,#2138);
#2136 = CARTESIAN_POINT('',(70.,25.,-25.));
#2137 = DIRECTION('',(-0.,1.,0.));
#2138 = DIRECTION('',(0.,0.,1.));
#2139 = ADVANCED_FACE('',(#2140,#2165),#2176,.T.);
#2140 = FACE_BOUND('',#2141,.T.);
#2141 = EDGE_LOOP('',(#2142,#2150,#2151,#2159));
#2142 = ORIENTED_EDGE('',*,*,#2143,.F.);
#2143 = EDGE_CURVE('',#2062,#2144,#2146,.T.);
#2144 = VERTEX_POINT('',#2145);
#2145 = CARTESIAN_POINT('',(100.5,20.2,-20.2));
#2146 = LINE('',#2147,#2148);
#2147 = CARTESIAN_POINT('',(69.,20.2,-20.2));
#2148 = VECTOR('',#2149,1.);
#2149 = DIRECTION('',(1.,0.,-0.));
#2150 = ORIENTED_EDGE('',*,*,#2061,.T.);
#2151 = ORIENTED_EDGE('',*,*,#2152,.T.);
#2152 = EDGE_CURVE('',#2064,#2153,#2155,.T.);
#2153 = VERTEX_POINT('',#2154);
#2154 = CARTESIAN_POINT('',(100.5,-20.2,-20.2));
#2155 = LINE('',#2156,#2157);
#2156 = CARTESIAN_POINT('',(69.,-20.2,-20.2));
#2157 = VECTOR('',#2158,1.);
#2158 = DIRECTION('',(1.,0.,-0.));
#2159 = ORIENTED_EDGE('',*,*,#2160,.T.);
#2160 = EDGE_CURVE('',#2153,#2144,#2161,.T.);
#2161 = LINE('',#2162,#2163);
#2162 = CARTESIAN_POINT('',(100.5,-20.2,-20.2));
#2163 = VECTOR('',#2164,1.);
#2164 = DIRECTION('',(-0.,1.,0.));
#2165 = FACE_BOUND('',#2166,.T.);
#2166 = EDGE_LOOP('',(#2167));
#2167 = ORIENTED_EDGE('',*,*,#2168,.F.);
#2168 = EDGE_CURVE('',#2169,#2169,#2171,.T.);
#2169 = VERTEX_POINT('',#2170);
#2170 = CARTESIAN_POINT('',(89.3,-8.082668874373E-16,-20.2));
#2171 = CIRCLE('',#2172,3.3);
#2172 = AXIS2_PLACEMENT_3D('',#2173,#2174,#2175);
#2173 = CARTESIAN_POINT('',(86.,0.,-20.2));
#2174 = DIRECTION('',(0.,0.,1.));
#2175 = DIRECTION('',(1.,0.,-0.));
#2176 = PLANE('',#2177);
#2177 = AXIS2_PLACEMENT_3D('',#2178,#2179,#2180);
#2178 = CARTESIAN_POINT('',(69.,-20.2,-20.2));
#2179 = DIRECTION('',(0.,0.,1.));
#2180 = DIRECTION('',(1.,0.,-0.));
#2181 = ADVANCED_FACE('',(#2182,#2200),#2211,.F.);
#2182 = FACE_BOUND('',#2183,.F.);
#2183 = EDGE_LOOP('',(#2184,#2185,#2186,#2194));
#2184 = ORIENTED_EDGE('',*,*,#2143,.F.);
#2185 = ORIENTED_EDGE('',*,*,#2087,.T.);
#2186 = ORIENTED_EDGE('',*,*,#2187,.T.);
#2187 = EDGE_CURVE('',#2080,#2188,#2190,.T.);
#2188 = VERTEX_POINT('',#2189);
#2189 = CARTESIAN_POINT('',(100.5,20.2,20.2));
#2190 = LINE('',#2191,#2192);
#2191 = CARTESIAN_POINT('',(69.,20.2,20.2));
#2192 = VECTOR('',#2193,1.);
#2193 = DIRECTION('',(1.,0.,-0.));
#2194 = ORIENTED_EDGE('',*,*,#2195,.F.);
#2195 = EDGE_CURVE('',#2144,#2188,#2196,.T.);
#2196 = LINE('',#2197,#2198);
#2197 = CARTESIAN_POINT('',(100.5,20.2,-20.2));
#2198 = VECTOR('',#2199,1.);
#2199 = DIRECTION('',(0.,0.,1.));
#2200 = FACE_BOUND('',#2201,.F.);
#2201 = EDGE_LOOP('',(#2202));
#2202 = ORIENTED_EDGE('',*,*,#2203,.T.);
#2203 = EDGE_CURVE('',#2204,#2204,#2206,.T.);
#2204 = VERTEX_POINT('',#2205);
#2205 = CARTESIAN_POINT('',(86.,20.2,-3.3));
#2206 = CIRCLE('',#2207,3.3);
#2207 = AXIS2_PLACEMENT_3D('',#2208,#2209,#2210);
#2208 = CARTESIAN_POINT('',(86.,20.2,0.));
#2209 = DIRECTION('',(0.,-1.,0.));
#2210 = DIRECTION('',(0.,-0.,-1.));
#2211 = PLANE('',#2212);
#2212 = AXIS2_PLACEMENT_3D('',#2213,#2214,#2215);
#2213 = CARTESIAN_POINT('',(69.,20.2,-20.2));
#2214 = DIRECTION('',(-0.,1.,0.));
#2215 = DIRECTION('',(0.,0.,1.));
#2216 = ADVANCED_FACE('',(#2217,#2235),#2246,.F.);
#2217 = FACE_BOUND('',#2218,.F.);
#2218 = EDGE_LOOP('',(#2219,#2220,#2221,#2229));
#2219 = ORIENTED_EDGE('',*,*,#2187,.F.);
#2220 = ORIENTED_EDGE('',*,*,#2079,.T.);
#2221 = ORIENTED_EDGE('',*,*,#2222,.T.);
#2222 = EDGE_CURVE('',#2072,#2223,#2225,.T.);
#2223 = VERTEX_POINT('',#2224);
#2224 = CARTESIAN_POINT('',(100.5,-20.2,20.2));
#2225 = LINE('',#2226,#2227);
#2226 = CARTESIAN_POINT('',(69.,-20.2,20.2));
#2227 = VECTOR('',#2228,1.);
#2228 = DIRECTION('',(1.,0.,-0.));
#2229 = ORIENTED_EDGE('',*,*,#2230,.T.);
#2230 = EDGE_CURVE('',#2223,#2188,#2231,.T.);
#2231 = LINE('',#2232,#2233);
#2232 = CARTESIAN_POINT('',(100.5,-20.2,20.2));
#2233 = VECTOR('',#2234,1.);
#2234 = DIRECTION('',(-0.,1.,0.));
#2235 = FACE_BOUND('',#2236,.F.);
#2236 = EDGE_LOOP('',(#2237));
#2237 = ORIENTED_EDGE('',*,*,#2238,.T.);
#2238 = EDGE_CURVE('',#2239,#2239,#2241,.T.);
#2239 = VERTEX_POINT('',#2240);
#2240 = CARTESIAN_POINT('',(82.7,-8.082668874373E-16,20.2));
#2241 = CIRCLE('',#2242,3.3);
#2242 = AXIS2_PLACEMENT_3D('',#2243,#2244,#2245);
#2243 = CARTESIAN_POINT('',(86.,0.,20.2));
#2244 = DIRECTION('',(0.,0.,-1.));
#2245 = DIRECTION('',(-1.,0.,-0.));
#2246 = PLANE('',#2247);
#2247 = AXIS2_PLACEMENT_3D('',#2248,#2249,#2250);
#2248 = CARTESIAN_POINT('',(69.,-20.2,20.2));
#2249 = DIRECTION('',(0.,0.,1.));
#2250 = DIRECTION('',(1.,0.,-0.));
#2251 = ADVANCED_FACE('',(#2252,#2263),#2274,.T.);
#2252 = FACE_BOUND('',#2253,.T.);
#2253 = EDGE_LOOP('',(#2254,#2255,#2256,#2257));
#2254 = ORIENTED_EDGE('',*,*,#2152,.F.);
#2255 = ORIENTED_EDGE('',*,*,#2071,.T.);
#2256 = ORIENTED_EDGE('',*,*,#2222,.T.);
#2257 = ORIENTED_EDGE('',*,*,#2258,.F.);
#2258 = EDGE_CURVE('',#2153,#2223,#2259,.T.);
#2259 = LINE('',#2260,#2261);
#2260 = CARTESIAN_POINT('',(100.5,-20.2,-20.2));
#2261 = VECTOR('',#2262,1.);
#2262 = DIRECTION('',(0.,0.,1.));
#2263 = FACE_BOUND('',#2264,.T.);
#2264 = EDGE_LOOP('',(#2265));
#2265 = ORIENTED_EDGE('',*,*,#2266,.F.);
#2266 = EDGE_CURVE('',#2267,#2267,#2269,.T.);
#2267 = VERTEX_POINT('',#2268);
#2268 = CARTESIAN_POINT('',(86.,-20.2,3.3));
#2269 = CIRCLE('',#2270,3.3);
#2270 = AXIS2_PLACEMENT_3D('',#2271,#2272,#2273);
#2271 = CARTESIAN_POINT('',(86.,-20.2,0.));
#2272 = DIRECTION('',(0.,1.,0.));
#2273 = DIRECTION('',(0.,-0.,1.));
#2274 = PLANE('',#2275);
#2275 = AXIS2_PLACEMENT_3D('',#2276,#2277,#2278);
#2276 = CARTESIAN_POINT('',(69.,-20.2,-20.2));
#2277 = DIRECTION('',(-0.,1.,0.));
#2278 = DIRECTION('',(0.,0.,1.));
#2279 = ADVANCED_FACE('',(#2280),#2337,.T.);
#2280 = FACE_BOUND('',#2281,.T.);
#2281 = EDGE_LOOP('',(#2282,#2292,#2300,#2308,#2314,#2315,#2323,#2331));
#2282 = ORIENTED_EDGE('',*,*,#2283,.F.);
#2283 = EDGE_CURVE('',#2284,#2286,#2288,.T.);
#2284 = VERTEX_POINT('',#2285);
#2285 = CARTESIAN_POINT('',(103.,-25.,-20.));
#2286 = VERTEX_POINT('',#2287);
#2287 = CARTESIAN_POINT('',(103.,-25.,20.));
#2288 = LINE('',#2289,#2290);
#2289 = CARTESIAN_POINT('',(103.,-25.,-25.));
#2290 = VECTOR('',#2291,1.);
#2291 = DIRECTION('',(0.,0.,1.));
#2292 = ORIENTED_EDGE('',*,*,#2293,.T.);
#2293 = EDGE_CURVE('',#2284,#2294,#2296,.T.);
#2294 = VERTEX_POINT('',#2295);
#2295 = CARTESIAN_POINT('',(103.,22.,-20.));
#2296 = LINE('',#2297,#2298);
#2297 = CARTESIAN_POINT('',(103.,-25.,-20.));
#2298 = VECTOR('',#2299,1.);
#2299 = DIRECTION('',(-0.,1.,0.));
#2300 = ORIENTED_EDGE('',*,*,#2301,.F.);
#2301 = EDGE_CURVE('',#2302,#2294,#2304,.T.);
#2302 = VERTEX_POINT('',#2303);
#2303 = CARTESIAN_POINT('',(103.,22.,-25.));
#2304 = LINE('',#2305,#2306);
#2305 = CARTESIAN_POINT('',(103.,22.,-25.));
#2306 = VECTOR('',#2307,1.);
#2307 = DIRECTION('',(0.,0.,1.));
#2308 = ORIENTED_EDGE('',*,*,#2309,.T.);
#2309 = EDGE_CURVE('',#2302,#2102,#2310,.T.);
#2310 = LINE('',#2311,#2312);
#2311 = CARTESIAN_POINT('',(103.,-25.,-25.));
#2312 = VECTOR('',#2313,1.);
#2313 = DIRECTION('',(-0.,1.,0.));
#2314 = ORIENTED_EDGE('',*,*,#2118,.T.);
#2315 = ORIENTED_EDGE('',*,*,#2316,.F.);
#2316 = EDGE_CURVE('',#2317,#2111,#2319,.T.);
#2317 = VERTEX_POINT('',#2318);
#2318 = CARTESIAN_POINT('',(103.,22.,25.));
#2319 = LINE('',#2320,#2321);
#2320 = CARTESIAN_POINT('',(103.,-25.,25.));
#2321 = VECTOR('',#2322,1.);
#2322 = DIRECTION('',(-0.,1.,0.));
#2323 = ORIENTED_EDGE('',*,*,#2324,.F.);
#2324 = EDGE_CURVE('',#2325,#2317,#2327,.T.);
#2325 = VERTEX_POINT('',#2326);
#2326 = CARTESIAN_POINT('',(103.,22.,20.));
#2327 = LINE('',#2328,#2329);
#2328 = CARTESIAN_POINT('',(103.,22.,20.));
#2329 = VECTOR('',#2330,1.);
#2330 = DIRECTION('',(0.,0.,1.));
#2331 = ORIENTED_EDGE('',*,*,#2332,.F.);
#2332 = EDGE_CURVE('',#2286,#2325,#2333,.T.);
#2333 = LINE('',#2334,#2335);
#2334 = CARTESIAN_POINT('',(103.,-25.,20.));
#2335 = VECTOR('',#2336,1.);
#2336 = DIRECTION('',(-0.,1.,0.));
#2337 = PLANE('',#2338);
#2338 = AXIS2_PLACEMENT_3D('',#2339,#2340,#2341);
#2339 = CARTESIAN_POINT('',(103.,-25.,-25.));
#2340 = DIRECTION('',(1.,0.,-0.));
#2341 = DIRECTION('',(0.,0.,1.));
#2342 = ADVANCED_FACE('',(#2343),#2362,.F.);
#2343 = FACE_BOUND('',#2344,.F.);
#2344 = EDGE_LOOP('',(#2345,#2346,#2354,#2361));
#2345 = ORIENTED_EDGE('',*,*,#2266,.F.);
#2346 = ORIENTED_EDGE('',*,*,#2347,.F.);
#2347 = EDGE_CURVE('',#2348,#2267,#2350,.T.);
#2348 = VERTEX_POINT('',#2349);
#2349 = CARTESIAN_POINT('',(86.,-25.,3.3));
#2350 = LINE('',#2351,#2352);
#2351 = CARTESIAN_POINT('',(86.,-26.,3.3));
#2352 = VECTOR('',#2353,1.);
#2353 = DIRECTION('',(0.,1.,0.));
#2354 = ORIENTED_EDGE('',*,*,#2355,.T.);
#2355 = EDGE_CURVE('',#2348,#2348,#2356,.T.);
#2356 = CIRCLE('',#2357,3.3);
#2357 = AXIS2_PLACEMENT_3D('',#2358,#2359,#2360);
#2358 = CARTESIAN_POINT('',(86.,-25.,0.));
#2359 = DIRECTION('',(0.,1.,0.));
#2360 = DIRECTION('',(0.,-0.,1.));
#2361 = ORIENTED_EDGE('',*,*,#2347,.T.);
#2362 = CYLINDRICAL_SURFACE('',#2363,3.3);
#2363 = AXIS2_PLACEMENT_3D('',#2364,#2365,#2366);
#2364 = CARTESIAN_POINT('',(86.,-26.,0.));
#2365 = DIRECTION('',(0.,1.,0.));
#2366 = DIRECTION('',(0.,-0.,1.));
#2367 = ADVANCED_FACE('',(#2368),#2387,.F.);
#2368 = FACE_BOUND('',#2369,.F.);
#2369 = EDGE_LOOP('',(#2370,#2371,#2379,#2386));
#2370 = ORIENTED_EDGE('',*,*,#2238,.F.);
#2371 = ORIENTED_EDGE('',*,*,#2372,.F.);
#2372 = EDGE_CURVE('',#2373,#2239,#2375,.T.);
#2373 = VERTEX_POINT('',#2374);
#2374 = CARTESIAN_POINT('',(82.7,-8.082668874373E-16,25.));
#2375 = LINE('',#2376,#2377);
#2376 = CARTESIAN_POINT('',(82.7,-8.082668874373E-16,26.));
#2377 = VECTOR('',#2378,1.);
#2378 = DIRECTION('',(0.,0.,-1.));
#2379 = ORIENTED_EDGE('',*,*,#2380,.T.);
#2380 = EDGE_CURVE('',#2373,#2373,#2381,.T.);
#2381 = CIRCLE('',#2382,3.3);
#2382 = AXIS2_PLACEMENT_3D('',#2383,#2384,#2385);
#2383 = CARTESIAN_POINT('',(86.,0.,25.));
#2384 = DIRECTION('',(0.,0.,-1.));
#2385 = DIRECTION('',(-1.,0.,-0.));
#2386 = ORIENTED_EDGE('',*,*,#2372,.T.);
#2387 = CYLINDRICAL_SURFACE('',#2388,3.3);
#2388 = AXIS2_PLACEMENT_3D('',#2389,#2390,#2391);
#2389 = CARTESIAN_POINT('',(86.,0.,26.));
#2390 = DIRECTION('',(0.,0.,-1.));
#2391 = DIRECTION('',(-1.,0.,-0.));
#2392 = ADVANCED_FACE('',(#2393),#2412,.F.);
#2393 = FACE_BOUND('',#2394,.F.);
#2394 = EDGE_LOOP('',(#2395,#2396,#2404,#2411));
#2395 = ORIENTED_EDGE('',*,*,#2168,.F.);
#2396 = ORIENTED_EDGE('',*,*,#2397,.F.);
#2397 = EDGE_CURVE('',#2398,#2169,#2400,.T.);
#2398 = VERTEX_POINT('',#2399);
#2399 = CARTESIAN_POINT('',(89.3,-8.082668874373E-16,-25.));
#2400 = LINE('',#2401,#2402);
#2401 = CARTESIAN_POINT('',(89.3,-8.082668874373E-16,-26.));
#2402 = VECTOR('',#2403,1.);
#2403 = DIRECTION('',(0.,0.,1.));
#2404 = ORIENTED_EDGE('',*,*,#2405,.T.);
#2405 = EDGE_CURVE('',#2398,#2398,#2406,.T.);
#2406 = CIRCLE('',#2407,3.3);
#2407 = AXIS2_PLACEMENT_3D('',#2408,#2409,#2410);
#2408 = CARTESIAN_POINT('',(86.,0.,-25.));
#2409 = DIRECTION('',(0.,0.,1.));
#2410 = DIRECTION('',(1.,0.,-0.));
#2411 = ORIENTED_EDGE('',*,*,#2397,.T.);
#2412 = CYLINDRICAL_SURFACE('',#2413,3.3);
#2413 = AXIS2_PLACEMENT_3D('',#2414,#2415,#2416);
#2414 = CARTESIAN_POINT('',(86.,0.,-26.));
#2415 = DIRECTION('',(0.,0.,1.));
#2416 = DIRECTION('',(1.,0.,-0.));
#2417 = ADVANCED_FACE('',(#2418),#2429,.F.);
#2418 = FACE_BOUND('',#2419,.F.);
#2419 = EDGE_LOOP('',(#2420,#2421,#2427,#2428));
#2420 = ORIENTED_EDGE('',*,*,#2203,.F.);
#2421 = ORIENTED_EDGE('',*,*,#2422,.F.);
#2422 = EDGE_CURVE('',#2127,#2204,#2423,.T.);
#2423 = LINE('',#2424,#2425);
#2424 = CARTESIAN_POINT('',(86.,26.,-3.3));
#2425 = VECTOR('',#2426,1.);
#2426 = DIRECTION('',(0.,-1.,0.));
#2427 = ORIENTED_EDGE('',*,*,#2126,.T.);
#2428 = ORIENTED_EDGE('',*,*,#2422,.T.);
#2429 = CYLINDRICAL_SURFACE('',#2430,3.3);
#2430 = AXIS2_PLACEMENT_3D('',#2431,#2432,#2433);
#2431 = CARTESIAN_POINT('',(86.,26.,0.));
#2432 = DIRECTION('',(0.,-1.,0.));
#2433 = DIRECTION('',(0.,-0.,-1.));
#2434 = ADVANCED_FACE('',(#2435),#2441,.F.);
#2435 = FACE_BOUND('',#2436,.F.);
#2436 = EDGE_LOOP('',(#2437,#2438,#2439,#2440));
#2437 = ORIENTED_EDGE('',*,*,#2258,.F.);
#2438 = ORIENTED_EDGE('',*,*,#2160,.T.);
#2439 = ORIENTED_EDGE('',*,*,#2195,.T.);
#2440 = ORIENTED_EDGE('',*,*,#2230,.F.);
#2441 = PLANE('',#2442);
#2442 = AXIS2_PLACEMENT_3D('',#2443,#2444,#2445);
#2443 = CARTESIAN_POINT('',(100.5,-20.2,-20.2));
#2444 = DIRECTION('',(1.,0.,-0.));
#2445 = DIRECTION('',(0.,0.,1.));
#2446 = ADVANCED_FACE('',(#2447),#2472,.T.);
#2447 = FACE_BOUND('',#2448,.T.);
#2448 = EDGE_LOOP('',(#2449,#2450,#2458,#2466));
#2449 = ORIENTED_EDGE('',*,*,#2293,.F.);
#2450 = ORIENTED_EDGE('',*,*,#2451,.T.);
#2451 = EDGE_CURVE('',#2284,#2452,#2454,.T.);
#2452 = VERTEX_POINT('',#2453);
#2453 = CARTESIAN_POINT('',(127.,-25.,-20.));
#2454 = LINE('',#2455,#2456);
#2455 = CARTESIAN_POINT('',(103.,-25.,-20.));
#2456 = VECTOR('',#2457,1.);
#2457 = DIRECTION('',(1.,0.,-0.));
#2458 = ORIENTED_EDGE('',*,*,#2459,.T.);
#2459 = EDGE_CURVE('',#2452,#2460,#2462,.T.);
#2460 = VERTEX_POINT('',#2461);
#2461 = CARTESIAN_POINT('',(127.,22.,-20.));
#2462 = LINE('',#2463,#2464);
#2463 = CARTESIAN_POINT('',(127.,-25.,-20.));
#2464 = VECTOR('',#2465,1.);
#2465 = DIRECTION('',(-0.,1.,0.));
#2466 = ORIENTED_EDGE('',*,*,#2467,.F.);
#2467 = EDGE_CURVE('',#2294,#2460,#2468,.T.);
#2468 = LINE('',#2469,#2470);
#2469 = CARTESIAN_POINT('',(103.,22.,-20.));
#2470 = VECTOR('',#2471,1.);
#2471 = DIRECTION('',(1.,0.,-0.));
#2472 = PLANE('',#2473);
#2473 = AXIS2_PLACEMENT_3D('',#2474,#2475,#2476);
#2474 = CARTESIAN_POINT('',(103.,-25.,-20.));
#2475 = DIRECTION('',(0.,0.,1.));
#2476 = DIRECTION('',(1.,0.,-0.));
#2477 = ADVANCED_FACE('',(#2478),#2503,.F.);
#2478 = FACE_BOUND('',#2479,.F.);
#2479 = EDGE_LOOP('',(#2480,#2481,#2489,#2497));
#2480 = ORIENTED_EDGE('',*,*,#2332,.F.);
#2481 = ORIENTED_EDGE('',*,*,#2482,.T.);
#2482 = EDGE_CURVE('',#2286,#2483,#2485,.T.);
#2483 = VERTEX_POINT('',#2484);
#2484 = CARTESIAN_POINT('',(127.,-25.,20.));
#2485 = LINE('',#2486,#2487);
#2486 = CARTESIAN_POINT('',(103.,-25.,20.));
#2487 = VECTOR('',#2488,1.);
#2488 = DIRECTION('',(1.,0.,-0.));
#2489 = ORIENTED_EDGE('',*,*,#2490,.T.);
#2490 = EDGE_CURVE('',#2483,#2491,#2493,.T.);
#2491 = VERTEX_POINT('',#2492);
#2492 = CARTESIAN_POINT('',(127.,22.,20.));
#2493 = LINE('',#2494,#2495);
#2494 = CARTESIAN_POINT('',(127.,-25.,20.));
#2495 = VECTOR('',#2496,1.);
#2496 = DIRECTION('',(-0.,1.,0.));
#2497 = ORIENTED_EDGE('',*,*,#2498,.F.);
#2498 = EDGE_CURVE('',#2325,#2491,#2499,.T.);
#2499 = LINE('',#2500,#2501);
#2500 = CARTESIAN_POINT('',(103.,22.,20.));
#2501 = VECTOR('',#2502,1.);
#2502 = DIRECTION('',(1.,0.,-0.));
#2503 = PLANE('',#2504);
#2504 = AXIS2_PLACEMENT_3D('',#2505,#2506,#2507);
#2505 = CARTESIAN_POINT('',(103.,-25.,20.));
#2506 = DIRECTION('',(0.,0.,1.));
#2507 = DIRECTION('',(1.,0.,-0.));
#2508 = ADVANCED_FACE('',(#2509,#2543),#2546,.T.);
#2509 = FACE_BOUND('',#2510,.T.);
#2510 = EDGE_LOOP('',(#2511,#2519,#2525,#2526,#2527,#2528,#2536,#2542));
#2511 = ORIENTED_EDGE('',*,*,#2512,.T.);
#2512 = EDGE_CURVE('',#2028,#2513,#2515,.T.);
#2513 = VERTEX_POINT('',#2514);
#2514 = CARTESIAN_POINT('',(127.,-25.,-25.));
#2515 = LINE('',#2516,#2517);
#2516 = CARTESIAN_POINT('',(70.,-25.,-25.));
#2517 = VECTOR('',#2518,1.);
#2518 = DIRECTION('',(1.,0.,-0.));
#2519 = ORIENTED_EDGE('',*,*,#2520,.T.);
#2520 = EDGE_CURVE('',#2513,#2452,#2521,.T.);
#2521 = LINE('',#2522,#2523);
#2522 = CARTESIAN_POINT('',(127.,-25.,-25.));
#2523 = VECTOR('',#2524,1.);
#2524 = DIRECTION('',(0.,0.,1.));
#2525 = ORIENTED_EDGE('',*,*,#2451,.F.);
#2526 = ORIENTED_EDGE('',*,*,#2283,.T.);
#2527 = ORIENTED_EDGE('',*,*,#2482,.T.);
#2528 = ORIENTED_EDGE('',*,*,#2529,.T.);
#2529 = EDGE_CURVE('',#2483,#2530,#2532,.T.);
#2530 = VERTEX_POINT('',#2531);
#2531 = CARTESIAN_POINT('',(127.,-25.,25.));
#2532 = LINE('',#2533,#2534);
#2533 = CARTESIAN_POINT('',(127.,-25.,20.));
#2534 = VECTOR('',#2535,1.);
#2535 = DIRECTION('',(0.,0.,1.));
#2536 = ORIENTED_EDGE('',*,*,#2537,.F.);
#2537 = EDGE_CURVE('',#2030,#2530,#2538,.T.);
#2538 = LINE('',#2539,#2540);
#2539 = CARTESIAN_POINT('',(103.,-25.,25.));
#2540 = VECTOR('',#2541,1.);
#2541 = DIRECTION('',(1.,0.,-0.));
#2542 = ORIENTED_EDGE('',*,*,#2027,.F.);
#2543 = FACE_BOUND('',#2544,.T.);
#2544 = EDGE_LOOP('',(#2545));
#2545 = ORIENTED_EDGE('',*,*,#2355,.T.);
#2546 = PLANE('',#2547);
#2547 = AXIS2_PLACEMENT_3D('',#2548,#2549,#2550);
#2548 = CARTESIAN_POINT('',(97.858778625954,-25.,0.));
#2549 = DIRECTION('',(-0.,-1.,-0.));
#2550 = DIRECTION('',(0.,0.,-1.));
#2551 = ADVANCED_FACE('',(#2552,#2611),#2614,.T.);
#2552 = FACE_BOUND('',#2553,.T.);
#2553 = EDGE_LOOP('',(#2554,#2555,#2556,#2564,#2572,#2578,#2579,#2587,
    #2595,#2603,#2609,#2610));
#2554 = ORIENTED_EDGE('',*,*,#2053,.F.);
#2555 = ORIENTED_EDGE('',*,*,#2537,.T.);
#2556 = ORIENTED_EDGE('',*,*,#2557,.F.);
#2557 = EDGE_CURVE('',#2558,#2530,#2560,.T.);
#2558 = VERTEX_POINT('',#2559);
#2559 = CARTESIAN_POINT('',(127.,-42.,25.));
#2560 = LINE('',#2561,#2562);
#2561 = CARTESIAN_POINT('',(127.,-42.,25.));
#2562 = VECTOR('',#2563,1.);
#2563 = DIRECTION('',(-0.,1.,0.));
#2564 = ORIENTED_EDGE('',*,*,#2565,.T.);
#2565 = EDGE_CURVE('',#2558,#2566,#2568,.T.);
#2566 = VERTEX_POINT('',#2567);
#2567 = CARTESIAN_POINT('',(132.,-42.,25.));
#2568 = LINE('',#2569,#2570);
#2569 = CARTESIAN_POINT('',(127.,-42.,25.));
#2570 = VECTOR('',#2571,1.);
#2571 = DIRECTION('',(1.,0.,-0.));
#2572 = ORIENTED_EDGE('',*,*,#2573,.T.);
#2573 = EDGE_CURVE('',#2566,#1988,#2574,.T.);
#2574 = LINE('',#2575,#2576);
#2575 = CARTESIAN_POINT('',(132.,-42.,25.));
#2576 = VECTOR('',#2577,1.);
#2577 = DIRECTION('',(-0.,1.,0.));
#2578 = ORIENTED_EDGE('',*,*,#2013,.T.);
#2579 = ORIENTED_EDGE('',*,*,#2580,.T.);
#2580 = EDGE_CURVE('',#2006,#2581,#2583,.T.);
#2581 = VERTEX_POINT('',#2582);
#2582 = CARTESIAN_POINT('',(127.,12.,25.));
#2583 = LINE('',#2584,#2585);
#2584 = CARTESIAN_POINT('',(127.,-25.,25.));
#2585 = VECTOR('',#2586,1.);
#2586 = DIRECTION('',(-0.,1.,0.));
#2587 = ORIENTED_EDGE('',*,*,#2588,.F.);
#2588 = EDGE_CURVE('',#2589,#2581,#2591,.T.);
#2589 = VERTEX_POINT('',#2590);
#2590 = CARTESIAN_POINT('',(132.,12.,25.));
#2591 = LINE('',#2592,#2593);
#2592 = CARTESIAN_POINT('',(127.,12.,25.));
#2593 = VECTOR('',#2594,1.);
#2594 = DIRECTION('',(-1.,-0.,0.));
#2595 = ORIENTED_EDGE('',*,*,#2596,.T.);
#2596 = EDGE_CURVE('',#2589,#2597,#2599,.T.);
#2597 = VERTEX_POINT('',#2598);
#2598 = CARTESIAN_POINT('',(132.,22.,25.));
#2599 = LINE('',#2600,#2601);
#2600 = CARTESIAN_POINT('',(132.,-42.,25.));
#2601 = VECTOR('',#2602,1.);
#2602 = DIRECTION('',(-0.,1.,0.));
#2603 = ORIENTED_EDGE('',*,*,#2604,.F.);
#2604 = EDGE_CURVE('',#2317,#2597,#2605,.T.);
#2605 = LINE('',#2606,#2607);
#2606 = CARTESIAN_POINT('',(127.,22.,25.));
#2607 = VECTOR('',#2608,1.);
#2608 = DIRECTION('',(1.,0.,-0.));
#2609 = ORIENTED_EDGE('',*,*,#2316,.T.);
#2610 = ORIENTED_EDGE('',*,*,#2110,.F.);
#2611 = FACE_BOUND('',#2612,.T.);
#2612 = EDGE_LOOP('',(#2613));
#2613 = ORIENTED_EDGE('',*,*,#2380,.T.);
#2614 = PLANE('',#2615);
#2615 = AXIS2_PLACEMENT_3D('',#2616,#2617,#2618);
#2616 = CARTESIAN_POINT('',(104.90671641791,-4.891791044776,25.));
#2617 = DIRECTION('',(0.,0.,1.));
#2618 = DIRECTION('',(1.,0.,-0.));
#2619 = ADVANCED_FACE('',(#2620),#2645,.F.);
#2620 = FACE_BOUND('',#2621,.F.);
#2621 = EDGE_LOOP('',(#2622,#2632,#2638,#2639));
#2622 = ORIENTED_EDGE('',*,*,#2623,.F.);
#2623 = EDGE_CURVE('',#2624,#2626,#2628,.T.);
#2624 = VERTEX_POINT('',#2625);
#2625 = CARTESIAN_POINT('',(127.,-42.,-25.));
#2626 = VERTEX_POINT('',#2627);
#2627 = CARTESIAN_POINT('',(132.,-42.,-25.));
#2628 = LINE('',#2629,#2630);
#2629 = CARTESIAN_POINT('',(127.,-42.,-25.));
#2630 = VECTOR('',#2631,1.);
#2631 = DIRECTION('',(1.,0.,-0.));
#2632 = ORIENTED_EDGE('',*,*,#2633,.T.);
#2633 = EDGE_CURVE('',#2624,#2558,#2634,.T.);
#2634 = LINE('',#2635,#2636);
#2635 = CARTESIAN_POINT('',(127.,-42.,-25.));
#2636 = VECTOR('',#2637,1.);
#2637 = DIRECTION('',(0.,0.,1.));
#2638 = ORIENTED_EDGE('',*,*,#2565,.T.);
#2639 = ORIENTED_EDGE('',*,*,#2640,.F.);
#2640 = EDGE_CURVE('',#2626,#2566,#2641,.T.);
#2641 = LINE('',#2642,#2643);
#2642 = CARTESIAN_POINT('',(132.,-42.,-25.));
#2643 = VECTOR('',#2644,1.);
#2644 = DIRECTION('',(0.,0.,1.));
#2645 = PLANE('',#2646);
#2646 = AXIS2_PLACEMENT_3D('',#2647,#2648,#2649);
#2647 = CARTESIAN_POINT('',(127.,-42.,-25.));
#2648 = DIRECTION('',(-0.,1.,0.));
#2649 = DIRECTION('',(0.,0.,1.));
#2650 = ADVANCED_FACE('',(#2651),#2669,.F.);
#2651 = FACE_BOUND('',#2652,.F.);
#2652 = EDGE_LOOP('',(#2653,#2654,#2655,#2663));
#2653 = ORIENTED_EDGE('',*,*,#2005,.F.);
#2654 = ORIENTED_EDGE('',*,*,#2580,.T.);
#2655 = ORIENTED_EDGE('',*,*,#2656,.T.);
#2656 = EDGE_CURVE('',#2581,#2657,#2659,.T.);
#2657 = VERTEX_POINT('',#2658);
#2658 = CARTESIAN_POINT('',(127.,12.,38.));
#2659 = LINE('',#2660,#2661);
#2660 = CARTESIAN_POINT('',(127.,12.,-38.));
#2661 = VECTOR('',#2662,1.);
#2662 = DIRECTION('',(0.,0.,1.));
#2663 = ORIENTED_EDGE('',*,*,#2664,.F.);
#2664 = EDGE_CURVE('',#1998,#2657,#2665,.T.);
#2665 = LINE('',#2666,#2667);
#2666 = CARTESIAN_POINT('',(127.,-12.,38.));
#2667 = VECTOR('',#2668,1.);
#2668 = DIRECTION('',(-0.,1.,0.));
#2669 = PLANE('',#2670);
#2670 = AXIS2_PLACEMENT_3D('',#2671,#2672,#2673);
#2671 = CARTESIAN_POINT('',(127.,-12.,-38.));
#2672 = DIRECTION('',(1.,0.,-0.));
#2673 = DIRECTION('',(0.,0.,1.));
#2674 = ADVANCED_FACE('',(#2675,#2734),#2737,.T.);
#2675 = FACE_BOUND('',#2676,.T.);
#2676 = EDGE_LOOP('',(#2677,#2678,#2679,#2680,#2688,#2696,#2704,#2712,
    #2720,#2726,#2727,#2733));
#2677 = ORIENTED_EDGE('',*,*,#2037,.T.);
#2678 = ORIENTED_EDGE('',*,*,#2101,.T.);
#2679 = ORIENTED_EDGE('',*,*,#2309,.F.);
#2680 = ORIENTED_EDGE('',*,*,#2681,.T.);
#2681 = EDGE_CURVE('',#2302,#2682,#2684,.T.);
#2682 = VERTEX_POINT('',#2683);
#2683 = CARTESIAN_POINT('',(132.,22.,-25.));
#2684 = LINE('',#2685,#2686);
#2685 = CARTESIAN_POINT('',(103.,22.,-25.));
#2686 = VECTOR('',#2687,1.);
#2687 = DIRECTION('',(1.,0.,-0.));
#2688 = ORIENTED_EDGE('',*,*,#2689,.F.);
#2689 = EDGE_CURVE('',#2690,#2682,#2692,.T.);
#2690 = VERTEX_POINT('',#2691);
#2691 = CARTESIAN_POINT('',(132.,12.,-25.));
#2692 = LINE('',#2693,#2694);
#2693 = CARTESIAN_POINT('',(132.,-42.,-25.));
#2694 = VECTOR('',#2695,1.);
#2695 = DIRECTION('',(-0.,1.,0.));
#2696 = ORIENTED_EDGE('',*,*,#2697,.T.);
#2697 = EDGE_CURVE('',#2690,#2698,#2700,.T.);
#2698 = VERTEX_POINT('',#2699);
#2699 = CARTESIAN_POINT('',(127.,12.,-25.));
#2700 = LINE('',#2701,#2702);
#2701 = CARTESIAN_POINT('',(127.,12.,-25.));
#2702 = VECTOR('',#2703,1.);
#2703 = DIRECTION('',(-1.,-0.,0.));
#2704 = ORIENTED_EDGE('',*,*,#2705,.F.);
#2705 = EDGE_CURVE('',#2706,#2698,#2708,.T.);
#2706 = VERTEX_POINT('',#2707);
#2707 = CARTESIAN_POINT('',(127.,-12.,-25.));
#2708 = LINE('',#2709,#2710);
#2709 = CARTESIAN_POINT('',(127.,-25.,-25.));
#2710 = VECTOR('',#2711,1.);
#2711 = DIRECTION('',(-0.,1.,0.));
#2712 = ORIENTED_EDGE('',*,*,#2713,.F.);
#2713 = EDGE_CURVE('',#2714,#2706,#2716,.T.);
#2714 = VERTEX_POINT('',#2715);
#2715 = CARTESIAN_POINT('',(132.,-12.,-25.));
#2716 = LINE('',#2717,#2718);
#2717 = CARTESIAN_POINT('',(127.,-12.,-25.));
#2718 = VECTOR('',#2719,1.);
#2719 = DIRECTION('',(-1.,-0.,0.));
#2720 = ORIENTED_EDGE('',*,*,#2721,.F.);
#2721 = EDGE_CURVE('',#2626,#2714,#2722,.T.);
#2722 = LINE('',#2723,#2724);
#2723 = CARTESIAN_POINT('',(132.,-42.,-25.));
#2724 = VECTOR('',#2725,1.);
#2725 = DIRECTION('',(-0.,1.,0.));
#2726 = ORIENTED_EDGE('',*,*,#2623,.F.);
#2727 = ORIENTED_EDGE('',*,*,#2728,.T.);
#2728 = EDGE_CURVE('',#2624,#2513,#2729,.T.);
#2729 = LINE('',#2730,#2731);
#2730 = CARTESIAN_POINT('',(127.,-42.,-25.));
#2731 = VECTOR('',#2732,1.);
#2732 = DIRECTION('',(-0.,1.,0.));
#2733 = ORIENTED_EDGE('',*,*,#2512,.F.);
#2734 = FACE_BOUND('',#2735,.T.);
#2735 = EDGE_LOOP('',(#2736));
#2736 = ORIENTED_EDGE('',*,*,#2405,.T.);
#2737 = PLANE('',#2738);
#2738 = AXIS2_PLACEMENT_3D('',#2739,#2740,#2741);
#2739 = CARTESIAN_POINT('',(104.90671641791,-4.891791044776,-25.));
#2740 = DIRECTION('',(-0.,-0.,-1.));
#2741 = DIRECTION('',(-1.,0.,0.));
#2742 = ADVANCED_FACE('',(#2743),#2768,.F.);
#2743 = FACE_BOUND('',#2744,.F.);
#2744 = EDGE_LOOP('',(#2745,#2753,#2761,#2767));
#2745 = ORIENTED_EDGE('',*,*,#2746,.F.);
#2746 = EDGE_CURVE('',#2747,#2706,#2749,.T.);
#2747 = VERTEX_POINT('',#2748);
#2748 = CARTESIAN_POINT('',(127.,-12.,-38.));
#2749 = LINE('',#2750,#2751);
#2750 = CARTESIAN_POINT('',(127.,-12.,-38.));
#2751 = VECTOR('',#2752,1.);
#2752 = DIRECTION('',(0.,0.,1.));
#2753 = ORIENTED_EDGE('',*,*,#2754,.T.);
#2754 = EDGE_CURVE('',#2747,#2755,#2757,.T.);
#2755 = VERTEX_POINT('',#2756);
#2756 = CARTESIAN_POINT('',(127.,12.,-38.));
#2757 = LINE('',#2758,#2759);
#2758 = CARTESIAN_POINT('',(127.,-12.,-38.));
#2759 = VECTOR('',#2760,1.);
#2760 = DIRECTION('',(-0.,1.,0.));
#2761 = ORIENTED_EDGE('',*,*,#2762,.T.);
#2762 = EDGE_CURVE('',#2755,#2698,#2763,.T.);
#2763 = LINE('',#2764,#2765);
#2764 = CARTESIAN_POINT('',(127.,12.,-38.));
#2765 = VECTOR('',#2766,1.);
#2766 = DIRECTION('',(0.,0.,1.));
#2767 = ORIENTED_EDGE('',*,*,#2705,.F.);
#2768 = PLANE('',#2769);
#2769 = AXIS2_PLACEMENT_3D('',#2770,#2771,#2772);
#2770 = CARTESIAN_POINT('',(127.,-12.,-38.));
#2771 = DIRECTION('',(1.,0.,-0.));
#2772 = DIRECTION('',(0.,0.,1.));
#2773 = ADVANCED_FACE('',(#2774,#2789,#2823,#2834,#2845,#2856),#2867,.T.
  );
#2774 = FACE_BOUND('',#2775,.T.);
#2775 = EDGE_LOOP('',(#2776,#2777,#2778,#2779,#2785,#2786,#2787,#2788));
#2776 = ORIENTED_EDGE('',*,*,#2557,.T.);
#2777 = ORIENTED_EDGE('',*,*,#2529,.F.);
#2778 = ORIENTED_EDGE('',*,*,#2490,.T.);
#2779 = ORIENTED_EDGE('',*,*,#2780,.F.);
#2780 = EDGE_CURVE('',#2460,#2491,#2781,.T.);
#2781 = LINE('',#2782,#2783);
#2782 = CARTESIAN_POINT('',(127.,22.,-25.));
#2783 = VECTOR('',#2784,1.);
#2784 = DIRECTION('',(0.,0.,1.));
#2785 = ORIENTED_EDGE('',*,*,#2459,.F.);
#2786 = ORIENTED_EDGE('',*,*,#2520,.F.);
#2787 = ORIENTED_EDGE('',*,*,#2728,.F.);
#2788 = ORIENTED_EDGE('',*,*,#2633,.T.);
#2789 = FACE_BOUND('',#2790,.T.);
#2790 = EDGE_LOOP('',(#2791,#2801,#2809,#2817));
#2791 = ORIENTED_EDGE('',*,*,#2792,.F.);
#2792 = EDGE_CURVE('',#2793,#2795,#2797,.T.);
#2793 = VERTEX_POINT('',#2794);
#2794 = CARTESIAN_POINT('',(127.,-30.5,-10.5));
#2795 = VERTEX_POINT('',#2796);
#2796 = CARTESIAN_POINT('',(127.,-30.5,10.5));
#2797 = LINE('',#2798,#2799);
#2798 = CARTESIAN_POINT('',(127.,-30.5,-17.75));
#2799 = VECTOR('',#2800,1.);
#2800 = DIRECTION('',(0.,0.,1.));
#2801 = ORIENTED_EDGE('',*,*,#2802,.F.);
#2802 = EDGE_CURVE('',#2803,#2793,#2805,.T.);
#2803 = VERTEX_POINT('',#2804);
#2804 = CARTESIAN_POINT('',(127.,10.5,-10.5));
#2805 = LINE('',#2806,#2807);
#2806 = CARTESIAN_POINT('',(127.,-36.25,-10.5));
#2807 = VECTOR('',#2808,1.);
#2808 = DIRECTION('',(0.,-1.,0.));
#2809 = ORIENTED_EDGE('',*,*,#2810,.T.);
#2810 = EDGE_CURVE('',#2803,#2811,#2813,.T.);
#2811 = VERTEX_POINT('',#2812);
#2812 = CARTESIAN_POINT('',(127.,10.5,10.5));
#2813 = LINE('',#2814,#2815);
#2814 = CARTESIAN_POINT('',(127.,10.5,-17.75));
#2815 = VECTOR('',#2816,1.);
#2816 = DIRECTION('',(0.,0.,1.));
#2817 = ORIENTED_EDGE('',*,*,#2818,.T.);
#2818 = EDGE_CURVE('',#2811,#2795,#2819,.T.);
#2819 = LINE('',#2820,#2821);
#2820 = CARTESIAN_POINT('',(127.,-36.25,10.5));
#2821 = VECTOR('',#2822,1.);
#2822 = DIRECTION('',(0.,-1.,0.));
#2823 = FACE_BOUND('',#2824,.T.);
#2824 = EDGE_LOOP('',(#2825));
#2825 = ORIENTED_EDGE('',*,*,#2826,.T.);
#2826 = EDGE_CURVE('',#2827,#2827,#2829,.T.);
#2827 = VERTEX_POINT('',#2828);
#2828 = CARTESIAN_POINT('',(127.,-34.75,-2.75));
#2829 = CIRCLE('',#2830,2.25);
#2830 = AXIS2_PLACEMENT_3D('',#2831,#2832,#2833);
#2831 = CARTESIAN_POINT('',(127.,-34.75,-5.));
#2832 = DIRECTION('',(1.,0.,0.));
#2833 = DIRECTION('',(-0.,0.,1.));
#2834 = FACE_BOUND('',#2835,.T.);
#2835 = EDGE_LOOP('',(#2836));
#2836 = ORIENTED_EDGE('',*,*,#2837,.T.);
#2837 = EDGE_CURVE('',#2838,#2838,#2840,.T.);
#2838 = VERTEX_POINT('',#2839);
#2839 = CARTESIAN_POINT('',(127.,-34.75,7.25));
#2840 = CIRCLE('',#2841,2.25);
#2841 = AXIS2_PLACEMENT_3D('',#2842,#2843,#2844);
#2842 = CARTESIAN_POINT('',(127.,-34.75,5.));
#2843 = DIRECTION('',(1.,0.,0.));
#2844 = DIRECTION('',(-0.,0.,1.));
#2845 = FACE_BOUND('',#2846,.T.);
#2846 = EDGE_LOOP('',(#2847));
#2847 = ORIENTED_EDGE('',*,*,#2848,.T.);
#2848 = EDGE_CURVE('',#2849,#2849,#2851,.T.);
#2849 = VERTEX_POINT('',#2850);
#2850 = CARTESIAN_POINT('',(127.,14.75,-2.75));
#2851 = CIRCLE('',#2852,2.25);
#2852 = AXIS2_PLACEMENT_3D('',#2853,#2854,#2855);
#2853 = CARTESIAN_POINT('',(127.,14.75,-5.));
#2854 = DIRECTION('',(1.,0.,0.));
#2855 = DIRECTION('',(-0.,0.,1.));
#2856 = FACE_BOUND('',#2857,.T.);
#2857 = EDGE_LOOP('',(#2858));
#2858 = ORIENTED_EDGE('',*,*,#2859,.T.);
#2859 = EDGE_CURVE('',#2860,#2860,#2862,.T.);
#2860 = VERTEX_POINT('',#2861);
#2861 = CARTESIAN_POINT('',(127.,14.75,7.25));
#2862 = CIRCLE('',#2863,2.25);
#2863 = AXIS2_PLACEMENT_3D('',#2864,#2865,#2866);
#2864 = CARTESIAN_POINT('',(127.,14.75,5.));
#2865 = DIRECTION('',(1.,0.,0.));
#2866 = DIRECTION('',(-0.,0.,1.));
#2867 = PLANE('',#2868);
#2868 = AXIS2_PLACEMENT_3D('',#2869,#2870,#2871);
#2869 = CARTESIAN_POINT('',(127.,-12.06140350877,0.));
#2870 = DIRECTION('',(-1.,-0.,-0.));
#2871 = DIRECTION('',(0.,0.,-1.));
#2872 = ADVANCED_FACE('',(#2873),#2898,.F.);
#2873 = FACE_BOUND('',#2874,.F.);
#2874 = EDGE_LOOP('',(#2875,#2883,#2884,#2892));
#2875 = ORIENTED_EDGE('',*,*,#2876,.F.);
#2876 = EDGE_CURVE('',#2811,#2877,#2879,.T.);
#2877 = VERTEX_POINT('',#2878);
#2878 = CARTESIAN_POINT('',(132.,10.5,10.5));
#2879 = LINE('',#2880,#2881);
#2880 = CARTESIAN_POINT('',(126.,10.5,10.5));
#2881 = VECTOR('',#2882,1.);
#2882 = DIRECTION('',(1.,0.,-0.));
#2883 = ORIENTED_EDGE('',*,*,#2818,.T.);
#2884 = ORIENTED_EDGE('',*,*,#2885,.T.);
#2885 = EDGE_CURVE('',#2795,#2886,#2888,.T.);
#2886 = VERTEX_POINT('',#2887);
#2887 = CARTESIAN_POINT('',(132.,-30.5,10.5));
#2888 = LINE('',#2889,#2890);
#2889 = CARTESIAN_POINT('',(126.,-30.5,10.5));
#2890 = VECTOR('',#2891,1.);
#2891 = DIRECTION('',(1.,0.,-0.));
#2892 = ORIENTED_EDGE('',*,*,#2893,.F.);
#2893 = EDGE_CURVE('',#2877,#2886,#2894,.T.);
#2894 = LINE('',#2895,#2896);
#2895 = CARTESIAN_POINT('',(132.,-36.25,10.5));
#2896 = VECTOR('',#2897,1.);
#2897 = DIRECTION('',(0.,-1.,0.));
#2898 = PLANE('',#2899);
#2899 = AXIS2_PLACEMENT_3D('',#2900,#2901,#2902);
#2900 = CARTESIAN_POINT('',(126.,-30.5,10.5));
#2901 = DIRECTION('',(0.,0.,1.));
#2902 = DIRECTION('',(1.,0.,-0.));
#2903 = ADVANCED_FACE('',(#2904),#2922,.T.);
#2904 = FACE_BOUND('',#2905,.T.);
#2905 = EDGE_LOOP('',(#2906,#2914,#2915,#2916));
#2906 = ORIENTED_EDGE('',*,*,#2907,.F.);
#2907 = EDGE_CURVE('',#2793,#2908,#2910,.T.);
#2908 = VERTEX_POINT('',#2909);
#2909 = CARTESIAN_POINT('',(132.,-30.5,-10.5));
#2910 = LINE('',#2911,#2912);
#2911 = CARTESIAN_POINT('',(126.,-30.5,-10.5));
#2912 = VECTOR('',#2913,1.);
#2913 = DIRECTION('',(1.,0.,-0.));
#2914 = ORIENTED_EDGE('',*,*,#2792,.T.);
#2915 = ORIENTED_EDGE('',*,*,#2885,.T.);
#2916 = ORIENTED_EDGE('',*,*,#2917,.F.);
#2917 = EDGE_CURVE('',#2908,#2886,#2918,.T.);
#2918 = LINE('',#2919,#2920);
#2919 = CARTESIAN_POINT('',(132.,-30.5,-17.75));
#2920 = VECTOR('',#2921,1.);
#2921 = DIRECTION('',(0.,0.,1.));
#2922 = PLANE('',#2923);
#2923 = AXIS2_PLACEMENT_3D('',#2924,#2925,#2926);
#2924 = CARTESIAN_POINT('',(126.,-30.5,-10.5));
#2925 = DIRECTION('',(-0.,1.,0.));
#2926 = DIRECTION('',(0.,0.,1.));
#2927 = ADVANCED_FACE('',(#2928),#2946,.T.);
#2928 = FACE_BOUND('',#2929,.T.);
#2929 = EDGE_LOOP('',(#2930,#2938,#2939,#2940));
#2930 = ORIENTED_EDGE('',*,*,#2931,.F.);
#2931 = EDGE_CURVE('',#2803,#2932,#2934,.T.);
#2932 = VERTEX_POINT('',#2933);
#2933 = CARTESIAN_POINT('',(132.,10.5,-10.5));
#2934 = LINE('',#2935,#2936);
#2935 = CARTESIAN_POINT('',(126.,10.5,-10.5));
#2936 = VECTOR('',#2937,1.);
#2937 = DIRECTION('',(1.,0.,-0.));
#2938 = ORIENTED_EDGE('',*,*,#2802,.T.);
#2939 = ORIENTED_EDGE('',*,*,#2907,.T.);
#2940 = ORIENTED_EDGE('',*,*,#2941,.F.);
#2941 = EDGE_CURVE('',#2932,#2908,#2942,.T.);
#2942 = LINE('',#2943,#2944);
#2943 = CARTESIAN_POINT('',(132.,-36.25,-10.5));
#2944 = VECTOR('',#2945,1.);
#2945 = DIRECTION('',(0.,-1.,0.));
#2946 = PLANE('',#2947);
#2947 = AXIS2_PLACEMENT_3D('',#2948,#2949,#2950);
#2948 = CARTESIAN_POINT('',(126.,-30.5,-10.5));
#2949 = DIRECTION('',(0.,0.,1.));
#2950 = DIRECTION('',(1.,0.,-0.));
#2951 = ADVANCED_FACE('',(#2952),#2963,.F.);
#2952 = FACE_BOUND('',#2953,.F.);
#2953 = EDGE_LOOP('',(#2954,#2955,#2956,#2957));
#2954 = ORIENTED_EDGE('',*,*,#2931,.F.);
#2955 = ORIENTED_EDGE('',*,*,#2810,.T.);
#2956 = ORIENTED_EDGE('',*,*,#2876,.T.);
#2957 = ORIENTED_EDGE('',*,*,#2958,.F.);
#2958 = EDGE_CURVE('',#2932,#2877,#2959,.T.);
#2959 = LINE('',#2960,#2961);
#2960 = CARTESIAN_POINT('',(132.,10.5,-17.75));
#2961 = VECTOR('',#2962,1.);
#2962 = DIRECTION('',(0.,0.,1.));
#2963 = PLANE('',#2964);
#2964 = AXIS2_PLACEMENT_3D('',#2965,#2966,#2967);
#2965 = CARTESIAN_POINT('',(126.,10.5,-10.5));
#2966 = DIRECTION('',(-0.,1.,0.));
#2967 = DIRECTION('',(0.,0.,1.));
#2968 = ADVANCED_FACE('',(#2969),#2988,.F.);
#2969 = FACE_BOUND('',#2970,.F.);
#2970 = EDGE_LOOP('',(#2971,#2980,#2986,#2987));
#2971 = ORIENTED_EDGE('',*,*,#2972,.F.);
#2972 = EDGE_CURVE('',#2973,#2973,#2975,.T.);
#2973 = VERTEX_POINT('',#2974);
#2974 = CARTESIAN_POINT('',(132.,-34.75,-2.75));
#2975 = CIRCLE('',#2976,2.25);
#2976 = AXIS2_PLACEMENT_3D('',#2977,#2978,#2979);
#2977 = CARTESIAN_POINT('',(132.,-34.75,-5.));
#2978 = DIRECTION('',(1.,0.,0.));
#2979 = DIRECTION('',(-0.,0.,1.));
#2980 = ORIENTED_EDGE('',*,*,#2981,.F.);
#2981 = EDGE_CURVE('',#2827,#2973,#2982,.T.);
#2982 = LINE('',#2983,#2984);
#2983 = CARTESIAN_POINT('',(126.,-34.75,-2.75));
#2984 = VECTOR('',#2985,1.);
#2985 = DIRECTION('',(1.,0.,0.));
#2986 = ORIENTED_EDGE('',*,*,#2826,.T.);
#2987 = ORIENTED_EDGE('',*,*,#2981,.T.);
#2988 = CYLINDRICAL_SURFACE('',#2989,2.25);
#2989 = AXIS2_PLACEMENT_3D('',#2990,#2991,#2992);
#2990 = CARTESIAN_POINT('',(126.,-34.75,-5.));
#2991 = DIRECTION('',(1.,0.,0.));
#2992 = DIRECTION('',(-0.,0.,1.));
#2993 = ADVANCED_FACE('',(#2994),#3013,.F.);
#2994 = FACE_BOUND('',#2995,.F.);
#2995 = EDGE_LOOP('',(#2996,#3005,#3011,#3012));
#2996 = ORIENTED_EDGE('',*,*,#2997,.F.);
#2997 = EDGE_CURVE('',#2998,#2998,#3000,.T.);
#2998 = VERTEX_POINT('',#2999);
#2999 = CARTESIAN_POINT('',(132.,-34.75,7.25));
#3000 = CIRCLE('',#3001,2.25);
#3001 = AXIS2_PLACEMENT_3D('',#3002,#3003,#3004);
#3002 = CARTESIAN_POINT('',(132.,-34.75,5.));
#3003 = DIRECTION('',(1.,0.,0.));
#3004 = DIRECTION('',(-0.,0.,1.));
#3005 = ORIENTED_EDGE('',*,*,#3006,.F.);
#3006 = EDGE_CURVE('',#2838,#2998,#3007,.T.);
#3007 = LINE('',#3008,#3009);
#3008 = CARTESIAN_POINT('',(126.,-34.75,7.25));
#3009 = VECTOR('',#3010,1.);
#3010 = DIRECTION('',(1.,0.,0.));
#3011 = ORIENTED_EDGE('',*,*,#2837,.T.);
#3012 = ORIENTED_EDGE('',*,*,#3006,.T.);
#3013 = CYLINDRICAL_SURFACE('',#3014,2.25);
#3014 = AXIS2_PLACEMENT_3D('',#3015,#3016,#3017);
#3015 = CARTESIAN_POINT('',(126.,-34.75,5.));
#3016 = DIRECTION('',(1.,0.,0.));
#3017 = DIRECTION('',(-0.,0.,1.));
#3018 = ADVANCED_FACE('',(#3019),#3038,.F.);
#3019 = FACE_BOUND('',#3020,.F.);
#3020 = EDGE_LOOP('',(#3021,#3030,#3036,#3037));
#3021 = ORIENTED_EDGE('',*,*,#3022,.F.);
#3022 = EDGE_CURVE('',#3023,#3023,#3025,.T.);
#3023 = VERTEX_POINT('',#3024);
#3024 = CARTESIAN_POINT('',(132.,14.75,-2.75));
#3025 = CIRCLE('',#3026,2.25);
#3026 = AXIS2_PLACEMENT_3D('',#3027,#3028,#3029);
#3027 = CARTESIAN_POINT('',(132.,14.75,-5.));
#3028 = DIRECTION('',(1.,0.,0.));
#3029 = DIRECTION('',(-0.,0.,1.));
#3030 = ORIENTED_EDGE('',*,*,#3031,.F.);
#3031 = EDGE_CURVE('',#2849,#3023,#3032,.T.);
#3032 = LINE('',#3033,#3034);
#3033 = CARTESIAN_POINT('',(126.,14.75,-2.75));
#3034 = VECTOR('',#3035,1.);
#3035 = DIRECTION('',(1.,0.,0.));
#3036 = ORIENTED_EDGE('',*,*,#2848,.T.);
#3037 = ORIENTED_EDGE('',*,*,#3031,.T.);
#3038 = CYLINDRICAL_SURFACE('',#3039,2.25);
#3039 = AXIS2_PLACEMENT_3D('',#3040,#3041,#3042);
#3040 = CARTESIAN_POINT('',(126.,14.75,-5.));
#3041 = DIRECTION('',(1.,0.,0.));
#3042 = DIRECTION('',(-0.,0.,1.));
#3043 = ADVANCED_FACE('',(#3044),#3063,.F.);
#3044 = FACE_BOUND('',#3045,.F.);
#3045 = EDGE_LOOP('',(#3046,#3055,#3061,#3062));
#3046 = ORIENTED_EDGE('',*,*,#3047,.F.);
#3047 = EDGE_CURVE('',#3048,#3048,#3050,.T.);
#3048 = VERTEX_POINT('',#3049);
#3049 = CARTESIAN_POINT('',(132.,14.75,7.25));
#3050 = CIRCLE('',#3051,2.25);
#3051 = AXIS2_PLACEMENT_3D('',#3052,#3053,#3054);
#3052 = CARTESIAN_POINT('',(132.,14.75,5.));
#3053 = DIRECTION('',(1.,0.,0.));
#3054 = DIRECTION('',(-0.,0.,1.));
#3055 = ORIENTED_EDGE('',*,*,#3056,.F.);
#3056 = EDGE_CURVE('',#2860,#3048,#3057,.T.);
#3057 = LINE('',#3058,#3059);
#3058 = CARTESIAN_POINT('',(126.,14.75,7.25));
#3059 = VECTOR('',#3060,1.);
#3060 = DIRECTION('',(1.,0.,0.));
#3061 = ORIENTED_EDGE('',*,*,#2859,.T.);
#3062 = ORIENTED_EDGE('',*,*,#3056,.T.);
#3063 = CYLINDRICAL_SURFACE('',#3064,2.25);
#3064 = AXIS2_PLACEMENT_3D('',#3065,#3066,#3067);
#3065 = CARTESIAN_POINT('',(126.,14.75,5.));
#3066 = DIRECTION('',(1.,0.,0.));
#3067 = DIRECTION('',(-0.,0.,1.));
#3068 = ADVANCED_FACE('',(#3069),#3084,.T.);
#3069 = FACE_BOUND('',#3070,.T.);
#3070 = EDGE_LOOP('',(#3071,#3072,#3073,#3074,#3080,#3081,#3082,#3083));
#3071 = ORIENTED_EDGE('',*,*,#2498,.F.);
#3072 = ORIENTED_EDGE('',*,*,#2324,.T.);
#3073 = ORIENTED_EDGE('',*,*,#2604,.T.);
#3074 = ORIENTED_EDGE('',*,*,#3075,.F.);
#3075 = EDGE_CURVE('',#2682,#2597,#3076,.T.);
#3076 = LINE('',#3077,#3078);
#3077 = CARTESIAN_POINT('',(132.,22.,-25.));
#3078 = VECTOR('',#3079,1.);
#3079 = DIRECTION('',(0.,0.,1.));
#3080 = ORIENTED_EDGE('',*,*,#2681,.F.);
#3081 = ORIENTED_EDGE('',*,*,#2301,.T.);
#3082 = ORIENTED_EDGE('',*,*,#2467,.T.);
#3083 = ORIENTED_EDGE('',*,*,#2780,.T.);
#3084 = PLANE('',#3085);
#3085 = AXIS2_PLACEMENT_3D('',#3086,#3087,#3088);
#3086 = CARTESIAN_POINT('',(121.57766990291,22.,0.));
#3087 = DIRECTION('',(0.,1.,0.));
#3088 = DIRECTION('',(0.,-0.,1.));
#3089 = ADVANCED_FACE('',(#3090),#3124,.T.);
#3090 = FACE_BOUND('',#3091,.T.);
#3091 = EDGE_LOOP('',(#3092,#3100,#3101,#3102,#3110,#3118));
#3092 = ORIENTED_EDGE('',*,*,#3093,.T.);
#3093 = EDGE_CURVE('',#3094,#2714,#3096,.T.);
#3094 = VERTEX_POINT('',#3095);
#3095 = CARTESIAN_POINT('',(132.,-12.,-26.));
#3096 = LINE('',#3097,#3098);
#3097 = CARTESIAN_POINT('',(132.,-12.,-38.));
#3098 = VECTOR('',#3099,1.);
#3099 = DIRECTION('',(0.,0.,1.));
#3100 = ORIENTED_EDGE('',*,*,#2713,.T.);
#3101 = ORIENTED_EDGE('',*,*,#2746,.F.);
#3102 = ORIENTED_EDGE('',*,*,#3103,.T.);
#3103 = EDGE_CURVE('',#2747,#3104,#3106,.T.);
#3104 = VERTEX_POINT('',#3105);
#3105 = CARTESIAN_POINT('',(146.,-12.,-38.));
#3106 = LINE('',#3107,#3108);
#3107 = CARTESIAN_POINT('',(127.,-12.,-38.));
#3108 = VECTOR('',#3109,1.);
#3109 = DIRECTION('',(1.,0.,-0.));
#3110 = ORIENTED_EDGE('',*,*,#3111,.T.);
#3111 = EDGE_CURVE('',#3104,#3112,#3114,.T.);
#3112 = VERTEX_POINT('',#3113);
#3113 = CARTESIAN_POINT('',(146.,-12.,-26.));
#3114 = LINE('',#3115,#3116);
#3115 = CARTESIAN_POINT('',(146.,-12.,-38.));
#3116 = VECTOR('',#3117,1.);
#3117 = DIRECTION('',(0.,0.,1.));
#3118 = ORIENTED_EDGE('',*,*,#3119,.F.);
#3119 = EDGE_CURVE('',#3094,#3112,#3120,.T.);
#3120 = LINE('',#3121,#3122);
#3121 = CARTESIAN_POINT('',(132.,-12.,-26.));
#3122 = VECTOR('',#3123,1.);
#3123 = DIRECTION('',(1.,0.,-0.));
#3124 = PLANE('',#3125);
#3125 = AXIS2_PLACEMENT_3D('',#3126,#3127,#3128);
#3126 = CARTESIAN_POINT('',(136.28125,-12.,-31.71875));
#3127 = DIRECTION('',(-0.,-1.,-0.));
#3128 = DIRECTION('',(0.,0.,-1.));
#3129 = ADVANCED_FACE('',(#3130,#3155,#3166),#3177,.T.);
#3130 = FACE_BOUND('',#3131,.T.);
#3131 = EDGE_LOOP('',(#3132,#3133,#3141,#3149));
#3132 = ORIENTED_EDGE('',*,*,#3111,.F.);
#3133 = ORIENTED_EDGE('',*,*,#3134,.T.);
#3134 = EDGE_CURVE('',#3104,#3135,#3137,.T.);
#3135 = VERTEX_POINT('',#3136);
#3136 = CARTESIAN_POINT('',(146.,12.,-38.));
#3137 = LINE('',#3138,#3139);
#3138 = CARTESIAN_POINT('',(146.,-12.,-38.));
#3139 = VECTOR('',#3140,1.);
#3140 = DIRECTION('',(-0.,1.,0.));
#3141 = ORIENTED_EDGE('',*,*,#3142,.T.);
#3142 = EDGE_CURVE('',#3135,#3143,#3145,.T.);
#3143 = VERTEX_POINT('',#3144);
#3144 = CARTESIAN_POINT('',(146.,12.,-26.));
#3145 = LINE('',#3146,#3147);
#3146 = CARTESIAN_POINT('',(146.,12.,-38.));
#3147 = VECTOR('',#3148,1.);
#3148 = DIRECTION('',(0.,0.,1.));
#3149 = ORIENTED_EDGE('',*,*,#3150,.F.);
#3150 = EDGE_CURVE('',#3112,#3143,#3151,.T.);
#3151 = LINE('',#3152,#3153);
#3152 = CARTESIAN_POINT('',(146.,-12.,-26.));
#3153 = VECTOR('',#3154,1.);
#3154 = DIRECTION('',(-0.,1.,0.));
#3155 = FACE_BOUND('',#3156,.T.);
#3156 = EDGE_LOOP('',(#3157));
#3157 = ORIENTED_EDGE('',*,*,#3158,.T.);
#3158 = EDGE_CURVE('',#3159,#3159,#3161,.T.);
#3159 = VERTEX_POINT('',#3160);
#3160 = CARTESIAN_POINT('',(146.,6.,-35.3));
#3161 = CIRCLE('',#3162,2.3);
#3162 = AXIS2_PLACEMENT_3D('',#3163,#3164,#3165);
#3163 = CARTESIAN_POINT('',(146.,6.,-33.));
#3164 = DIRECTION('',(-1.,0.,0.));
#3165 = DIRECTION('',(0.,0.,-1.));
#3166 = FACE_BOUND('',#3167,.T.);
#3167 = EDGE_LOOP('',(#3168));
#3168 = ORIENTED_EDGE('',*,*,#3169,.T.);
#3169 = EDGE_CURVE('',#3170,#3170,#3172,.T.);
#3170 = VERTEX_POINT('',#3171);
#3171 = CARTESIAN_POINT('',(146.,-6.,-35.3));
#3172 = CIRCLE('',#3173,2.3);
#3173 = AXIS2_PLACEMENT_3D('',#3174,#3175,#3176);
#3174 = CARTESIAN_POINT('',(146.,-6.,-33.));
#3175 = DIRECTION('',(-1.,0.,0.));
#3176 = DIRECTION('',(0.,0.,-1.));
#3177 = PLANE('',#3178);
#3178 = AXIS2_PLACEMENT_3D('',#3179,#3180,#3181);
#3179 = CARTESIAN_POINT('',(146.,-12.,-38.));
#3180 = DIRECTION('',(1.,0.,-0.));
#3181 = DIRECTION('',(0.,0.,1.));
#3182 = ADVANCED_FACE('',(#3183),#3201,.T.);
#3183 = FACE_BOUND('',#3184,.T.);
#3184 = EDGE_LOOP('',(#3185,#3193,#3194,#3195));
#3185 = ORIENTED_EDGE('',*,*,#3186,.F.);
#3186 = EDGE_CURVE('',#3094,#3187,#3189,.T.);
#3187 = VERTEX_POINT('',#3188);
#3188 = CARTESIAN_POINT('',(132.,12.,-26.));
#3189 = LINE('',#3190,#3191);
#3190 = CARTESIAN_POINT('',(132.,-12.,-26.));
#3191 = VECTOR('',#3192,1.);
#3192 = DIRECTION('',(-0.,1.,0.));
#3193 = ORIENTED_EDGE('',*,*,#3119,.T.);
#3194 = ORIENTED_EDGE('',*,*,#3150,.T.);
#3195 = ORIENTED_EDGE('',*,*,#3196,.F.);
#3196 = EDGE_CURVE('',#3187,#3143,#3197,.T.);
#3197 = LINE('',#3198,#3199);
#3198 = CARTESIAN_POINT('',(132.,12.,-26.));
#3199 = VECTOR('',#3200,1.);
#3200 = DIRECTION('',(1.,0.,-0.));
#3201 = PLANE('',#3202);
#3202 = AXIS2_PLACEMENT_3D('',#3203,#3204,#3205);
#3203 = CARTESIAN_POINT('',(132.,-12.,-26.));
#3204 = DIRECTION('',(0.,0.,1.));
#3205 = DIRECTION('',(1.,0.,-0.));
#3206 = ADVANCED_FACE('',(#3207),#3226,.F.);
#3207 = FACE_BOUND('',#3208,.F.);
#3208 = EDGE_LOOP('',(#3209,#3218,#3224,#3225));
#3209 = ORIENTED_EDGE('',*,*,#3210,.F.);
#3210 = EDGE_CURVE('',#3211,#3211,#3213,.T.);
#3211 = VERTEX_POINT('',#3212);
#3212 = CARTESIAN_POINT('',(139.8,6.,-35.3));
#3213 = CIRCLE('',#3214,2.3);
#3214 = AXIS2_PLACEMENT_3D('',#3215,#3216,#3217);
#3215 = CARTESIAN_POINT('',(139.8,6.,-33.));
#3216 = DIRECTION('',(-1.,0.,0.));
#3217 = DIRECTION('',(0.,0.,-1.));
#3218 = ORIENTED_EDGE('',*,*,#3219,.F.);
#3219 = EDGE_CURVE('',#3159,#3211,#3220,.T.);
#3220 = LINE('',#3221,#3222);
#3221 = CARTESIAN_POINT('',(146.,6.,-35.3));
#3222 = VECTOR('',#3223,1.);
#3223 = DIRECTION('',(-1.,0.,0.));
#3224 = ORIENTED_EDGE('',*,*,#3158,.T.);
#3225 = ORIENTED_EDGE('',*,*,#3219,.T.);
#3226 = CYLINDRICAL_SURFACE('',#3227,2.3);
#3227 = AXIS2_PLACEMENT_3D('',#3228,#3229,#3230);
#3228 = CARTESIAN_POINT('',(146.,6.,-33.));
#3229 = DIRECTION('',(-1.,0.,0.));
#3230 = DIRECTION('',(0.,0.,-1.));
#3231 = ADVANCED_FACE('',(#3232),#3251,.F.);
#3232 = FACE_BOUND('',#3233,.F.);
#3233 = EDGE_LOOP('',(#3234,#3243,#3249,#3250));
#3234 = ORIENTED_EDGE('',*,*,#3235,.F.);
#3235 = EDGE_CURVE('',#3236,#3236,#3238,.T.);
#3236 = VERTEX_POINT('',#3237);
#3237 = CARTESIAN_POINT('',(139.8,-6.,-35.3));
#3238 = CIRCLE('',#3239,2.3);
#3239 = AXIS2_PLACEMENT_3D('',#3240,#3241,#3242);
#3240 = CARTESIAN_POINT('',(139.8,-6.,-33.));
#3241 = DIRECTION('',(-1.,0.,0.));
#3242 = DIRECTION('',(0.,0.,-1.));
#3243 = ORIENTED_EDGE('',*,*,#3244,.F.);
#3244 = EDGE_CURVE('',#3170,#3236,#3245,.T.);
#3245 = LINE('',#3246,#3247);
#3246 = CARTESIAN_POINT('',(146.,-6.,-35.3));
#3247 = VECTOR('',#3248,1.);
#3248 = DIRECTION('',(-1.,0.,0.));
#3249 = ORIENTED_EDGE('',*,*,#3169,.T.);
#3250 = ORIENTED_EDGE('',*,*,#3244,.T.);
#3251 = CYLINDRICAL_SURFACE('',#3252,2.3);
#3252 = AXIS2_PLACEMENT_3D('',#3253,#3254,#3255);
#3253 = CARTESIAN_POINT('',(146.,-6.,-33.));
#3254 = DIRECTION('',(-1.,0.,0.));
#3255 = DIRECTION('',(0.,0.,-1.));
#3256 = ADVANCED_FACE('',(#3257),#3260,.F.);
#3257 = FACE_BOUND('',#3258,.F.);
#3258 = EDGE_LOOP('',(#3259));
#3259 = ORIENTED_EDGE('',*,*,#3210,.T.);
#3260 = PLANE('',#3261);
#3261 = AXIS2_PLACEMENT_3D('',#3262,#3263,#3264);
#3262 = CARTESIAN_POINT('',(139.8,6.,-33.));
#3263 = DIRECTION('',(-1.,0.,0.));
#3264 = DIRECTION('',(0.,0.,-1.));
#3265 = ADVANCED_FACE('',(#3266),#3269,.F.);
#3266 = FACE_BOUND('',#3267,.F.);
#3267 = EDGE_LOOP('',(#3268));
#3268 = ORIENTED_EDGE('',*,*,#3235,.T.);
#3269 = PLANE('',#3270);
#3270 = AXIS2_PLACEMENT_3D('',#3271,#3272,#3273);
#3271 = CARTESIAN_POINT('',(139.8,-6.,-33.));
#3272 = DIRECTION('',(-1.,0.,0.));
#3273 = DIRECTION('',(0.,0.,-1.));
#3274 = ADVANCED_FACE('',(#3275,#3299,#3305,#3308,#3311,#3314),#3317,.T.
  );
#3275 = FACE_BOUND('',#3276,.T.);
#3276 = EDGE_LOOP('',(#3277,#3278,#3279,#3280,#3281,#3282,#3288,#3289,
    #3290,#3291,#3297,#3298));
#3277 = ORIENTED_EDGE('',*,*,#2573,.F.);
#3278 = ORIENTED_EDGE('',*,*,#2640,.F.);
#3279 = ORIENTED_EDGE('',*,*,#2721,.T.);
#3280 = ORIENTED_EDGE('',*,*,#3093,.F.);
#3281 = ORIENTED_EDGE('',*,*,#3186,.T.);
#3282 = ORIENTED_EDGE('',*,*,#3283,.T.);
#3283 = EDGE_CURVE('',#3187,#2690,#3284,.T.);
#3284 = LINE('',#3285,#3286);
#3285 = CARTESIAN_POINT('',(132.,12.,-38.));
#3286 = VECTOR('',#3287,1.);
#3287 = DIRECTION('',(0.,0.,1.));
#3288 = ORIENTED_EDGE('',*,*,#2689,.T.);
#3289 = ORIENTED_EDGE('',*,*,#3075,.T.);
#3290 = ORIENTED_EDGE('',*,*,#2596,.F.);
#3291 = ORIENTED_EDGE('',*,*,#3292,.T.);
#3292 = EDGE_CURVE('',#2589,#1829,#3293,.T.);
#3293 = LINE('',#3294,#3295);
#3294 = CARTESIAN_POINT('',(132.,12.,-38.));
#3295 = VECTOR('',#3296,1.);
#3296 = DIRECTION('',(0.,0.,1.));
#3297 = ORIENTED_EDGE('',*,*,#1826,.F.);
#3298 = ORIENTED_EDGE('',*,*,#1987,.F.);
#3299 = FACE_BOUND('',#3300,.T.);
#3300 = EDGE_LOOP('',(#3301,#3302,#3303,#3304));
#3301 = ORIENTED_EDGE('',*,*,#2893,.F.);
#3302 = ORIENTED_EDGE('',*,*,#2958,.F.);
#3303 = ORIENTED_EDGE('',*,*,#2941,.T.);
#3304 = ORIENTED_EDGE('',*,*,#2917,.T.);
#3305 = FACE_BOUND('',#3306,.T.);
#3306 = EDGE_LOOP('',(#3307));
#3307 = ORIENTED_EDGE('',*,*,#2972,.F.);
#3308 = FACE_BOUND('',#3309,.T.);
#3309 = EDGE_LOOP('',(#3310));
#3310 = ORIENTED_EDGE('',*,*,#2997,.F.);
#3311 = FACE_BOUND('',#3312,.T.);
#3312 = EDGE_LOOP('',(#3313));
#3313 = ORIENTED_EDGE('',*,*,#3022,.F.);
#3314 = FACE_BOUND('',#3315,.T.);
#3315 = EDGE_LOOP('',(#3316));
#3316 = ORIENTED_EDGE('',*,*,#3047,.F.);
#3317 = PLANE('',#3318);
#3318 = AXIS2_PLACEMENT_3D('',#3319,#3320,#3321);
#3319 = CARTESIAN_POINT('',(132.,-9.827586206897,0.));
#3320 = DIRECTION('',(1.,0.,0.));
#3321 = DIRECTION('',(-0.,0.,1.));
#3322 = ADVANCED_FACE('',(#3323),#3334,.T.);
#3323 = FACE_BOUND('',#3324,.T.);
#3324 = EDGE_LOOP('',(#3325,#3326,#3327,#3328));
#3325 = ORIENTED_EDGE('',*,*,#2664,.F.);
#3326 = ORIENTED_EDGE('',*,*,#1997,.T.);
#3327 = ORIENTED_EDGE('',*,*,#1883,.T.);
#3328 = ORIENTED_EDGE('',*,*,#3329,.F.);
#3329 = EDGE_CURVE('',#2657,#1876,#3330,.T.);
#3330 = LINE('',#3331,#3332);
#3331 = CARTESIAN_POINT('',(132.,12.,38.));
#3332 = VECTOR('',#3333,1.);
#3333 = DIRECTION('',(1.,0.,-0.));
#3334 = PLANE('',#3335);
#3335 = AXIS2_PLACEMENT_3D('',#3336,#3337,#3338);
#3336 = CARTESIAN_POINT('',(136.5,0.,38.));
#3337 = DIRECTION('',(0.,0.,1.));
#3338 = DIRECTION('',(1.,0.,-0.));
#3339 = ADVANCED_FACE('',(#3340),#3348,.T.);
#3340 = FACE_BOUND('',#3341,.T.);
#3341 = EDGE_LOOP('',(#3342,#3343,#3344,#3345,#3346,#3347));
#3342 = ORIENTED_EDGE('',*,*,#3292,.F.);
#3343 = ORIENTED_EDGE('',*,*,#2588,.T.);
#3344 = ORIENTED_EDGE('',*,*,#2656,.T.);
#3345 = ORIENTED_EDGE('',*,*,#3329,.T.);
#3346 = ORIENTED_EDGE('',*,*,#1875,.F.);
#3347 = ORIENTED_EDGE('',*,*,#1852,.F.);
#3348 = PLANE('',#3349);
#3349 = AXIS2_PLACEMENT_3D('',#3350,#3351,#3352);
#3350 = CARTESIAN_POINT('',(136.28125,12.,31.71875));
#3351 = DIRECTION('',(0.,1.,0.));
#3352 = DIRECTION('',(0.,-0.,1.));
#3353 = ADVANCED_FACE('',(#3354),#3367,.T.);
#3354 = FACE_BOUND('',#3355,.T.);
#3355 = EDGE_LOOP('',(#3356,#3357,#3358,#3359,#3365,#3366));
#3356 = ORIENTED_EDGE('',*,*,#3283,.F.);
#3357 = ORIENTED_EDGE('',*,*,#3196,.T.);
#3358 = ORIENTED_EDGE('',*,*,#3142,.F.);
#3359 = ORIENTED_EDGE('',*,*,#3360,.F.);
#3360 = EDGE_CURVE('',#2755,#3135,#3361,.T.);
#3361 = LINE('',#3362,#3363);
#3362 = CARTESIAN_POINT('',(132.,12.,-38.));
#3363 = VECTOR('',#3364,1.);
#3364 = DIRECTION('',(1.,0.,-0.));
#3365 = ORIENTED_EDGE('',*,*,#2762,.T.);
#3366 = ORIENTED_EDGE('',*,*,#2697,.F.);
#3367 = PLANE('',#3368);
#3368 = AXIS2_PLACEMENT_3D('',#3369,#3370,#3371);
#3369 = CARTESIAN_POINT('',(136.28125,12.,-31.71875));
#3370 = DIRECTION('',(0.,1.,0.));
#3371 = DIRECTION('',(0.,-0.,1.));
#3372 = ADVANCED_FACE('',(#3373),#3379,.T.);
#3373 = FACE_BOUND('',#3374,.T.);
#3374 = EDGE_LOOP('',(#3375,#3376,#3377,#3378));
#3375 = ORIENTED_EDGE('',*,*,#2754,.T.);
#3376 = ORIENTED_EDGE('',*,*,#3360,.T.);
#3377 = ORIENTED_EDGE('',*,*,#3134,.F.);
#3378 = ORIENTED_EDGE('',*,*,#3103,.F.);
#3379 = PLANE('',#3380);
#3380 = AXIS2_PLACEMENT_3D('',#3381,#3382,#3383);
#3381 = CARTESIAN_POINT('',(136.5,0.,-38.));
#3382 = DIRECTION('',(-0.,-0.,-1.));
#3383 = DIRECTION('',(-1.,0.,0.));
#3384 = MANIFOLD_SOLID_BREP('',#3385);
#3385 = CLOSED_SHELL('',(#3386,#3426,#3457,#3488,#3541,#3594,#3625,#3650
    ,#3675,#3712,#3743,#3774,#3805,#3858,#3880,#3897,#3914,#3934));
#3386 = ADVANCED_FACE('',(#3387),#3421,.T.);
#3387 = FACE_BOUND('',#3388,.T.);
#3388 = EDGE_LOOP('',(#3389,#3399,#3407,#3415));
#3389 = ORIENTED_EDGE('',*,*,#3390,.F.);
#3390 = EDGE_CURVE('',#3391,#3393,#3395,.T.);
#3391 = VERTEX_POINT('',#3392);
#3392 = CARTESIAN_POINT('',(104.3,10.,-10.));
#3393 = VERTEX_POINT('',#3394);
#3394 = CARTESIAN_POINT('',(132.,10.,-10.));
#3395 = LINE('',#3396,#3397);
#3396 = CARTESIAN_POINT('',(104.3,10.,-10.));
#3397 = VECTOR('',#3398,1.);
#3398 = DIRECTION('',(1.,0.,-2.22044604925E-16));
#3399 = ORIENTED_EDGE('',*,*,#3400,.F.);
#3400 = EDGE_CURVE('',#3401,#3391,#3403,.T.);
#3401 = VERTEX_POINT('',#3402);
#3402 = CARTESIAN_POINT('',(104.3,10.,10.));
#3403 = LINE('',#3404,#3405);
#3404 = CARTESIAN_POINT('',(104.3,10.,10.));
#3405 = VECTOR('',#3406,1.);
#3406 = DIRECTION('',(-2.22044604925E-16,0.,-1.));
#3407 = ORIENTED_EDGE('',*,*,#3408,.T.);
#3408 = EDGE_CURVE('',#3401,#3409,#3411,.T.);
#3409 = VERTEX_POINT('',#3410);
#3410 = CARTESIAN_POINT('',(132.,10.,10.));
#3411 = LINE('',#3412,#3413);
#3412 = CARTESIAN_POINT('',(104.3,10.,10.));
#3413 = VECTOR('',#3414,1.);
#3414 = DIRECTION('',(1.,0.,-2.22044604925E-16));
#3415 = ORIENTED_EDGE('',*,*,#3416,.T.);
#3416 = EDGE_CURVE('',#3409,#3393,#3417,.T.);
#3417 = LINE('',#3418,#3419);
#3418 = CARTESIAN_POINT('',(132.,10.,10.));
#3419 = VECTOR('',#3420,1.);
#3420 = DIRECTION('',(-2.22044604925E-16,0.,-1.));
#3421 = PLANE('',#3422);
#3422 = AXIS2_PLACEMENT_3D('',#3423,#3424,#3425);
#3423 = CARTESIAN_POINT('',(104.3,10.,10.));
#3424 = DIRECTION('',(0.,1.,0.));
#3425 = DIRECTION('',(1.,0.,-2.22044604925E-16));
#3426 = ADVANCED_FACE('',(#3427),#3452,.F.);
#3427 = FACE_BOUND('',#3428,.F.);
#3428 = EDGE_LOOP('',(#3429,#3437,#3445,#3451));
#3429 = ORIENTED_EDGE('',*,*,#3430,.F.);
#3430 = EDGE_CURVE('',#3431,#3401,#3433,.T.);
#3431 = VERTEX_POINT('',#3432);
#3432 = CARTESIAN_POINT('',(104.3,-30.,10.));
#3433 = LINE('',#3434,#3435);
#3434 = CARTESIAN_POINT('',(104.3,-30.,10.));
#3435 = VECTOR('',#3436,1.);
#3436 = DIRECTION('',(0.,1.,0.));
#3437 = ORIENTED_EDGE('',*,*,#3438,.T.);
#3438 = EDGE_CURVE('',#3431,#3439,#3441,.T.);
#3439 = VERTEX_POINT('',#3440);
#3440 = CARTESIAN_POINT('',(104.3,-30.,-10.));
#3441 = LINE('',#3442,#3443);
#3442 = CARTESIAN_POINT('',(104.3,-30.,10.));
#3443 = VECTOR('',#3444,1.);
#3444 = DIRECTION('',(-2.22044604925E-16,0.,-1.));
#3445 = ORIENTED_EDGE('',*,*,#3446,.T.);
#3446 = EDGE_CURVE('',#3439,#3391,#3447,.T.);
#3447 = LINE('',#3448,#3449);
#3448 = CARTESIAN_POINT('',(104.3,-30.,-10.));
#3449 = VECTOR('',#3450,1.);
#3450 = DIRECTION('',(0.,1.,0.));
#3451 = ORIENTED_EDGE('',*,*,#3400,.F.);
#3452 = PLANE('',#3453);
#3453 = AXIS2_PLACEMENT_3D('',#3454,#3455,#3456);
#3454 = CARTESIAN_POINT('',(104.3,-30.,10.));
#3455 = DIRECTION('',(1.,0.,-2.22044604925E-16));
#3456 = DIRECTION('',(-2.22044604925E-16,0.,-1.));
#3457 = ADVANCED_FACE('',(#3458),#3483,.F.);
#3458 = FACE_BOUND('',#3459,.F.);
#3459 = EDGE_LOOP('',(#3460,#3468,#3469,#3477));
#3460 = ORIENTED_EDGE('',*,*,#3461,.F.);
#3461 = EDGE_CURVE('',#3439,#3462,#3464,.T.);
#3462 = VERTEX_POINT('',#3463);
#3463 = CARTESIAN_POINT('',(132.,-30.,-10.));
#3464 = LINE('',#3465,#3466);
#3465 = CARTESIAN_POINT('',(104.3,-30.,-10.));
#3466 = VECTOR('',#3467,1.);
#3467 = DIRECTION('',(1.,0.,-2.22044604925E-16));
#3468 = ORIENTED_EDGE('',*,*,#3438,.F.);
#3469 = ORIENTED_EDGE('',*,*,#3470,.T.);
#3470 = EDGE_CURVE('',#3431,#3471,#3473,.T.);
#3471 = VERTEX_POINT('',#3472);
#3472 = CARTESIAN_POINT('',(132.,-30.,10.));
#3473 = LINE('',#3474,#3475);
#3474 = CARTESIAN_POINT('',(104.3,-30.,10.));
#3475 = VECTOR('',#3476,1.);
#3476 = DIRECTION('',(1.,0.,-2.22044604925E-16));
#3477 = ORIENTED_EDGE('',*,*,#3478,.T.);
#3478 = EDGE_CURVE('',#3471,#3462,#3479,.T.);
#3479 = LINE('',#3480,#3481);
#3480 = CARTESIAN_POINT('',(132.,-30.,10.));
#3481 = VECTOR('',#3482,1.);
#3482 = DIRECTION('',(-2.22044604925E-16,0.,-1.));
#3483 = PLANE('',#3484);
#3484 = AXIS2_PLACEMENT_3D('',#3485,#3486,#3487);
#3485 = CARTESIAN_POINT('',(104.3,-30.,10.));
#3486 = DIRECTION('',(0.,1.,0.));
#3487 = DIRECTION('',(1.,0.,-2.22044604925E-16));
#3488 = ADVANCED_FACE('',(#3489,#3514,#3525),#3536,.F.);
#3489 = FACE_BOUND('',#3490,.F.);
#3490 = EDGE_LOOP('',(#3491,#3499,#3507,#3513));
#3491 = ORIENTED_EDGE('',*,*,#3492,.F.);
#3492 = EDGE_CURVE('',#3493,#3471,#3495,.T.);
#3493 = VERTEX_POINT('',#3494);
#3494 = CARTESIAN_POINT('',(132.,-37.25,10.));
#3495 = LINE('',#3496,#3497);
#3496 = CARTESIAN_POINT('',(132.,-37.25,10.));
#3497 = VECTOR('',#3498,1.);
#3498 = DIRECTION('',(0.,1.,0.));
#3499 = ORIENTED_EDGE('',*,*,#3500,.T.);
#3500 = EDGE_CURVE('',#3493,#3501,#3503,.T.);
#3501 = VERTEX_POINT('',#3502);
#3502 = CARTESIAN_POINT('',(132.,-37.25,-10.));
#3503 = LINE('',#3504,#3505);
#3504 = CARTESIAN_POINT('',(132.,-37.25,10.));
#3505 = VECTOR('',#3506,1.);
#3506 = DIRECTION('',(-2.22044604925E-16,0.,-1.));
#3507 = ORIENTED_EDGE('',*,*,#3508,.T.);
#3508 = EDGE_CURVE('',#3501,#3462,#3509,.T.);
#3509 = LINE('',#3510,#3511);
#3510 = CARTESIAN_POINT('',(132.,-37.25,-10.));
#3511 = VECTOR('',#3512,1.);
#3512 = DIRECTION('',(0.,1.,0.));
#3513 = ORIENTED_EDGE('',*,*,#3478,.F.);
#3514 = FACE_BOUND('',#3515,.F.);
#3515 = EDGE_LOOP('',(#3516));
#3516 = ORIENTED_EDGE('',*,*,#3517,.F.);
#3517 = EDGE_CURVE('',#3518,#3518,#3520,.T.);
#3518 = VERTEX_POINT('',#3519);
#3519 = CARTESIAN_POINT('',(132.,-34.75,2.7));
#3520 = CIRCLE('',#3521,2.3);
#3521 = AXIS2_PLACEMENT_3D('',#3522,#3523,#3524);
#3522 = CARTESIAN_POINT('',(132.,-34.75,5.));
#3523 = DIRECTION('',(1.,0.,-2.22044604925E-16));
#3524 = DIRECTION('',(-2.22044604925E-16,0.,-1.));
#3525 = FACE_BOUND('',#3526,.F.);
#3526 = EDGE_LOOP('',(#3527));
#3527 = ORIENTED_EDGE('',*,*,#3528,.F.);
#3528 = EDGE_CURVE('',#3529,#3529,#3531,.T.);
#3529 = VERTEX_POINT('',#3530);
#3530 = CARTESIAN_POINT('',(132.,-34.75,-7.3));
#3531 = CIRCLE('',#3532,2.3);
#3532 = AXIS2_PLACEMENT_3D('',#3533,#3534,#3535);
#3533 = CARTESIAN_POINT('',(132.,-34.75,-5.));
#3534 = DIRECTION('',(1.,0.,-2.22044604925E-16));
#3535 = DIRECTION('',(-2.22044604925E-16,0.,-1.));
#3536 = PLANE('',#3537);
#3537 = AXIS2_PLACEMENT_3D('',#3538,#3539,#3540);
#3538 = CARTESIAN_POINT('',(132.,-37.25,10.));
#3539 = DIRECTION('',(1.,0.,-2.22044604925E-16));
#3540 = DIRECTION('',(-2.22044604925E-16,0.,-1.));
#3541 = ADVANCED_FACE('',(#3542,#3567,#3578),#3589,.F.);
#3542 = FACE_BOUND('',#3543,.F.);
#3543 = EDGE_LOOP('',(#3544,#3552,#3553,#3561));
#3544 = ORIENTED_EDGE('',*,*,#3545,.F.);
#3545 = EDGE_CURVE('',#3409,#3546,#3548,.T.);
#3546 = VERTEX_POINT('',#3547);
#3547 = CARTESIAN_POINT('',(132.,17.25,10.));
#3548 = LINE('',#3549,#3550);
#3549 = CARTESIAN_POINT('',(132.,-37.25,10.));
#3550 = VECTOR('',#3551,1.);
#3551 = DIRECTION('',(0.,1.,0.));
#3552 = ORIENTED_EDGE('',*,*,#3416,.T.);
#3553 = ORIENTED_EDGE('',*,*,#3554,.T.);
#3554 = EDGE_CURVE('',#3393,#3555,#3557,.T.);
#3555 = VERTEX_POINT('',#3556);
#3556 = CARTESIAN_POINT('',(132.,17.25,-10.));
#3557 = LINE('',#3558,#3559);
#3558 = CARTESIAN_POINT('',(132.,-37.25,-10.));
#3559 = VECTOR('',#3560,1.);
#3560 = DIRECTION('',(0.,1.,0.));
#3561 = ORIENTED_EDGE('',*,*,#3562,.F.);
#3562 = EDGE_CURVE('',#3546,#3555,#3563,.T.);
#3563 = LINE('',#3564,#3565);
#3564 = CARTESIAN_POINT('',(132.,17.25,10.));
#3565 = VECTOR('',#3566,1.);
#3566 = DIRECTION('',(-2.22044604925E-16,0.,-1.));
#3567 = FACE_BOUND('',#3568,.F.);
#3568 = EDGE_LOOP('',(#3569));
#3569 = ORIENTED_EDGE('',*,*,#3570,.F.);
#3570 = EDGE_CURVE('',#3571,#3571,#3573,.T.);
#3571 = VERTEX_POINT('',#3572);
#3572 = CARTESIAN_POINT('',(132.,14.75,2.7));
#3573 = CIRCLE('',#3574,2.3);
#3574 = AXIS2_PLACEMENT_3D('',#3575,#3576,#3577);
#3575 = CARTESIAN_POINT('',(132.,14.75,5.));
#3576 = DIRECTION('',(1.,0.,-2.22044604925E-16));
#3577 = DIRECTION('',(-2.22044604925E-16,0.,-1.));
#3578 = FACE_BOUND('',#3579,.F.);
#3579 = EDGE_LOOP('',(#3580));
#3580 = ORIENTED_EDGE('',*,*,#3581,.F.);
#3581 = EDGE_CURVE('',#3582,#3582,#3584,.T.);
#3582 = VERTEX_POINT('',#3583);
#3583 = CARTESIAN_POINT('',(132.,14.75,-7.3));
#3584 = CIRCLE('',#3585,2.3);
#3585 = AXIS2_PLACEMENT_3D('',#3586,#3587,#3588);
#3586 = CARTESIAN_POINT('',(132.,14.75,-5.));
#3587 = DIRECTION('',(1.,0.,-2.22044604925E-16));
#3588 = DIRECTION('',(-2.22044604925E-16,0.,-1.));
#3589 = PLANE('',#3590);
#3590 = AXIS2_PLACEMENT_3D('',#3591,#3592,#3593);
#3591 = CARTESIAN_POINT('',(132.,-37.25,10.));
#3592 = DIRECTION('',(1.,0.,-2.22044604925E-16));
#3593 = DIRECTION('',(-2.22044604925E-16,0.,-1.));
#3594 = ADVANCED_FACE('',(#3595),#3620,.F.);
#3595 = FACE_BOUND('',#3596,.F.);
#3596 = EDGE_LOOP('',(#3597,#3598,#3606,#3614));
#3597 = ORIENTED_EDGE('',*,*,#3500,.F.);
#3598 = ORIENTED_EDGE('',*,*,#3599,.T.);
#3599 = EDGE_CURVE('',#3493,#3600,#3602,.T.);
#3600 = VERTEX_POINT('',#3601);
#3601 = CARTESIAN_POINT('',(134.5,-37.25,10.));
#3602 = LINE('',#3603,#3604);
#3603 = CARTESIAN_POINT('',(132.,-37.25,10.));
#3604 = VECTOR('',#3605,1.);
#3605 = DIRECTION('',(1.,0.,-2.22044604925E-16));
#3606 = ORIENTED_EDGE('',*,*,#3607,.T.);
#3607 = EDGE_CURVE('',#3600,#3608,#3610,.T.);
#3608 = VERTEX_POINT('',#3609);
#3609 = CARTESIAN_POINT('',(134.5,-37.25,-10.));
#3610 = LINE('',#3611,#3612);
#3611 = CARTESIAN_POINT('',(134.5,-37.25,10.));
#3612 = VECTOR('',#3613,1.);
#3613 = DIRECTION('',(-2.22044604925E-16,0.,-1.));
#3614 = ORIENTED_EDGE('',*,*,#3615,.F.);
#3615 = EDGE_CURVE('',#3501,#3608,#3616,.T.);
#3616 = LINE('',#3617,#3618);
#3617 = CARTESIAN_POINT('',(132.,-37.25,-10.));
#3618 = VECTOR('',#3619,1.);
#3619 = DIRECTION('',(1.,0.,-2.22044604925E-16));
#3620 = PLANE('',#3621);
#3621 = AXIS2_PLACEMENT_3D('',#3622,#3623,#3624);
#3622 = CARTESIAN_POINT('',(132.,-37.25,10.));
#3623 = DIRECTION('',(0.,1.,0.));
#3624 = DIRECTION('',(1.,0.,-2.22044604925E-16));
#3625 = ADVANCED_FACE('',(#3626),#3645,.F.);
#3626 = FACE_BOUND('',#3627,.F.);
#3627 = EDGE_LOOP('',(#3628,#3637,#3643,#3644));
#3628 = ORIENTED_EDGE('',*,*,#3629,.F.);
#3629 = EDGE_CURVE('',#3630,#3630,#3632,.T.);
#3630 = VERTEX_POINT('',#3631);
#3631 = CARTESIAN_POINT('',(134.5,-34.75,2.7));
#3632 = CIRCLE('',#3633,2.3);
#3633 = AXIS2_PLACEMENT_3D('',#3634,#3635,#3636);
#3634 = CARTESIAN_POINT('',(134.5,-34.75,5.));
#3635 = DIRECTION('',(1.,0.,-2.22044604925E-16));
#3636 = DIRECTION('',(-2.22044604925E-16,0.,-1.));
#3637 = ORIENTED_EDGE('',*,*,#3638,.F.);
#3638 = EDGE_CURVE('',#3518,#3630,#3639,.T.);
#3639 = LINE('',#3640,#3641);
#3640 = CARTESIAN_POINT('',(131.,-34.75,2.7));
#3641 = VECTOR('',#3642,1.);
#3642 = DIRECTION('',(1.,0.,-2.22044604925E-16));
#3643 = ORIENTED_EDGE('',*,*,#3517,.T.);
#3644 = ORIENTED_EDGE('',*,*,#3638,.T.);
#3645 = CYLINDRICAL_SURFACE('',#3646,2.3);
#3646 = AXIS2_PLACEMENT_3D('',#3647,#3648,#3649);
#3647 = CARTESIAN_POINT('',(131.,-34.75,5.));
#3648 = DIRECTION('',(1.,0.,-2.22044604925E-16));
#3649 = DIRECTION('',(-2.22044604925E-16,0.,-1.));
#3650 = ADVANCED_FACE('',(#3651),#3670,.F.);
#3651 = FACE_BOUND('',#3652,.F.);
#3652 = EDGE_LOOP('',(#3653,#3662,#3668,#3669));
#3653 = ORIENTED_EDGE('',*,*,#3654,.F.);
#3654 = EDGE_CURVE('',#3655,#3655,#3657,.T.);
#3655 = VERTEX_POINT('',#3656);
#3656 = CARTESIAN_POINT('',(134.5,-34.75,-7.3));
#3657 = CIRCLE('',#3658,2.3);
#3658 = AXIS2_PLACEMENT_3D('',#3659,#3660,#3661);
#3659 = CARTESIAN_POINT('',(134.5,-34.75,-5.));
#3660 = DIRECTION('',(1.,0.,-2.22044604925E-16));
#3661 = DIRECTION('',(-2.22044604925E-16,0.,-1.));
#3662 = ORIENTED_EDGE('',*,*,#3663,.F.);
#3663 = EDGE_CURVE('',#3529,#3655,#3664,.T.);
#3664 = LINE('',#3665,#3666);
#3665 = CARTESIAN_POINT('',(131.,-34.75,-7.3));
#3666 = VECTOR('',#3667,1.);
#3667 = DIRECTION('',(1.,0.,-2.22044604925E-16));
#3668 = ORIENTED_EDGE('',*,*,#3528,.T.);
#3669 = ORIENTED_EDGE('',*,*,#3663,.T.);
#3670 = CYLINDRICAL_SURFACE('',#3671,2.3);
#3671 = AXIS2_PLACEMENT_3D('',#3672,#3673,#3674);
#3672 = CARTESIAN_POINT('',(131.,-34.75,-5.));
#3673 = DIRECTION('',(1.,0.,-2.22044604925E-16));
#3674 = DIRECTION('',(-2.22044604925E-16,0.,-1.));
#3675 = ADVANCED_FACE('',(#3676,#3701,#3704),#3707,.T.);
#3676 = FACE_BOUND('',#3677,.T.);
#3677 = EDGE_LOOP('',(#3678,#3686,#3687,#3695));
#3678 = ORIENTED_EDGE('',*,*,#3679,.F.);
#3679 = EDGE_CURVE('',#3600,#3680,#3682,.T.);
#3680 = VERTEX_POINT('',#3681);
#3681 = CARTESIAN_POINT('',(134.5,-30.,10.));
#3682 = LINE('',#3683,#3684);
#3683 = CARTESIAN_POINT('',(134.5,-37.25,10.));
#3684 = VECTOR('',#3685,1.);
#3685 = DIRECTION('',(0.,1.,0.));
#3686 = ORIENTED_EDGE('',*,*,#3607,.T.);
#3687 = ORIENTED_EDGE('',*,*,#3688,.T.);
#3688 = EDGE_CURVE('',#3608,#3689,#3691,.T.);
#3689 = VERTEX_POINT('',#3690);
#3690 = CARTESIAN_POINT('',(134.5,-30.,-10.));
#3691 = LINE('',#3692,#3693);
#3692 = CARTESIAN_POINT('',(134.5,-37.25,-10.));
#3693 = VECTOR('',#3694,1.);
#3694 = DIRECTION('',(0.,1.,0.));
#3695 = ORIENTED_EDGE('',*,*,#3696,.F.);
#3696 = EDGE_CURVE('',#3680,#3689,#3697,.T.);
#3697 = LINE('',#3698,#3699);
#3698 = CARTESIAN_POINT('',(134.5,-30.,10.));
#3699 = VECTOR('',#3700,1.);
#3700 = DIRECTION('',(-2.22044604925E-16,0.,-1.));
#3701 = FACE_BOUND('',#3702,.T.);
#3702 = EDGE_LOOP('',(#3703));
#3703 = ORIENTED_EDGE('',*,*,#3629,.F.);
#3704 = FACE_BOUND('',#3705,.T.);
#3705 = EDGE_LOOP('',(#3706));
#3706 = ORIENTED_EDGE('',*,*,#3654,.F.);
#3707 = PLANE('',#3708);
#3708 = AXIS2_PLACEMENT_3D('',#3709,#3710,#3711);
#3709 = CARTESIAN_POINT('',(134.5,-37.25,10.));
#3710 = DIRECTION('',(1.,0.,-2.22044604925E-16));
#3711 = DIRECTION('',(-2.22044604925E-16,0.,-1.));
#3712 = ADVANCED_FACE('',(#3713),#3738,.F.);
#3713 = FACE_BOUND('',#3714,.F.);
#3714 = EDGE_LOOP('',(#3715,#3723,#3724,#3732));
#3715 = ORIENTED_EDGE('',*,*,#3716,.F.);
#3716 = EDGE_CURVE('',#3689,#3717,#3719,.T.);
#3717 = VERTEX_POINT('',#3718);
#3718 = CARTESIAN_POINT('',(144.7,-30.,-10.));
#3719 = LINE('',#3720,#3721);
#3720 = CARTESIAN_POINT('',(104.3,-30.,-10.));
#3721 = VECTOR('',#3722,1.);
#3722 = DIRECTION('',(1.,0.,-2.22044604925E-16));
#3723 = ORIENTED_EDGE('',*,*,#3696,.F.);
#3724 = ORIENTED_EDGE('',*,*,#3725,.T.);
#3725 = EDGE_CURVE('',#3680,#3726,#3728,.T.);
#3726 = VERTEX_POINT('',#3727);
#3727 = CARTESIAN_POINT('',(144.7,-30.,10.));
#3728 = LINE('',#3729,#3730);
#3729 = CARTESIAN_POINT('',(104.3,-30.,10.));
#3730 = VECTOR('',#3731,1.);
#3731 = DIRECTION('',(1.,0.,-2.22044604925E-16));
#3732 = ORIENTED_EDGE('',*,*,#3733,.T.);
#3733 = EDGE_CURVE('',#3726,#3717,#3734,.T.);
#3734 = LINE('',#3735,#3736);
#3735 = CARTESIAN_POINT('',(144.7,-30.,10.));
#3736 = VECTOR('',#3737,1.);
#3737 = DIRECTION('',(-2.22044604925E-16,0.,-1.));
#3738 = PLANE('',#3739);
#3739 = AXIS2_PLACEMENT_3D('',#3740,#3741,#3742);
#3740 = CARTESIAN_POINT('',(104.3,-30.,10.));
#3741 = DIRECTION('',(0.,1.,0.));
#3742 = DIRECTION('',(1.,0.,-2.22044604925E-16));
#3743 = ADVANCED_FACE('',(#3744),#3769,.T.);
#3744 = FACE_BOUND('',#3745,.T.);
#3745 = EDGE_LOOP('',(#3746,#3754,#3755,#3763));
#3746 = ORIENTED_EDGE('',*,*,#3747,.F.);
#3747 = EDGE_CURVE('',#3726,#3748,#3750,.T.);
#3748 = VERTEX_POINT('',#3749);
#3749 = CARTESIAN_POINT('',(144.7,10.,10.));
#3750 = LINE('',#3751,#3752);
#3751 = CARTESIAN_POINT('',(144.7,-30.,10.));
#3752 = VECTOR('',#3753,1.);
#3753 = DIRECTION('',(0.,1.,0.));
#3754 = ORIENTED_EDGE('',*,*,#3733,.T.);
#3755 = ORIENTED_EDGE('',*,*,#3756,.T.);
#3756 = EDGE_CURVE('',#3717,#3757,#3759,.T.);
#3757 = VERTEX_POINT('',#3758);
#3758 = CARTESIAN_POINT('',(144.7,10.,-10.));
#3759 = LINE('',#3760,#3761);
#3760 = CARTESIAN_POINT('',(144.7,-30.,-10.));
#3761 = VECTOR('',#3762,1.);
#3762 = DIRECTION('',(0.,1.,0.));
#3763 = ORIENTED_EDGE('',*,*,#3764,.F.);
#3764 = EDGE_CURVE('',#3748,#3757,#3765,.T.);
#3765 = LINE('',#3766,#3767);
#3766 = CARTESIAN_POINT('',(144.7,10.,10.));
#3767 = VECTOR('',#3768,1.);
#3768 = DIRECTION('',(-2.22044604925E-16,0.,-1.));
#3769 = PLANE('',#3770);
#3770 = AXIS2_PLACEMENT_3D('',#3771,#3772,#3773);
#3771 = CARTESIAN_POINT('',(144.7,-30.,10.));
#3772 = DIRECTION('',(1.,0.,-2.22044604925E-16));
#3773 = DIRECTION('',(-2.22044604925E-16,0.,-1.));
#3774 = ADVANCED_FACE('',(#3775),#3800,.T.);
#3775 = FACE_BOUND('',#3776,.T.);
#3776 = EDGE_LOOP('',(#3777,#3785,#3793,#3799));
#3777 = ORIENTED_EDGE('',*,*,#3778,.F.);
#3778 = EDGE_CURVE('',#3779,#3757,#3781,.T.);
#3779 = VERTEX_POINT('',#3780);
#3780 = CARTESIAN_POINT('',(134.5,10.,-10.));
#3781 = LINE('',#3782,#3783);
#3782 = CARTESIAN_POINT('',(104.3,10.,-10.));
#3783 = VECTOR('',#3784,1.);
#3784 = DIRECTION('',(1.,0.,-2.22044604925E-16));
#3785 = ORIENTED_EDGE('',*,*,#3786,.F.);
#3786 = EDGE_CURVE('',#3787,#3779,#3789,.T.);
#3787 = VERTEX_POINT('',#3788);
#3788 = CARTESIAN_POINT('',(134.5,10.,10.));
#3789 = LINE('',#3790,#3791);
#3790 = CARTESIAN_POINT('',(134.5,10.,10.));
#3791 = VECTOR('',#3792,1.);
#3792 = DIRECTION('',(-2.22044604925E-16,0.,-1.));
#3793 = ORIENTED_EDGE('',*,*,#3794,.T.);
#3794 = EDGE_CURVE('',#3787,#3748,#3795,.T.);
#3795 = LINE('',#3796,#3797);
#3796 = CARTESIAN_POINT('',(104.3,10.,10.));
#3797 = VECTOR('',#3798,1.);
#3798 = DIRECTION('',(1.,0.,-2.22044604925E-16));
#3799 = ORIENTED_EDGE('',*,*,#3764,.T.);
#3800 = PLANE('',#3801);
#3801 = AXIS2_PLACEMENT_3D('',#3802,#3803,#3804);
#3802 = CARTESIAN_POINT('',(104.3,10.,10.));
#3803 = DIRECTION('',(0.,1.,0.));
#3804 = DIRECTION('',(1.,0.,-2.22044604925E-16));
#3805 = ADVANCED_FACE('',(#3806,#3831,#3842),#3853,.T.);
#3806 = FACE_BOUND('',#3807,.T.);
#3807 = EDGE_LOOP('',(#3808,#3816,#3817,#3825));
#3808 = ORIENTED_EDGE('',*,*,#3809,.F.);
#3809 = EDGE_CURVE('',#3787,#3810,#3812,.T.);
#3810 = VERTEX_POINT('',#3811);
#3811 = CARTESIAN_POINT('',(134.5,17.25,10.));
#3812 = LINE('',#3813,#3814);
#3813 = CARTESIAN_POINT('',(134.5,-37.25,10.));
#3814 = VECTOR('',#3815,1.);
#3815 = DIRECTION('',(0.,1.,0.));
#3816 = ORIENTED_EDGE('',*,*,#3786,.T.);
#3817 = ORIENTED_EDGE('',*,*,#3818,.T.);
#3818 = EDGE_CURVE('',#3779,#3819,#3821,.T.);
#3819 = VERTEX_POINT('',#3820);
#3820 = CARTESIAN_POINT('',(134.5,17.25,-10.));
#3821 = LINE('',#3822,#3823);
#3822 = CARTESIAN_POINT('',(134.5,-37.25,-10.));
#3823 = VECTOR('',#3824,1.);
#3824 = DIRECTION('',(0.,1.,0.));
#3825 = ORIENTED_EDGE('',*,*,#3826,.F.);
#3826 = EDGE_CURVE('',#3810,#3819,#3827,.T.);
#3827 = LINE('',#3828,#3829);
#3828 = CARTESIAN_POINT('',(134.5,17.25,10.));
#3829 = VECTOR('',#3830,1.);
#3830 = DIRECTION('',(-2.22044604925E-16,0.,-1.));
#3831 = FACE_BOUND('',#3832,.T.);
#3832 = EDGE_LOOP('',(#3833));
#3833 = ORIENTED_EDGE('',*,*,#3834,.F.);
#3834 = EDGE_CURVE('',#3835,#3835,#3837,.T.);
#3835 = VERTEX_POINT('',#3836);
#3836 = CARTESIAN_POINT('',(134.5,14.75,2.7));
#3837 = CIRCLE('',#3838,2.3);
#3838 = AXIS2_PLACEMENT_3D('',#3839,#3840,#3841);
#3839 = CARTESIAN_POINT('',(134.5,14.75,5.));
#3840 = DIRECTION('',(1.,0.,-2.22044604925E-16));
#3841 = DIRECTION('',(-2.22044604925E-16,0.,-1.));
#3842 = FACE_BOUND('',#3843,.T.);
#3843 = EDGE_LOOP('',(#3844));
#3844 = ORIENTED_EDGE('',*,*,#3845,.F.);
#3845 = EDGE_CURVE('',#3846,#3846,#3848,.T.);
#3846 = VERTEX_POINT('',#3847);
#3847 = CARTESIAN_POINT('',(134.5,14.75,-7.3));
#3848 = CIRCLE('',#3849,2.3);
#3849 = AXIS2_PLACEMENT_3D('',#3850,#3851,#3852);
#3850 = CARTESIAN_POINT('',(134.5,14.75,-5.));
#3851 = DIRECTION('',(1.,0.,-2.22044604925E-16));
#3852 = DIRECTION('',(-2.22044604925E-16,0.,-1.));
#3853 = PLANE('',#3854);
#3854 = AXIS2_PLACEMENT_3D('',#3855,#3856,#3857);
#3855 = CARTESIAN_POINT('',(134.5,-37.25,10.));
#3856 = DIRECTION('',(1.,0.,-2.22044604925E-16));
#3857 = DIRECTION('',(-2.22044604925E-16,0.,-1.));
#3858 = ADVANCED_FACE('',(#3859),#3875,.T.);
#3859 = FACE_BOUND('',#3860,.T.);
#3860 = EDGE_LOOP('',(#3861,#3862,#3868,#3869));
#3861 = ORIENTED_EDGE('',*,*,#3562,.F.);
#3862 = ORIENTED_EDGE('',*,*,#3863,.T.);
#3863 = EDGE_CURVE('',#3546,#3810,#3864,.T.);
#3864 = LINE('',#3865,#3866);
#3865 = CARTESIAN_POINT('',(132.,17.25,10.));
#3866 = VECTOR('',#3867,1.);
#3867 = DIRECTION('',(1.,0.,-2.22044604925E-16));
#3868 = ORIENTED_EDGE('',*,*,#3826,.T.);
#3869 = ORIENTED_EDGE('',*,*,#3870,.F.);
#3870 = EDGE_CURVE('',#3555,#3819,#3871,.T.);
#3871 = LINE('',#3872,#3873);
#3872 = CARTESIAN_POINT('',(132.,17.25,-10.));
#3873 = VECTOR('',#3874,1.);
#3874 = DIRECTION('',(1.,0.,-2.22044604925E-16));
#3875 = PLANE('',#3876);
#3876 = AXIS2_PLACEMENT_3D('',#3877,#3878,#3879);
#3877 = CARTESIAN_POINT('',(132.,17.25,10.));
#3878 = DIRECTION('',(0.,1.,0.));
#3879 = DIRECTION('',(1.,0.,-2.22044604925E-16));
#3880 = ADVANCED_FACE('',(#3881),#3892,.F.);
#3881 = FACE_BOUND('',#3882,.F.);
#3882 = EDGE_LOOP('',(#3883,#3884,#3890,#3891));
#3883 = ORIENTED_EDGE('',*,*,#3834,.F.);
#3884 = ORIENTED_EDGE('',*,*,#3885,.F.);
#3885 = EDGE_CURVE('',#3571,#3835,#3886,.T.);
#3886 = LINE('',#3887,#3888);
#3887 = CARTESIAN_POINT('',(131.,14.75,2.7));
#3888 = VECTOR('',#3889,1.);
#3889 = DIRECTION('',(1.,0.,-2.22044604925E-16));
#3890 = ORIENTED_EDGE('',*,*,#3570,.T.);
#3891 = ORIENTED_EDGE('',*,*,#3885,.T.);
#3892 = CYLINDRICAL_SURFACE('',#3893,2.3);
#3893 = AXIS2_PLACEMENT_3D('',#3894,#3895,#3896);
#3894 = CARTESIAN_POINT('',(131.,14.75,5.));
#3895 = DIRECTION('',(1.,0.,-2.22044604925E-16));
#3896 = DIRECTION('',(-2.22044604925E-16,0.,-1.));
#3897 = ADVANCED_FACE('',(#3898),#3909,.F.);
#3898 = FACE_BOUND('',#3899,.F.);
#3899 = EDGE_LOOP('',(#3900,#3901,#3907,#3908));
#3900 = ORIENTED_EDGE('',*,*,#3845,.F.);
#3901 = ORIENTED_EDGE('',*,*,#3902,.F.);
#3902 = EDGE_CURVE('',#3582,#3846,#3903,.T.);
#3903 = LINE('',#3904,#3905);
#3904 = CARTESIAN_POINT('',(131.,14.75,-7.3));
#3905 = VECTOR('',#3906,1.);
#3906 = DIRECTION('',(1.,0.,-2.22044604925E-16));
#3907 = ORIENTED_EDGE('',*,*,#3581,.T.);
#3908 = ORIENTED_EDGE('',*,*,#3902,.T.);
#3909 = CYLINDRICAL_SURFACE('',#3910,2.3);
#3910 = AXIS2_PLACEMENT_3D('',#3911,#3912,#3913);
#3911 = CARTESIAN_POINT('',(131.,14.75,-5.));
#3912 = DIRECTION('',(1.,0.,-2.22044604925E-16));
#3913 = DIRECTION('',(-2.22044604925E-16,0.,-1.));
#3914 = ADVANCED_FACE('',(#3915),#3929,.T.);
#3915 = FACE_BOUND('',#3916,.T.);
#3916 = EDGE_LOOP('',(#3917,#3918,#3919,#3920,#3921,#3922,#3923,#3924,
    #3925,#3926,#3927,#3928));
#3917 = ORIENTED_EDGE('',*,*,#3470,.T.);
#3918 = ORIENTED_EDGE('',*,*,#3492,.F.);
#3919 = ORIENTED_EDGE('',*,*,#3599,.T.);
#3920 = ORIENTED_EDGE('',*,*,#3679,.T.);
#3921 = ORIENTED_EDGE('',*,*,#3725,.T.);
#3922 = ORIENTED_EDGE('',*,*,#3747,.T.);
#3923 = ORIENTED_EDGE('',*,*,#3794,.F.);
#3924 = ORIENTED_EDGE('',*,*,#3809,.T.);
#3925 = ORIENTED_EDGE('',*,*,#3863,.F.);
#3926 = ORIENTED_EDGE('',*,*,#3545,.F.);
#3927 = ORIENTED_EDGE('',*,*,#3408,.F.);
#3928 = ORIENTED_EDGE('',*,*,#3430,.F.);
#3929 = PLANE('',#3930);
#3930 = AXIS2_PLACEMENT_3D('',#3931,#3932,#3933);
#3931 = CARTESIAN_POINT('',(125.83693361433,-10.,10.));
#3932 = DIRECTION('',(2.22044604925E-16,-0.,1.));
#3933 = DIRECTION('',(-1.,0.,2.22044604925E-16));
#3934 = ADVANCED_FACE('',(#3935),#3949,.T.);
#3935 = FACE_BOUND('',#3936,.T.);
#3936 = EDGE_LOOP('',(#3937,#3938,#3939,#3940,#3941,#3942,#3943,#3944,
    #3945,#3946,#3947,#3948));
#3937 = ORIENTED_EDGE('',*,*,#3461,.F.);
#3938 = ORIENTED_EDGE('',*,*,#3446,.T.);
#3939 = ORIENTED_EDGE('',*,*,#3390,.T.);
#3940 = ORIENTED_EDGE('',*,*,#3554,.T.);
#3941 = ORIENTED_EDGE('',*,*,#3870,.T.);
#3942 = ORIENTED_EDGE('',*,*,#3818,.F.);
#3943 = ORIENTED_EDGE('',*,*,#3778,.T.);
#3944 = ORIENTED_EDGE('',*,*,#3756,.F.);
#3945 = ORIENTED_EDGE('',*,*,#3716,.F.);
#3946 = ORIENTED_EDGE('',*,*,#3688,.F.);
#3947 = ORIENTED_EDGE('',*,*,#3615,.F.);
#3948 = ORIENTED_EDGE('',*,*,#3508,.T.);
#3949 = PLANE('',#3950);
#3950 = AXIS2_PLACEMENT_3D('',#3951,#3952,#3953);
#3951 = CARTESIAN_POINT('',(125.83693361433,-10.,-10.));
#3952 = DIRECTION('',(-2.22044604925E-16,0.,-1.));
#3953 = DIRECTION('',(1.,0.,-2.22044604925E-16));
#3954 = MANIFOLD_SOLID_BREP('',#3955);
#3955 = CLOSED_SHELL('',(#3956,#3989,#4009,#4029,#4054,#4079));
#3956 = ADVANCED_FACE('',(#3957),#3984,.T.);
#3957 = FACE_BOUND('',#3958,.T.);
#3958 = EDGE_LOOP('',(#3959,#3968,#3976,#3983));
#3959 = ORIENTED_EDGE('',*,*,#3960,.F.);
#3960 = EDGE_CURVE('',#3961,#3961,#3963,.T.);
#3961 = VERTEX_POINT('',#3962);
#3962 = CARTESIAN_POINT('',(146.7,-1.592040838892E-15,-6.5));
#3963 = CIRCLE('',#3964,6.5);
#3964 = AXIS2_PLACEMENT_3D('',#3965,#3966,#3967);
#3965 = CARTESIAN_POINT('',(146.7,0.,-4.440892098501E-16));
#3966 = DIRECTION('',(1.,0.,-2.22044604925E-16));
#3967 = DIRECTION('',(-2.22044604925E-16,0.,-1.));
#3968 = ORIENTED_EDGE('',*,*,#3969,.F.);
#3969 = EDGE_CURVE('',#3970,#3961,#3972,.T.);
#3970 = VERTEX_POINT('',#3971);
#3971 = CARTESIAN_POINT('',(144.7,-1.592040838892E-15,-6.5));
#3972 = LINE('',#3973,#3974);
#3973 = CARTESIAN_POINT('',(144.7,-1.592040838892E-15,-6.5));
#3974 = VECTOR('',#3975,1.);
#3975 = DIRECTION('',(1.,0.,-2.22044604925E-16));
#3976 = ORIENTED_EDGE('',*,*,#3977,.T.);
#3977 = EDGE_CURVE('',#3970,#3970,#3978,.T.);
#3978 = CIRCLE('',#3979,6.5);
#3979 = AXIS2_PLACEMENT_3D('',#3980,#3981,#3982);
#3980 = CARTESIAN_POINT('',(144.7,0.,0.));
#3981 = DIRECTION('',(1.,0.,-2.22044604925E-16));
#3982 = DIRECTION('',(-2.22044604925E-16,0.,-1.));
#3983 = ORIENTED_EDGE('',*,*,#3969,.T.);
#3984 = CYLINDRICAL_SURFACE('',#3985,6.5);
#3985 = AXIS2_PLACEMENT_3D('',#3986,#3987,#3988);
#3986 = CARTESIAN_POINT('',(144.7,0.,0.));
#3987 = DIRECTION('',(1.,0.,-2.22044604925E-16));
#3988 = DIRECTION('',(-2.22044604925E-16,0.,-1.));
#3989 = ADVANCED_FACE('',(#3990,#3993),#4004,.T.);
#3990 = FACE_BOUND('',#3991,.T.);
#3991 = EDGE_LOOP('',(#3992));
#3992 = ORIENTED_EDGE('',*,*,#3960,.T.);
#3993 = FACE_BOUND('',#3994,.T.);
#3994 = EDGE_LOOP('',(#3995));
#3995 = ORIENTED_EDGE('',*,*,#3996,.F.);
#3996 = EDGE_CURVE('',#3997,#3997,#3999,.T.);
#3997 = VERTEX_POINT('',#3998);
#3998 = CARTESIAN_POINT('',(146.7,-7.102951435055E-16,-2.9));
#3999 = CIRCLE('',#4000,2.9);
#4000 = AXIS2_PLACEMENT_3D('',#4001,#4002,#4003);
#4001 = CARTESIAN_POINT('',(146.7,0.,-4.440892098501E-16));
#4002 = DIRECTION('',(1.,0.,-2.22044604925E-16));
#4003 = DIRECTION('',(-2.22044604925E-16,0.,-1.));
#4004 = PLANE('',#4005);
#4005 = AXIS2_PLACEMENT_3D('',#4006,#4007,#4008);
#4006 = CARTESIAN_POINT('',(146.7,0.,-4.440892098501E-16));
#4007 = DIRECTION('',(1.,0.,-2.22044604925E-16));
#4008 = DIRECTION('',(-2.22044604925E-16,0.,-1.));
#4009 = ADVANCED_FACE('',(#4010,#4013),#4024,.F.);
#4010 = FACE_BOUND('',#4011,.F.);
#4011 = EDGE_LOOP('',(#4012));
#4012 = ORIENTED_EDGE('',*,*,#3977,.T.);
#4013 = FACE_BOUND('',#4014,.F.);
#4014 = EDGE_LOOP('',(#4015));
#4015 = ORIENTED_EDGE('',*,*,#4016,.F.);
#4016 = EDGE_CURVE('',#4017,#4017,#4019,.T.);
#4017 = VERTEX_POINT('',#4018);
#4018 = CARTESIAN_POINT('',(144.7,-3.673940397442E-16,-1.5));
#4019 = CIRCLE('',#4020,1.5);
#4020 = AXIS2_PLACEMENT_3D('',#4021,#4022,#4023);
#4021 = CARTESIAN_POINT('',(144.7,0.,0.));
#4022 = DIRECTION('',(1.,0.,-2.22044604925E-16));
#4023 = DIRECTION('',(-2.22044604925E-16,0.,-1.));
#4024 = PLANE('',#4025);
#4025 = AXIS2_PLACEMENT_3D('',#4026,#4027,#4028);
#4026 = CARTESIAN_POINT('',(144.7,0.,0.));
#4027 = DIRECTION('',(1.,0.,-2.22044604925E-16));
#4028 = DIRECTION('',(-2.22044604925E-16,0.,-1.));
#4029 = ADVANCED_FACE('',(#4030),#4049,.T.);
#4030 = FACE_BOUND('',#4031,.T.);
#4031 = EDGE_LOOP('',(#4032,#4041,#4047,#4048));
#4032 = ORIENTED_EDGE('',*,*,#4033,.F.);
#4033 = EDGE_CURVE('',#4034,#4034,#4036,.T.);
#4034 = VERTEX_POINT('',#4035);
#4035 = CARTESIAN_POINT('',(150.,-7.102951435055E-16,-2.9));
#4036 = CIRCLE('',#4037,2.9);
#4037 = AXIS2_PLACEMENT_3D('',#4038,#4039,#4040);
#4038 = CARTESIAN_POINT('',(150.,0.,-1.176836406103E-15));
#4039 = DIRECTION('',(1.,0.,-2.22044604925E-16));
#4040 = DIRECTION('',(-2.22044604925E-16,0.,-1.));
#4041 = ORIENTED_EDGE('',*,*,#4042,.F.);
#4042 = EDGE_CURVE('',#3997,#4034,#4043,.T.);
#4043 = LINE('',#4044,#4045);
#4044 = CARTESIAN_POINT('',(146.7,-7.102951435055E-16,-2.9));
#4045 = VECTOR('',#4046,1.);
#4046 = DIRECTION('',(1.,0.,-2.22044604925E-16));
#4047 = ORIENTED_EDGE('',*,*,#3996,.T.);
#4048 = ORIENTED_EDGE('',*,*,#4042,.T.);
#4049 = CYLINDRICAL_SURFACE('',#4050,2.9);
#4050 = AXIS2_PLACEMENT_3D('',#4051,#4052,#4053);
#4051 = CARTESIAN_POINT('',(146.7,0.,-4.440892098501E-16));
#4052 = DIRECTION('',(1.,0.,-2.22044604925E-16));
#4053 = DIRECTION('',(-2.22044604925E-16,0.,-1.));
#4054 = ADVANCED_FACE('',(#4055),#4074,.F.);
#4055 = FACE_BOUND('',#4056,.F.);
#4056 = EDGE_LOOP('',(#4057,#4066,#4072,#4073));
#4057 = ORIENTED_EDGE('',*,*,#4058,.F.);
#4058 = EDGE_CURVE('',#4059,#4059,#4061,.T.);
#4059 = VERTEX_POINT('',#4060);
#4060 = CARTESIAN_POINT('',(150.,-3.673940397442E-16,-1.5));
#4061 = CIRCLE('',#4062,1.5);
#4062 = AXIS2_PLACEMENT_3D('',#4063,#4064,#4065);
#4063 = CARTESIAN_POINT('',(150.,0.,-1.176836406103E-15));
#4064 = DIRECTION('',(1.,0.,-2.22044604925E-16));
#4065 = DIRECTION('',(-2.22044604925E-16,0.,-1.));
#4066 = ORIENTED_EDGE('',*,*,#4067,.F.);
#4067 = EDGE_CURVE('',#4017,#4059,#4068,.T.);
#4068 = LINE('',#4069,#4070);
#4069 = CARTESIAN_POINT('',(143.7,-3.673940397442E-16,-1.5));
#4070 = VECTOR('',#4071,1.);
#4071 = DIRECTION('',(1.,0.,-2.22044604925E-16));
#4072 = ORIENTED_EDGE('',*,*,#4016,.T.);
#4073 = ORIENTED_EDGE('',*,*,#4067,.T.);
#4074 = CYLINDRICAL_SURFACE('',#4075,1.5);
#4075 = AXIS2_PLACEMENT_3D('',#4076,#4077,#4078);
#4076 = CARTESIAN_POINT('',(143.7,0.,2.22044604925E-16));
#4077 = DIRECTION('',(1.,0.,-2.22044604925E-16));
#4078 = DIRECTION('',(-2.22044604925E-16,0.,-1.));
#4079 = ADVANCED_FACE('',(#4080,#4083),#4086,.T.);
#4080 = FACE_BOUND('',#4081,.T.);
#4081 = EDGE_LOOP('',(#4082));
#4082 = ORIENTED_EDGE('',*,*,#4033,.T.);
#4083 = FACE_BOUND('',#4084,.T.);
#4084 = EDGE_LOOP('',(#4085));
#4085 = ORIENTED_EDGE('',*,*,#4058,.F.);
#4086 = PLANE('',#4087);
#4087 = AXIS2_PLACEMENT_3D('',#4088,#4089,#4090);
#4088 = CARTESIAN_POINT('',(150.,0.,-1.176836406103E-15));
#4089 = DIRECTION('',(1.,0.,-2.22044604925E-16));
#4090 = DIRECTION('',(-2.22044604925E-16,0.,-1.));
#4091 = MANIFOLD_SOLID_BREP('',#4092);
#4092 = CLOSED_SHELL('',(#4093,#4126,#4146,#4205,#4230,#4261,#4285,#4309
    ,#4333,#4357,#4374,#4383));
#4093 = ADVANCED_FACE('',(#4094),#4121,.T.);
#4094 = FACE_BOUND('',#4095,.T.);
#4095 = EDGE_LOOP('',(#4096,#4105,#4113,#4120));
#4096 = ORIENTED_EDGE('',*,*,#4097,.F.);
#4097 = EDGE_CURVE('',#4098,#4098,#4100,.T.);
#4098 = VERTEX_POINT('',#4099);
#4099 = CARTESIAN_POINT('',(134.5,14.75,-8.5));
#4100 = CIRCLE('',#4101,3.5);
#4101 = AXIS2_PLACEMENT_3D('',#4102,#4103,#4104);
#4102 = CARTESIAN_POINT('',(134.5,14.75,-5.));
#4103 = DIRECTION('',(-1.,0.,0.));
#4104 = DIRECTION('',(0.,0.,-1.));
#4105 = ORIENTED_EDGE('',*,*,#4106,.F.);
#4106 = EDGE_CURVE('',#4107,#4098,#4109,.T.);
#4107 = VERTEX_POINT('',#4108);
#4108 = CARTESIAN_POINT('',(138.5,14.75,-8.5));
#4109 = LINE('',#4110,#4111);
#4110 = CARTESIAN_POINT('',(138.5,14.75,-8.5));
#4111 = VECTOR('',#4112,1.);
#4112 = DIRECTION('',(-1.,0.,0.));
#4113 = ORIENTED_EDGE('',*,*,#4114,.T.);
#4114 = EDGE_CURVE('',#4107,#4107,#4115,.T.);
#4115 = CIRCLE('',#4116,3.5);
#4116 = AXIS2_PLACEMENT_3D('',#4117,#4118,#4119);
#4117 = CARTESIAN_POINT('',(138.5,14.75,-5.));
#4118 = DIRECTION('',(-1.,0.,0.));
#4119 = DIRECTION('',(0.,0.,-1.));
#4120 = ORIENTED_EDGE('',*,*,#4106,.T.);
#4121 = CYLINDRICAL_SURFACE('',#4122,3.5);
#4122 = AXIS2_PLACEMENT_3D('',#4123,#4124,#4125);
#4123 = CARTESIAN_POINT('',(138.5,14.75,-5.));
#4124 = DIRECTION('',(-1.,0.,0.));
#4125 = DIRECTION('',(0.,0.,-1.));
#4126 = ADVANCED_FACE('',(#4127,#4130),#4141,.T.);
#4127 = FACE_BOUND('',#4128,.T.);
#4128 = EDGE_LOOP('',(#4129));
#4129 = ORIENTED_EDGE('',*,*,#4097,.T.);
#4130 = FACE_BOUND('',#4131,.T.);
#4131 = EDGE_LOOP('',(#4132));
#4132 = ORIENTED_EDGE('',*,*,#4133,.F.);
#4133 = EDGE_CURVE('',#4134,#4134,#4136,.T.);
#4134 = VERTEX_POINT('',#4135);
#4135 = CARTESIAN_POINT('',(134.5,14.75,-7.));
#4136 = CIRCLE('',#4137,2.);
#4137 = AXIS2_PLACEMENT_3D('',#4138,#4139,#4140);
#4138 = CARTESIAN_POINT('',(134.5,14.75,-5.));
#4139 = DIRECTION('',(-1.,0.,0.));
#4140 = DIRECTION('',(0.,0.,-1.));
#4141 = PLANE('',#4142);
#4142 = AXIS2_PLACEMENT_3D('',#4143,#4144,#4145);
#4143 = CARTESIAN_POINT('',(134.5,14.75,-5.));
#4144 = DIRECTION('',(-1.,0.,0.));
#4145 = DIRECTION('',(0.,0.,-1.));
#4146 = ADVANCED_FACE('',(#4147,#4150),#4200,.F.);
#4147 = FACE_BOUND('',#4148,.F.);
#4148 = EDGE_LOOP('',(#4149));
#4149 = ORIENTED_EDGE('',*,*,#4114,.T.);
#4150 = FACE_BOUND('',#4151,.F.);
#4151 = EDGE_LOOP('',(#4152,#4162,#4170,#4178,#4186,#4194));
#4152 = ORIENTED_EDGE('',*,*,#4153,.T.);
#4153 = EDGE_CURVE('',#4154,#4156,#4158,.T.);
#4154 = VERTEX_POINT('',#4155);
#4155 = CARTESIAN_POINT('',(138.5,13.25,-5.866025403784));
#4156 = VERTEX_POINT('',#4157);
#4157 = CARTESIAN_POINT('',(138.5,14.75,-6.732050807569));
#4158 = LINE('',#4159,#4160);
#4159 = CARTESIAN_POINT('',(138.5,14.375,-6.515544456623));
#4160 = VECTOR('',#4161,1.);
#4161 = DIRECTION('',(0.,0.866025403784,-0.5));
#4162 = ORIENTED_EDGE('',*,*,#4163,.T.);
#4163 = EDGE_CURVE('',#4156,#4164,#4166,.T.);
#4164 = VERTEX_POINT('',#4165);
#4165 = CARTESIAN_POINT('',(138.5,16.25,-5.866025403784));
#4166 = LINE('',#4167,#4168);
#4167 = CARTESIAN_POINT('',(138.5,15.875,-6.082531754731));
#4168 = VECTOR('',#4169,1.);
#4169 = DIRECTION('',(0.,0.866025403784,0.5));
#4170 = ORIENTED_EDGE('',*,*,#4171,.T.);
#4171 = EDGE_CURVE('',#4164,#4172,#4174,.T.);
#4172 = VERTEX_POINT('',#4173);
#4173 = CARTESIAN_POINT('',(138.5,16.25,-4.133974596216));
#4174 = LINE('',#4175,#4176);
#4175 = CARTESIAN_POINT('',(138.5,16.25,-4.566987298108));
#4176 = VECTOR('',#4177,1.);
#4177 = DIRECTION('',(0.,-0.,1.));
#4178 = ORIENTED_EDGE('',*,*,#4179,.T.);
#4179 = EDGE_CURVE('',#4172,#4180,#4182,.T.);
#4180 = VERTEX_POINT('',#4181);
#4181 = CARTESIAN_POINT('',(138.5,14.75,-3.267949192431));
#4182 = LINE('',#4183,#4184);
#4183 = CARTESIAN_POINT('',(138.5,15.125,-3.484455543377));
#4184 = VECTOR('',#4185,1.);
#4185 = DIRECTION('',(0.,-0.866025403784,0.5));
#4186 = ORIENTED_EDGE('',*,*,#4187,.T.);
#4187 = EDGE_CURVE('',#4180,#4188,#4190,.T.);
#4188 = VERTEX_POINT('',#4189);
#4189 = CARTESIAN_POINT('',(138.5,13.25,-4.133974596216));
#4190 = LINE('',#4191,#4192);
#4191 = CARTESIAN_POINT('',(138.5,13.625,-3.917468245269));
#4192 = VECTOR('',#4193,1.);
#4193 = DIRECTION('',(-0.,-0.866025403784,-0.5));
#4194 = ORIENTED_EDGE('',*,*,#4195,.T.);
#4195 = EDGE_CURVE('',#4188,#4154,#4196,.T.);
#4196 = LINE('',#4197,#4198);
#4197 = CARTESIAN_POINT('',(138.5,13.25,-5.433012701892));
#4198 = VECTOR('',#4199,1.);
#4199 = DIRECTION('',(-0.,0.,-1.));
#4200 = PLANE('',#4201);
#4201 = AXIS2_PLACEMENT_3D('',#4202,#4203,#4204);
#4202 = CARTESIAN_POINT('',(138.5,14.75,-5.));
#4203 = DIRECTION('',(-1.,0.,0.));
#4204 = DIRECTION('',(0.,0.,-1.));
#4205 = ADVANCED_FACE('',(#4206),#4225,.T.);
#4206 = FACE_BOUND('',#4207,.T.);
#4207 = EDGE_LOOP('',(#4208,#4217,#4223,#4224));
#4208 = ORIENTED_EDGE('',*,*,#4209,.F.);
#4209 = EDGE_CURVE('',#4210,#4210,#4212,.T.);
#4210 = VERTEX_POINT('',#4211);
#4211 = CARTESIAN_POINT('',(118.5,14.75,-7.));
#4212 = CIRCLE('',#4213,2.);
#4213 = AXIS2_PLACEMENT_3D('',#4214,#4215,#4216);
#4214 = CARTESIAN_POINT('',(118.5,14.75,-5.));
#4215 = DIRECTION('',(-1.,0.,0.));
#4216 = DIRECTION('',(0.,0.,-1.));
#4217 = ORIENTED_EDGE('',*,*,#4218,.F.);
#4218 = EDGE_CURVE('',#4134,#4210,#4219,.T.);
#4219 = LINE('',#4220,#4221);
#4220 = CARTESIAN_POINT('',(134.5,14.75,-7.));
#4221 = VECTOR('',#4222,1.);
#4222 = DIRECTION('',(-1.,0.,0.));
#4223 = ORIENTED_EDGE('',*,*,#4133,.T.);
#4224 = ORIENTED_EDGE('',*,*,#4218,.T.);
#4225 = CYLINDRICAL_SURFACE('',#4226,2.);
#4226 = AXIS2_PLACEMENT_3D('',#4227,#4228,#4229);
#4227 = CARTESIAN_POINT('',(134.5,14.75,-5.));
#4228 = DIRECTION('',(-1.,0.,0.));
#4229 = DIRECTION('',(0.,0.,-1.));
#4230 = ADVANCED_FACE('',(#4231),#4256,.T.);
#4231 = FACE_BOUND('',#4232,.T.);
#4232 = EDGE_LOOP('',(#4233,#4234,#4242,#4250));
#4233 = ORIENTED_EDGE('',*,*,#4153,.T.);
#4234 = ORIENTED_EDGE('',*,*,#4235,.T.);
#4235 = EDGE_CURVE('',#4156,#4236,#4238,.T.);
#4236 = VERTEX_POINT('',#4237);
#4237 = CARTESIAN_POINT('',(136.1,14.75,-6.732050807569));
#4238 = LINE('',#4239,#4240);
#4239 = CARTESIAN_POINT('',(138.6,14.75,-6.732050807569));
#4240 = VECTOR('',#4241,1.);
#4241 = DIRECTION('',(-1.,0.,0.));
#4242 = ORIENTED_EDGE('',*,*,#4243,.T.);
#4243 = EDGE_CURVE('',#4236,#4244,#4246,.T.);
#4244 = VERTEX_POINT('',#4245);
#4245 = CARTESIAN_POINT('',(136.1,13.25,-5.866025403784));
#4246 = LINE('',#4247,#4248);
#4247 = CARTESIAN_POINT('',(136.1,14.75,-6.732050807569));
#4248 = VECTOR('',#4249,1.);
#4249 = DIRECTION('',(0.,-0.866025403784,0.5));
#4250 = ORIENTED_EDGE('',*,*,#4251,.F.);
#4251 = EDGE_CURVE('',#4154,#4244,#4252,.T.);
#4252 = LINE('',#4253,#4254);
#4253 = CARTESIAN_POINT('',(138.6,13.25,-5.866025403784));
#4254 = VECTOR('',#4255,1.);
#4255 = DIRECTION('',(-1.,0.,0.));
#4256 = PLANE('',#4257);
#4257 = AXIS2_PLACEMENT_3D('',#4258,#4259,#4260);
#4258 = CARTESIAN_POINT('',(138.6,14.75,-6.732050807569));
#4259 = DIRECTION('',(0.,0.5,0.866025403784));
#4260 = DIRECTION('',(0.,-0.866025403784,0.5));
#4261 = ADVANCED_FACE('',(#4262),#4280,.T.);
#4262 = FACE_BOUND('',#4263,.T.);
#4263 = EDGE_LOOP('',(#4264,#4265,#4266,#4274));
#4264 = ORIENTED_EDGE('',*,*,#4195,.T.);
#4265 = ORIENTED_EDGE('',*,*,#4251,.T.);
#4266 = ORIENTED_EDGE('',*,*,#4267,.T.);
#4267 = EDGE_CURVE('',#4244,#4268,#4270,.T.);
#4268 = VERTEX_POINT('',#4269);
#4269 = CARTESIAN_POINT('',(136.1,13.25,-4.133974596216));
#4270 = LINE('',#4271,#4272);
#4271 = CARTESIAN_POINT('',(136.1,13.25,-5.866025403784));
#4272 = VECTOR('',#4273,1.);
#4273 = DIRECTION('',(0.,0.,1.));
#4274 = ORIENTED_EDGE('',*,*,#4275,.F.);
#4275 = EDGE_CURVE('',#4188,#4268,#4276,.T.);
#4276 = LINE('',#4277,#4278);
#4277 = CARTESIAN_POINT('',(138.6,13.25,-4.133974596216));
#4278 = VECTOR('',#4279,1.);
#4279 = DIRECTION('',(-1.,0.,0.));
#4280 = PLANE('',#4281);
#4281 = AXIS2_PLACEMENT_3D('',#4282,#4283,#4284);
#4282 = CARTESIAN_POINT('',(138.6,13.25,-5.866025403784));
#4283 = DIRECTION('',(0.,1.,-0.));
#4284 = DIRECTION('',(0.,0.,1.));
#4285 = ADVANCED_FACE('',(#4286),#4304,.T.);
#4286 = FACE_BOUND('',#4287,.T.);
#4287 = EDGE_LOOP('',(#4288,#4289,#4290,#4298));
#4288 = ORIENTED_EDGE('',*,*,#4187,.T.);
#4289 = ORIENTED_EDGE('',*,*,#4275,.T.);
#4290 = ORIENTED_EDGE('',*,*,#4291,.T.);
#4291 = EDGE_CURVE('',#4268,#4292,#4294,.T.);
#4292 = VERTEX_POINT('',#4293);
#4293 = CARTESIAN_POINT('',(136.1,14.75,-3.267949192431));
#4294 = LINE('',#4295,#4296);
#4295 = CARTESIAN_POINT('',(136.1,13.25,-4.133974596216));
#4296 = VECTOR('',#4297,1.);
#4297 = DIRECTION('',(0.,0.866025403784,0.5));
#4298 = ORIENTED_EDGE('',*,*,#4299,.F.);
#4299 = EDGE_CURVE('',#4180,#4292,#4300,.T.);
#4300 = LINE('',#4301,#4302);
#4301 = CARTESIAN_POINT('',(138.6,14.75,-3.267949192431));
#4302 = VECTOR('',#4303,1.);
#4303 = DIRECTION('',(-1.,0.,0.));
#4304 = PLANE('',#4305);
#4305 = AXIS2_PLACEMENT_3D('',#4306,#4307,#4308);
#4306 = CARTESIAN_POINT('',(138.6,13.25,-4.133974596216));
#4307 = DIRECTION('',(0.,0.5,-0.866025403784));
#4308 = DIRECTION('',(0.,0.866025403784,0.5));
#4309 = ADVANCED_FACE('',(#4310),#4328,.T.);
#4310 = FACE_BOUND('',#4311,.T.);
#4311 = EDGE_LOOP('',(#4312,#4313,#4314,#4322));
#4312 = ORIENTED_EDGE('',*,*,#4179,.T.);
#4313 = ORIENTED_EDGE('',*,*,#4299,.T.);
#4314 = ORIENTED_EDGE('',*,*,#4315,.T.);
#4315 = EDGE_CURVE('',#4292,#4316,#4318,.T.);
#4316 = VERTEX_POINT('',#4317);
#4317 = CARTESIAN_POINT('',(136.1,16.25,-4.133974596216));
#4318 = LINE('',#4319,#4320);
#4319 = CARTESIAN_POINT('',(136.1,14.75,-3.267949192431));
#4320 = VECTOR('',#4321,1.);
#4321 = DIRECTION('',(0.,0.866025403784,-0.5));
#4322 = ORIENTED_EDGE('',*,*,#4323,.F.);
#4323 = EDGE_CURVE('',#4172,#4316,#4324,.T.);
#4324 = LINE('',#4325,#4326);
#4325 = CARTESIAN_POINT('',(138.6,16.25,-4.133974596216));
#4326 = VECTOR('',#4327,1.);
#4327 = DIRECTION('',(-1.,0.,0.));
#4328 = PLANE('',#4329);
#4329 = AXIS2_PLACEMENT_3D('',#4330,#4331,#4332);
#4330 = CARTESIAN_POINT('',(138.6,14.75,-3.267949192431));
#4331 = DIRECTION('',(-0.,-0.5,-0.866025403784));
#4332 = DIRECTION('',(0.,0.866025403784,-0.5));
#4333 = ADVANCED_FACE('',(#4334),#4352,.T.);
#4334 = FACE_BOUND('',#4335,.T.);
#4335 = EDGE_LOOP('',(#4336,#4337,#4338,#4346));
#4336 = ORIENTED_EDGE('',*,*,#4171,.T.);
#4337 = ORIENTED_EDGE('',*,*,#4323,.T.);
#4338 = ORIENTED_EDGE('',*,*,#4339,.T.);
#4339 = EDGE_CURVE('',#4316,#4340,#4342,.T.);
#4340 = VERTEX_POINT('',#4341);
#4341 = CARTESIAN_POINT('',(136.1,16.25,-5.866025403784));
#4342 = LINE('',#4343,#4344);
#4343 = CARTESIAN_POINT('',(136.1,16.25,-4.133974596216));
#4344 = VECTOR('',#4345,1.);
#4345 = DIRECTION('',(0.,0.,-1.));
#4346 = ORIENTED_EDGE('',*,*,#4347,.F.);
#4347 = EDGE_CURVE('',#4164,#4340,#4348,.T.);
#4348 = LINE('',#4349,#4350);
#4349 = CARTESIAN_POINT('',(138.6,16.25,-5.866025403784));
#4350 = VECTOR('',#4351,1.);
#4351 = DIRECTION('',(-1.,0.,0.));
#4352 = PLANE('',#4353);
#4353 = AXIS2_PLACEMENT_3D('',#4354,#4355,#4356);
#4354 = CARTESIAN_POINT('',(138.6,16.25,-4.133974596216));
#4355 = DIRECTION('',(-0.,-1.,-0.));
#4356 = DIRECTION('',(0.,0.,-1.));
#4357 = ADVANCED_FACE('',(#4358),#4369,.T.);
#4358 = FACE_BOUND('',#4359,.T.);
#4359 = EDGE_LOOP('',(#4360,#4361,#4362,#4368));
#4360 = ORIENTED_EDGE('',*,*,#4163,.T.);
#4361 = ORIENTED_EDGE('',*,*,#4347,.T.);
#4362 = ORIENTED_EDGE('',*,*,#4363,.T.);
#4363 = EDGE_CURVE('',#4340,#4236,#4364,.T.);
#4364 = LINE('',#4365,#4366);
#4365 = CARTESIAN_POINT('',(136.1,16.25,-5.866025403784));
#4366 = VECTOR('',#4367,1.);
#4367 = DIRECTION('',(0.,-0.866025403784,-0.5));
#4368 = ORIENTED_EDGE('',*,*,#4235,.F.);
#4369 = PLANE('',#4370);
#4370 = AXIS2_PLACEMENT_3D('',#4371,#4372,#4373);
#4371 = CARTESIAN_POINT('',(138.6,16.25,-5.866025403784));
#4372 = DIRECTION('',(0.,-0.5,0.866025403784));
#4373 = DIRECTION('',(0.,-0.866025403784,-0.5));
#4374 = ADVANCED_FACE('',(#4375),#4378,.T.);
#4375 = FACE_BOUND('',#4376,.T.);
#4376 = EDGE_LOOP('',(#4377));
#4377 = ORIENTED_EDGE('',*,*,#4209,.T.);
#4378 = PLANE('',#4379);
#4379 = AXIS2_PLACEMENT_3D('',#4380,#4381,#4382);
#4380 = CARTESIAN_POINT('',(118.5,14.75,-5.));
#4381 = DIRECTION('',(-1.,0.,0.));
#4382 = DIRECTION('',(0.,0.,-1.));
#4383 = ADVANCED_FACE('',(#4384),#4392,.F.);
#4384 = FACE_BOUND('',#4385,.F.);
#4385 = EDGE_LOOP('',(#4386,#4387,#4388,#4389,#4390,#4391));
#4386 = ORIENTED_EDGE('',*,*,#4363,.T.);
#4387 = ORIENTED_EDGE('',*,*,#4243,.T.);
#4388 = ORIENTED_EDGE('',*,*,#4267,.T.);
#4389 = ORIENTED_EDGE('',*,*,#4291,.T.);
#4390 = ORIENTED_EDGE('',*,*,#4315,.T.);
#4391 = ORIENTED_EDGE('',*,*,#4339,.T.);
#4392 = PLANE('',#4393);
#4393 = AXIS2_PLACEMENT_3D('',#4394,#4395,#4396);
#4394 = CARTESIAN_POINT('',(136.1,14.75,-5.));
#4395 = DIRECTION('',(-1.,-0.,-0.));
#4396 = DIRECTION('',(0.,0.,-1.));
#4397 = MANIFOLD_SOLID_BREP('',#4398);
#4398 = CLOSED_SHELL('',(#4399,#4439,#4470,#4501,#4545,#4589,#4606,#4623
    ,#4635));
#4399 = ADVANCED_FACE('',(#4400),#4434,.F.);
#4400 = FACE_BOUND('',#4401,.F.);
#4401 = EDGE_LOOP('',(#4402,#4412,#4420,#4428));
#4402 = ORIENTED_EDGE('',*,*,#4403,.T.);
#4403 = EDGE_CURVE('',#4404,#4406,#4408,.T.);
#4404 = VERTEX_POINT('',#4405);
#4405 = CARTESIAN_POINT('',(127.,11.25,-2.979274057836));
#4406 = VERTEX_POINT('',#4407);
#4407 = CARTESIAN_POINT('',(122.,11.25,-2.979274057836));
#4408 = LINE('',#4409,#4410);
#4409 = CARTESIAN_POINT('',(127.,11.25,-2.979274057836));
#4410 = VECTOR('',#4411,1.);
#4411 = DIRECTION('',(-1.,0.,0.));
#4412 = ORIENTED_EDGE('',*,*,#4413,.T.);
#4413 = EDGE_CURVE('',#4406,#4414,#4416,.T.);
#4414 = VERTEX_POINT('',#4415);
#4415 = CARTESIAN_POINT('',(122.,14.75,-0.958548115673));
#4416 = LINE('',#4417,#4418);
#4417 = CARTESIAN_POINT('',(122.,11.25,-2.979274057836));
#4418 = VECTOR('',#4419,1.);
#4419 = DIRECTION('',(0.,0.866025403784,0.5));
#4420 = ORIENTED_EDGE('',*,*,#4421,.F.);
#4421 = EDGE_CURVE('',#4422,#4414,#4424,.T.);
#4422 = VERTEX_POINT('',#4423);
#4423 = CARTESIAN_POINT('',(127.,14.75,-0.958548115673));
#4424 = LINE('',#4425,#4426);
#4425 = CARTESIAN_POINT('',(127.,14.75,-0.958548115673));
#4426 = VECTOR('',#4427,1.);
#4427 = DIRECTION('',(-1.,0.,0.));
#4428 = ORIENTED_EDGE('',*,*,#4429,.F.);
#4429 = EDGE_CURVE('',#4404,#4422,#4430,.T.);
#4430 = LINE('',#4431,#4432);
#4431 = CARTESIAN_POINT('',(127.,11.25,-2.979274057836));
#4432 = VECTOR('',#4433,1.);
#4433 = DIRECTION('',(0.,0.866025403784,0.5));
#4434 = PLANE('',#4435);
#4435 = AXIS2_PLACEMENT_3D('',#4436,#4437,#4438);
#4436 = CARTESIAN_POINT('',(127.,11.25,-2.979274057836));
#4437 = DIRECTION('',(0.,0.5,-0.866025403784));
#4438 = DIRECTION('',(0.,0.866025403784,0.5));
#4439 = ADVANCED_FACE('',(#4440),#4465,.F.);
#4440 = FACE_BOUND('',#4441,.F.);
#4441 = EDGE_LOOP('',(#4442,#4452,#4458,#4459));
#4442 = ORIENTED_EDGE('',*,*,#4443,.T.);
#4443 = EDGE_CURVE('',#4444,#4446,#4448,.T.);
#4444 = VERTEX_POINT('',#4445);
#4445 = CARTESIAN_POINT('',(127.,11.25,-7.020725942164));
#4446 = VERTEX_POINT('',#4447);
#4447 = CARTESIAN_POINT('',(122.,11.25,-7.020725942164));
#4448 = LINE('',#4449,#4450);
#4449 = CARTESIAN_POINT('',(127.,11.25,-7.020725942164));
#4450 = VECTOR('',#4451,1.);
#4451 = DIRECTION('',(-1.,0.,0.));
#4452 = ORIENTED_EDGE('',*,*,#4453,.T.);
#4453 = EDGE_CURVE('',#4446,#4406,#4454,.T.);
#4454 = LINE('',#4455,#4456);
#4455 = CARTESIAN_POINT('',(122.,11.25,-7.020725942164));
#4456 = VECTOR('',#4457,1.);
#4457 = DIRECTION('',(0.,0.,1.));
#4458 = ORIENTED_EDGE('',*,*,#4403,.F.);
#4459 = ORIENTED_EDGE('',*,*,#4460,.F.);
#4460 = EDGE_CURVE('',#4444,#4404,#4461,.T.);
#4461 = LINE('',#4462,#4463);
#4462 = CARTESIAN_POINT('',(127.,11.25,-7.020725942164));
#4463 = VECTOR('',#4464,1.);
#4464 = DIRECTION('',(0.,0.,1.));
#4465 = PLANE('',#4466);
#4466 = AXIS2_PLACEMENT_3D('',#4467,#4468,#4469);
#4467 = CARTESIAN_POINT('',(127.,11.25,-7.020725942164));
#4468 = DIRECTION('',(0.,1.,-0.));
#4469 = DIRECTION('',(0.,0.,1.));
#4470 = ADVANCED_FACE('',(#4471),#4496,.F.);
#4471 = FACE_BOUND('',#4472,.F.);
#4472 = EDGE_LOOP('',(#4473,#4474,#4482,#4490));
#4473 = ORIENTED_EDGE('',*,*,#4421,.T.);
#4474 = ORIENTED_EDGE('',*,*,#4475,.T.);
#4475 = EDGE_CURVE('',#4414,#4476,#4478,.T.);
#4476 = VERTEX_POINT('',#4477);
#4477 = CARTESIAN_POINT('',(122.,18.25,-2.979274057836));
#4478 = LINE('',#4479,#4480);
#4479 = CARTESIAN_POINT('',(122.,14.75,-0.958548115673));
#4480 = VECTOR('',#4481,1.);
#4481 = DIRECTION('',(0.,0.866025403784,-0.5));
#4482 = ORIENTED_EDGE('',*,*,#4483,.F.);
#4483 = EDGE_CURVE('',#4484,#4476,#4486,.T.);
#4484 = VERTEX_POINT('',#4485);
#4485 = CARTESIAN_POINT('',(127.,18.25,-2.979274057836));
#4486 = LINE('',#4487,#4488);
#4487 = CARTESIAN_POINT('',(127.,18.25,-2.979274057836));
#4488 = VECTOR('',#4489,1.);
#4489 = DIRECTION('',(-1.,0.,0.));
#4490 = ORIENTED_EDGE('',*,*,#4491,.F.);
#4491 = EDGE_CURVE('',#4422,#4484,#4492,.T.);
#4492 = LINE('',#4493,#4494);
#4493 = CARTESIAN_POINT('',(127.,14.75,-0.958548115673));
#4494 = VECTOR('',#4495,1.);
#4495 = DIRECTION('',(0.,0.866025403784,-0.5));
#4496 = PLANE('',#4497);
#4497 = AXIS2_PLACEMENT_3D('',#4498,#4499,#4500);
#4498 = CARTESIAN_POINT('',(127.,14.75,-0.958548115673));
#4499 = DIRECTION('',(-0.,-0.5,-0.866025403784));
#4500 = DIRECTION('',(0.,0.866025403784,-0.5));
#4501 = ADVANCED_FACE('',(#4502,#4529),#4540,.F.);
#4502 = FACE_BOUND('',#4503,.F.);
#4503 = EDGE_LOOP('',(#4504,#4505,#4506,#4514,#4522,#4528));
#4504 = ORIENTED_EDGE('',*,*,#4429,.T.);
#4505 = ORIENTED_EDGE('',*,*,#4491,.T.);
#4506 = ORIENTED_EDGE('',*,*,#4507,.T.);
#4507 = EDGE_CURVE('',#4484,#4508,#4510,.T.);
#4508 = VERTEX_POINT('',#4509);
#4509 = CARTESIAN_POINT('',(127.,18.25,-7.020725942164));
#4510 = LINE('',#4511,#4512);
#4511 = CARTESIAN_POINT('',(127.,18.25,-2.979274057836));
#4512 = VECTOR('',#4513,1.);
#4513 = DIRECTION('',(0.,0.,-1.));
#4514 = ORIENTED_EDGE('',*,*,#4515,.T.);
#4515 = EDGE_CURVE('',#4508,#4516,#4518,.T.);
#4516 = VERTEX_POINT('',#4517);
#4517 = CARTESIAN_POINT('',(127.,14.75,-9.041451884327));
#4518 = LINE('',#4519,#4520);
#4519 = CARTESIAN_POINT('',(127.,18.25,-7.020725942164));
#4520 = VECTOR('',#4521,1.);
#4521 = DIRECTION('',(0.,-0.866025403784,-0.5));
#4522 = ORIENTED_EDGE('',*,*,#4523,.T.);
#4523 = EDGE_CURVE('',#4516,#4444,#4524,.T.);
#4524 = LINE('',#4525,#4526);
#4525 = CARTESIAN_POINT('',(127.,14.75,-9.041451884327));
#4526 = VECTOR('',#4527,1.);
#4527 = DIRECTION('',(0.,-0.866025403784,0.5));
#4528 = ORIENTED_EDGE('',*,*,#4460,.T.);
#4529 = FACE_BOUND('',#4530,.F.);
#4530 = EDGE_LOOP('',(#4531));
#4531 = ORIENTED_EDGE('',*,*,#4532,.F.);
#4532 = EDGE_CURVE('',#4533,#4533,#4535,.T.);
#4533 = VERTEX_POINT('',#4534);
#4534 = CARTESIAN_POINT('',(127.,14.75,-7.));
#4535 = CIRCLE('',#4536,2.);
#4536 = AXIS2_PLACEMENT_3D('',#4537,#4538,#4539);
#4537 = CARTESIAN_POINT('',(127.,14.75,-5.));
#4538 = DIRECTION('',(-1.,0.,0.));
#4539 = DIRECTION('',(0.,0.,-1.));
#4540 = PLANE('',#4541);
#4541 = AXIS2_PLACEMENT_3D('',#4542,#4543,#4544);
#4542 = CARTESIAN_POINT('',(127.,14.75,-5.));
#4543 = DIRECTION('',(-1.,-0.,-0.));
#4544 = DIRECTION('',(0.,0.,-1.));
#4545 = ADVANCED_FACE('',(#4546,#4573),#4584,.T.);
#4546 = FACE_BOUND('',#4547,.T.);
#4547 = EDGE_LOOP('',(#4548,#4549,#4550,#4558,#4566,#4572));
#4548 = ORIENTED_EDGE('',*,*,#4413,.T.);
#4549 = ORIENTED_EDGE('',*,*,#4475,.T.);
#4550 = ORIENTED_EDGE('',*,*,#4551,.T.);
#4551 = EDGE_CURVE('',#4476,#4552,#4554,.T.);
#4552 = VERTEX_POINT('',#4553);
#4553 = CARTESIAN_POINT('',(122.,18.25,-7.020725942164));
#4554 = LINE('',#4555,#4556);
#4555 = CARTESIAN_POINT('',(122.,18.25,-2.979274057836));
#4556 = VECTOR('',#4557,1.);
#4557 = DIRECTION('',(0.,0.,-1.));
#4558 = ORIENTED_EDGE('',*,*,#4559,.T.);
#4559 = EDGE_CURVE('',#4552,#4560,#4562,.T.);
#4560 = VERTEX_POINT('',#4561);
#4561 = CARTESIAN_POINT('',(122.,14.75,-9.041451884327));
#4562 = LINE('',#4563,#4564);
#4563 = CARTESIAN_POINT('',(122.,18.25,-7.020725942164));
#4564 = VECTOR('',#4565,1.);
#4565 = DIRECTION('',(0.,-0.866025403784,-0.5));
#4566 = ORIENTED_EDGE('',*,*,#4567,.T.);
#4567 = EDGE_CURVE('',#4560,#4446,#4568,.T.);
#4568 = LINE('',#4569,#4570);
#4569 = CARTESIAN_POINT('',(122.,14.75,-9.041451884327));
#4570 = VECTOR('',#4571,1.);
#4571 = DIRECTION('',(0.,-0.866025403784,0.5));
#4572 = ORIENTED_EDGE('',*,*,#4453,.T.);
#4573 = FACE_BOUND('',#4574,.T.);
#4574 = EDGE_LOOP('',(#4575));
#4575 = ORIENTED_EDGE('',*,*,#4576,.F.);
#4576 = EDGE_CURVE('',#4577,#4577,#4579,.T.);
#4577 = VERTEX_POINT('',#4578);
#4578 = CARTESIAN_POINT('',(122.,14.75,-7.));
#4579 = CIRCLE('',#4580,2.);
#4580 = AXIS2_PLACEMENT_3D('',#4581,#4582,#4583);
#4581 = CARTESIAN_POINT('',(122.,14.75,-5.));
#4582 = DIRECTION('',(-1.,0.,0.));
#4583 = DIRECTION('',(0.,0.,-1.));
#4584 = PLANE('',#4585);
#4585 = AXIS2_PLACEMENT_3D('',#4586,#4587,#4588);
#4586 = CARTESIAN_POINT('',(122.,14.75,-5.));
#4587 = DIRECTION('',(-1.,-0.,-0.));
#4588 = DIRECTION('',(0.,0.,-1.));
#4589 = ADVANCED_FACE('',(#4590),#4601,.F.);
#4590 = FACE_BOUND('',#4591,.F.);
#4591 = EDGE_LOOP('',(#4592,#4598,#4599,#4600));
#4592 = ORIENTED_EDGE('',*,*,#4593,.T.);
#4593 = EDGE_CURVE('',#4516,#4560,#4594,.T.);
#4594 = LINE('',#4595,#4596);
#4595 = CARTESIAN_POINT('',(127.,14.75,-9.041451884327));
#4596 = VECTOR('',#4597,1.);
#4597 = DIRECTION('',(-1.,0.,0.));
#4598 = ORIENTED_EDGE('',*,*,#4567,.T.);
#4599 = ORIENTED_EDGE('',*,*,#4443,.F.);
#4600 = ORIENTED_EDGE('',*,*,#4523,.F.);
#4601 = PLANE('',#4602);
#4602 = AXIS2_PLACEMENT_3D('',#4603,#4604,#4605);
#4603 = CARTESIAN_POINT('',(127.,14.75,-9.041451884327));
#4604 = DIRECTION('',(0.,0.5,0.866025403784));
#4605 = DIRECTION('',(0.,-0.866025403784,0.5));
#4606 = ADVANCED_FACE('',(#4607),#4618,.F.);
#4607 = FACE_BOUND('',#4608,.F.);
#4608 = EDGE_LOOP('',(#4609,#4610,#4611,#4617));
#4609 = ORIENTED_EDGE('',*,*,#4483,.T.);
#4610 = ORIENTED_EDGE('',*,*,#4551,.T.);
#4611 = ORIENTED_EDGE('',*,*,#4612,.F.);
#4612 = EDGE_CURVE('',#4508,#4552,#4613,.T.);
#4613 = LINE('',#4614,#4615);
#4614 = CARTESIAN_POINT('',(127.,18.25,-7.020725942164));
#4615 = VECTOR('',#4616,1.);
#4616 = DIRECTION('',(-1.,0.,0.));
#4617 = ORIENTED_EDGE('',*,*,#4507,.F.);
#4618 = PLANE('',#4619);
#4619 = AXIS2_PLACEMENT_3D('',#4620,#4621,#4622);
#4620 = CARTESIAN_POINT('',(127.,18.25,-2.979274057836));
#4621 = DIRECTION('',(-0.,-1.,-0.));
#4622 = DIRECTION('',(0.,0.,-1.));
#4623 = ADVANCED_FACE('',(#4624),#4630,.F.);
#4624 = FACE_BOUND('',#4625,.F.);
#4625 = EDGE_LOOP('',(#4626,#4627,#4628,#4629));
#4626 = ORIENTED_EDGE('',*,*,#4612,.T.);
#4627 = ORIENTED_EDGE('',*,*,#4559,.T.);
#4628 = ORIENTED_EDGE('',*,*,#4593,.F.);
#4629 = ORIENTED_EDGE('',*,*,#4515,.F.);
#4630 = PLANE('',#4631);
#4631 = AXIS2_PLACEMENT_3D('',#4632,#4633,#4634);
#4632 = CARTESIAN_POINT('',(127.,18.25,-7.020725942164));
#4633 = DIRECTION('',(0.,-0.5,0.866025403784));
#4634 = DIRECTION('',(0.,-0.866025403784,-0.5));
#4635 = ADVANCED_FACE('',(#4636),#4647,.F.);
#4636 = FACE_BOUND('',#4637,.F.);
#4637 = EDGE_LOOP('',(#4638,#4639,#4645,#4646));
#4638 = ORIENTED_EDGE('',*,*,#4576,.F.);
#4639 = ORIENTED_EDGE('',*,*,#4640,.F.);
#4640 = EDGE_CURVE('',#4533,#4577,#4641,.T.);
#4641 = LINE('',#4642,#4643);
#4642 = CARTESIAN_POINT('',(128.,14.75,-7.));
#4643 = VECTOR('',#4644,1.);
#4644 = DIRECTION('',(-1.,0.,0.));
#4645 = ORIENTED_EDGE('',*,*,#4532,.T.);
#4646 = ORIENTED_EDGE('',*,*,#4640,.T.);
#4647 = CYLINDRICAL_SURFACE('',#4648,2.);
#4648 = AXIS2_PLACEMENT_3D('',#4649,#4650,#4651);
#4649 = CARTESIAN_POINT('',(128.,14.75,-5.));
#4650 = DIRECTION('',(-1.,0.,0.));
#4651 = DIRECTION('',(0.,0.,-1.));
#4652 = MANIFOLD_SOLID_BREP('',#4653);
#4653 = CLOSED_SHELL('',(#4654,#4687,#4707,#4766,#4791,#4822,#4846,#4870
    ,#4894,#4918,#4935,#4944));
#4654 = ADVANCED_FACE('',(#4655),#4682,.T.);
#4655 = FACE_BOUND('',#4656,.T.);
#4656 = EDGE_LOOP('',(#4657,#4666,#4674,#4681));
#4657 = ORIENTED_EDGE('',*,*,#4658,.F.);
#4658 = EDGE_CURVE('',#4659,#4659,#4661,.T.);
#4659 = VERTEX_POINT('',#4660);
#4660 = CARTESIAN_POINT('',(134.5,14.75,1.5));
#4661 = CIRCLE('',#4662,3.5);
#4662 = AXIS2_PLACEMENT_3D('',#4663,#4664,#4665);
#4663 = CARTESIAN_POINT('',(134.5,14.75,5.));
#4664 = DIRECTION('',(-1.,0.,0.));
#4665 = DIRECTION('',(0.,0.,-1.));
#4666 = ORIENTED_EDGE('',*,*,#4667,.F.);
#4667 = EDGE_CURVE('',#4668,#4659,#4670,.T.);
#4668 = VERTEX_POINT('',#4669);
#4669 = CARTESIAN_POINT('',(138.5,14.75,1.5));
#4670 = LINE('',#4671,#4672);
#4671 = CARTESIAN_POINT('',(138.5,14.75,1.5));
#4672 = VECTOR('',#4673,1.);
#4673 = DIRECTION('',(-1.,0.,0.));
#4674 = ORIENTED_EDGE('',*,*,#4675,.T.);
#4675 = EDGE_CURVE('',#4668,#4668,#4676,.T.);
#4676 = CIRCLE('',#4677,3.5);
#4677 = AXIS2_PLACEMENT_3D('',#4678,#4679,#4680);
#4678 = CARTESIAN_POINT('',(138.5,14.75,5.));
#4679 = DIRECTION('',(-1.,0.,0.));
#4680 = DIRECTION('',(0.,0.,-1.));
#4681 = ORIENTED_EDGE('',*,*,#4667,.T.);
#4682 = CYLINDRICAL_SURFACE('',#4683,3.5);
#4683 = AXIS2_PLACEMENT_3D('',#4684,#4685,#4686);
#4684 = CARTESIAN_POINT('',(138.5,14.75,5.));
#4685 = DIRECTION('',(-1.,0.,0.));
#4686 = DIRECTION('',(0.,0.,-1.));
#4687 = ADVANCED_FACE('',(#4688,#4691),#4702,.T.);
#4688 = FACE_BOUND('',#4689,.T.);
#4689 = EDGE_LOOP('',(#4690));
#4690 = ORIENTED_EDGE('',*,*,#4658,.T.);
#4691 = FACE_BOUND('',#4692,.T.);
#4692 = EDGE_LOOP('',(#4693));
#4693 = ORIENTED_EDGE('',*,*,#4694,.F.);
#4694 = EDGE_CURVE('',#4695,#4695,#4697,.T.);
#4695 = VERTEX_POINT('',#4696);
#4696 = CARTESIAN_POINT('',(134.5,14.75,3.));
#4697 = CIRCLE('',#4698,2.);
#4698 = AXIS2_PLACEMENT_3D('',#4699,#4700,#4701);
#4699 = CARTESIAN_POINT('',(134.5,14.75,5.));
#4700 = DIRECTION('',(-1.,0.,0.));
#4701 = DIRECTION('',(0.,0.,-1.));
#4702 = PLANE('',#4703);
#4703 = AXIS2_PLACEMENT_3D('',#4704,#4705,#4706);
#4704 = CARTESIAN_POINT('',(134.5,14.75,5.));
#4705 = DIRECTION('',(-1.,0.,0.));
#4706 = DIRECTION('',(0.,0.,-1.));
#4707 = ADVANCED_FACE('',(#4708,#4711),#4761,.F.);
#4708 = FACE_BOUND('',#4709,.F.);
#4709 = EDGE_LOOP('',(#4710));
#4710 = ORIENTED_EDGE('',*,*,#4675,.T.);
#4711 = FACE_BOUND('',#4712,.F.);
#4712 = EDGE_LOOP('',(#4713,#4723,#4731,#4739,#4747,#4755));
#4713 = ORIENTED_EDGE('',*,*,#4714,.T.);
#4714 = EDGE_CURVE('',#4715,#4717,#4719,.T.);
#4715 = VERTEX_POINT('',#4716);
#4716 = CARTESIAN_POINT('',(138.5,13.25,4.133974596216));
#4717 = VERTEX_POINT('',#4718);
#4718 = CARTESIAN_POINT('',(138.5,14.75,3.267949192431));
#4719 = LINE('',#4720,#4721);
#4720 = CARTESIAN_POINT('',(138.5,14.375,3.484455543377));
#4721 = VECTOR('',#4722,1.);
#4722 = DIRECTION('',(0.,0.866025403784,-0.5));
#4723 = ORIENTED_EDGE('',*,*,#4724,.T.);
#4724 = EDGE_CURVE('',#4717,#4725,#4727,.T.);
#4725 = VERTEX_POINT('',#4726);
#4726 = CARTESIAN_POINT('',(138.5,16.25,4.133974596216));
#4727 = LINE('',#4728,#4729);
#4728 = CARTESIAN_POINT('',(138.5,15.875,3.917468245269));
#4729 = VECTOR('',#4730,1.);
#4730 = DIRECTION('',(0.,0.866025403784,0.5));
#4731 = ORIENTED_EDGE('',*,*,#4732,.T.);
#4732 = EDGE_CURVE('',#4725,#4733,#4735,.T.);
#4733 = VERTEX_POINT('',#4734);
#4734 = CARTESIAN_POINT('',(138.5,16.25,5.866025403784));
#4735 = LINE('',#4736,#4737);
#4736 = CARTESIAN_POINT('',(138.5,16.25,5.433012701892));
#4737 = VECTOR('',#4738,1.);
#4738 = DIRECTION('',(0.,-0.,1.));
#4739 = ORIENTED_EDGE('',*,*,#4740,.T.);
#4740 = EDGE_CURVE('',#4733,#4741,#4743,.T.);
#4741 = VERTEX_POINT('',#4742);
#4742 = CARTESIAN_POINT('',(138.5,14.75,6.732050807569));
#4743 = LINE('',#4744,#4745);
#4744 = CARTESIAN_POINT('',(138.5,15.125,6.515544456623));
#4745 = VECTOR('',#4746,1.);
#4746 = DIRECTION('',(0.,-0.866025403784,0.5));
#4747 = ORIENTED_EDGE('',*,*,#4748,.T.);
#4748 = EDGE_CURVE('',#4741,#4749,#4751,.T.);
#4749 = VERTEX_POINT('',#4750);
#4750 = CARTESIAN_POINT('',(138.5,13.25,5.866025403784));
#4751 = LINE('',#4752,#4753);
#4752 = CARTESIAN_POINT('',(138.5,13.625,6.082531754731));
#4753 = VECTOR('',#4754,1.);
#4754 = DIRECTION('',(-0.,-0.866025403784,-0.5));
#4755 = ORIENTED_EDGE('',*,*,#4756,.T.);
#4756 = EDGE_CURVE('',#4749,#4715,#4757,.T.);
#4757 = LINE('',#4758,#4759);
#4758 = CARTESIAN_POINT('',(138.5,13.25,4.566987298108));
#4759 = VECTOR('',#4760,1.);
#4760 = DIRECTION('',(-0.,0.,-1.));
#4761 = PLANE('',#4762);
#4762 = AXIS2_PLACEMENT_3D('',#4763,#4764,#4765);
#4763 = CARTESIAN_POINT('',(138.5,14.75,5.));
#4764 = DIRECTION('',(-1.,0.,0.));
#4765 = DIRECTION('',(0.,0.,-1.));
#4766 = ADVANCED_FACE('',(#4767),#4786,.T.);
#4767 = FACE_BOUND('',#4768,.T.);
#4768 = EDGE_LOOP('',(#4769,#4778,#4784,#4785));
#4769 = ORIENTED_EDGE('',*,*,#4770,.F.);
#4770 = EDGE_CURVE('',#4771,#4771,#4773,.T.);
#4771 = VERTEX_POINT('',#4772);
#4772 = CARTESIAN_POINT('',(118.5,14.75,3.));
#4773 = CIRCLE('',#4774,2.);
#4774 = AXIS2_PLACEMENT_3D('',#4775,#4776,#4777);
#4775 = CARTESIAN_POINT('',(118.5,14.75,5.));
#4776 = DIRECTION('',(-1.,0.,0.));
#4777 = DIRECTION('',(0.,0.,-1.));
#4778 = ORIENTED_EDGE('',*,*,#4779,.F.);
#4779 = EDGE_CURVE('',#4695,#4771,#4780,.T.);
#4780 = LINE('',#4781,#4782);
#4781 = CARTESIAN_POINT('',(134.5,14.75,3.));
#4782 = VECTOR('',#4783,1.);
#4783 = DIRECTION('',(-1.,0.,0.));
#4784 = ORIENTED_EDGE('',*,*,#4694,.T.);
#4785 = ORIENTED_EDGE('',*,*,#4779,.T.);
#4786 = CYLINDRICAL_SURFACE('',#4787,2.);
#4787 = AXIS2_PLACEMENT_3D('',#4788,#4789,#4790);
#4788 = CARTESIAN_POINT('',(134.5,14.75,5.));
#4789 = DIRECTION('',(-1.,0.,0.));
#4790 = DIRECTION('',(0.,0.,-1.));
#4791 = ADVANCED_FACE('',(#4792),#4817,.T.);
#4792 = FACE_BOUND('',#4793,.T.);
#4793 = EDGE_LOOP('',(#4794,#4795,#4803,#4811));
#4794 = ORIENTED_EDGE('',*,*,#4714,.T.);
#4795 = ORIENTED_EDGE('',*,*,#4796,.T.);
#4796 = EDGE_CURVE('',#4717,#4797,#4799,.T.);
#4797 = VERTEX_POINT('',#4798);
#4798 = CARTESIAN_POINT('',(136.1,14.75,3.267949192431));
#4799 = LINE('',#4800,#4801);
#4800 = CARTESIAN_POINT('',(138.6,14.75,3.267949192431));
#4801 = VECTOR('',#4802,1.);
#4802 = DIRECTION('',(-1.,0.,0.));
#4803 = ORIENTED_EDGE('',*,*,#4804,.T.);
#4804 = EDGE_CURVE('',#4797,#4805,#4807,.T.);
#4805 = VERTEX_POINT('',#4806);
#4806 = CARTESIAN_POINT('',(136.1,13.25,4.133974596216));
#4807 = LINE('',#4808,#4809);
#4808 = CARTESIAN_POINT('',(136.1,14.75,3.267949192431));
#4809 = VECTOR('',#4810,1.);
#4810 = DIRECTION('',(0.,-0.866025403784,0.5));
#4811 = ORIENTED_EDGE('',*,*,#4812,.F.);
#4812 = EDGE_CURVE('',#4715,#4805,#4813,.T.);
#4813 = LINE('',#4814,#4815);
#4814 = CARTESIAN_POINT('',(138.6,13.25,4.133974596216));
#4815 = VECTOR('',#4816,1.);
#4816 = DIRECTION('',(-1.,0.,0.));
#4817 = PLANE('',#4818);
#4818 = AXIS2_PLACEMENT_3D('',#4819,#4820,#4821);
#4819 = CARTESIAN_POINT('',(138.6,14.75,3.267949192431));
#4820 = DIRECTION('',(0.,0.5,0.866025403784));
#4821 = DIRECTION('',(0.,-0.866025403784,0.5));
#4822 = ADVANCED_FACE('',(#4823),#4841,.T.);
#4823 = FACE_BOUND('',#4824,.T.);
#4824 = EDGE_LOOP('',(#4825,#4826,#4827,#4835));
#4825 = ORIENTED_EDGE('',*,*,#4756,.T.);
#4826 = ORIENTED_EDGE('',*,*,#4812,.T.);
#4827 = ORIENTED_EDGE('',*,*,#4828,.T.);
#4828 = EDGE_CURVE('',#4805,#4829,#4831,.T.);
#4829 = VERTEX_POINT('',#4830);
#4830 = CARTESIAN_POINT('',(136.1,13.25,5.866025403784));
#4831 = LINE('',#4832,#4833);
#4832 = CARTESIAN_POINT('',(136.1,13.25,4.133974596216));
#4833 = VECTOR('',#4834,1.);
#4834 = DIRECTION('',(0.,0.,1.));
#4835 = ORIENTED_EDGE('',*,*,#4836,.F.);
#4836 = EDGE_CURVE('',#4749,#4829,#4837,.T.);
#4837 = LINE('',#4838,#4839);
#4838 = CARTESIAN_POINT('',(138.6,13.25,5.866025403784));
#4839 = VECTOR('',#4840,1.);
#4840 = DIRECTION('',(-1.,0.,0.));
#4841 = PLANE('',#4842);
#4842 = AXIS2_PLACEMENT_3D('',#4843,#4844,#4845);
#4843 = CARTESIAN_POINT('',(138.6,13.25,4.133974596216));
#4844 = DIRECTION('',(0.,1.,-0.));
#4845 = DIRECTION('',(0.,0.,1.));
#4846 = ADVANCED_FACE('',(#4847),#4865,.T.);
#4847 = FACE_BOUND('',#4848,.T.);
#4848 = EDGE_LOOP('',(#4849,#4850,#4851,#4859));
#4849 = ORIENTED_EDGE('',*,*,#4748,.T.);
#4850 = ORIENTED_EDGE('',*,*,#4836,.T.);
#4851 = ORIENTED_EDGE('',*,*,#4852,.T.);
#4852 = EDGE_CURVE('',#4829,#4853,#4855,.T.);
#4853 = VERTEX_POINT('',#4854);
#4854 = CARTESIAN_POINT('',(136.1,14.75,6.732050807569));
#4855 = LINE('',#4856,#4857);
#4856 = CARTESIAN_POINT('',(136.1,13.25,5.866025403784));
#4857 = VECTOR('',#4858,1.);
#4858 = DIRECTION('',(0.,0.866025403784,0.5));
#4859 = ORIENTED_EDGE('',*,*,#4860,.F.);
#4860 = EDGE_CURVE('',#4741,#4853,#4861,.T.);
#4861 = LINE('',#4862,#4863);
#4862 = CARTESIAN_POINT('',(138.6,14.75,6.732050807569));
#4863 = VECTOR('',#4864,1.);
#4864 = DIRECTION('',(-1.,0.,0.));
#4865 = PLANE('',#4866);
#4866 = AXIS2_PLACEMENT_3D('',#4867,#4868,#4869);
#4867 = CARTESIAN_POINT('',(138.6,13.25,5.866025403784));
#4868 = DIRECTION('',(0.,0.5,-0.866025403784));
#4869 = DIRECTION('',(0.,0.866025403784,0.5));
#4870 = ADVANCED_FACE('',(#4871),#4889,.T.);
#4871 = FACE_BOUND('',#4872,.T.);
#4872 = EDGE_LOOP('',(#4873,#4874,#4875,#4883));
#4873 = ORIENTED_EDGE('',*,*,#4740,.T.);
#4874 = ORIENTED_EDGE('',*,*,#4860,.T.);
#4875 = ORIENTED_EDGE('',*,*,#4876,.T.);
#4876 = EDGE_CURVE('',#4853,#4877,#4879,.T.);
#4877 = VERTEX_POINT('',#4878);
#4878 = CARTESIAN_POINT('',(136.1,16.25,5.866025403784));
#4879 = LINE('',#4880,#4881);
#4880 = CARTESIAN_POINT('',(136.1,14.75,6.732050807569));
#4881 = VECTOR('',#4882,1.);
#4882 = DIRECTION('',(0.,0.866025403784,-0.5));
#4883 = ORIENTED_EDGE('',*,*,#4884,.F.);
#4884 = EDGE_CURVE('',#4733,#4877,#4885,.T.);
#4885 = LINE('',#4886,#4887);
#4886 = CARTESIAN_POINT('',(138.6,16.25,5.866025403784));
#4887 = VECTOR('',#4888,1.);
#4888 = DIRECTION('',(-1.,0.,0.));
#4889 = PLANE('',#4890);
#4890 = AXIS2_PLACEMENT_3D('',#4891,#4892,#4893);
#4891 = CARTESIAN_POINT('',(138.6,14.75,6.732050807569));
#4892 = DIRECTION('',(-0.,-0.5,-0.866025403784));
#4893 = DIRECTION('',(0.,0.866025403784,-0.5));
#4894 = ADVANCED_FACE('',(#4895),#4913,.T.);
#4895 = FACE_BOUND('',#4896,.T.);
#4896 = EDGE_LOOP('',(#4897,#4898,#4899,#4907));
#4897 = ORIENTED_EDGE('',*,*,#4732,.T.);
#4898 = ORIENTED_EDGE('',*,*,#4884,.T.);
#4899 = ORIENTED_EDGE('',*,*,#4900,.T.);
#4900 = EDGE_CURVE('',#4877,#4901,#4903,.T.);
#4901 = VERTEX_POINT('',#4902);
#4902 = CARTESIAN_POINT('',(136.1,16.25,4.133974596216));
#4903 = LINE('',#4904,#4905);
#4904 = CARTESIAN_POINT('',(136.1,16.25,5.866025403784));
#4905 = VECTOR('',#4906,1.);
#4906 = DIRECTION('',(0.,0.,-1.));
#4907 = ORIENTED_EDGE('',*,*,#4908,.F.);
#4908 = EDGE_CURVE('',#4725,#4901,#4909,.T.);
#4909 = LINE('',#4910,#4911);
#4910 = CARTESIAN_POINT('',(138.6,16.25,4.133974596216));
#4911 = VECTOR('',#4912,1.);
#4912 = DIRECTION('',(-1.,0.,0.));
#4913 = PLANE('',#4914);
#4914 = AXIS2_PLACEMENT_3D('',#4915,#4916,#4917);
#4915 = CARTESIAN_POINT('',(138.6,16.25,5.866025403784));
#4916 = DIRECTION('',(-0.,-1.,-0.));
#4917 = DIRECTION('',(0.,0.,-1.));
#4918 = ADVANCED_FACE('',(#4919),#4930,.T.);
#4919 = FACE_BOUND('',#4920,.T.);
#4920 = EDGE_LOOP('',(#4921,#4922,#4923,#4929));
#4921 = ORIENTED_EDGE('',*,*,#4724,.T.);
#4922 = ORIENTED_EDGE('',*,*,#4908,.T.);
#4923 = ORIENTED_EDGE('',*,*,#4924,.T.);
#4924 = EDGE_CURVE('',#4901,#4797,#4925,.T.);
#4925 = LINE('',#4926,#4927);
#4926 = CARTESIAN_POINT('',(136.1,16.25,4.133974596216));
#4927 = VECTOR('',#4928,1.);
#4928 = DIRECTION('',(0.,-0.866025403784,-0.5));
#4929 = ORIENTED_EDGE('',*,*,#4796,.F.);
#4930 = PLANE('',#4931);
#4931 = AXIS2_PLACEMENT_3D('',#4932,#4933,#4934);
#4932 = CARTESIAN_POINT('',(138.6,16.25,4.133974596216));
#4933 = DIRECTION('',(0.,-0.5,0.866025403784));
#4934 = DIRECTION('',(0.,-0.866025403784,-0.5));
#4935 = ADVANCED_FACE('',(#4936),#4939,.T.);
#4936 = FACE_BOUND('',#4937,.T.);
#4937 = EDGE_LOOP('',(#4938));
#4938 = ORIENTED_EDGE('',*,*,#4770,.T.);
#4939 = PLANE('',#4940);
#4940 = AXIS2_PLACEMENT_3D('',#4941,#4942,#4943);
#4941 = CARTESIAN_POINT('',(118.5,14.75,5.));
#4942 = DIRECTION('',(-1.,0.,0.));
#4943 = DIRECTION('',(0.,0.,-1.));
#4944 = ADVANCED_FACE('',(#4945),#4953,.F.);
#4945 = FACE_BOUND('',#4946,.F.);
#4946 = EDGE_LOOP('',(#4947,#4948,#4949,#4950,#4951,#4952));
#4947 = ORIENTED_EDGE('',*,*,#4924,.T.);
#4948 = ORIENTED_EDGE('',*,*,#4804,.T.);
#4949 = ORIENTED_EDGE('',*,*,#4828,.T.);
#4950 = ORIENTED_EDGE('',*,*,#4852,.T.);
#4951 = ORIENTED_EDGE('',*,*,#4876,.T.);
#4952 = ORIENTED_EDGE('',*,*,#4900,.T.);
#4953 = PLANE('',#4954);
#4954 = AXIS2_PLACEMENT_3D('',#4955,#4956,#4957);
#4955 = CARTESIAN_POINT('',(136.1,14.75,5.));
#4956 = DIRECTION('',(-1.,-0.,-0.));
#4957 = DIRECTION('',(0.,0.,-1.));
#4958 = MANIFOLD_SOLID_BREP('',#4959);
#4959 = CLOSED_SHELL('',(#4960,#5000,#5031,#5062,#5106,#5150,#5167,#5184
    ,#5196));
#4960 = ADVANCED_FACE('',(#4961),#4995,.F.);
#4961 = FACE_BOUND('',#4962,.F.);
#4962 = EDGE_LOOP('',(#4963,#4973,#4981,#4989));
#4963 = ORIENTED_EDGE('',*,*,#4964,.T.);
#4964 = EDGE_CURVE('',#4965,#4967,#4969,.T.);
#4965 = VERTEX_POINT('',#4966);
#4966 = CARTESIAN_POINT('',(127.,11.25,7.020725942164));
#4967 = VERTEX_POINT('',#4968);
#4968 = CARTESIAN_POINT('',(122.,11.25,7.020725942164));
#4969 = LINE('',#4970,#4971);
#4970 = CARTESIAN_POINT('',(127.,11.25,7.020725942164));
#4971 = VECTOR('',#4972,1.);
#4972 = DIRECTION('',(-1.,0.,0.));
#4973 = ORIENTED_EDGE('',*,*,#4974,.T.);
#4974 = EDGE_CURVE('',#4967,#4975,#4977,.T.);
#4975 = VERTEX_POINT('',#4976);
#4976 = CARTESIAN_POINT('',(122.,14.75,9.041451884327));
#4977 = LINE('',#4978,#4979);
#4978 = CARTESIAN_POINT('',(122.,11.25,7.020725942164));
#4979 = VECTOR('',#4980,1.);
#4980 = DIRECTION('',(0.,0.866025403784,0.5));
#4981 = ORIENTED_EDGE('',*,*,#4982,.F.);
#4982 = EDGE_CURVE('',#4983,#4975,#4985,.T.);
#4983 = VERTEX_POINT('',#4984);
#4984 = CARTESIAN_POINT('',(127.,14.75,9.041451884327));
#4985 = LINE('',#4986,#4987);
#4986 = CARTESIAN_POINT('',(127.,14.75,9.041451884327));
#4987 = VECTOR('',#4988,1.);
#4988 = DIRECTION('',(-1.,0.,0.));
#4989 = ORIENTED_EDGE('',*,*,#4990,.F.);
#4990 = EDGE_CURVE('',#4965,#4983,#4991,.T.);
#4991 = LINE('',#4992,#4993);
#4992 = CARTESIAN_POINT('',(127.,11.25,7.020725942164));
#4993 = VECTOR('',#4994,1.);
#4994 = DIRECTION('',(0.,0.866025403784,0.5));
#4995 = PLANE('',#4996);
#4996 = AXIS2_PLACEMENT_3D('',#4997,#4998,#4999);
#4997 = CARTESIAN_POINT('',(127.,11.25,7.020725942164));
#4998 = DIRECTION('',(0.,0.5,-0.866025403784));
#4999 = DIRECTION('',(0.,0.866025403784,0.5));
#5000 = ADVANCED_FACE('',(#5001),#5026,.F.);
#5001 = FACE_BOUND('',#5002,.F.);
#5002 = EDGE_LOOP('',(#5003,#5013,#5019,#5020));
#5003 = ORIENTED_EDGE('',*,*,#5004,.T.);
#5004 = EDGE_CURVE('',#5005,#5007,#5009,.T.);
#5005 = VERTEX_POINT('',#5006);
#5006 = CARTESIAN_POINT('',(127.,11.25,2.979274057836));
#5007 = VERTEX_POINT('',#5008);
#5008 = CARTESIAN_POINT('',(122.,11.25,2.979274057836));
#5009 = LINE('',#5010,#5011);
#5010 = CARTESIAN_POINT('',(127.,11.25,2.979274057836));
#5011 = VECTOR('',#5012,1.);
#5012 = DIRECTION('',(-1.,0.,0.));
#5013 = ORIENTED_EDGE('',*,*,#5014,.T.);
#5014 = EDGE_CURVE('',#5007,#4967,#5015,.T.);
#5015 = LINE('',#5016,#5017);
#5016 = CARTESIAN_POINT('',(122.,11.25,2.979274057836));
#5017 = VECTOR('',#5018,1.);
#5018 = DIRECTION('',(0.,0.,1.));
#5019 = ORIENTED_EDGE('',*,*,#4964,.F.);
#5020 = ORIENTED_EDGE('',*,*,#5021,.F.);
#5021 = EDGE_CURVE('',#5005,#4965,#5022,.T.);
#5022 = LINE('',#5023,#5024);
#5023 = CARTESIAN_POINT('',(127.,11.25,2.979274057836));
#5024 = VECTOR('',#5025,1.);
#5025 = DIRECTION('',(0.,0.,1.));
#5026 = PLANE('',#5027);
#5027 = AXIS2_PLACEMENT_3D('',#5028,#5029,#5030);
#5028 = CARTESIAN_POINT('',(127.,11.25,2.979274057836));
#5029 = DIRECTION('',(0.,1.,-0.));
#5030 = DIRECTION('',(0.,0.,1.));
#5031 = ADVANCED_FACE('',(#5032),#5057,.F.);
#5032 = FACE_BOUND('',#5033,.F.);
#5033 = EDGE_LOOP('',(#5034,#5035,#5043,#5051));
#5034 = ORIENTED_EDGE('',*,*,#4982,.T.);
#5035 = ORIENTED_EDGE('',*,*,#5036,.T.);
#5036 = EDGE_CURVE('',#4975,#5037,#5039,.T.);
#5037 = VERTEX_POINT('',#5038);
#5038 = CARTESIAN_POINT('',(122.,18.25,7.020725942164));
#5039 = LINE('',#5040,#5041);
#5040 = CARTESIAN_POINT('',(122.,14.75,9.041451884327));
#5041 = VECTOR('',#5042,1.);
#5042 = DIRECTION('',(0.,0.866025403784,-0.5));
#5043 = ORIENTED_EDGE('',*,*,#5044,.F.);
#5044 = EDGE_CURVE('',#5045,#5037,#5047,.T.);
#5045 = VERTEX_POINT('',#5046);
#5046 = CARTESIAN_POINT('',(127.,18.25,7.020725942164));
#5047 = LINE('',#5048,#5049);
#5048 = CARTESIAN_POINT('',(127.,18.25,7.020725942164));
#5049 = VECTOR('',#5050,1.);
#5050 = DIRECTION('',(-1.,0.,0.));
#5051 = ORIENTED_EDGE('',*,*,#5052,.F.);
#5052 = EDGE_CURVE('',#4983,#5045,#5053,.T.);
#5053 = LINE('',#5054,#5055);
#5054 = CARTESIAN_POINT('',(127.,14.75,9.041451884327));
#5055 = VECTOR('',#5056,1.);
#5056 = DIRECTION('',(0.,0.866025403784,-0.5));
#5057 = PLANE('',#5058);
#5058 = AXIS2_PLACEMENT_3D('',#5059,#5060,#5061);
#5059 = CARTESIAN_POINT('',(127.,14.75,9.041451884327));
#5060 = DIRECTION('',(-0.,-0.5,-0.866025403784));
#5061 = DIRECTION('',(0.,0.866025403784,-0.5));
#5062 = ADVANCED_FACE('',(#5063,#5090),#5101,.F.);
#5063 = FACE_BOUND('',#5064,.F.);
#5064 = EDGE_LOOP('',(#5065,#5066,#5067,#5075,#5083,#5089));
#5065 = ORIENTED_EDGE('',*,*,#4990,.T.);
#5066 = ORIENTED_EDGE('',*,*,#5052,.T.);
#5067 = ORIENTED_EDGE('',*,*,#5068,.T.);
#5068 = EDGE_CURVE('',#5045,#5069,#5071,.T.);
#5069 = VERTEX_POINT('',#5070);
#5070 = CARTESIAN_POINT('',(127.,18.25,2.979274057836));
#5071 = LINE('',#5072,#5073);
#5072 = CARTESIAN_POINT('',(127.,18.25,7.020725942164));
#5073 = VECTOR('',#5074,1.);
#5074 = DIRECTION('',(0.,0.,-1.));
#5075 = ORIENTED_EDGE('',*,*,#5076,.T.);
#5076 = EDGE_CURVE('',#5069,#5077,#5079,.T.);
#5077 = VERTEX_POINT('',#5078);
#5078 = CARTESIAN_POINT('',(127.,14.75,0.958548115673));
#5079 = LINE('',#5080,#5081);
#5080 = CARTESIAN_POINT('',(127.,18.25,2.979274057836));
#5081 = VECTOR('',#5082,1.);
#5082 = DIRECTION('',(0.,-0.866025403784,-0.5));
#5083 = ORIENTED_EDGE('',*,*,#5084,.T.);
#5084 = EDGE_CURVE('',#5077,#5005,#5085,.T.);
#5085 = LINE('',#5086,#5087);
#5086 = CARTESIAN_POINT('',(127.,14.75,0.958548115673));
#5087 = VECTOR('',#5088,1.);
#5088 = DIRECTION('',(0.,-0.866025403784,0.5));
#5089 = ORIENTED_EDGE('',*,*,#5021,.T.);
#5090 = FACE_BOUND('',#5091,.F.);
#5091 = EDGE_LOOP('',(#5092));
#5092 = ORIENTED_EDGE('',*,*,#5093,.F.);
#5093 = EDGE_CURVE('',#5094,#5094,#5096,.T.);
#5094 = VERTEX_POINT('',#5095);
#5095 = CARTESIAN_POINT('',(127.,14.75,3.));
#5096 = CIRCLE('',#5097,2.);
#5097 = AXIS2_PLACEMENT_3D('',#5098,#5099,#5100);
#5098 = CARTESIAN_POINT('',(127.,14.75,5.));
#5099 = DIRECTION('',(-1.,0.,0.));
#5100 = DIRECTION('',(0.,0.,-1.));
#5101 = PLANE('',#5102);
#5102 = AXIS2_PLACEMENT_3D('',#5103,#5104,#5105);
#5103 = CARTESIAN_POINT('',(127.,14.75,5.));
#5104 = DIRECTION('',(-1.,-0.,-0.));
#5105 = DIRECTION('',(0.,0.,-1.));
#5106 = ADVANCED_FACE('',(#5107,#5134),#5145,.T.);
#5107 = FACE_BOUND('',#5108,.T.);
#5108 = EDGE_LOOP('',(#5109,#5110,#5111,#5119,#5127,#5133));
#5109 = ORIENTED_EDGE('',*,*,#4974,.T.);
#5110 = ORIENTED_EDGE('',*,*,#5036,.T.);
#5111 = ORIENTED_EDGE('',*,*,#5112,.T.);
#5112 = EDGE_CURVE('',#5037,#5113,#5115,.T.);
#5113 = VERTEX_POINT('',#5114);
#5114 = CARTESIAN_POINT('',(122.,18.25,2.979274057836));
#5115 = LINE('',#5116,#5117);
#5116 = CARTESIAN_POINT('',(122.,18.25,7.020725942164));
#5117 = VECTOR('',#5118,1.);
#5118 = DIRECTION('',(0.,0.,-1.));
#5119 = ORIENTED_EDGE('',*,*,#5120,.T.);
#5120 = EDGE_CURVE('',#5113,#5121,#5123,.T.);
#5121 = VERTEX_POINT('',#5122);
#5122 = CARTESIAN_POINT('',(122.,14.75,0.958548115673));
#5123 = LINE('',#5124,#5125);
#5124 = CARTESIAN_POINT('',(122.,18.25,2.979274057836));
#5125 = VECTOR('',#5126,1.);
#5126 = DIRECTION('',(0.,-0.866025403784,-0.5));
#5127 = ORIENTED_EDGE('',*,*,#5128,.T.);
#5128 = EDGE_CURVE('',#5121,#5007,#5129,.T.);
#5129 = LINE('',#5130,#5131);
#5130 = CARTESIAN_POINT('',(122.,14.75,0.958548115673));
#5131 = VECTOR('',#5132,1.);
#5132 = DIRECTION('',(0.,-0.866025403784,0.5));
#5133 = ORIENTED_EDGE('',*,*,#5014,.T.);
#5134 = FACE_BOUND('',#5135,.T.);
#5135 = EDGE_LOOP('',(#5136));
#5136 = ORIENTED_EDGE('',*,*,#5137,.F.);
#5137 = EDGE_CURVE('',#5138,#5138,#5140,.T.);
#5138 = VERTEX_POINT('',#5139);
#5139 = CARTESIAN_POINT('',(122.,14.75,3.));
#5140 = CIRCLE('',#5141,2.);
#5141 = AXIS2_PLACEMENT_3D('',#5142,#5143,#5144);
#5142 = CARTESIAN_POINT('',(122.,14.75,5.));
#5143 = DIRECTION('',(-1.,0.,0.));
#5144 = DIRECTION('',(0.,0.,-1.));
#5145 = PLANE('',#5146);
#5146 = AXIS2_PLACEMENT_3D('',#5147,#5148,#5149);
#5147 = CARTESIAN_POINT('',(122.,14.75,5.));
#5148 = DIRECTION('',(-1.,-0.,-0.));
#5149 = DIRECTION('',(0.,0.,-1.));
#5150 = ADVANCED_FACE('',(#5151),#5162,.F.);
#5151 = FACE_BOUND('',#5152,.F.);
#5152 = EDGE_LOOP('',(#5153,#5159,#5160,#5161));
#5153 = ORIENTED_EDGE('',*,*,#5154,.T.);
#5154 = EDGE_CURVE('',#5077,#5121,#5155,.T.);
#5155 = LINE('',#5156,#5157);
#5156 = CARTESIAN_POINT('',(127.,14.75,0.958548115673));
#5157 = VECTOR('',#5158,1.);
#5158 = DIRECTION('',(-1.,0.,0.));
#5159 = ORIENTED_EDGE('',*,*,#5128,.T.);
#5160 = ORIENTED_EDGE('',*,*,#5004,.F.);
#5161 = ORIENTED_EDGE('',*,*,#5084,.F.);
#5162 = PLANE('',#5163);
#5163 = AXIS2_PLACEMENT_3D('',#5164,#5165,#5166);
#5164 = CARTESIAN_POINT('',(127.,14.75,0.958548115673));
#5165 = DIRECTION('',(0.,0.5,0.866025403784));
#5166 = DIRECTION('',(0.,-0.866025403784,0.5));
#5167 = ADVANCED_FACE('',(#5168),#5179,.F.);
#5168 = FACE_BOUND('',#5169,.F.);
#5169 = EDGE_LOOP('',(#5170,#5171,#5172,#5178));
#5170 = ORIENTED_EDGE('',*,*,#5044,.T.);
#5171 = ORIENTED_EDGE('',*,*,#5112,.T.);
#5172 = ORIENTED_EDGE('',*,*,#5173,.F.);
#5173 = EDGE_CURVE('',#5069,#5113,#5174,.T.);
#5174 = LINE('',#5175,#5176);
#5175 = CARTESIAN_POINT('',(127.,18.25,2.979274057836));
#5176 = VECTOR('',#5177,1.);
#5177 = DIRECTION('',(-1.,0.,0.));
#5178 = ORIENTED_EDGE('',*,*,#5068,.F.);
#5179 = PLANE('',#5180);
#5180 = AXIS2_PLACEMENT_3D('',#5181,#5182,#5183);
#5181 = CARTESIAN_POINT('',(127.,18.25,7.020725942164));
#5182 = DIRECTION('',(-0.,-1.,-0.));
#5183 = DIRECTION('',(0.,0.,-1.));
#5184 = ADVANCED_FACE('',(#5185),#5191,.F.);
#5185 = FACE_BOUND('',#5186,.F.);
#5186 = EDGE_LOOP('',(#5187,#5188,#5189,#5190));
#5187 = ORIENTED_EDGE('',*,*,#5173,.T.);
#5188 = ORIENTED_EDGE('',*,*,#5120,.T.);
#5189 = ORIENTED_EDGE('',*,*,#5154,.F.);
#5190 = ORIENTED_EDGE('',*,*,#5076,.F.);
#5191 = PLANE('',#5192);
#5192 = AXIS2_PLACEMENT_3D('',#5193,#5194,#5195);
#5193 = CARTESIAN_POINT('',(127.,18.25,2.979274057836));
#5194 = DIRECTION('',(0.,-0.5,0.866025403784));
#5195 = DIRECTION('',(0.,-0.866025403784,-0.5));
#5196 = ADVANCED_FACE('',(#5197),#5208,.F.);
#5197 = FACE_BOUND('',#5198,.F.);
#5198 = EDGE_LOOP('',(#5199,#5200,#5206,#5207));
#5199 = ORIENTED_EDGE('',*,*,#5137,.F.);
#5200 = ORIENTED_EDGE('',*,*,#5201,.F.);
#5201 = EDGE_CURVE('',#5094,#5138,#5202,.T.);
#5202 = LINE('',#5203,#5204);
#5203 = CARTESIAN_POINT('',(128.,14.75,3.));
#5204 = VECTOR('',#5205,1.);
#5205 = DIRECTION('',(-1.,0.,0.));
#5206 = ORIENTED_EDGE('',*,*,#5093,.T.);
#5207 = ORIENTED_EDGE('',*,*,#5201,.T.);
#5208 = CYLINDRICAL_SURFACE('',#5209,2.);
#5209 = AXIS2_PLACEMENT_3D('',#5210,#5211,#5212);
#5210 = CARTESIAN_POINT('',(128.,14.75,5.));
#5211 = DIRECTION('',(-1.,0.,0.));
#5212 = DIRECTION('',(0.,0.,-1.));
#5213 = MANIFOLD_SOLID_BREP('',#5214);
#5214 = CLOSED_SHELL('',(#5215,#5248,#5268,#5327,#5352,#5383,#5407,#5431
    ,#5455,#5479,#5496,#5505));
#5215 = ADVANCED_FACE('',(#5216),#5243,.T.);
#5216 = FACE_BOUND('',#5217,.T.);
#5217 = EDGE_LOOP('',(#5218,#5227,#5235,#5242));
#5218 = ORIENTED_EDGE('',*,*,#5219,.F.);
#5219 = EDGE_CURVE('',#5220,#5220,#5222,.T.);
#5220 = VERTEX_POINT('',#5221);
#5221 = CARTESIAN_POINT('',(134.5,-34.75,-8.5));
#5222 = CIRCLE('',#5223,3.5);
#5223 = AXIS2_PLACEMENT_3D('',#5224,#5225,#5226);
#5224 = CARTESIAN_POINT('',(134.5,-34.75,-5.));
#5225 = DIRECTION('',(-1.,0.,0.));
#5226 = DIRECTION('',(0.,0.,-1.));
#5227 = ORIENTED_EDGE('',*,*,#5228,.F.);
#5228 = EDGE_CURVE('',#5229,#5220,#5231,.T.);
#5229 = VERTEX_POINT('',#5230);
#5230 = CARTESIAN_POINT('',(138.5,-34.75,-8.5));
#5231 = LINE('',#5232,#5233);
#5232 = CARTESIAN_POINT('',(138.5,-34.75,-8.5));
#5233 = VECTOR('',#5234,1.);
#5234 = DIRECTION('',(-1.,0.,0.));
#5235 = ORIENTED_EDGE('',*,*,#5236,.T.);
#5236 = EDGE_CURVE('',#5229,#5229,#5237,.T.);
#5237 = CIRCLE('',#5238,3.5);
#5238 = AXIS2_PLACEMENT_3D('',#5239,#5240,#5241);
#5239 = CARTESIAN_POINT('',(138.5,-34.75,-5.));
#5240 = DIRECTION('',(-1.,0.,0.));
#5241 = DIRECTION('',(0.,0.,-1.));
#5242 = ORIENTED_EDGE('',*,*,#5228,.T.);
#5243 = CYLINDRICAL_SURFACE('',#5244,3.5);
#5244 = AXIS2_PLACEMENT_3D('',#5245,#5246,#5247);
#5245 = CARTESIAN_POINT('',(138.5,-34.75,-5.));
#5246 = DIRECTION('',(-1.,0.,0.));
#5247 = DIRECTION('',(0.,0.,-1.));
#5248 = ADVANCED_FACE('',(#5249,#5252),#5263,.T.);
#5249 = FACE_BOUND('',#5250,.T.);
#5250 = EDGE_LOOP('',(#5251));
#5251 = ORIENTED_EDGE('',*,*,#5219,.T.);
#5252 = FACE_BOUND('',#5253,.T.);
#5253 = EDGE_LOOP('',(#5254));
#5254 = ORIENTED_EDGE('',*,*,#5255,.F.);
#5255 = EDGE_CURVE('',#5256,#5256,#5258,.T.);
#5256 = VERTEX_POINT('',#5257);
#5257 = CARTESIAN_POINT('',(134.5,-34.75,-7.));
#5258 = CIRCLE('',#5259,2.);
#5259 = AXIS2_PLACEMENT_3D('',#5260,#5261,#5262);
#5260 = CARTESIAN_POINT('',(134.5,-34.75,-5.));
#5261 = DIRECTION('',(-1.,0.,0.));
#5262 = DIRECTION('',(0.,0.,-1.));
#5263 = PLANE('',#5264);
#5264 = AXIS2_PLACEMENT_3D('',#5265,#5266,#5267);
#5265 = CARTESIAN_POINT('',(134.5,-34.75,-5.));
#5266 = DIRECTION('',(-1.,0.,0.));
#5267 = DIRECTION('',(0.,0.,-1.));
#5268 = ADVANCED_FACE('',(#5269,#5272),#5322,.F.);
#5269 = FACE_BOUND('',#5270,.F.);
#5270 = EDGE_LOOP('',(#5271));
#5271 = ORIENTED_EDGE('',*,*,#5236,.T.);
#5272 = FACE_BOUND('',#5273,.F.);
#5273 = EDGE_LOOP('',(#5274,#5284,#5292,#5300,#5308,#5316));
#5274 = ORIENTED_EDGE('',*,*,#5275,.T.);
#5275 = EDGE_CURVE('',#5276,#5278,#5280,.T.);
#5276 = VERTEX_POINT('',#5277);
#5277 = CARTESIAN_POINT('',(138.5,-36.25,-5.866025403784));
#5278 = VERTEX_POINT('',#5279);
#5279 = CARTESIAN_POINT('',(138.5,-34.75,-6.732050807569));
#5280 = LINE('',#5281,#5282);
#5281 = CARTESIAN_POINT('',(138.5,-35.125,-6.515544456623));
#5282 = VECTOR('',#5283,1.);
#5283 = DIRECTION('',(0.,0.866025403784,-0.5));
#5284 = ORIENTED_EDGE('',*,*,#5285,.T.);
#5285 = EDGE_CURVE('',#5278,#5286,#5288,.T.);
#5286 = VERTEX_POINT('',#5287);
#5287 = CARTESIAN_POINT('',(138.5,-33.25,-5.866025403784));
#5288 = LINE('',#5289,#5290);
#5289 = CARTESIAN_POINT('',(138.5,-33.625,-6.082531754731));
#5290 = VECTOR('',#5291,1.);
#5291 = DIRECTION('',(0.,0.866025403784,0.5));
#5292 = ORIENTED_EDGE('',*,*,#5293,.T.);
#5293 = EDGE_CURVE('',#5286,#5294,#5296,.T.);
#5294 = VERTEX_POINT('',#5295);
#5295 = CARTESIAN_POINT('',(138.5,-33.25,-4.133974596216));
#5296 = LINE('',#5297,#5298);
#5297 = CARTESIAN_POINT('',(138.5,-33.25,-4.566987298108));
#5298 = VECTOR('',#5299,1.);
#5299 = DIRECTION('',(0.,-0.,1.));
#5300 = ORIENTED_EDGE('',*,*,#5301,.T.);
#5301 = EDGE_CURVE('',#5294,#5302,#5304,.T.);
#5302 = VERTEX_POINT('',#5303);
#5303 = CARTESIAN_POINT('',(138.5,-34.75,-3.267949192431));
#5304 = LINE('',#5305,#5306);
#5305 = CARTESIAN_POINT('',(138.5,-34.375,-3.484455543377));
#5306 = VECTOR('',#5307,1.);
#5307 = DIRECTION('',(0.,-0.866025403784,0.5));
#5308 = ORIENTED_EDGE('',*,*,#5309,.T.);
#5309 = EDGE_CURVE('',#5302,#5310,#5312,.T.);
#5310 = VERTEX_POINT('',#5311);
#5311 = CARTESIAN_POINT('',(138.5,-36.25,-4.133974596216));
#5312 = LINE('',#5313,#5314);
#5313 = CARTESIAN_POINT('',(138.5,-35.875,-3.917468245269));
#5314 = VECTOR('',#5315,1.);
#5315 = DIRECTION('',(-0.,-0.866025403784,-0.5));
#5316 = ORIENTED_EDGE('',*,*,#5317,.T.);
#5317 = EDGE_CURVE('',#5310,#5276,#5318,.T.);
#5318 = LINE('',#5319,#5320);
#5319 = CARTESIAN_POINT('',(138.5,-36.25,-5.433012701892));
#5320 = VECTOR('',#5321,1.);
#5321 = DIRECTION('',(-0.,0.,-1.));
#5322 = PLANE('',#5323);
#5323 = AXIS2_PLACEMENT_3D('',#5324,#5325,#5326);
#5324 = CARTESIAN_POINT('',(138.5,-34.75,-5.));
#5325 = DIRECTION('',(-1.,0.,0.));
#5326 = DIRECTION('',(0.,0.,-1.));
#5327 = ADVANCED_FACE('',(#5328),#5347,.T.);
#5328 = FACE_BOUND('',#5329,.T.);
#5329 = EDGE_LOOP('',(#5330,#5339,#5345,#5346));
#5330 = ORIENTED_EDGE('',*,*,#5331,.F.);
#5331 = EDGE_CURVE('',#5332,#5332,#5334,.T.);
#5332 = VERTEX_POINT('',#5333);
#5333 = CARTESIAN_POINT('',(118.5,-34.75,-7.));
#5334 = CIRCLE('',#5335,2.);
#5335 = AXIS2_PLACEMENT_3D('',#5336,#5337,#5338);
#5336 = CARTESIAN_POINT('',(118.5,-34.75,-5.));
#5337 = DIRECTION('',(-1.,0.,0.));
#5338 = DIRECTION('',(0.,0.,-1.));
#5339 = ORIENTED_EDGE('',*,*,#5340,.F.);
#5340 = EDGE_CURVE('',#5256,#5332,#5341,.T.);
#5341 = LINE('',#5342,#5343);
#5342 = CARTESIAN_POINT('',(134.5,-34.75,-7.));
#5343 = VECTOR('',#5344,1.);
#5344 = DIRECTION('',(-1.,0.,0.));
#5345 = ORIENTED_EDGE('',*,*,#5255,.T.);
#5346 = ORIENTED_EDGE('',*,*,#5340,.T.);
#5347 = CYLINDRICAL_SURFACE('',#5348,2.);
#5348 = AXIS2_PLACEMENT_3D('',#5349,#5350,#5351);
#5349 = CARTESIAN_POINT('',(134.5,-34.75,-5.));
#5350 = DIRECTION('',(-1.,0.,0.));
#5351 = DIRECTION('',(0.,0.,-1.));
#5352 = ADVANCED_FACE('',(#5353),#5378,.T.);
#5353 = FACE_BOUND('',#5354,.T.);
#5354 = EDGE_LOOP('',(#5355,#5356,#5364,#5372));
#5355 = ORIENTED_EDGE('',*,*,#5275,.T.);
#5356 = ORIENTED_EDGE('',*,*,#5357,.T.);
#5357 = EDGE_CURVE('',#5278,#5358,#5360,.T.);
#5358 = VERTEX_POINT('',#5359);
#5359 = CARTESIAN_POINT('',(136.1,-34.75,-6.732050807569));
#5360 = LINE('',#5361,#5362);
#5361 = CARTESIAN_POINT('',(138.6,-34.75,-6.732050807569));
#5362 = VECTOR('',#5363,1.);
#5363 = DIRECTION('',(-1.,0.,0.));
#5364 = ORIENTED_EDGE('',*,*,#5365,.T.);
#5365 = EDGE_CURVE('',#5358,#5366,#5368,.T.);
#5366 = VERTEX_POINT('',#5367);
#5367 = CARTESIAN_POINT('',(136.1,-36.25,-5.866025403784));
#5368 = LINE('',#5369,#5370);
#5369 = CARTESIAN_POINT('',(136.1,-34.75,-6.732050807569));
#5370 = VECTOR('',#5371,1.);
#5371 = DIRECTION('',(0.,-0.866025403784,0.5));
#5372 = ORIENTED_EDGE('',*,*,#5373,.F.);
#5373 = EDGE_CURVE('',#5276,#5366,#5374,.T.);
#5374 = LINE('',#5375,#5376);
#5375 = CARTESIAN_POINT('',(138.6,-36.25,-5.866025403784));
#5376 = VECTOR('',#5377,1.);
#5377 = DIRECTION('',(-1.,0.,0.));
#5378 = PLANE('',#5379);
#5379 = AXIS2_PLACEMENT_3D('',#5380,#5381,#5382);
#5380 = CARTESIAN_POINT('',(138.6,-34.75,-6.732050807569));
#5381 = DIRECTION('',(0.,0.5,0.866025403784));
#5382 = DIRECTION('',(0.,-0.866025403784,0.5));
#5383 = ADVANCED_FACE('',(#5384),#5402,.T.);
#5384 = FACE_BOUND('',#5385,.T.);
#5385 = EDGE_LOOP('',(#5386,#5387,#5388,#5396));
#5386 = ORIENTED_EDGE('',*,*,#5317,.T.);
#5387 = ORIENTED_EDGE('',*,*,#5373,.T.);
#5388 = ORIENTED_EDGE('',*,*,#5389,.T.);
#5389 = EDGE_CURVE('',#5366,#5390,#5392,.T.);
#5390 = VERTEX_POINT('',#5391);
#5391 = CARTESIAN_POINT('',(136.1,-36.25,-4.133974596216));
#5392 = LINE('',#5393,#5394);
#5393 = CARTESIAN_POINT('',(136.1,-36.25,-5.866025403784));
#5394 = VECTOR('',#5395,1.);
#5395 = DIRECTION('',(0.,0.,1.));
#5396 = ORIENTED_EDGE('',*,*,#5397,.F.);
#5397 = EDGE_CURVE('',#5310,#5390,#5398,.T.);
#5398 = LINE('',#5399,#5400);
#5399 = CARTESIAN_POINT('',(138.6,-36.25,-4.133974596216));
#5400 = VECTOR('',#5401,1.);
#5401 = DIRECTION('',(-1.,0.,0.));
#5402 = PLANE('',#5403);
#5403 = AXIS2_PLACEMENT_3D('',#5404,#5405,#5406);
#5404 = CARTESIAN_POINT('',(138.6,-36.25,-5.866025403784));
#5405 = DIRECTION('',(0.,1.,-0.));
#5406 = DIRECTION('',(0.,0.,1.));
#5407 = ADVANCED_FACE('',(#5408),#5426,.T.);
#5408 = FACE_BOUND('',#5409,.T.);
#5409 = EDGE_LOOP('',(#5410,#5411,#5412,#5420));
#5410 = ORIENTED_EDGE('',*,*,#5309,.T.);
#5411 = ORIENTED_EDGE('',*,*,#5397,.T.);
#5412 = ORIENTED_EDGE('',*,*,#5413,.T.);
#5413 = EDGE_CURVE('',#5390,#5414,#5416,.T.);
#5414 = VERTEX_POINT('',#5415);
#5415 = CARTESIAN_POINT('',(136.1,-34.75,-3.267949192431));
#5416 = LINE('',#5417,#5418);
#5417 = CARTESIAN_POINT('',(136.1,-36.25,-4.133974596216));
#5418 = VECTOR('',#5419,1.);
#5419 = DIRECTION('',(0.,0.866025403784,0.5));
#5420 = ORIENTED_EDGE('',*,*,#5421,.F.);
#5421 = EDGE_CURVE('',#5302,#5414,#5422,.T.);
#5422 = LINE('',#5423,#5424);
#5423 = CARTESIAN_POINT('',(138.6,-34.75,-3.267949192431));
#5424 = VECTOR('',#5425,1.);
#5425 = DIRECTION('',(-1.,0.,0.));
#5426 = PLANE('',#5427);
#5427 = AXIS2_PLACEMENT_3D('',#5428,#5429,#5430);
#5428 = CARTESIAN_POINT('',(138.6,-36.25,-4.133974596216));
#5429 = DIRECTION('',(0.,0.5,-0.866025403784));
#5430 = DIRECTION('',(0.,0.866025403784,0.5));
#5431 = ADVANCED_FACE('',(#5432),#5450,.T.);
#5432 = FACE_BOUND('',#5433,.T.);
#5433 = EDGE_LOOP('',(#5434,#5435,#5436,#5444));
#5434 = ORIENTED_EDGE('',*,*,#5301,.T.);
#5435 = ORIENTED_EDGE('',*,*,#5421,.T.);
#5436 = ORIENTED_EDGE('',*,*,#5437,.T.);
#5437 = EDGE_CURVE('',#5414,#5438,#5440,.T.);
#5438 = VERTEX_POINT('',#5439);
#5439 = CARTESIAN_POINT('',(136.1,-33.25,-4.133974596216));
#5440 = LINE('',#5441,#5442);
#5441 = CARTESIAN_POINT('',(136.1,-34.75,-3.267949192431));
#5442 = VECTOR('',#5443,1.);
#5443 = DIRECTION('',(0.,0.866025403784,-0.5));
#5444 = ORIENTED_EDGE('',*,*,#5445,.F.);
#5445 = EDGE_CURVE('',#5294,#5438,#5446,.T.);
#5446 = LINE('',#5447,#5448);
#5447 = CARTESIAN_POINT('',(138.6,-33.25,-4.133974596216));
#5448 = VECTOR('',#5449,1.);
#5449 = DIRECTION('',(-1.,0.,0.));
#5450 = PLANE('',#5451);
#5451 = AXIS2_PLACEMENT_3D('',#5452,#5453,#5454);
#5452 = CARTESIAN_POINT('',(138.6,-34.75,-3.267949192431));
#5453 = DIRECTION('',(-0.,-0.5,-0.866025403784));
#5454 = DIRECTION('',(0.,0.866025403784,-0.5));
#5455 = ADVANCED_FACE('',(#5456),#5474,.T.);
#5456 = FACE_BOUND('',#5457,.T.);
#5457 = EDGE_LOOP('',(#5458,#5459,#5460,#5468));
#5458 = ORIENTED_EDGE('',*,*,#5293,.T.);
#5459 = ORIENTED_EDGE('',*,*,#5445,.T.);
#5460 = ORIENTED_EDGE('',*,*,#5461,.T.);
#5461 = EDGE_CURVE('',#5438,#5462,#5464,.T.);
#5462 = VERTEX_POINT('',#5463);
#5463 = CARTESIAN_POINT('',(136.1,-33.25,-5.866025403784));
#5464 = LINE('',#5465,#5466);
#5465 = CARTESIAN_POINT('',(136.1,-33.25,-4.133974596216));
#5466 = VECTOR('',#5467,1.);
#5467 = DIRECTION('',(0.,0.,-1.));
#5468 = ORIENTED_EDGE('',*,*,#5469,.F.);
#5469 = EDGE_CURVE('',#5286,#5462,#5470,.T.);
#5470 = LINE('',#5471,#5472);
#5471 = CARTESIAN_POINT('',(138.6,-33.25,-5.866025403784));
#5472 = VECTOR('',#5473,1.);
#5473 = DIRECTION('',(-1.,0.,0.));
#5474 = PLANE('',#5475);
#5475 = AXIS2_PLACEMENT_3D('',#5476,#5477,#5478);
#5476 = CARTESIAN_POINT('',(138.6,-33.25,-4.133974596216));
#5477 = DIRECTION('',(-0.,-1.,-0.));
#5478 = DIRECTION('',(0.,0.,-1.));
#5479 = ADVANCED_FACE('',(#5480),#5491,.T.);
#5480 = FACE_BOUND('',#5481,.T.);
#5481 = EDGE_LOOP('',(#5482,#5483,#5484,#5490));
#5482 = ORIENTED_EDGE('',*,*,#5285,.T.);
#5483 = ORIENTED_EDGE('',*,*,#5469,.T.);
#5484 = ORIENTED_EDGE('',*,*,#5485,.T.);
#5485 = EDGE_CURVE('',#5462,#5358,#5486,.T.);
#5486 = LINE('',#5487,#5488);
#5487 = CARTESIAN_POINT('',(136.1,-33.25,-5.866025403784));
#5488 = VECTOR('',#5489,1.);
#5489 = DIRECTION('',(0.,-0.866025403784,-0.5));
#5490 = ORIENTED_EDGE('',*,*,#5357,.F.);
#5491 = PLANE('',#5492);
#5492 = AXIS2_PLACEMENT_3D('',#5493,#5494,#5495);
#5493 = CARTESIAN_POINT('',(138.6,-33.25,-5.866025403784));
#5494 = DIRECTION('',(0.,-0.5,0.866025403784));
#5495 = DIRECTION('',(0.,-0.866025403784,-0.5));
#5496 = ADVANCED_FACE('',(#5497),#5500,.T.);
#5497 = FACE_BOUND('',#5498,.T.);
#5498 = EDGE_LOOP('',(#5499));
#5499 = ORIENTED_EDGE('',*,*,#5331,.T.);
#5500 = PLANE('',#5501);
#5501 = AXIS2_PLACEMENT_3D('',#5502,#5503,#5504);
#5502 = CARTESIAN_POINT('',(118.5,-34.75,-5.));
#5503 = DIRECTION('',(-1.,0.,0.));
#5504 = DIRECTION('',(0.,0.,-1.));
#5505 = ADVANCED_FACE('',(#5506),#5514,.F.);
#5506 = FACE_BOUND('',#5507,.F.);
#5507 = EDGE_LOOP('',(#5508,#5509,#5510,#5511,#5512,#5513));
#5508 = ORIENTED_EDGE('',*,*,#5485,.T.);
#5509 = ORIENTED_EDGE('',*,*,#5365,.T.);
#5510 = ORIENTED_EDGE('',*,*,#5389,.T.);
#5511 = ORIENTED_EDGE('',*,*,#5413,.T.);
#5512 = ORIENTED_EDGE('',*,*,#5437,.T.);
#5513 = ORIENTED_EDGE('',*,*,#5461,.T.);
#5514 = PLANE('',#5515);
#5515 = AXIS2_PLACEMENT_3D('',#5516,#5517,#5518);
#5516 = CARTESIAN_POINT('',(136.1,-34.75,-5.));
#5517 = DIRECTION('',(-1.,-0.,-0.));
#5518 = DIRECTION('',(0.,0.,-1.));
#5519 = MANIFOLD_SOLID_BREP('',#5520);
#5520 = CLOSED_SHELL('',(#5521,#5561,#5592,#5623,#5667,#5711,#5728,#5745
    ,#5757));
#5521 = ADVANCED_FACE('',(#5522),#5556,.F.);
#5522 = FACE_BOUND('',#5523,.F.);
#5523 = EDGE_LOOP('',(#5524,#5534,#5542,#5550));
#5524 = ORIENTED_EDGE('',*,*,#5525,.T.);
#5525 = EDGE_CURVE('',#5526,#5528,#5530,.T.);
#5526 = VERTEX_POINT('',#5527);
#5527 = CARTESIAN_POINT('',(127.,-31.25,-7.020725942164));
#5528 = VERTEX_POINT('',#5529);
#5529 = CARTESIAN_POINT('',(122.,-31.25,-7.020725942164));
#5530 = LINE('',#5531,#5532);
#5531 = CARTESIAN_POINT('',(127.,-31.25,-7.020725942164));
#5532 = VECTOR('',#5533,1.);
#5533 = DIRECTION('',(-1.,0.,0.));
#5534 = ORIENTED_EDGE('',*,*,#5535,.T.);
#5535 = EDGE_CURVE('',#5528,#5536,#5538,.T.);
#5536 = VERTEX_POINT('',#5537);
#5537 = CARTESIAN_POINT('',(122.,-34.75,-9.041451884327));
#5538 = LINE('',#5539,#5540);
#5539 = CARTESIAN_POINT('',(122.,-31.25,-7.020725942164));
#5540 = VECTOR('',#5541,1.);
#5541 = DIRECTION('',(0.,-0.866025403784,-0.5));
#5542 = ORIENTED_EDGE('',*,*,#5543,.F.);
#5543 = EDGE_CURVE('',#5544,#5536,#5546,.T.);
#5544 = VERTEX_POINT('',#5545);
#5545 = CARTESIAN_POINT('',(127.,-34.75,-9.041451884327));
#5546 = LINE('',#5547,#5548);
#5547 = CARTESIAN_POINT('',(127.,-34.75,-9.041451884327));
#5548 = VECTOR('',#5549,1.);
#5549 = DIRECTION('',(-1.,0.,0.));
#5550 = ORIENTED_EDGE('',*,*,#5551,.F.);
#5551 = EDGE_CURVE('',#5526,#5544,#5552,.T.);
#5552 = LINE('',#5553,#5554);
#5553 = CARTESIAN_POINT('',(127.,-31.25,-7.020725942164));
#5554 = VECTOR('',#5555,1.);
#5555 = DIRECTION('',(0.,-0.866025403784,-0.5));
#5556 = PLANE('',#5557);
#5557 = AXIS2_PLACEMENT_3D('',#5558,#5559,#5560);
#5558 = CARTESIAN_POINT('',(127.,-31.25,-7.020725942164));
#5559 = DIRECTION('',(0.,-0.5,0.866025403784));
#5560 = DIRECTION('',(0.,-0.866025403784,-0.5));
#5561 = ADVANCED_FACE('',(#5562),#5587,.F.);
#5562 = FACE_BOUND('',#5563,.F.);
#5563 = EDGE_LOOP('',(#5564,#5574,#5580,#5581));
#5564 = ORIENTED_EDGE('',*,*,#5565,.T.);
#5565 = EDGE_CURVE('',#5566,#5568,#5570,.T.);
#5566 = VERTEX_POINT('',#5567);
#5567 = CARTESIAN_POINT('',(127.,-31.25,-2.979274057836));
#5568 = VERTEX_POINT('',#5569);
#5569 = CARTESIAN_POINT('',(122.,-31.25,-2.979274057836));
#5570 = LINE('',#5571,#5572);
#5571 = CARTESIAN_POINT('',(127.,-31.25,-2.979274057836));
#5572 = VECTOR('',#5573,1.);
#5573 = DIRECTION('',(-1.,0.,0.));
#5574 = ORIENTED_EDGE('',*,*,#5575,.T.);
#5575 = EDGE_CURVE('',#5568,#5528,#5576,.T.);
#5576 = LINE('',#5577,#5578);
#5577 = CARTESIAN_POINT('',(122.,-31.25,-2.979274057836));
#5578 = VECTOR('',#5579,1.);
#5579 = DIRECTION('',(0.,0.,-1.));
#5580 = ORIENTED_EDGE('',*,*,#5525,.F.);
#5581 = ORIENTED_EDGE('',*,*,#5582,.F.);
#5582 = EDGE_CURVE('',#5566,#5526,#5583,.T.);
#5583 = LINE('',#5584,#5585);
#5584 = CARTESIAN_POINT('',(127.,-31.25,-2.979274057836));
#5585 = VECTOR('',#5586,1.);
#5586 = DIRECTION('',(0.,0.,-1.));
#5587 = PLANE('',#5588);
#5588 = AXIS2_PLACEMENT_3D('',#5589,#5590,#5591);
#5589 = CARTESIAN_POINT('',(127.,-31.25,-2.979274057836));
#5590 = DIRECTION('',(-0.,-1.,-0.));
#5591 = DIRECTION('',(0.,0.,-1.));
#5592 = ADVANCED_FACE('',(#5593),#5618,.F.);
#5593 = FACE_BOUND('',#5594,.F.);
#5594 = EDGE_LOOP('',(#5595,#5596,#5604,#5612));
#5595 = ORIENTED_EDGE('',*,*,#5543,.T.);
#5596 = ORIENTED_EDGE('',*,*,#5597,.T.);
#5597 = EDGE_CURVE('',#5536,#5598,#5600,.T.);
#5598 = VERTEX_POINT('',#5599);
#5599 = CARTESIAN_POINT('',(122.,-38.25,-7.020725942164));
#5600 = LINE('',#5601,#5602);
#5601 = CARTESIAN_POINT('',(122.,-34.75,-9.041451884327));
#5602 = VECTOR('',#5603,1.);
#5603 = DIRECTION('',(0.,-0.866025403784,0.5));
#5604 = ORIENTED_EDGE('',*,*,#5605,.F.);
#5605 = EDGE_CURVE('',#5606,#5598,#5608,.T.);
#5606 = VERTEX_POINT('',#5607);
#5607 = CARTESIAN_POINT('',(127.,-38.25,-7.020725942164));
#5608 = LINE('',#5609,#5610);
#5609 = CARTESIAN_POINT('',(127.,-38.25,-7.020725942164));
#5610 = VECTOR('',#5611,1.);
#5611 = DIRECTION('',(-1.,0.,0.));
#5612 = ORIENTED_EDGE('',*,*,#5613,.F.);
#5613 = EDGE_CURVE('',#5544,#5606,#5614,.T.);
#5614 = LINE('',#5615,#5616);
#5615 = CARTESIAN_POINT('',(127.,-34.75,-9.041451884327));
#5616 = VECTOR('',#5617,1.);
#5617 = DIRECTION('',(0.,-0.866025403784,0.5));
#5618 = PLANE('',#5619);
#5619 = AXIS2_PLACEMENT_3D('',#5620,#5621,#5622);
#5620 = CARTESIAN_POINT('',(127.,-34.75,-9.041451884327));
#5621 = DIRECTION('',(0.,0.5,0.866025403784));
#5622 = DIRECTION('',(0.,-0.866025403784,0.5));
#5623 = ADVANCED_FACE('',(#5624,#5651),#5662,.F.);
#5624 = FACE_BOUND('',#5625,.F.);
#5625 = EDGE_LOOP('',(#5626,#5627,#5628,#5636,#5644,#5650));
#5626 = ORIENTED_EDGE('',*,*,#5551,.T.);
#5627 = ORIENTED_EDGE('',*,*,#5613,.T.);
#5628 = ORIENTED_EDGE('',*,*,#5629,.T.);
#5629 = EDGE_CURVE('',#5606,#5630,#5632,.T.);
#5630 = VERTEX_POINT('',#5631);
#5631 = CARTESIAN_POINT('',(127.,-38.25,-2.979274057836));
#5632 = LINE('',#5633,#5634);
#5633 = CARTESIAN_POINT('',(127.,-38.25,-7.020725942164));
#5634 = VECTOR('',#5635,1.);
#5635 = DIRECTION('',(0.,0.,1.));
#5636 = ORIENTED_EDGE('',*,*,#5637,.T.);
#5637 = EDGE_CURVE('',#5630,#5638,#5640,.T.);
#5638 = VERTEX_POINT('',#5639);
#5639 = CARTESIAN_POINT('',(127.,-34.75,-0.958548115673));
#5640 = LINE('',#5641,#5642);
#5641 = CARTESIAN_POINT('',(127.,-38.25,-2.979274057836));
#5642 = VECTOR('',#5643,1.);
#5643 = DIRECTION('',(0.,0.866025403784,0.5));
#5644 = ORIENTED_EDGE('',*,*,#5645,.T.);
#5645 = EDGE_CURVE('',#5638,#5566,#5646,.T.);
#5646 = LINE('',#5647,#5648);
#5647 = CARTESIAN_POINT('',(127.,-34.75,-0.958548115673));
#5648 = VECTOR('',#5649,1.);
#5649 = DIRECTION('',(0.,0.866025403784,-0.5));
#5650 = ORIENTED_EDGE('',*,*,#5582,.T.);
#5651 = FACE_BOUND('',#5652,.F.);
#5652 = EDGE_LOOP('',(#5653));
#5653 = ORIENTED_EDGE('',*,*,#5654,.F.);
#5654 = EDGE_CURVE('',#5655,#5655,#5657,.T.);
#5655 = VERTEX_POINT('',#5656);
#5656 = CARTESIAN_POINT('',(127.,-34.75,-7.));
#5657 = CIRCLE('',#5658,2.);
#5658 = AXIS2_PLACEMENT_3D('',#5659,#5660,#5661);
#5659 = CARTESIAN_POINT('',(127.,-34.75,-5.));
#5660 = DIRECTION('',(-1.,0.,0.));
#5661 = DIRECTION('',(0.,0.,-1.));
#5662 = PLANE('',#5663);
#5663 = AXIS2_PLACEMENT_3D('',#5664,#5665,#5666);
#5664 = CARTESIAN_POINT('',(127.,-34.75,-5.));
#5665 = DIRECTION('',(-1.,-0.,-0.));
#5666 = DIRECTION('',(0.,0.,-1.));
#5667 = ADVANCED_FACE('',(#5668,#5695),#5706,.T.);
#5668 = FACE_BOUND('',#5669,.T.);
#5669 = EDGE_LOOP('',(#5670,#5671,#5672,#5680,#5688,#5694));
#5670 = ORIENTED_EDGE('',*,*,#5535,.T.);
#5671 = ORIENTED_EDGE('',*,*,#5597,.T.);
#5672 = ORIENTED_EDGE('',*,*,#5673,.T.);
#5673 = EDGE_CURVE('',#5598,#5674,#5676,.T.);
#5674 = VERTEX_POINT('',#5675);
#5675 = CARTESIAN_POINT('',(122.,-38.25,-2.979274057836));
#5676 = LINE('',#5677,#5678);
#5677 = CARTESIAN_POINT('',(122.,-38.25,-7.020725942164));
#5678 = VECTOR('',#5679,1.);
#5679 = DIRECTION('',(0.,0.,1.));
#5680 = ORIENTED_EDGE('',*,*,#5681,.T.);
#5681 = EDGE_CURVE('',#5674,#5682,#5684,.T.);
#5682 = VERTEX_POINT('',#5683);
#5683 = CARTESIAN_POINT('',(122.,-34.75,-0.958548115673));
#5684 = LINE('',#5685,#5686);
#5685 = CARTESIAN_POINT('',(122.,-38.25,-2.979274057836));
#5686 = VECTOR('',#5687,1.);
#5687 = DIRECTION('',(0.,0.866025403784,0.5));
#5688 = ORIENTED_EDGE('',*,*,#5689,.T.);
#5689 = EDGE_CURVE('',#5682,#5568,#5690,.T.);
#5690 = LINE('',#5691,#5692);
#5691 = CARTESIAN_POINT('',(122.,-34.75,-0.958548115673));
#5692 = VECTOR('',#5693,1.);
#5693 = DIRECTION('',(0.,0.866025403784,-0.5));
#5694 = ORIENTED_EDGE('',*,*,#5575,.T.);
#5695 = FACE_BOUND('',#5696,.T.);
#5696 = EDGE_LOOP('',(#5697));
#5697 = ORIENTED_EDGE('',*,*,#5698,.F.);
#5698 = EDGE_CURVE('',#5699,#5699,#5701,.T.);
#5699 = VERTEX_POINT('',#5700);
#5700 = CARTESIAN_POINT('',(122.,-34.75,-7.));
#5701 = CIRCLE('',#5702,2.);
#5702 = AXIS2_PLACEMENT_3D('',#5703,#5704,#5705);
#5703 = CARTESIAN_POINT('',(122.,-34.75,-5.));
#5704 = DIRECTION('',(-1.,0.,0.));
#5705 = DIRECTION('',(0.,0.,-1.));
#5706 = PLANE('',#5707);
#5707 = AXIS2_PLACEMENT_3D('',#5708,#5709,#5710);
#5708 = CARTESIAN_POINT('',(122.,-34.75,-5.));
#5709 = DIRECTION('',(-1.,-0.,-0.));
#5710 = DIRECTION('',(0.,0.,-1.));
#5711 = ADVANCED_FACE('',(#5712),#5723,.F.);
#5712 = FACE_BOUND('',#5713,.F.);
#5713 = EDGE_LOOP('',(#5714,#5720,#5721,#5722));
#5714 = ORIENTED_EDGE('',*,*,#5715,.T.);
#5715 = EDGE_CURVE('',#5638,#5682,#5716,.T.);
#5716 = LINE('',#5717,#5718);
#5717 = CARTESIAN_POINT('',(127.,-34.75,-0.958548115673));
#5718 = VECTOR('',#5719,1.);
#5719 = DIRECTION('',(-1.,0.,0.));
#5720 = ORIENTED_EDGE('',*,*,#5689,.T.);
#5721 = ORIENTED_EDGE('',*,*,#5565,.F.);
#5722 = ORIENTED_EDGE('',*,*,#5645,.F.);
#5723 = PLANE('',#5724);
#5724 = AXIS2_PLACEMENT_3D('',#5725,#5726,#5727);
#5725 = CARTESIAN_POINT('',(127.,-34.75,-0.958548115673));
#5726 = DIRECTION('',(-0.,-0.5,-0.866025403784));
#5727 = DIRECTION('',(0.,0.866025403784,-0.5));
#5728 = ADVANCED_FACE('',(#5729),#5740,.F.);
#5729 = FACE_BOUND('',#5730,.F.);
#5730 = EDGE_LOOP('',(#5731,#5732,#5733,#5739));
#5731 = ORIENTED_EDGE('',*,*,#5605,.T.);
#5732 = ORIENTED_EDGE('',*,*,#5673,.T.);
#5733 = ORIENTED_EDGE('',*,*,#5734,.F.);
#5734 = EDGE_CURVE('',#5630,#5674,#5735,.T.);
#5735 = LINE('',#5736,#5737);
#5736 = CARTESIAN_POINT('',(127.,-38.25,-2.979274057836));
#5737 = VECTOR('',#5738,1.);
#5738 = DIRECTION('',(-1.,0.,0.));
#5739 = ORIENTED_EDGE('',*,*,#5629,.F.);
#5740 = PLANE('',#5741);
#5741 = AXIS2_PLACEMENT_3D('',#5742,#5743,#5744);
#5742 = CARTESIAN_POINT('',(127.,-38.25,-7.020725942164));
#5743 = DIRECTION('',(0.,1.,-0.));
#5744 = DIRECTION('',(0.,0.,1.));
#5745 = ADVANCED_FACE('',(#5746),#5752,.F.);
#5746 = FACE_BOUND('',#5747,.F.);
#5747 = EDGE_LOOP('',(#5748,#5749,#5750,#5751));
#5748 = ORIENTED_EDGE('',*,*,#5734,.T.);
#5749 = ORIENTED_EDGE('',*,*,#5681,.T.);
#5750 = ORIENTED_EDGE('',*,*,#5715,.F.);
#5751 = ORIENTED_EDGE('',*,*,#5637,.F.);
#5752 = PLANE('',#5753);
#5753 = AXIS2_PLACEMENT_3D('',#5754,#5755,#5756);
#5754 = CARTESIAN_POINT('',(127.,-38.25,-2.979274057836));
#5755 = DIRECTION('',(0.,0.5,-0.866025403784));
#5756 = DIRECTION('',(0.,0.866025403784,0.5));
#5757 = ADVANCED_FACE('',(#5758),#5769,.F.);
#5758 = FACE_BOUND('',#5759,.F.);
#5759 = EDGE_LOOP('',(#5760,#5761,#5767,#5768));
#5760 = ORIENTED_EDGE('',*,*,#5698,.F.);
#5761 = ORIENTED_EDGE('',*,*,#5762,.F.);
#5762 = EDGE_CURVE('',#5655,#5699,#5763,.T.);
#5763 = LINE('',#5764,#5765);
#5764 = CARTESIAN_POINT('',(128.,-34.75,-7.));
#5765 = VECTOR('',#5766,1.);
#5766 = DIRECTION('',(-1.,0.,0.));
#5767 = ORIENTED_EDGE('',*,*,#5654,.T.);
#5768 = ORIENTED_EDGE('',*,*,#5762,.T.);
#5769 = CYLINDRICAL_SURFACE('',#5770,2.);
#5770 = AXIS2_PLACEMENT_3D('',#5771,#5772,#5773);
#5771 = CARTESIAN_POINT('',(128.,-34.75,-5.));
#5772 = DIRECTION('',(-1.,0.,0.));
#5773 = DIRECTION('',(0.,0.,-1.));
#5774 = MANIFOLD_SOLID_BREP('',#5775);
#5775 = CLOSED_SHELL('',(#5776,#5809,#5829,#5888,#5913,#5944,#5968,#5992
    ,#6016,#6040,#6057,#6066));
#5776 = ADVANCED_FACE('',(#5777),#5804,.T.);
#5777 = FACE_BOUND('',#5778,.T.);
#5778 = EDGE_LOOP('',(#5779,#5788,#5796,#5803));
#5779 = ORIENTED_EDGE('',*,*,#5780,.F.);
#5780 = EDGE_CURVE('',#5781,#5781,#5783,.T.);
#5781 = VERTEX_POINT('',#5782);
#5782 = CARTESIAN_POINT('',(134.5,-34.75,1.5));
#5783 = CIRCLE('',#5784,3.5);
#5784 = AXIS2_PLACEMENT_3D('',#5785,#5786,#5787);
#5785 = CARTESIAN_POINT('',(134.5,-34.75,5.));
#5786 = DIRECTION('',(-1.,0.,0.));
#5787 = DIRECTION('',(0.,0.,-1.));
#5788 = ORIENTED_EDGE('',*,*,#5789,.F.);
#5789 = EDGE_CURVE('',#5790,#5781,#5792,.T.);
#5790 = VERTEX_POINT('',#5791);
#5791 = CARTESIAN_POINT('',(138.5,-34.75,1.5));
#5792 = LINE('',#5793,#5794);
#5793 = CARTESIAN_POINT('',(138.5,-34.75,1.5));
#5794 = VECTOR('',#5795,1.);
#5795 = DIRECTION('',(-1.,0.,0.));
#5796 = ORIENTED_EDGE('',*,*,#5797,.T.);
#5797 = EDGE_CURVE('',#5790,#5790,#5798,.T.);
#5798 = CIRCLE('',#5799,3.5);
#5799 = AXIS2_PLACEMENT_3D('',#5800,#5801,#5802);
#5800 = CARTESIAN_POINT('',(138.5,-34.75,5.));
#5801 = DIRECTION('',(-1.,0.,0.));
#5802 = DIRECTION('',(0.,0.,-1.));
#5803 = ORIENTED_EDGE('',*,*,#5789,.T.);
#5804 = CYLINDRICAL_SURFACE('',#5805,3.5);
#5805 = AXIS2_PLACEMENT_3D('',#5806,#5807,#5808);
#5806 = CARTESIAN_POINT('',(138.5,-34.75,5.));
#5807 = DIRECTION('',(-1.,0.,0.));
#5808 = DIRECTION('',(0.,0.,-1.));
#5809 = ADVANCED_FACE('',(#5810,#5813),#5824,.T.);
#5810 = FACE_BOUND('',#5811,.T.);
#5811 = EDGE_LOOP('',(#5812));
#5812 = ORIENTED_EDGE('',*,*,#5780,.T.);
#5813 = FACE_BOUND('',#5814,.T.);
#5814 = EDGE_LOOP('',(#5815));
#5815 = ORIENTED_EDGE('',*,*,#5816,.F.);
#5816 = EDGE_CURVE('',#5817,#5817,#5819,.T.);
#5817 = VERTEX_POINT('',#5818);
#5818 = CARTESIAN_POINT('',(134.5,-34.75,3.));
#5819 = CIRCLE('',#5820,2.);
#5820 = AXIS2_PLACEMENT_3D('',#5821,#5822,#5823);
#5821 = CARTESIAN_POINT('',(134.5,-34.75,5.));
#5822 = DIRECTION('',(-1.,0.,0.));
#5823 = DIRECTION('',(0.,0.,-1.));
#5824 = PLANE('',#5825);
#5825 = AXIS2_PLACEMENT_3D('',#5826,#5827,#5828);
#5826 = CARTESIAN_POINT('',(134.5,-34.75,5.));
#5827 = DIRECTION('',(-1.,0.,0.));
#5828 = DIRECTION('',(0.,0.,-1.));
#5829 = ADVANCED_FACE('',(#5830,#5833),#5883,.F.);
#5830 = FACE_BOUND('',#5831,.F.);
#5831 = EDGE_LOOP('',(#5832));
#5832 = ORIENTED_EDGE('',*,*,#5797,.T.);
#5833 = FACE_BOUND('',#5834,.F.);
#5834 = EDGE_LOOP('',(#5835,#5845,#5853,#5861,#5869,#5877));
#5835 = ORIENTED_EDGE('',*,*,#5836,.T.);
#5836 = EDGE_CURVE('',#5837,#5839,#5841,.T.);
#5837 = VERTEX_POINT('',#5838);
#5838 = CARTESIAN_POINT('',(138.5,-36.25,4.133974596216));
#5839 = VERTEX_POINT('',#5840);
#5840 = CARTESIAN_POINT('',(138.5,-34.75,3.267949192431));
#5841 = LINE('',#5842,#5843);
#5842 = CARTESIAN_POINT('',(138.5,-35.125,3.484455543377));
#5843 = VECTOR('',#5844,1.);
#5844 = DIRECTION('',(0.,0.866025403784,-0.5));
#5845 = ORIENTED_EDGE('',*,*,#5846,.T.);
#5846 = EDGE_CURVE('',#5839,#5847,#5849,.T.);
#5847 = VERTEX_POINT('',#5848);
#5848 = CARTESIAN_POINT('',(138.5,-33.25,4.133974596216));
#5849 = LINE('',#5850,#5851);
#5850 = CARTESIAN_POINT('',(138.5,-33.625,3.917468245269));
#5851 = VECTOR('',#5852,1.);
#5852 = DIRECTION('',(0.,0.866025403784,0.5));
#5853 = ORIENTED_EDGE('',*,*,#5854,.T.);
#5854 = EDGE_CURVE('',#5847,#5855,#5857,.T.);
#5855 = VERTEX_POINT('',#5856);
#5856 = CARTESIAN_POINT('',(138.5,-33.25,5.866025403784));
#5857 = LINE('',#5858,#5859);
#5858 = CARTESIAN_POINT('',(138.5,-33.25,5.433012701892));
#5859 = VECTOR('',#5860,1.);
#5860 = DIRECTION('',(0.,-0.,1.));
#5861 = ORIENTED_EDGE('',*,*,#5862,.T.);
#5862 = EDGE_CURVE('',#5855,#5863,#5865,.T.);
#5863 = VERTEX_POINT('',#5864);
#5864 = CARTESIAN_POINT('',(138.5,-34.75,6.732050807569));
#5865 = LINE('',#5866,#5867);
#5866 = CARTESIAN_POINT('',(138.5,-34.375,6.515544456623));
#5867 = VECTOR('',#5868,1.);
#5868 = DIRECTION('',(0.,-0.866025403784,0.5));
#5869 = ORIENTED_EDGE('',*,*,#5870,.T.);
#5870 = EDGE_CURVE('',#5863,#5871,#5873,.T.);
#5871 = VERTEX_POINT('',#5872);
#5872 = CARTESIAN_POINT('',(138.5,-36.25,5.866025403784));
#5873 = LINE('',#5874,#5875);
#5874 = CARTESIAN_POINT('',(138.5,-35.875,6.082531754731));
#5875 = VECTOR('',#5876,1.);
#5876 = DIRECTION('',(-0.,-0.866025403784,-0.5));
#5877 = ORIENTED_EDGE('',*,*,#5878,.T.);
#5878 = EDGE_CURVE('',#5871,#5837,#5879,.T.);
#5879 = LINE('',#5880,#5881);
#5880 = CARTESIAN_POINT('',(138.5,-36.25,4.566987298108));
#5881 = VECTOR('',#5882,1.);
#5882 = DIRECTION('',(-0.,0.,-1.));
#5883 = PLANE('',#5884);
#5884 = AXIS2_PLACEMENT_3D('',#5885,#5886,#5887);
#5885 = CARTESIAN_POINT('',(138.5,-34.75,5.));
#5886 = DIRECTION('',(-1.,0.,0.));
#5887 = DIRECTION('',(0.,0.,-1.));
#5888 = ADVANCED_FACE('',(#5889),#5908,.T.);
#5889 = FACE_BOUND('',#5890,.T.);
#5890 = EDGE_LOOP('',(#5891,#5900,#5906,#5907));
#5891 = ORIENTED_EDGE('',*,*,#5892,.F.);
#5892 = EDGE_CURVE('',#5893,#5893,#5895,.T.);
#5893 = VERTEX_POINT('',#5894);
#5894 = CARTESIAN_POINT('',(118.5,-34.75,3.));
#5895 = CIRCLE('',#5896,2.);
#5896 = AXIS2_PLACEMENT_3D('',#5897,#5898,#5899);
#5897 = CARTESIAN_POINT('',(118.5,-34.75,5.));
#5898 = DIRECTION('',(-1.,0.,0.));
#5899 = DIRECTION('',(0.,0.,-1.));
#5900 = ORIENTED_EDGE('',*,*,#5901,.F.);
#5901 = EDGE_CURVE('',#5817,#5893,#5902,.T.);
#5902 = LINE('',#5903,#5904);
#5903 = CARTESIAN_POINT('',(134.5,-34.75,3.));
#5904 = VECTOR('',#5905,1.);
#5905 = DIRECTION('',(-1.,0.,0.));
#5906 = ORIENTED_EDGE('',*,*,#5816,.T.);
#5907 = ORIENTED_EDGE('',*,*,#5901,.T.);
#5908 = CYLINDRICAL_SURFACE('',#5909,2.);
#5909 = AXIS2_PLACEMENT_3D('',#5910,#5911,#5912);
#5910 = CARTESIAN_POINT('',(134.5,-34.75,5.));
#5911 = DIRECTION('',(-1.,0.,0.));
#5912 = DIRECTION('',(0.,0.,-1.));
#5913 = ADVANCED_FACE('',(#5914),#5939,.T.);
#5914 = FACE_BOUND('',#5915,.T.);
#5915 = EDGE_LOOP('',(#5916,#5917,#5925,#5933));
#5916 = ORIENTED_EDGE('',*,*,#5836,.T.);
#5917 = ORIENTED_EDGE('',*,*,#5918,.T.);
#5918 = EDGE_CURVE('',#5839,#5919,#5921,.T.);
#5919 = VERTEX_POINT('',#5920);
#5920 = CARTESIAN_POINT('',(136.1,-34.75,3.267949192431));
#5921 = LINE('',#5922,#5923);
#5922 = CARTESIAN_POINT('',(138.6,-34.75,3.267949192431));
#5923 = VECTOR('',#5924,1.);
#5924 = DIRECTION('',(-1.,0.,0.));
#5925 = ORIENTED_EDGE('',*,*,#5926,.T.);
#5926 = EDGE_CURVE('',#5919,#5927,#5929,.T.);
#5927 = VERTEX_POINT('',#5928);
#5928 = CARTESIAN_POINT('',(136.1,-36.25,4.133974596216));
#5929 = LINE('',#5930,#5931);
#5930 = CARTESIAN_POINT('',(136.1,-34.75,3.267949192431));
#5931 = VECTOR('',#5932,1.);
#5932 = DIRECTION('',(0.,-0.866025403784,0.5));
#5933 = ORIENTED_EDGE('',*,*,#5934,.F.);
#5934 = EDGE_CURVE('',#5837,#5927,#5935,.T.);
#5935 = LINE('',#5936,#5937);
#5936 = CARTESIAN_POINT('',(138.6,-36.25,4.133974596216));
#5937 = VECTOR('',#5938,1.);
#5938 = DIRECTION('',(-1.,0.,0.));
#5939 = PLANE('',#5940);
#5940 = AXIS2_PLACEMENT_3D('',#5941,#5942,#5943);
#5941 = CARTESIAN_POINT('',(138.6,-34.75,3.267949192431));
#5942 = DIRECTION('',(0.,0.5,0.866025403784));
#5943 = DIRECTION('',(0.,-0.866025403784,0.5));
#5944 = ADVANCED_FACE('',(#5945),#5963,.T.);
#5945 = FACE_BOUND('',#5946,.T.);
#5946 = EDGE_LOOP('',(#5947,#5948,#5949,#5957));
#5947 = ORIENTED_EDGE('',*,*,#5878,.T.);
#5948 = ORIENTED_EDGE('',*,*,#5934,.T.);
#5949 = ORIENTED_EDGE('',*,*,#5950,.T.);
#5950 = EDGE_CURVE('',#5927,#5951,#5953,.T.);
#5951 = VERTEX_POINT('',#5952);
#5952 = CARTESIAN_POINT('',(136.1,-36.25,5.866025403784));
#5953 = LINE('',#5954,#5955);
#5954 = CARTESIAN_POINT('',(136.1,-36.25,4.133974596216));
#5955 = VECTOR('',#5956,1.);
#5956 = DIRECTION('',(0.,0.,1.));
#5957 = ORIENTED_EDGE('',*,*,#5958,.F.);
#5958 = EDGE_CURVE('',#5871,#5951,#5959,.T.);
#5959 = LINE('',#5960,#5961);
#5960 = CARTESIAN_POINT('',(138.6,-36.25,5.866025403784));
#5961 = VECTOR('',#5962,1.);
#5962 = DIRECTION('',(-1.,0.,0.));
#5963 = PLANE('',#5964);
#5964 = AXIS2_PLACEMENT_3D('',#5965,#5966,#5967);
#5965 = CARTESIAN_POINT('',(138.6,-36.25,4.133974596216));
#5966 = DIRECTION('',(0.,1.,-0.));
#5967 = DIRECTION('',(0.,0.,1.));
#5968 = ADVANCED_FACE('',(#5969),#5987,.T.);
#5969 = FACE_BOUND('',#5970,.T.);
#5970 = EDGE_LOOP('',(#5971,#5972,#5973,#5981));
#5971 = ORIENTED_EDGE('',*,*,#5870,.T.);
#5972 = ORIENTED_EDGE('',*,*,#5958,.T.);
#5973 = ORIENTED_EDGE('',*,*,#5974,.T.);
#5974 = EDGE_CURVE('',#5951,#5975,#5977,.T.);
#5975 = VERTEX_POINT('',#5976);
#5976 = CARTESIAN_POINT('',(136.1,-34.75,6.732050807569));
#5977 = LINE('',#5978,#5979);
#5978 = CARTESIAN_POINT('',(136.1,-36.25,5.866025403784));
#5979 = VECTOR('',#5980,1.);
#5980 = DIRECTION('',(0.,0.866025403784,0.5));
#5981 = ORIENTED_EDGE('',*,*,#5982,.F.);
#5982 = EDGE_CURVE('',#5863,#5975,#5983,.T.);
#5983 = LINE('',#5984,#5985);
#5984 = CARTESIAN_POINT('',(138.6,-34.75,6.732050807569));
#5985 = VECTOR('',#5986,1.);
#5986 = DIRECTION('',(-1.,0.,0.));
#5987 = PLANE('',#5988);
#5988 = AXIS2_PLACEMENT_3D('',#5989,#5990,#5991);
#5989 = CARTESIAN_POINT('',(138.6,-36.25,5.866025403784));
#5990 = DIRECTION('',(0.,0.5,-0.866025403784));
#5991 = DIRECTION('',(0.,0.866025403784,0.5));
#5992 = ADVANCED_FACE('',(#5993),#6011,.T.);
#5993 = FACE_BOUND('',#5994,.T.);
#5994 = EDGE_LOOP('',(#5995,#5996,#5997,#6005));
#5995 = ORIENTED_EDGE('',*,*,#5862,.T.);
#5996 = ORIENTED_EDGE('',*,*,#5982,.T.);
#5997 = ORIENTED_EDGE('',*,*,#5998,.T.);
#5998 = EDGE_CURVE('',#5975,#5999,#6001,.T.);
#5999 = VERTEX_POINT('',#6000);
#6000 = CARTESIAN_POINT('',(136.1,-33.25,5.866025403784));
#6001 = LINE('',#6002,#6003);
#6002 = CARTESIAN_POINT('',(136.1,-34.75,6.732050807569));
#6003 = VECTOR('',#6004,1.);
#6004 = DIRECTION('',(0.,0.866025403784,-0.5));
#6005 = ORIENTED_EDGE('',*,*,#6006,.F.);
#6006 = EDGE_CURVE('',#5855,#5999,#6007,.T.);
#6007 = LINE('',#6008,#6009);
#6008 = CARTESIAN_POINT('',(138.6,-33.25,5.866025403784));
#6009 = VECTOR('',#6010,1.);
#6010 = DIRECTION('',(-1.,0.,0.));
#6011 = PLANE('',#6012);
#6012 = AXIS2_PLACEMENT_3D('',#6013,#6014,#6015);
#6013 = CARTESIAN_POINT('',(138.6,-34.75,6.732050807569));
#6014 = DIRECTION('',(-0.,-0.5,-0.866025403784));
#6015 = DIRECTION('',(0.,0.866025403784,-0.5));
#6016 = ADVANCED_FACE('',(#6017),#6035,.T.);
#6017 = FACE_BOUND('',#6018,.T.);
#6018 = EDGE_LOOP('',(#6019,#6020,#6021,#6029));
#6019 = ORIENTED_EDGE('',*,*,#5854,.T.);
#6020 = ORIENTED_EDGE('',*,*,#6006,.T.);
#6021 = ORIENTED_EDGE('',*,*,#6022,.T.);
#6022 = EDGE_CURVE('',#5999,#6023,#6025,.T.);
#6023 = VERTEX_POINT('',#6024);
#6024 = CARTESIAN_POINT('',(136.1,-33.25,4.133974596216));
#6025 = LINE('',#6026,#6027);
#6026 = CARTESIAN_POINT('',(136.1,-33.25,5.866025403784));
#6027 = VECTOR('',#6028,1.);
#6028 = DIRECTION('',(0.,0.,-1.));
#6029 = ORIENTED_EDGE('',*,*,#6030,.F.);
#6030 = EDGE_CURVE('',#5847,#6023,#6031,.T.);
#6031 = LINE('',#6032,#6033);
#6032 = CARTESIAN_POINT('',(138.6,-33.25,4.133974596216));
#6033 = VECTOR('',#6034,1.);
#6034 = DIRECTION('',(-1.,0.,0.));
#6035 = PLANE('',#6036);
#6036 = AXIS2_PLACEMENT_3D('',#6037,#6038,#6039);
#6037 = CARTESIAN_POINT('',(138.6,-33.25,5.866025403784));
#6038 = DIRECTION('',(-0.,-1.,-0.));
#6039 = DIRECTION('',(0.,0.,-1.));
#6040 = ADVANCED_FACE('',(#6041),#6052,.T.);
#6041 = FACE_BOUND('',#6042,.T.);
#6042 = EDGE_LOOP('',(#6043,#6044,#6045,#6051));
#6043 = ORIENTED_EDGE('',*,*,#5846,.T.);
#6044 = ORIENTED_EDGE('',*,*,#6030,.T.);
#6045 = ORIENTED_EDGE('',*,*,#6046,.T.);
#6046 = EDGE_CURVE('',#6023,#5919,#6047,.T.);
#6047 = LINE('',#6048,#6049);
#6048 = CARTESIAN_POINT('',(136.1,-33.25,4.133974596216));
#6049 = VECTOR('',#6050,1.);
#6050 = DIRECTION('',(0.,-0.866025403784,-0.5));
#6051 = ORIENTED_EDGE('',*,*,#5918,.F.);
#6052 = PLANE('',#6053);
#6053 = AXIS2_PLACEMENT_3D('',#6054,#6055,#6056);
#6054 = CARTESIAN_POINT('',(138.6,-33.25,4.133974596216));
#6055 = DIRECTION('',(0.,-0.5,0.866025403784));
#6056 = DIRECTION('',(0.,-0.866025403784,-0.5));
#6057 = ADVANCED_FACE('',(#6058),#6061,.T.);
#6058 = FACE_BOUND('',#6059,.T.);
#6059 = EDGE_LOOP('',(#6060));
#6060 = ORIENTED_EDGE('',*,*,#5892,.T.);
#6061 = PLANE('',#6062);
#6062 = AXIS2_PLACEMENT_3D('',#6063,#6064,#6065);
#6063 = CARTESIAN_POINT('',(118.5,-34.75,5.));
#6064 = DIRECTION('',(-1.,0.,0.));
#6065 = DIRECTION('',(0.,0.,-1.));
#6066 = ADVANCED_FACE('',(#6067),#6075,.F.);
#6067 = FACE_BOUND('',#6068,.F.);
#6068 = EDGE_LOOP('',(#6069,#6070,#6071,#6072,#6073,#6074));
#6069 = ORIENTED_EDGE('',*,*,#6046,.T.);
#6070 = ORIENTED_EDGE('',*,*,#5926,.T.);
#6071 = ORIENTED_EDGE('',*,*,#5950,.T.);
#6072 = ORIENTED_EDGE('',*,*,#5974,.T.);
#6073 = ORIENTED_EDGE('',*,*,#5998,.T.);
#6074 = ORIENTED_EDGE('',*,*,#6022,.T.);
#6075 = PLANE('',#6076);
#6076 = AXIS2_PLACEMENT_3D('',#6077,#6078,#6079);
#6077 = CARTESIAN_POINT('',(136.1,-34.75,5.));
#6078 = DIRECTION('',(-1.,-0.,-0.));
#6079 = DIRECTION('',(0.,0.,-1.));
#6080 = MANIFOLD_SOLID_BREP('',#6081);
#6081 = CLOSED_SHELL('',(#6082,#6122,#6153,#6184,#6228,#6272,#6289,#6306
    ,#6318));
#6082 = ADVANCED_FACE('',(#6083),#6117,.F.);
#6083 = FACE_BOUND('',#6084,.F.);
#6084 = EDGE_LOOP('',(#6085,#6095,#6103,#6111));
#6085 = ORIENTED_EDGE('',*,*,#6086,.T.);
#6086 = EDGE_CURVE('',#6087,#6089,#6091,.T.);
#6087 = VERTEX_POINT('',#6088);
#6088 = CARTESIAN_POINT('',(127.,-31.25,2.979274057836));
#6089 = VERTEX_POINT('',#6090);
#6090 = CARTESIAN_POINT('',(122.,-31.25,2.979274057836));
#6091 = LINE('',#6092,#6093);
#6092 = CARTESIAN_POINT('',(127.,-31.25,2.979274057836));
#6093 = VECTOR('',#6094,1.);
#6094 = DIRECTION('',(-1.,0.,0.));
#6095 = ORIENTED_EDGE('',*,*,#6096,.T.);
#6096 = EDGE_CURVE('',#6089,#6097,#6099,.T.);
#6097 = VERTEX_POINT('',#6098);
#6098 = CARTESIAN_POINT('',(122.,-34.75,0.958548115673));
#6099 = LINE('',#6100,#6101);
#6100 = CARTESIAN_POINT('',(122.,-31.25,2.979274057836));
#6101 = VECTOR('',#6102,1.);
#6102 = DIRECTION('',(0.,-0.866025403784,-0.5));
#6103 = ORIENTED_EDGE('',*,*,#6104,.F.);
#6104 = EDGE_CURVE('',#6105,#6097,#6107,.T.);
#6105 = VERTEX_POINT('',#6106);
#6106 = CARTESIAN_POINT('',(127.,-34.75,0.958548115673));
#6107 = LINE('',#6108,#6109);
#6108 = CARTESIAN_POINT('',(127.,-34.75,0.958548115673));
#6109 = VECTOR('',#6110,1.);
#6110 = DIRECTION('',(-1.,0.,0.));
#6111 = ORIENTED_EDGE('',*,*,#6112,.F.);
#6112 = EDGE_CURVE('',#6087,#6105,#6113,.T.);
#6113 = LINE('',#6114,#6115);
#6114 = CARTESIAN_POINT('',(127.,-31.25,2.979274057836));
#6115 = VECTOR('',#6116,1.);
#6116 = DIRECTION('',(0.,-0.866025403784,-0.5));
#6117 = PLANE('',#6118);
#6118 = AXIS2_PLACEMENT_3D('',#6119,#6120,#6121);
#6119 = CARTESIAN_POINT('',(127.,-31.25,2.979274057836));
#6120 = DIRECTION('',(0.,-0.5,0.866025403784));
#6121 = DIRECTION('',(0.,-0.866025403784,-0.5));
#6122 = ADVANCED_FACE('',(#6123),#6148,.F.);
#6123 = FACE_BOUND('',#6124,.F.);
#6124 = EDGE_LOOP('',(#6125,#6135,#6141,#6142));
#6125 = ORIENTED_EDGE('',*,*,#6126,.T.);
#6126 = EDGE_CURVE('',#6127,#6129,#6131,.T.);
#6127 = VERTEX_POINT('',#6128);
#6128 = CARTESIAN_POINT('',(127.,-31.25,7.020725942164));
#6129 = VERTEX_POINT('',#6130);
#6130 = CARTESIAN_POINT('',(122.,-31.25,7.020725942164));
#6131 = LINE('',#6132,#6133);
#6132 = CARTESIAN_POINT('',(127.,-31.25,7.020725942164));
#6133 = VECTOR('',#6134,1.);
#6134 = DIRECTION('',(-1.,0.,0.));
#6135 = ORIENTED_EDGE('',*,*,#6136,.T.);
#6136 = EDGE_CURVE('',#6129,#6089,#6137,.T.);
#6137 = LINE('',#6138,#6139);
#6138 = CARTESIAN_POINT('',(122.,-31.25,7.020725942164));
#6139 = VECTOR('',#6140,1.);
#6140 = DIRECTION('',(0.,0.,-1.));
#6141 = ORIENTED_EDGE('',*,*,#6086,.F.);
#6142 = ORIENTED_EDGE('',*,*,#6143,.F.);
#6143 = EDGE_CURVE('',#6127,#6087,#6144,.T.);
#6144 = LINE('',#6145,#6146);
#6145 = CARTESIAN_POINT('',(127.,-31.25,7.020725942164));
#6146 = VECTOR('',#6147,1.);
#6147 = DIRECTION('',(0.,0.,-1.));
#6148 = PLANE('',#6149);
#6149 = AXIS2_PLACEMENT_3D('',#6150,#6151,#6152);
#6150 = CARTESIAN_POINT('',(127.,-31.25,7.020725942164));
#6151 = DIRECTION('',(-0.,-1.,-0.));
#6152 = DIRECTION('',(0.,0.,-1.));
#6153 = ADVANCED_FACE('',(#6154),#6179,.F.);
#6154 = FACE_BOUND('',#6155,.F.);
#6155 = EDGE_LOOP('',(#6156,#6157,#6165,#6173));
#6156 = ORIENTED_EDGE('',*,*,#6104,.T.);
#6157 = ORIENTED_EDGE('',*,*,#6158,.T.);
#6158 = EDGE_CURVE('',#6097,#6159,#6161,.T.);
#6159 = VERTEX_POINT('',#6160);
#6160 = CARTESIAN_POINT('',(122.,-38.25,2.979274057836));
#6161 = LINE('',#6162,#6163);
#6162 = CARTESIAN_POINT('',(122.,-34.75,0.958548115673));
#6163 = VECTOR('',#6164,1.);
#6164 = DIRECTION('',(0.,-0.866025403784,0.5));
#6165 = ORIENTED_EDGE('',*,*,#6166,.F.);
#6166 = EDGE_CURVE('',#6167,#6159,#6169,.T.);
#6167 = VERTEX_POINT('',#6168);
#6168 = CARTESIAN_POINT('',(127.,-38.25,2.979274057836));
#6169 = LINE('',#6170,#6171);
#6170 = CARTESIAN_POINT('',(127.,-38.25,2.979274057836));
#6171 = VECTOR('',#6172,1.);
#6172 = DIRECTION('',(-1.,0.,0.));
#6173 = ORIENTED_EDGE('',*,*,#6174,.F.);
#6174 = EDGE_CURVE('',#6105,#6167,#6175,.T.);
#6175 = LINE('',#6176,#6177);
#6176 = CARTESIAN_POINT('',(127.,-34.75,0.958548115673));
#6177 = VECTOR('',#6178,1.);
#6178 = DIRECTION('',(0.,-0.866025403784,0.5));
#6179 = PLANE('',#6180);
#6180 = AXIS2_PLACEMENT_3D('',#6181,#6182,#6183);
#6181 = CARTESIAN_POINT('',(127.,-34.75,0.958548115673));
#6182 = DIRECTION('',(0.,0.5,0.866025403784));
#6183 = DIRECTION('',(0.,-0.866025403784,0.5));
#6184 = ADVANCED_FACE('',(#6185,#6212),#6223,.F.);
#6185 = FACE_BOUND('',#6186,.F.);
#6186 = EDGE_LOOP('',(#6187,#6188,#6189,#6197,#6205,#6211));
#6187 = ORIENTED_EDGE('',*,*,#6112,.T.);
#6188 = ORIENTED_EDGE('',*,*,#6174,.T.);
#6189 = ORIENTED_EDGE('',*,*,#6190,.T.);
#6190 = EDGE_CURVE('',#6167,#6191,#6193,.T.);
#6191 = VERTEX_POINT('',#6192);
#6192 = CARTESIAN_POINT('',(127.,-38.25,7.020725942164));
#6193 = LINE('',#6194,#6195);
#6194 = CARTESIAN_POINT('',(127.,-38.25,2.979274057836));
#6195 = VECTOR('',#6196,1.);
#6196 = DIRECTION('',(0.,0.,1.));
#6197 = ORIENTED_EDGE('',*,*,#6198,.T.);
#6198 = EDGE_CURVE('',#6191,#6199,#6201,.T.);
#6199 = VERTEX_POINT('',#6200);
#6200 = CARTESIAN_POINT('',(127.,-34.75,9.041451884327));
#6201 = LINE('',#6202,#6203);
#6202 = CARTESIAN_POINT('',(127.,-38.25,7.020725942164));
#6203 = VECTOR('',#6204,1.);
#6204 = DIRECTION('',(0.,0.866025403784,0.5));
#6205 = ORIENTED_EDGE('',*,*,#6206,.T.);
#6206 = EDGE_CURVE('',#6199,#6127,#6207,.T.);
#6207 = LINE('',#6208,#6209);
#6208 = CARTESIAN_POINT('',(127.,-34.75,9.041451884327));
#6209 = VECTOR('',#6210,1.);
#6210 = DIRECTION('',(0.,0.866025403784,-0.5));
#6211 = ORIENTED_EDGE('',*,*,#6143,.T.);
#6212 = FACE_BOUND('',#6213,.F.);
#6213 = EDGE_LOOP('',(#6214));
#6214 = ORIENTED_EDGE('',*,*,#6215,.F.);
#6215 = EDGE_CURVE('',#6216,#6216,#6218,.T.);
#6216 = VERTEX_POINT('',#6217);
#6217 = CARTESIAN_POINT('',(127.,-34.75,3.));
#6218 = CIRCLE('',#6219,2.);
#6219 = AXIS2_PLACEMENT_3D('',#6220,#6221,#6222);
#6220 = CARTESIAN_POINT('',(127.,-34.75,5.));
#6221 = DIRECTION('',(-1.,0.,0.));
#6222 = DIRECTION('',(0.,0.,-1.));
#6223 = PLANE('',#6224);
#6224 = AXIS2_PLACEMENT_3D('',#6225,#6226,#6227);
#6225 = CARTESIAN_POINT('',(127.,-34.75,5.));
#6226 = DIRECTION('',(-1.,-0.,-0.));
#6227 = DIRECTION('',(0.,0.,-1.));
#6228 = ADVANCED_FACE('',(#6229,#6256),#6267,.T.);
#6229 = FACE_BOUND('',#6230,.T.);
#6230 = EDGE_LOOP('',(#6231,#6232,#6233,#6241,#6249,#6255));
#6231 = ORIENTED_EDGE('',*,*,#6096,.T.);
#6232 = ORIENTED_EDGE('',*,*,#6158,.T.);
#6233 = ORIENTED_EDGE('',*,*,#6234,.T.);
#6234 = EDGE_CURVE('',#6159,#6235,#6237,.T.);
#6235 = VERTEX_POINT('',#6236);
#6236 = CARTESIAN_POINT('',(122.,-38.25,7.020725942164));
#6237 = LINE('',#6238,#6239);
#6238 = CARTESIAN_POINT('',(122.,-38.25,2.979274057836));
#6239 = VECTOR('',#6240,1.);
#6240 = DIRECTION('',(0.,0.,1.));
#6241 = ORIENTED_EDGE('',*,*,#6242,.T.);
#6242 = EDGE_CURVE('',#6235,#6243,#6245,.T.);
#6243 = VERTEX_POINT('',#6244);
#6244 = CARTESIAN_POINT('',(122.,-34.75,9.041451884327));
#6245 = LINE('',#6246,#6247);
#6246 = CARTESIAN_POINT('',(122.,-38.25,7.020725942164));
#6247 = VECTOR('',#6248,1.);
#6248 = DIRECTION('',(0.,0.866025403784,0.5));
#6249 = ORIENTED_EDGE('',*,*,#6250,.T.);
#6250 = EDGE_CURVE('',#6243,#6129,#6251,.T.);
#6251 = LINE('',#6252,#6253);
#6252 = CARTESIAN_POINT('',(122.,-34.75,9.041451884327));
#6253 = VECTOR('',#6254,1.);
#6254 = DIRECTION('',(0.,0.866025403784,-0.5));
#6255 = ORIENTED_EDGE('',*,*,#6136,.T.);
#6256 = FACE_BOUND('',#6257,.T.);
#6257 = EDGE_LOOP('',(#6258));
#6258 = ORIENTED_EDGE('',*,*,#6259,.F.);
#6259 = EDGE_CURVE('',#6260,#6260,#6262,.T.);
#6260 = VERTEX_POINT('',#6261);
#6261 = CARTESIAN_POINT('',(122.,-34.75,3.));
#6262 = CIRCLE('',#6263,2.);
#6263 = AXIS2_PLACEMENT_3D('',#6264,#6265,#6266);
#6264 = CARTESIAN_POINT('',(122.,-34.75,5.));
#6265 = DIRECTION('',(-1.,0.,0.));
#6266 = DIRECTION('',(0.,0.,-1.));
#6267 = PLANE('',#6268);
#6268 = AXIS2_PLACEMENT_3D('',#6269,#6270,#6271);
#6269 = CARTESIAN_POINT('',(122.,-34.75,5.));
#6270 = DIRECTION('',(-1.,-0.,-0.));
#6271 = DIRECTION('',(0.,0.,-1.));
#6272 = ADVANCED_FACE('',(#6273),#6284,.F.);
#6273 = FACE_BOUND('',#6274,.F.);
#6274 = EDGE_LOOP('',(#6275,#6281,#6282,#6283));
#6275 = ORIENTED_EDGE('',*,*,#6276,.T.);
#6276 = EDGE_CURVE('',#6199,#6243,#6277,.T.);
#6277 = LINE('',#6278,#6279);
#6278 = CARTESIAN_POINT('',(127.,-34.75,9.041451884327));
#6279 = VECTOR('',#6280,1.);
#6280 = DIRECTION('',(-1.,0.,0.));
#6281 = ORIENTED_EDGE('',*,*,#6250,.T.);
#6282 = ORIENTED_EDGE('',*,*,#6126,.F.);
#6283 = ORIENTED_EDGE('',*,*,#6206,.F.);
#6284 = PLANE('',#6285);
#6285 = AXIS2_PLACEMENT_3D('',#6286,#6287,#6288);
#6286 = CARTESIAN_POINT('',(127.,-34.75,9.041451884327));
#6287 = DIRECTION('',(-0.,-0.5,-0.866025403784));
#6288 = DIRECTION('',(0.,0.866025403784,-0.5));
#6289 = ADVANCED_FACE('',(#6290),#6301,.F.);
#6290 = FACE_BOUND('',#6291,.F.);
#6291 = EDGE_LOOP('',(#6292,#6293,#6294,#6300));
#6292 = ORIENTED_EDGE('',*,*,#6166,.T.);
#6293 = ORIENTED_EDGE('',*,*,#6234,.T.);
#6294 = ORIENTED_EDGE('',*,*,#6295,.F.);
#6295 = EDGE_CURVE('',#6191,#6235,#6296,.T.);
#6296 = LINE('',#6297,#6298);
#6297 = CARTESIAN_POINT('',(127.,-38.25,7.020725942164));
#6298 = VECTOR('',#6299,1.);
#6299 = DIRECTION('',(-1.,0.,0.));
#6300 = ORIENTED_EDGE('',*,*,#6190,.F.);
#6301 = PLANE('',#6302);
#6302 = AXIS2_PLACEMENT_3D('',#6303,#6304,#6305);
#6303 = CARTESIAN_POINT('',(127.,-38.25,2.979274057836));
#6304 = DIRECTION('',(0.,1.,-0.));
#6305 = DIRECTION('',(0.,0.,1.));
#6306 = ADVANCED_FACE('',(#6307),#6313,.F.);
#6307 = FACE_BOUND('',#6308,.F.);
#6308 = EDGE_LOOP('',(#6309,#6310,#6311,#6312));
#6309 = ORIENTED_EDGE('',*,*,#6295,.T.);
#6310 = ORIENTED_EDGE('',*,*,#6242,.T.);
#6311 = ORIENTED_EDGE('',*,*,#6276,.F.);
#6312 = ORIENTED_EDGE('',*,*,#6198,.F.);
#6313 = PLANE('',#6314);
#6314 = AXIS2_PLACEMENT_3D('',#6315,#6316,#6317);
#6315 = CARTESIAN_POINT('',(127.,-38.25,7.020725942164));
#6316 = DIRECTION('',(0.,0.5,-0.866025403784));
#6317 = DIRECTION('',(0.,0.866025403784,0.5));
#6318 = ADVANCED_FACE('',(#6319),#6330,.F.);
#6319 = FACE_BOUND('',#6320,.F.);
#6320 = EDGE_LOOP('',(#6321,#6322,#6328,#6329));
#6321 = ORIENTED_EDGE('',*,*,#6259,.F.);
#6322 = ORIENTED_EDGE('',*,*,#6323,.F.);
#6323 = EDGE_CURVE('',#6216,#6260,#6324,.T.);
#6324 = LINE('',#6325,#6326);
#6325 = CARTESIAN_POINT('',(128.,-34.75,3.));
#6326 = VECTOR('',#6327,1.);
#6327 = DIRECTION('',(-1.,0.,0.));
#6328 = ORIENTED_EDGE('',*,*,#6215,.T.);
#6329 = ORIENTED_EDGE('',*,*,#6323,.T.);
#6330 = CYLINDRICAL_SURFACE('',#6331,2.);
#6331 = AXIS2_PLACEMENT_3D('',#6332,#6333,#6334);
#6332 = CARTESIAN_POINT('',(128.,-34.75,5.));
#6333 = DIRECTION('',(-1.,0.,0.));
#6334 = DIRECTION('',(0.,0.,-1.));
#6335 = MANIFOLD_SOLID_BREP('',#6336);
#6336 = CLOSED_SHELL('',(#6337,#6370,#6390,#6410));
#6337 = ADVANCED_FACE('',(#6338),#6365,.T.);
#6338 = FACE_BOUND('',#6339,.T.);
#6339 = EDGE_LOOP('',(#6340,#6349,#6357,#6364));
#6340 = ORIENTED_EDGE('',*,*,#6341,.F.);
#6341 = EDGE_CURVE('',#6342,#6342,#6344,.T.);
#6342 = VERTEX_POINT('',#6343);
#6343 = CARTESIAN_POINT('',(86.,26.6,6.));
#6344 = CIRCLE('',#6345,6.);
#6345 = AXIS2_PLACEMENT_3D('',#6346,#6347,#6348);
#6346 = CARTESIAN_POINT('',(86.,26.6,0.));
#6347 = DIRECTION('',(-0.,1.,0.));
#6348 = DIRECTION('',(0.,0.,1.));
#6349 = ORIENTED_EDGE('',*,*,#6350,.F.);
#6350 = EDGE_CURVE('',#6351,#6342,#6353,.T.);
#6351 = VERTEX_POINT('',#6352);
#6352 = CARTESIAN_POINT('',(86.,25.,6.));
#6353 = LINE('',#6354,#6355);
#6354 = CARTESIAN_POINT('',(86.,25.,6.));
#6355 = VECTOR('',#6356,1.);
#6356 = DIRECTION('',(0.,1.,0.));
#6357 = ORIENTED_EDGE('',*,*,#6358,.T.);
#6358 = EDGE_CURVE('',#6351,#6351,#6359,.T.);
#6359 = CIRCLE('',#6360,6.);
#6360 = AXIS2_PLACEMENT_3D('',#6361,#6362,#6363);
#6361 = CARTESIAN_POINT('',(86.,25.,0.));
#6362 = DIRECTION('',(-0.,1.,0.));
#6363 = DIRECTION('',(0.,0.,1.));
#6364 = ORIENTED_EDGE('',*,*,#6350,.T.);
#6365 = CYLINDRICAL_SURFACE('',#6366,6.);
#6366 = AXIS2_PLACEMENT_3D('',#6367,#6368,#6369);
#6367 = CARTESIAN_POINT('',(86.,25.,0.));
#6368 = DIRECTION('',(-0.,1.,-0.));
#6369 = DIRECTION('',(0.,0.,1.));
#6370 = ADVANCED_FACE('',(#6371,#6374),#6385,.T.);
#6371 = FACE_BOUND('',#6372,.T.);
#6372 = EDGE_LOOP('',(#6373));
#6373 = ORIENTED_EDGE('',*,*,#6341,.T.);
#6374 = FACE_BOUND('',#6375,.T.);
#6375 = EDGE_LOOP('',(#6376));
#6376 = ORIENTED_EDGE('',*,*,#6377,.F.);
#6377 = EDGE_CURVE('',#6378,#6378,#6380,.T.);
#6378 = VERTEX_POINT('',#6379);
#6379 = CARTESIAN_POINT('',(86.,26.6,3.2));
#6380 = CIRCLE('',#6381,3.2);
#6381 = AXIS2_PLACEMENT_3D('',#6382,#6383,#6384);
#6382 = CARTESIAN_POINT('',(86.,26.6,0.));
#6383 = DIRECTION('',(-0.,1.,0.));
#6384 = DIRECTION('',(0.,0.,1.));
#6385 = PLANE('',#6386);
#6386 = AXIS2_PLACEMENT_3D('',#6387,#6388,#6389);
#6387 = CARTESIAN_POINT('',(86.,26.6,0.));
#6388 = DIRECTION('',(-0.,1.,-0.));
#6389 = DIRECTION('',(0.,0.,1.));
#6390 = ADVANCED_FACE('',(#6391,#6394),#6405,.F.);
#6391 = FACE_BOUND('',#6392,.F.);
#6392 = EDGE_LOOP('',(#6393));
#6393 = ORIENTED_EDGE('',*,*,#6358,.T.);
#6394 = FACE_BOUND('',#6395,.F.);
#6395 = EDGE_LOOP('',(#6396));
#6396 = ORIENTED_EDGE('',*,*,#6397,.F.);
#6397 = EDGE_CURVE('',#6398,#6398,#6400,.T.);
#6398 = VERTEX_POINT('',#6399);
#6399 = CARTESIAN_POINT('',(86.,25.,3.2));
#6400 = CIRCLE('',#6401,3.2);
#6401 = AXIS2_PLACEMENT_3D('',#6402,#6403,#6404);
#6402 = CARTESIAN_POINT('',(86.,25.,0.));
#6403 = DIRECTION('',(-0.,1.,0.));
#6404 = DIRECTION('',(0.,0.,1.));
#6405 = PLANE('',#6406);
#6406 = AXIS2_PLACEMENT_3D('',#6407,#6408,#6409);
#6407 = CARTESIAN_POINT('',(86.,25.,0.));
#6408 = DIRECTION('',(-0.,1.,-0.));
#6409 = DIRECTION('',(0.,0.,1.));
#6410 = ADVANCED_FACE('',(#6411),#6422,.F.);
#6411 = FACE_BOUND('',#6412,.F.);
#6412 = EDGE_LOOP('',(#6413,#6414,#6420,#6421));
#6413 = ORIENTED_EDGE('',*,*,#6377,.F.);
#6414 = ORIENTED_EDGE('',*,*,#6415,.F.);
#6415 = EDGE_CURVE('',#6398,#6378,#6416,.T.);
#6416 = LINE('',#6417,#6418);
#6417 = CARTESIAN_POINT('',(86.,24.,3.2));
#6418 = VECTOR('',#6419,1.);
#6419 = DIRECTION('',(0.,1.,0.));
#6420 = ORIENTED_EDGE('',*,*,#6397,.T.);
#6421 = ORIENTED_EDGE('',*,*,#6415,.T.);
#6422 = CYLINDRICAL_SURFACE('',#6423,3.2);
#6423 = AXIS2_PLACEMENT_3D('',#6424,#6425,#6426);
#6424 = CARTESIAN_POINT('',(86.,24.,0.));
#6425 = DIRECTION('',(-0.,1.,-0.));
#6426 = DIRECTION('',(0.,0.,1.));
#6427 = MANIFOLD_SOLID_BREP('',#6428);
#6428 = CLOSED_SHELL('',(#6429,#6462,#6482,#6541,#6566,#6597,#6621,#6645
    ,#6669,#6693,#6710,#6719));
#6429 = ADVANCED_FACE('',(#6430),#6457,.T.);
#6430 = FACE_BOUND('',#6431,.T.);
#6431 = EDGE_LOOP('',(#6432,#6441,#6449,#6456));
#6432 = ORIENTED_EDGE('',*,*,#6433,.F.);
#6433 = EDGE_CURVE('',#6434,#6434,#6436,.T.);
#6434 = VERTEX_POINT('',#6435);
#6435 = CARTESIAN_POINT('',(86.,26.6,-5.));
#6436 = CIRCLE('',#6437,5.);
#6437 = AXIS2_PLACEMENT_3D('',#6438,#6439,#6440);
#6438 = CARTESIAN_POINT('',(86.,26.6,0.));
#6439 = DIRECTION('',(0.,-1.,0.));
#6440 = DIRECTION('',(0.,-0.,-1.));
#6441 = ORIENTED_EDGE('',*,*,#6442,.F.);
#6442 = EDGE_CURVE('',#6443,#6434,#6445,.T.);
#6443 = VERTEX_POINT('',#6444);
#6444 = CARTESIAN_POINT('',(86.,32.6,-5.));
#6445 = LINE('',#6446,#6447);
#6446 = CARTESIAN_POINT('',(86.,32.6,-5.));
#6447 = VECTOR('',#6448,1.);
#6448 = DIRECTION('',(0.,-1.,0.));
#6449 = ORIENTED_EDGE('',*,*,#6450,.T.);
#6450 = EDGE_CURVE('',#6443,#6443,#6451,.T.);
#6451 = CIRCLE('',#6452,5.);
#6452 = AXIS2_PLACEMENT_3D('',#6453,#6454,#6455);
#6453 = CARTESIAN_POINT('',(86.,32.6,0.));
#6454 = DIRECTION('',(0.,-1.,0.));
#6455 = DIRECTION('',(0.,-0.,-1.));
#6456 = ORIENTED_EDGE('',*,*,#6442,.T.);
#6457 = CYLINDRICAL_SURFACE('',#6458,5.);
#6458 = AXIS2_PLACEMENT_3D('',#6459,#6460,#6461);
#6459 = CARTESIAN_POINT('',(86.,32.6,0.));
#6460 = DIRECTION('',(0.,-1.,0.));
#6461 = DIRECTION('',(0.,-0.,-1.));
#6462 = ADVANCED_FACE('',(#6463,#6466),#6477,.T.);
#6463 = FACE_BOUND('',#6464,.T.);
#6464 = EDGE_LOOP('',(#6465));
#6465 = ORIENTED_EDGE('',*,*,#6433,.T.);
#6466 = FACE_BOUND('',#6467,.T.);
#6467 = EDGE_LOOP('',(#6468));
#6468 = ORIENTED_EDGE('',*,*,#6469,.F.);
#6469 = EDGE_CURVE('',#6470,#6470,#6472,.T.);
#6470 = VERTEX_POINT('',#6471);
#6471 = CARTESIAN_POINT('',(86.,26.6,-3.));
#6472 = CIRCLE('',#6473,3.);
#6473 = AXIS2_PLACEMENT_3D('',#6474,#6475,#6476);
#6474 = CARTESIAN_POINT('',(86.,26.6,0.));
#6475 = DIRECTION('',(0.,-1.,0.));
#6476 = DIRECTION('',(0.,-0.,-1.));
#6477 = PLANE('',#6478);
#6478 = AXIS2_PLACEMENT_3D('',#6479,#6480,#6481);
#6479 = CARTESIAN_POINT('',(86.,26.6,0.));
#6480 = DIRECTION('',(0.,-1.,0.));
#6481 = DIRECTION('',(0.,-0.,-1.));
#6482 = ADVANCED_FACE('',(#6483,#6486),#6536,.F.);
#6483 = FACE_BOUND('',#6484,.F.);
#6484 = EDGE_LOOP('',(#6485));
#6485 = ORIENTED_EDGE('',*,*,#6450,.T.);
#6486 = FACE_BOUND('',#6487,.F.);
#6487 = EDGE_LOOP('',(#6488,#6498,#6506,#6514,#6522,#6530));
#6488 = ORIENTED_EDGE('',*,*,#6489,.T.);
#6489 = EDGE_CURVE('',#6490,#6492,#6494,.T.);
#6490 = VERTEX_POINT('',#6491);
#6491 = CARTESIAN_POINT('',(83.5,32.6,1.443375672974));
#6492 = VERTEX_POINT('',#6493);
#6493 = CARTESIAN_POINT('',(86.,32.6,2.886751345948));
#6494 = LINE('',#6495,#6496);
#6495 = CARTESIAN_POINT('',(85.375,32.6,2.525907427705));
#6496 = VECTOR('',#6497,1.);
#6497 = DIRECTION('',(0.866025403784,0.,0.5));
#6498 = ORIENTED_EDGE('',*,*,#6499,.T.);
#6499 = EDGE_CURVE('',#6492,#6500,#6502,.T.);
#6500 = VERTEX_POINT('',#6501);
#6501 = CARTESIAN_POINT('',(88.5,32.6,1.443375672974));
#6502 = LINE('',#6503,#6504);
#6503 = CARTESIAN_POINT('',(87.875,32.6,1.804219591218));
#6504 = VECTOR('',#6505,1.);
#6505 = DIRECTION('',(0.866025403784,0.,-0.5));
#6506 = ORIENTED_EDGE('',*,*,#6507,.T.);
#6507 = EDGE_CURVE('',#6500,#6508,#6510,.T.);
#6508 = VERTEX_POINT('',#6509);
#6509 = CARTESIAN_POINT('',(88.5,32.6,-1.443375672974));
#6510 = LINE('',#6511,#6512);
#6511 = CARTESIAN_POINT('',(88.5,32.6,-0.721687836487));
#6512 = VECTOR('',#6513,1.);
#6513 = DIRECTION('',(-0.,-0.,-1.));
#6514 = ORIENTED_EDGE('',*,*,#6515,.T.);
#6515 = EDGE_CURVE('',#6508,#6516,#6518,.T.);
#6516 = VERTEX_POINT('',#6517);
#6517 = CARTESIAN_POINT('',(86.,32.6,-2.886751345948));
#6518 = LINE('',#6519,#6520);
#6519 = CARTESIAN_POINT('',(86.625,32.6,-2.525907427705));
#6520 = VECTOR('',#6521,1.);
#6521 = DIRECTION('',(-0.866025403784,-0.,-0.5));
#6522 = ORIENTED_EDGE('',*,*,#6523,.T.);
#6523 = EDGE_CURVE('',#6516,#6524,#6526,.T.);
#6524 = VERTEX_POINT('',#6525);
#6525 = CARTESIAN_POINT('',(83.5,32.6,-1.443375672974));
#6526 = LINE('',#6527,#6528);
#6527 = CARTESIAN_POINT('',(84.125,32.6,-1.804219591218));
#6528 = VECTOR('',#6529,1.);
#6529 = DIRECTION('',(-0.866025403784,0.,0.5));
#6530 = ORIENTED_EDGE('',*,*,#6531,.T.);
#6531 = EDGE_CURVE('',#6524,#6490,#6532,.T.);
#6532 = LINE('',#6533,#6534);
#6533 = CARTESIAN_POINT('',(83.5,32.6,0.721687836487));
#6534 = VECTOR('',#6535,1.);
#6535 = DIRECTION('',(-0.,0.,1.));
#6536 = PLANE('',#6537);
#6537 = AXIS2_PLACEMENT_3D('',#6538,#6539,#6540);
#6538 = CARTESIAN_POINT('',(86.,32.6,0.));
#6539 = DIRECTION('',(0.,-1.,0.));
#6540 = DIRECTION('',(0.,-0.,-1.));
#6541 = ADVANCED_FACE('',(#6542),#6561,.T.);
#6542 = FACE_BOUND('',#6543,.T.);
#6543 = EDGE_LOOP('',(#6544,#6553,#6559,#6560));
#6544 = ORIENTED_EDGE('',*,*,#6545,.F.);
#6545 = EDGE_CURVE('',#6546,#6546,#6548,.T.);
#6546 = VERTEX_POINT('',#6547);
#6547 = CARTESIAN_POINT('',(86.,10.6,-3.));
#6548 = CIRCLE('',#6549,3.);
#6549 = AXIS2_PLACEMENT_3D('',#6550,#6551,#6552);
#6550 = CARTESIAN_POINT('',(86.,10.6,0.));
#6551 = DIRECTION('',(0.,-1.,0.));
#6552 = DIRECTION('',(0.,-0.,-1.));
#6553 = ORIENTED_EDGE('',*,*,#6554,.F.);
#6554 = EDGE_CURVE('',#6470,#6546,#6555,.T.);
#6555 = LINE('',#6556,#6557);
#6556 = CARTESIAN_POINT('',(86.,26.6,-3.));
#6557 = VECTOR('',#6558,1.);
#6558 = DIRECTION('',(0.,-1.,0.));
#6559 = ORIENTED_EDGE('',*,*,#6469,.T.);
#6560 = ORIENTED_EDGE('',*,*,#6554,.T.);
#6561 = CYLINDRICAL_SURFACE('',#6562,3.);
#6562 = AXIS2_PLACEMENT_3D('',#6563,#6564,#6565);
#6563 = CARTESIAN_POINT('',(86.,26.6,0.));
#6564 = DIRECTION('',(0.,-1.,0.));
#6565 = DIRECTION('',(0.,-0.,-1.));
#6566 = ADVANCED_FACE('',(#6567),#6592,.T.);
#6567 = FACE_BOUND('',#6568,.T.);
#6568 = EDGE_LOOP('',(#6569,#6570,#6578,#6586));
#6569 = ORIENTED_EDGE('',*,*,#6489,.T.);
#6570 = ORIENTED_EDGE('',*,*,#6571,.T.);
#6571 = EDGE_CURVE('',#6492,#6572,#6574,.T.);
#6572 = VERTEX_POINT('',#6573);
#6573 = CARTESIAN_POINT('',(86.,29.,2.886751345948));
#6574 = LINE('',#6575,#6576);
#6575 = CARTESIAN_POINT('',(86.,32.7,2.886751345948));
#6576 = VECTOR('',#6577,1.);
#6577 = DIRECTION('',(0.,-1.,0.));
#6578 = ORIENTED_EDGE('',*,*,#6579,.T.);
#6579 = EDGE_CURVE('',#6572,#6580,#6582,.T.);
#6580 = VERTEX_POINT('',#6581);
#6581 = CARTESIAN_POINT('',(83.5,29.,1.443375672974));
#6582 = LINE('',#6583,#6584);
#6583 = CARTESIAN_POINT('',(86.,29.,2.886751345948));
#6584 = VECTOR('',#6585,1.);
#6585 = DIRECTION('',(-0.866025403784,0.,-0.5));
#6586 = ORIENTED_EDGE('',*,*,#6587,.F.);
#6587 = EDGE_CURVE('',#6490,#6580,#6588,.T.);
#6588 = LINE('',#6589,#6590);
#6589 = CARTESIAN_POINT('',(83.5,32.7,1.443375672974));
#6590 = VECTOR('',#6591,1.);
#6591 = DIRECTION('',(0.,-1.,0.));
#6592 = PLANE('',#6593);
#6593 = AXIS2_PLACEMENT_3D('',#6594,#6595,#6596);
#6594 = CARTESIAN_POINT('',(86.,32.7,2.886751345948));
#6595 = DIRECTION('',(0.5,0.,-0.866025403784));
#6596 = DIRECTION('',(-0.866025403784,0.,-0.5));
#6597 = ADVANCED_FACE('',(#6598),#6616,.T.);
#6598 = FACE_BOUND('',#6599,.T.);
#6599 = EDGE_LOOP('',(#6600,#6601,#6602,#6610));
#6600 = ORIENTED_EDGE('',*,*,#6531,.T.);
#6601 = ORIENTED_EDGE('',*,*,#6587,.T.);
#6602 = ORIENTED_EDGE('',*,*,#6603,.T.);
#6603 = EDGE_CURVE('',#6580,#6604,#6606,.T.);
#6604 = VERTEX_POINT('',#6605);
#6605 = CARTESIAN_POINT('',(83.5,29.,-1.443375672974));
#6606 = LINE('',#6607,#6608);
#6607 = CARTESIAN_POINT('',(83.5,29.,1.443375672974));
#6608 = VECTOR('',#6609,1.);
#6609 = DIRECTION('',(0.,0.,-1.));
#6610 = ORIENTED_EDGE('',*,*,#6611,.F.);
#6611 = EDGE_CURVE('',#6524,#6604,#6612,.T.);
#6612 = LINE('',#6613,#6614);
#6613 = CARTESIAN_POINT('',(83.5,32.7,-1.443375672974));
#6614 = VECTOR('',#6615,1.);
#6615 = DIRECTION('',(0.,-1.,0.));
#6616 = PLANE('',#6617);
#6617 = AXIS2_PLACEMENT_3D('',#6618,#6619,#6620);
#6618 = CARTESIAN_POINT('',(83.5,32.7,1.443375672974));
#6619 = DIRECTION('',(1.,0.,0.));
#6620 = DIRECTION('',(0.,0.,-1.));
#6621 = ADVANCED_FACE('',(#6622),#6640,.T.);
#6622 = FACE_BOUND('',#6623,.T.);
#6623 = EDGE_LOOP('',(#6624,#6625,#6626,#6634));
#6624 = ORIENTED_EDGE('',*,*,#6523,.T.);
#6625 = ORIENTED_EDGE('',*,*,#6611,.T.);
#6626 = ORIENTED_EDGE('',*,*,#6627,.T.);
#6627 = EDGE_CURVE('',#6604,#6628,#6630,.T.);
#6628 = VERTEX_POINT('',#6629);
#6629 = CARTESIAN_POINT('',(86.,29.,-2.886751345948));
#6630 = LINE('',#6631,#6632);
#6631 = CARTESIAN_POINT('',(83.5,29.,-1.443375672974));
#6632 = VECTOR('',#6633,1.);
#6633 = DIRECTION('',(0.866025403784,0.,-0.5));
#6634 = ORIENTED_EDGE('',*,*,#6635,.F.);
#6635 = EDGE_CURVE('',#6516,#6628,#6636,.T.);
#6636 = LINE('',#6637,#6638);
#6637 = CARTESIAN_POINT('',(86.,32.7,-2.886751345948));
#6638 = VECTOR('',#6639,1.);
#6639 = DIRECTION('',(0.,-1.,0.));
#6640 = PLANE('',#6641);
#6641 = AXIS2_PLACEMENT_3D('',#6642,#6643,#6644);
#6642 = CARTESIAN_POINT('',(83.5,32.7,-1.443375672974));
#6643 = DIRECTION('',(0.5,0.,0.866025403784));
#6644 = DIRECTION('',(0.866025403784,0.,-0.5));
#6645 = ADVANCED_FACE('',(#6646),#6664,.T.);
#6646 = FACE_BOUND('',#6647,.T.);
#6647 = EDGE_LOOP('',(#6648,#6649,#6650,#6658));
#6648 = ORIENTED_EDGE('',*,*,#6515,.T.);
#6649 = ORIENTED_EDGE('',*,*,#6635,.T.);
#6650 = ORIENTED_EDGE('',*,*,#6651,.T.);
#6651 = EDGE_CURVE('',#6628,#6652,#6654,.T.);
#6652 = VERTEX_POINT('',#6653);
#6653 = CARTESIAN_POINT('',(88.5,29.,-1.443375672974));
#6654 = LINE('',#6655,#6656);
#6655 = CARTESIAN_POINT('',(86.,29.,-2.886751345948));
#6656 = VECTOR('',#6657,1.);
#6657 = DIRECTION('',(0.866025403784,0.,0.5));
#6658 = ORIENTED_EDGE('',*,*,#6659,.F.);
#6659 = EDGE_CURVE('',#6508,#6652,#6660,.T.);
#6660 = LINE('',#6661,#6662);
#6661 = CARTESIAN_POINT('',(88.5,32.7,-1.443375672974));
#6662 = VECTOR('',#6663,1.);
#6663 = DIRECTION('',(0.,-1.,0.));
#6664 = PLANE('',#6665);
#6665 = AXIS2_PLACEMENT_3D('',#6666,#6667,#6668);
#6666 = CARTESIAN_POINT('',(86.,32.7,-2.886751345948));
#6667 = DIRECTION('',(-0.5,0.,0.866025403784));
#6668 = DIRECTION('',(0.866025403784,0.,0.5));
#6669 = ADVANCED_FACE('',(#6670),#6688,.T.);
#6670 = FACE_BOUND('',#6671,.T.);
#6671 = EDGE_LOOP('',(#6672,#6673,#6674,#6682));
#6672 = ORIENTED_EDGE('',*,*,#6507,.T.);
#6673 = ORIENTED_EDGE('',*,*,#6659,.T.);
#6674 = ORIENTED_EDGE('',*,*,#6675,.T.);
#6675 = EDGE_CURVE('',#6652,#6676,#6678,.T.);
#6676 = VERTEX_POINT('',#6677);
#6677 = CARTESIAN_POINT('',(88.5,29.,1.443375672974));
#6678 = LINE('',#6679,#6680);
#6679 = CARTESIAN_POINT('',(88.5,29.,-1.443375672974));
#6680 = VECTOR('',#6681,1.);
#6681 = DIRECTION('',(0.,0.,1.));
#6682 = ORIENTED_EDGE('',*,*,#6683,.F.);
#6683 = EDGE_CURVE('',#6500,#6676,#6684,.T.);
#6684 = LINE('',#6685,#6686);
#6685 = CARTESIAN_POINT('',(88.5,32.7,1.443375672974));
#6686 = VECTOR('',#6687,1.);
#6687 = DIRECTION('',(0.,-1.,0.));
#6688 = PLANE('',#6689);
#6689 = AXIS2_PLACEMENT_3D('',#6690,#6691,#6692);
#6690 = CARTESIAN_POINT('',(88.5,32.7,-1.443375672974));
#6691 = DIRECTION('',(-1.,0.,0.));
#6692 = DIRECTION('',(0.,0.,1.));
#6693 = ADVANCED_FACE('',(#6694),#6705,.T.);
#6694 = FACE_BOUND('',#6695,.T.);
#6695 = EDGE_LOOP('',(#6696,#6697,#6698,#6704));
#6696 = ORIENTED_EDGE('',*,*,#6499,.T.);
#6697 = ORIENTED_EDGE('',*,*,#6683,.T.);
#6698 = ORIENTED_EDGE('',*,*,#6699,.T.);
#6699 = EDGE_CURVE('',#6676,#6572,#6700,.T.);
#6700 = LINE('',#6701,#6702);
#6701 = CARTESIAN_POINT('',(88.5,29.,1.443375672974));
#6702 = VECTOR('',#6703,1.);
#6703 = DIRECTION('',(-0.866025403784,0.,0.5));
#6704 = ORIENTED_EDGE('',*,*,#6571,.F.);
#6705 = PLANE('',#6706);
#6706 = AXIS2_PLACEMENT_3D('',#6707,#6708,#6709);
#6707 = CARTESIAN_POINT('',(88.5,32.7,1.443375672974));
#6708 = DIRECTION('',(-0.5,-0.,-0.866025403784));
#6709 = DIRECTION('',(-0.866025403784,0.,0.5));
#6710 = ADVANCED_FACE('',(#6711),#6714,.T.);
#6711 = FACE_BOUND('',#6712,.T.);
#6712 = EDGE_LOOP('',(#6713));
#6713 = ORIENTED_EDGE('',*,*,#6545,.T.);
#6714 = PLANE('',#6715);
#6715 = AXIS2_PLACEMENT_3D('',#6716,#6717,#6718);
#6716 = CARTESIAN_POINT('',(86.,10.6,0.));
#6717 = DIRECTION('',(0.,-1.,0.));
#6718 = DIRECTION('',(0.,-0.,-1.));
#6719 = ADVANCED_FACE('',(#6720),#6728,.F.);
#6720 = FACE_BOUND('',#6721,.F.);
#6721 = EDGE_LOOP('',(#6722,#6723,#6724,#6725,#6726,#6727));
#6722 = ORIENTED_EDGE('',*,*,#6699,.T.);
#6723 = ORIENTED_EDGE('',*,*,#6579,.T.);
#6724 = ORIENTED_EDGE('',*,*,#6603,.T.);
#6725 = ORIENTED_EDGE('',*,*,#6627,.T.);
#6726 = ORIENTED_EDGE('',*,*,#6651,.T.);
#6727 = ORIENTED_EDGE('',*,*,#6675,.T.);
#6728 = PLANE('',#6729);
#6729 = AXIS2_PLACEMENT_3D('',#6730,#6731,#6732);
#6730 = CARTESIAN_POINT('',(86.,29.,-2.563950248511E-17));
#6731 = DIRECTION('',(-0.,-1.,-0.));
#6732 = DIRECTION('',(0.,0.,-1.));
#6733 = MANIFOLD_SOLID_BREP('',#6734);
#6734 = CLOSED_SHELL('',(#6735,#6775,#6806,#6837,#6865,#6893,#6905));
#6735 = ADVANCED_FACE('',(#6736),#6770,.F.);
#6736 = FACE_BOUND('',#6737,.F.);
#6737 = EDGE_LOOP('',(#6738,#6748,#6756,#6764));
#6738 = ORIENTED_EDGE('',*,*,#6739,.T.);
#6739 = EDGE_CURVE('',#6740,#6742,#6744,.T.);
#6740 = VERTEX_POINT('',#6741);
#6741 = CARTESIAN_POINT('',(81.,10.7,-8.));
#6742 = VERTEX_POINT('',#6743);
#6743 = CARTESIAN_POINT('',(81.,15.7,-8.));
#6744 = LINE('',#6745,#6746);
#6745 = CARTESIAN_POINT('',(81.,10.7,-8.));
#6746 = VECTOR('',#6747,1.);
#6747 = DIRECTION('',(-0.,1.,-0.));
#6748 = ORIENTED_EDGE('',*,*,#6749,.T.);
#6749 = EDGE_CURVE('',#6742,#6750,#6752,.T.);
#6750 = VERTEX_POINT('',#6751);
#6751 = CARTESIAN_POINT('',(81.,15.7,8.));
#6752 = LINE('',#6753,#6754);
#6753 = CARTESIAN_POINT('',(81.,15.7,-8.));
#6754 = VECTOR('',#6755,1.);
#6755 = DIRECTION('',(0.,0.,1.));
#6756 = ORIENTED_EDGE('',*,*,#6757,.F.);
#6757 = EDGE_CURVE('',#6758,#6750,#6760,.T.);
#6758 = VERTEX_POINT('',#6759);
#6759 = CARTESIAN_POINT('',(81.,10.7,8.));
#6760 = LINE('',#6761,#6762);
#6761 = CARTESIAN_POINT('',(81.,10.7,8.));
#6762 = VECTOR('',#6763,1.);
#6763 = DIRECTION('',(-0.,1.,-0.));
#6764 = ORIENTED_EDGE('',*,*,#6765,.F.);
#6765 = EDGE_CURVE('',#6740,#6758,#6766,.T.);
#6766 = LINE('',#6767,#6768);
#6767 = CARTESIAN_POINT('',(81.,10.7,-8.));
#6768 = VECTOR('',#6769,1.);
#6769 = DIRECTION('',(0.,0.,1.));
#6770 = PLANE('',#6771);
#6771 = AXIS2_PLACEMENT_3D('',#6772,#6773,#6774);
#6772 = CARTESIAN_POINT('',(81.,10.7,-8.));
#6773 = DIRECTION('',(1.,0.,-0.));
#6774 = DIRECTION('',(0.,0.,1.));
#6775 = ADVANCED_FACE('',(#6776),#6801,.F.);
#6776 = FACE_BOUND('',#6777,.F.);
#6777 = EDGE_LOOP('',(#6778,#6788,#6794,#6795));
#6778 = ORIENTED_EDGE('',*,*,#6779,.T.);
#6779 = EDGE_CURVE('',#6780,#6782,#6784,.T.);
#6780 = VERTEX_POINT('',#6781);
#6781 = CARTESIAN_POINT('',(91.,10.7,-8.));
#6782 = VERTEX_POINT('',#6783);
#6783 = CARTESIAN_POINT('',(91.,15.7,-8.));
#6784 = LINE('',#6785,#6786);
#6785 = CARTESIAN_POINT('',(91.,10.7,-8.));
#6786 = VECTOR('',#6787,1.);
#6787 = DIRECTION('',(-0.,1.,-0.));
#6788 = ORIENTED_EDGE('',*,*,#6789,.T.);
#6789 = EDGE_CURVE('',#6782,#6742,#6790,.T.);
#6790 = LINE('',#6791,#6792);
#6791 = CARTESIAN_POINT('',(91.,15.7,-8.));
#6792 = VECTOR('',#6793,1.);
#6793 = DIRECTION('',(-1.,0.,0.));
#6794 = ORIENTED_EDGE('',*,*,#6739,.F.);
#6795 = ORIENTED_EDGE('',*,*,#6796,.F.);
#6796 = EDGE_CURVE('',#6780,#6740,#6797,.T.);
#6797 = LINE('',#6798,#6799);
#6798 = CARTESIAN_POINT('',(91.,10.7,-8.));
#6799 = VECTOR('',#6800,1.);
#6800 = DIRECTION('',(-1.,0.,0.));
#6801 = PLANE('',#6802);
#6802 = AXIS2_PLACEMENT_3D('',#6803,#6804,#6805);
#6803 = CARTESIAN_POINT('',(91.,10.7,-8.));
#6804 = DIRECTION('',(0.,0.,1.));
#6805 = DIRECTION('',(-1.,0.,0.));
#6806 = ADVANCED_FACE('',(#6807),#6832,.F.);
#6807 = FACE_BOUND('',#6808,.F.);
#6808 = EDGE_LOOP('',(#6809,#6810,#6818,#6826));
#6809 = ORIENTED_EDGE('',*,*,#6757,.T.);
#6810 = ORIENTED_EDGE('',*,*,#6811,.T.);
#6811 = EDGE_CURVE('',#6750,#6812,#6814,.T.);
#6812 = VERTEX_POINT('',#6813);
#6813 = CARTESIAN_POINT('',(91.,15.7,8.));
#6814 = LINE('',#6815,#6816);
#6815 = CARTESIAN_POINT('',(81.,15.7,8.));
#6816 = VECTOR('',#6817,1.);
#6817 = DIRECTION('',(1.,0.,0.));
#6818 = ORIENTED_EDGE('',*,*,#6819,.F.);
#6819 = EDGE_CURVE('',#6820,#6812,#6822,.T.);
#6820 = VERTEX_POINT('',#6821);
#6821 = CARTESIAN_POINT('',(91.,10.7,8.));
#6822 = LINE('',#6823,#6824);
#6823 = CARTESIAN_POINT('',(91.,10.7,8.));
#6824 = VECTOR('',#6825,1.);
#6825 = DIRECTION('',(-0.,1.,-0.));
#6826 = ORIENTED_EDGE('',*,*,#6827,.F.);
#6827 = EDGE_CURVE('',#6758,#6820,#6828,.T.);
#6828 = LINE('',#6829,#6830);
#6829 = CARTESIAN_POINT('',(81.,10.7,8.));
#6830 = VECTOR('',#6831,1.);
#6831 = DIRECTION('',(1.,0.,0.));
#6832 = PLANE('',#6833);
#6833 = AXIS2_PLACEMENT_3D('',#6834,#6835,#6836);
#6834 = CARTESIAN_POINT('',(81.,10.7,8.));
#6835 = DIRECTION('',(0.,0.,-1.));
#6836 = DIRECTION('',(1.,0.,0.));
#6837 = ADVANCED_FACE('',(#6838,#6849),#6860,.F.);
#6838 = FACE_BOUND('',#6839,.F.);
#6839 = EDGE_LOOP('',(#6840,#6841,#6842,#6848));
#6840 = ORIENTED_EDGE('',*,*,#6765,.T.);
#6841 = ORIENTED_EDGE('',*,*,#6827,.T.);
#6842 = ORIENTED_EDGE('',*,*,#6843,.T.);
#6843 = EDGE_CURVE('',#6820,#6780,#6844,.T.);
#6844 = LINE('',#6845,#6846);
#6845 = CARTESIAN_POINT('',(91.,10.7,8.));
#6846 = VECTOR('',#6847,1.);
#6847 = DIRECTION('',(0.,0.,-1.));
#6848 = ORIENTED_EDGE('',*,*,#6796,.T.);
#6849 = FACE_BOUND('',#6850,.F.);
#6850 = EDGE_LOOP('',(#6851));
#6851 = ORIENTED_EDGE('',*,*,#6852,.F.);
#6852 = EDGE_CURVE('',#6853,#6853,#6855,.T.);
#6853 = VERTEX_POINT('',#6854);
#6854 = CARTESIAN_POINT('',(86.,10.7,3.));
#6855 = CIRCLE('',#6856,3.);
#6856 = AXIS2_PLACEMENT_3D('',#6857,#6858,#6859);
#6857 = CARTESIAN_POINT('',(86.,10.7,0.));
#6858 = DIRECTION('',(-0.,1.,0.));
#6859 = DIRECTION('',(0.,0.,1.));
#6860 = PLANE('',#6861);
#6861 = AXIS2_PLACEMENT_3D('',#6862,#6863,#6864);
#6862 = CARTESIAN_POINT('',(86.,10.7,0.));
#6863 = DIRECTION('',(0.,1.,0.));
#6864 = DIRECTION('',(0.,-0.,1.));
#6865 = ADVANCED_FACE('',(#6866,#6877),#6888,.T.);
#6866 = FACE_BOUND('',#6867,.T.);
#6867 = EDGE_LOOP('',(#6868,#6869,#6870,#6876));
#6868 = ORIENTED_EDGE('',*,*,#6749,.T.);
#6869 = ORIENTED_EDGE('',*,*,#6811,.T.);
#6870 = ORIENTED_EDGE('',*,*,#6871,.T.);
#6871 = EDGE_CURVE('',#6812,#6782,#6872,.T.);
#6872 = LINE('',#6873,#6874);
#6873 = CARTESIAN_POINT('',(91.,15.7,8.));
#6874 = VECTOR('',#6875,1.);
#6875 = DIRECTION('',(0.,0.,-1.));
#6876 = ORIENTED_EDGE('',*,*,#6789,.T.);
#6877 = FACE_BOUND('',#6878,.T.);
#6878 = EDGE_LOOP('',(#6879));
#6879 = ORIENTED_EDGE('',*,*,#6880,.F.);
#6880 = EDGE_CURVE('',#6881,#6881,#6883,.T.);
#6881 = VERTEX_POINT('',#6882);
#6882 = CARTESIAN_POINT('',(86.,15.7,3.));
#6883 = CIRCLE('',#6884,3.);
#6884 = AXIS2_PLACEMENT_3D('',#6885,#6886,#6887);
#6885 = CARTESIAN_POINT('',(86.,15.7,0.));
#6886 = DIRECTION('',(-0.,1.,0.));
#6887 = DIRECTION('',(0.,0.,1.));
#6888 = PLANE('',#6889);
#6889 = AXIS2_PLACEMENT_3D('',#6890,#6891,#6892);
#6890 = CARTESIAN_POINT('',(86.,15.7,0.));
#6891 = DIRECTION('',(0.,1.,0.));
#6892 = DIRECTION('',(0.,-0.,1.));
#6893 = ADVANCED_FACE('',(#6894),#6900,.F.);
#6894 = FACE_BOUND('',#6895,.F.);
#6895 = EDGE_LOOP('',(#6896,#6897,#6898,#6899));
#6896 = ORIENTED_EDGE('',*,*,#6819,.T.);
#6897 = ORIENTED_EDGE('',*,*,#6871,.T.);
#6898 = ORIENTED_EDGE('',*,*,#6779,.F.);
#6899 = ORIENTED_EDGE('',*,*,#6843,.F.);
#6900 = PLANE('',#6901);
#6901 = AXIS2_PLACEMENT_3D('',#6902,#6903,#6904);
#6902 = CARTESIAN_POINT('',(91.,10.7,8.));
#6903 = DIRECTION('',(-1.,-0.,-0.));
#6904 = DIRECTION('',(0.,0.,-1.));
#6905 = ADVANCED_FACE('',(#6906),#6917,.F.);
#6906 = FACE_BOUND('',#6907,.F.);
#6907 = EDGE_LOOP('',(#6908,#6909,#6915,#6916));
#6908 = ORIENTED_EDGE('',*,*,#6880,.F.);
#6909 = ORIENTED_EDGE('',*,*,#6910,.F.);
#6910 = EDGE_CURVE('',#6853,#6881,#6911,.T.);
#6911 = LINE('',#6912,#6913);
#6912 = CARTESIAN_POINT('',(86.,9.7,3.));
#6913 = VECTOR('',#6914,1.);
#6914 = DIRECTION('',(0.,1.,0.));
#6915 = ORIENTED_EDGE('',*,*,#6852,.T.);
#6916 = ORIENTED_EDGE('',*,*,#6910,.T.);
#6917 = CYLINDRICAL_SURFACE('',#6918,3.);
#6918 = AXIS2_PLACEMENT_3D('',#6919,#6920,#6921);
#6919 = CARTESIAN_POINT('',(86.,9.7,0.));
#6920 = DIRECTION('',(-0.,1.,-0.));
#6921 = DIRECTION('',(0.,0.,1.));
#6922 = MANIFOLD_SOLID_BREP('',#6923);
#6923 = CLOSED_SHELL('',(#6924,#6957,#6977,#6997));
#6924 = ADVANCED_FACE('',(#6925),#6952,.T.);
#6925 = FACE_BOUND('',#6926,.T.);
#6926 = EDGE_LOOP('',(#6927,#6936,#6944,#6951));
#6927 = ORIENTED_EDGE('',*,*,#6928,.F.);
#6928 = EDGE_CURVE('',#6929,#6929,#6931,.T.);
#6929 = VERTEX_POINT('',#6930);
#6930 = CARTESIAN_POINT('',(86.,-26.6,-6.));
#6931 = CIRCLE('',#6932,6.);
#6932 = AXIS2_PLACEMENT_3D('',#6933,#6934,#6935);
#6933 = CARTESIAN_POINT('',(86.,-26.6,0.));
#6934 = DIRECTION('',(0.,-1.,-0.));
#6935 = DIRECTION('',(0.,0.,-1.));
#6936 = ORIENTED_EDGE('',*,*,#6937,.F.);
#6937 = EDGE_CURVE('',#6938,#6929,#6940,.T.);
#6938 = VERTEX_POINT('',#6939);
#6939 = CARTESIAN_POINT('',(86.,-25.,-6.));
#6940 = LINE('',#6941,#6942);
#6941 = CARTESIAN_POINT('',(86.,-25.,-6.));
#6942 = VECTOR('',#6943,1.);
#6943 = DIRECTION('',(-0.,-1.,0.));
#6944 = ORIENTED_EDGE('',*,*,#6945,.T.);
#6945 = EDGE_CURVE('',#6938,#6938,#6946,.T.);
#6946 = CIRCLE('',#6947,6.);
#6947 = AXIS2_PLACEMENT_3D('',#6948,#6949,#6950);
#6948 = CARTESIAN_POINT('',(86.,-25.,0.));
#6949 = DIRECTION('',(0.,-1.,-0.));
#6950 = DIRECTION('',(0.,0.,-1.));
#6951 = ORIENTED_EDGE('',*,*,#6937,.T.);
#6952 = CYLINDRICAL_SURFACE('',#6953,6.);
#6953 = AXIS2_PLACEMENT_3D('',#6954,#6955,#6956);
#6954 = CARTESIAN_POINT('',(86.,-25.,0.));
#6955 = DIRECTION('',(-0.,-1.,-0.));
#6956 = DIRECTION('',(0.,0.,-1.));
#6957 = ADVANCED_FACE('',(#6958,#6961),#6972,.T.);
#6958 = FACE_BOUND('',#6959,.T.);
#6959 = EDGE_LOOP('',(#6960));
#6960 = ORIENTED_EDGE('',*,*,#6928,.T.);
#6961 = FACE_BOUND('',#6962,.T.);
#6962 = EDGE_LOOP('',(#6963));
#6963 = ORIENTED_EDGE('',*,*,#6964,.F.);
#6964 = EDGE_CURVE('',#6965,#6965,#6967,.T.);
#6965 = VERTEX_POINT('',#6966);
#6966 = CARTESIAN_POINT('',(86.,-26.6,-3.2));
#6967 = CIRCLE('',#6968,3.2);
#6968 = AXIS2_PLACEMENT_3D('',#6969,#6970,#6971);
#6969 = CARTESIAN_POINT('',(86.,-26.6,0.));
#6970 = DIRECTION('',(0.,-1.,-0.));
#6971 = DIRECTION('',(0.,0.,-1.));
#6972 = PLANE('',#6973);
#6973 = AXIS2_PLACEMENT_3D('',#6974,#6975,#6976);
#6974 = CARTESIAN_POINT('',(86.,-26.6,0.));
#6975 = DIRECTION('',(-0.,-1.,-0.));
#6976 = DIRECTION('',(0.,0.,-1.));
#6977 = ADVANCED_FACE('',(#6978,#6981),#6992,.F.);
#6978 = FACE_BOUND('',#6979,.F.);
#6979 = EDGE_LOOP('',(#6980));
#6980 = ORIENTED_EDGE('',*,*,#6945,.T.);
#6981 = FACE_BOUND('',#6982,.F.);
#6982 = EDGE_LOOP('',(#6983));
#6983 = ORIENTED_EDGE('',*,*,#6984,.F.);
#6984 = EDGE_CURVE('',#6985,#6985,#6987,.T.);
#6985 = VERTEX_POINT('',#6986);
#6986 = CARTESIAN_POINT('',(86.,-25.,-3.2));
#6987 = CIRCLE('',#6988,3.2);
#6988 = AXIS2_PLACEMENT_3D('',#6989,#6990,#6991);
#6989 = CARTESIAN_POINT('',(86.,-25.,0.));
#6990 = DIRECTION('',(0.,-1.,-0.));
#6991 = DIRECTION('',(0.,0.,-1.));
#6992 = PLANE('',#6993);
#6993 = AXIS2_PLACEMENT_3D('',#6994,#6995,#6996);
#6994 = CARTESIAN_POINT('',(86.,-25.,0.));
#6995 = DIRECTION('',(-0.,-1.,-0.));
#6996 = DIRECTION('',(0.,0.,-1.));
#6997 = ADVANCED_FACE('',(#6998),#7009,.F.);
#6998 = FACE_BOUND('',#6999,.F.);
#6999 = EDGE_LOOP('',(#7000,#7001,#7007,#7008));
#7000 = ORIENTED_EDGE('',*,*,#6964,.F.);
#7001 = ORIENTED_EDGE('',*,*,#7002,.F.);
#7002 = EDGE_CURVE('',#6985,#6965,#7003,.T.);
#7003 = LINE('',#7004,#7005);
#7004 = CARTESIAN_POINT('',(86.,-24.,-3.2));
#7005 = VECTOR('',#7006,1.);
#7006 = DIRECTION('',(-0.,-1.,0.));
#7007 = ORIENTED_EDGE('',*,*,#6984,.T.);
#7008 = ORIENTED_EDGE('',*,*,#7002,.T.);
#7009 = CYLINDRICAL_SURFACE('',#7010,3.2);
#7010 = AXIS2_PLACEMENT_3D('',#7011,#7012,#7013);
#7011 = CARTESIAN_POINT('',(86.,-24.,0.));
#7012 = DIRECTION('',(-0.,-1.,-0.));
#7013 = DIRECTION('',(0.,0.,-1.));
#7014 = MANIFOLD_SOLID_BREP('',#7015);
#7015 = CLOSED_SHELL('',(#7016,#7049,#7069,#7128,#7153,#7184,#7208,#7232
    ,#7256,#7280,#7297,#7306));
#7016 = ADVANCED_FACE('',(#7017),#7044,.T.);
#7017 = FACE_BOUND('',#7018,.T.);
#7018 = EDGE_LOOP('',(#7019,#7028,#7036,#7043));
#7019 = ORIENTED_EDGE('',*,*,#7020,.F.);
#7020 = EDGE_CURVE('',#7021,#7021,#7023,.T.);
#7021 = VERTEX_POINT('',#7022);
#7022 = CARTESIAN_POINT('',(86.,-26.6,5.));
#7023 = CIRCLE('',#7024,5.);
#7024 = AXIS2_PLACEMENT_3D('',#7025,#7026,#7027);
#7025 = CARTESIAN_POINT('',(86.,-26.6,0.));
#7026 = DIRECTION('',(0.,1.,0.));
#7027 = DIRECTION('',(0.,-0.,1.));
#7028 = ORIENTED_EDGE('',*,*,#7029,.F.);
#7029 = EDGE_CURVE('',#7030,#7021,#7032,.T.);
#7030 = VERTEX_POINT('',#7031);
#7031 = CARTESIAN_POINT('',(86.,-32.6,5.));
#7032 = LINE('',#7033,#7034);
#7033 = CARTESIAN_POINT('',(86.,-32.6,5.));
#7034 = VECTOR('',#7035,1.);
#7035 = DIRECTION('',(0.,1.,0.));
#7036 = ORIENTED_EDGE('',*,*,#7037,.T.);
#7037 = EDGE_CURVE('',#7030,#7030,#7038,.T.);
#7038 = CIRCLE('',#7039,5.);
#7039 = AXIS2_PLACEMENT_3D('',#7040,#7041,#7042);
#7040 = CARTESIAN_POINT('',(86.,-32.6,0.));
#7041 = DIRECTION('',(0.,1.,0.));
#7042 = DIRECTION('',(0.,-0.,1.));
#7043 = ORIENTED_EDGE('',*,*,#7029,.T.);
#7044 = CYLINDRICAL_SURFACE('',#7045,5.);
#7045 = AXIS2_PLACEMENT_3D('',#7046,#7047,#7048);
#7046 = CARTESIAN_POINT('',(86.,-32.6,0.));
#7047 = DIRECTION('',(0.,1.,0.));
#7048 = DIRECTION('',(0.,-0.,1.));
#7049 = ADVANCED_FACE('',(#7050,#7053),#7064,.T.);
#7050 = FACE_BOUND('',#7051,.T.);
#7051 = EDGE_LOOP('',(#7052));
#7052 = ORIENTED_EDGE('',*,*,#7020,.T.);
#7053 = FACE_BOUND('',#7054,.T.);
#7054 = EDGE_LOOP('',(#7055));
#7055 = ORIENTED_EDGE('',*,*,#7056,.F.);
#7056 = EDGE_CURVE('',#7057,#7057,#7059,.T.);
#7057 = VERTEX_POINT('',#7058);
#7058 = CARTESIAN_POINT('',(86.,-26.6,3.));
#7059 = CIRCLE('',#7060,3.);
#7060 = AXIS2_PLACEMENT_3D('',#7061,#7062,#7063);
#7061 = CARTESIAN_POINT('',(86.,-26.6,0.));
#7062 = DIRECTION('',(0.,1.,0.));
#7063 = DIRECTION('',(0.,-0.,1.));
#7064 = PLANE('',#7065);
#7065 = AXIS2_PLACEMENT_3D('',#7066,#7067,#7068);
#7066 = CARTESIAN_POINT('',(86.,-26.6,0.));
#7067 = DIRECTION('',(0.,1.,0.));
#7068 = DIRECTION('',(0.,-0.,1.));
#7069 = ADVANCED_FACE('',(#7070,#7073),#7123,.F.);
#7070 = FACE_BOUND('',#7071,.F.);
#7071 = EDGE_LOOP('',(#7072));
#7072 = ORIENTED_EDGE('',*,*,#7037,.T.);
#7073 = FACE_BOUND('',#7074,.F.);
#7074 = EDGE_LOOP('',(#7075,#7085,#7093,#7101,#7109,#7117));
#7075 = ORIENTED_EDGE('',*,*,#7076,.T.);
#7076 = EDGE_CURVE('',#7077,#7079,#7081,.T.);
#7077 = VERTEX_POINT('',#7078);
#7078 = CARTESIAN_POINT('',(83.5,-32.6,-1.443375672974));
#7079 = VERTEX_POINT('',#7080);
#7080 = CARTESIAN_POINT('',(86.,-32.6,-2.886751345948));
#7081 = LINE('',#7082,#7083);
#7082 = CARTESIAN_POINT('',(85.375,-32.6,-2.525907427705));
#7083 = VECTOR('',#7084,1.);
#7084 = DIRECTION('',(0.866025403784,0.,-0.5));
#7085 = ORIENTED_EDGE('',*,*,#7086,.T.);
#7086 = EDGE_CURVE('',#7079,#7087,#7089,.T.);
#7087 = VERTEX_POINT('',#7088);
#7088 = CARTESIAN_POINT('',(88.5,-32.6,-1.443375672974));
#7089 = LINE('',#7090,#7091);
#7090 = CARTESIAN_POINT('',(87.875,-32.6,-1.804219591218));
#7091 = VECTOR('',#7092,1.);
#7092 = DIRECTION('',(0.866025403784,-0.,0.5));
#7093 = ORIENTED_EDGE('',*,*,#7094,.T.);
#7094 = EDGE_CURVE('',#7087,#7095,#7097,.T.);
#7095 = VERTEX_POINT('',#7096);
#7096 = CARTESIAN_POINT('',(88.5,-32.6,1.443375672974));
#7097 = LINE('',#7098,#7099);
#7098 = CARTESIAN_POINT('',(88.5,-32.6,0.721687836487));
#7099 = VECTOR('',#7100,1.);
#7100 = DIRECTION('',(0.,-0.,1.));
#7101 = ORIENTED_EDGE('',*,*,#7102,.T.);
#7102 = EDGE_CURVE('',#7095,#7103,#7105,.T.);
#7103 = VERTEX_POINT('',#7104);
#7104 = CARTESIAN_POINT('',(86.,-32.6,2.886751345948));
#7105 = LINE('',#7106,#7107);
#7106 = CARTESIAN_POINT('',(86.625,-32.6,2.525907427705));
#7107 = VECTOR('',#7108,1.);
#7108 = DIRECTION('',(-0.866025403784,0.,0.5));
#7109 = ORIENTED_EDGE('',*,*,#7110,.T.);
#7110 = EDGE_CURVE('',#7103,#7111,#7113,.T.);
#7111 = VERTEX_POINT('',#7112);
#7112 = CARTESIAN_POINT('',(83.5,-32.6,1.443375672974));
#7113 = LINE('',#7114,#7115);
#7114 = CARTESIAN_POINT('',(84.125,-32.6,1.804219591218));
#7115 = VECTOR('',#7116,1.);
#7116 = DIRECTION('',(-0.866025403784,0.,-0.5));
#7117 = ORIENTED_EDGE('',*,*,#7118,.T.);
#7118 = EDGE_CURVE('',#7111,#7077,#7119,.T.);
#7119 = LINE('',#7120,#7121);
#7120 = CARTESIAN_POINT('',(83.5,-32.6,-0.721687836487));
#7121 = VECTOR('',#7122,1.);
#7122 = DIRECTION('',(0.,0.,-1.));
#7123 = PLANE('',#7124);
#7124 = AXIS2_PLACEMENT_3D('',#7125,#7126,#7127);
#7125 = CARTESIAN_POINT('',(86.,-32.6,0.));
#7126 = DIRECTION('',(0.,1.,0.));
#7127 = DIRECTION('',(0.,-0.,1.));
#7128 = ADVANCED_FACE('',(#7129),#7148,.T.);
#7129 = FACE_BOUND('',#7130,.T.);
#7130 = EDGE_LOOP('',(#7131,#7140,#7146,#7147));
#7131 = ORIENTED_EDGE('',*,*,#7132,.F.);
#7132 = EDGE_CURVE('',#7133,#7133,#7135,.T.);
#7133 = VERTEX_POINT('',#7134);
#7134 = CARTESIAN_POINT('',(86.,-10.6,3.));
#7135 = CIRCLE('',#7136,3.);
#7136 = AXIS2_PLACEMENT_3D('',#7137,#7138,#7139);
#7137 = CARTESIAN_POINT('',(86.,-10.6,0.));
#7138 = DIRECTION('',(0.,1.,0.));
#7139 = DIRECTION('',(0.,-0.,1.));
#7140 = ORIENTED_EDGE('',*,*,#7141,.F.);
#7141 = EDGE_CURVE('',#7057,#7133,#7142,.T.);
#7142 = LINE('',#7143,#7144);
#7143 = CARTESIAN_POINT('',(86.,-26.6,3.));
#7144 = VECTOR('',#7145,1.);
#7145 = DIRECTION('',(0.,1.,0.));
#7146 = ORIENTED_EDGE('',*,*,#7056,.T.);
#7147 = ORIENTED_EDGE('',*,*,#7141,.T.);
#7148 = CYLINDRICAL_SURFACE('',#7149,3.);
#7149 = AXIS2_PLACEMENT_3D('',#7150,#7151,#7152);
#7150 = CARTESIAN_POINT('',(86.,-26.6,0.));
#7151 = DIRECTION('',(0.,1.,0.));
#7152 = DIRECTION('',(0.,-0.,1.));
#7153 = ADVANCED_FACE('',(#7154),#7179,.T.);
#7154 = FACE_BOUND('',#7155,.T.);
#7155 = EDGE_LOOP('',(#7156,#7157,#7165,#7173));
#7156 = ORIENTED_EDGE('',*,*,#7076,.T.);
#7157 = ORIENTED_EDGE('',*,*,#7158,.T.);
#7158 = EDGE_CURVE('',#7079,#7159,#7161,.T.);
#7159 = VERTEX_POINT('',#7160);
#7160 = CARTESIAN_POINT('',(86.,-29.,-2.886751345948));
#7161 = LINE('',#7162,#7163);
#7162 = CARTESIAN_POINT('',(86.,-32.7,-2.886751345948));
#7163 = VECTOR('',#7164,1.);
#7164 = DIRECTION('',(0.,1.,0.));
#7165 = ORIENTED_EDGE('',*,*,#7166,.T.);
#7166 = EDGE_CURVE('',#7159,#7167,#7169,.T.);
#7167 = VERTEX_POINT('',#7168);
#7168 = CARTESIAN_POINT('',(83.5,-29.,-1.443375672974));
#7169 = LINE('',#7170,#7171);
#7170 = CARTESIAN_POINT('',(86.,-29.,-2.886751345948));
#7171 = VECTOR('',#7172,1.);
#7172 = DIRECTION('',(-0.866025403784,0.,0.5));
#7173 = ORIENTED_EDGE('',*,*,#7174,.F.);
#7174 = EDGE_CURVE('',#7077,#7167,#7175,.T.);
#7175 = LINE('',#7176,#7177);
#7176 = CARTESIAN_POINT('',(83.5,-32.7,-1.443375672974));
#7177 = VECTOR('',#7178,1.);
#7178 = DIRECTION('',(0.,1.,0.));
#7179 = PLANE('',#7180);
#7180 = AXIS2_PLACEMENT_3D('',#7181,#7182,#7183);
#7181 = CARTESIAN_POINT('',(86.,-32.7,-2.886751345948));
#7182 = DIRECTION('',(0.5,-0.,0.866025403784));
#7183 = DIRECTION('',(-0.866025403784,0.,0.5));
#7184 = ADVANCED_FACE('',(#7185),#7203,.T.);
#7185 = FACE_BOUND('',#7186,.T.);
#7186 = EDGE_LOOP('',(#7187,#7188,#7189,#7197));
#7187 = ORIENTED_EDGE('',*,*,#7118,.T.);
#7188 = ORIENTED_EDGE('',*,*,#7174,.T.);
#7189 = ORIENTED_EDGE('',*,*,#7190,.T.);
#7190 = EDGE_CURVE('',#7167,#7191,#7193,.T.);
#7191 = VERTEX_POINT('',#7192);
#7192 = CARTESIAN_POINT('',(83.5,-29.,1.443375672974));
#7193 = LINE('',#7194,#7195);
#7194 = CARTESIAN_POINT('',(83.5,-29.,-1.443375672974));
#7195 = VECTOR('',#7196,1.);
#7196 = DIRECTION('',(0.,0.,1.));
#7197 = ORIENTED_EDGE('',*,*,#7198,.F.);
#7198 = EDGE_CURVE('',#7111,#7191,#7199,.T.);
#7199 = LINE('',#7200,#7201);
#7200 = CARTESIAN_POINT('',(83.5,-32.7,1.443375672974));
#7201 = VECTOR('',#7202,1.);
#7202 = DIRECTION('',(0.,1.,0.));
#7203 = PLANE('',#7204);
#7204 = AXIS2_PLACEMENT_3D('',#7205,#7206,#7207);
#7205 = CARTESIAN_POINT('',(83.5,-32.7,-1.443375672974));
#7206 = DIRECTION('',(1.,0.,0.));
#7207 = DIRECTION('',(0.,0.,1.));
#7208 = ADVANCED_FACE('',(#7209),#7227,.T.);
#7209 = FACE_BOUND('',#7210,.T.);
#7210 = EDGE_LOOP('',(#7211,#7212,#7213,#7221));
#7211 = ORIENTED_EDGE('',*,*,#7110,.T.);
#7212 = ORIENTED_EDGE('',*,*,#7198,.T.);
#7213 = ORIENTED_EDGE('',*,*,#7214,.T.);
#7214 = EDGE_CURVE('',#7191,#7215,#7217,.T.);
#7215 = VERTEX_POINT('',#7216);
#7216 = CARTESIAN_POINT('',(86.,-29.,2.886751345948));
#7217 = LINE('',#7218,#7219);
#7218 = CARTESIAN_POINT('',(83.5,-29.,1.443375672974));
#7219 = VECTOR('',#7220,1.);
#7220 = DIRECTION('',(0.866025403784,0.,0.5));
#7221 = ORIENTED_EDGE('',*,*,#7222,.F.);
#7222 = EDGE_CURVE('',#7103,#7215,#7223,.T.);
#7223 = LINE('',#7224,#7225);
#7224 = CARTESIAN_POINT('',(86.,-32.7,2.886751345948));
#7225 = VECTOR('',#7226,1.);
#7226 = DIRECTION('',(0.,1.,0.));
#7227 = PLANE('',#7228);
#7228 = AXIS2_PLACEMENT_3D('',#7229,#7230,#7231);
#7229 = CARTESIAN_POINT('',(83.5,-32.7,1.443375672974));
#7230 = DIRECTION('',(0.5,0.,-0.866025403784));
#7231 = DIRECTION('',(0.866025403784,0.,0.5));
#7232 = ADVANCED_FACE('',(#7233),#7251,.T.);
#7233 = FACE_BOUND('',#7234,.T.);
#7234 = EDGE_LOOP('',(#7235,#7236,#7237,#7245));
#7235 = ORIENTED_EDGE('',*,*,#7102,.T.);
#7236 = ORIENTED_EDGE('',*,*,#7222,.T.);
#7237 = ORIENTED_EDGE('',*,*,#7238,.T.);
#7238 = EDGE_CURVE('',#7215,#7239,#7241,.T.);
#7239 = VERTEX_POINT('',#7240);
#7240 = CARTESIAN_POINT('',(88.5,-29.,1.443375672974));
#7241 = LINE('',#7242,#7243);
#7242 = CARTESIAN_POINT('',(86.,-29.,2.886751345948));
#7243 = VECTOR('',#7244,1.);
#7244 = DIRECTION('',(0.866025403784,0.,-0.5));
#7245 = ORIENTED_EDGE('',*,*,#7246,.F.);
#7246 = EDGE_CURVE('',#7095,#7239,#7247,.T.);
#7247 = LINE('',#7248,#7249);
#7248 = CARTESIAN_POINT('',(88.5,-32.7,1.443375672974));
#7249 = VECTOR('',#7250,1.);
#7250 = DIRECTION('',(0.,1.,0.));
#7251 = PLANE('',#7252);
#7252 = AXIS2_PLACEMENT_3D('',#7253,#7254,#7255);
#7253 = CARTESIAN_POINT('',(86.,-32.7,2.886751345948));
#7254 = DIRECTION('',(-0.5,0.,-0.866025403784));
#7255 = DIRECTION('',(0.866025403784,0.,-0.5));
#7256 = ADVANCED_FACE('',(#7257),#7275,.T.);
#7257 = FACE_BOUND('',#7258,.T.);
#7258 = EDGE_LOOP('',(#7259,#7260,#7261,#7269));
#7259 = ORIENTED_EDGE('',*,*,#7094,.T.);
#7260 = ORIENTED_EDGE('',*,*,#7246,.T.);
#7261 = ORIENTED_EDGE('',*,*,#7262,.T.);
#7262 = EDGE_CURVE('',#7239,#7263,#7265,.T.);
#7263 = VERTEX_POINT('',#7264);
#7264 = CARTESIAN_POINT('',(88.5,-29.,-1.443375672974));
#7265 = LINE('',#7266,#7267);
#7266 = CARTESIAN_POINT('',(88.5,-29.,1.443375672974));
#7267 = VECTOR('',#7268,1.);
#7268 = DIRECTION('',(0.,0.,-1.));
#7269 = ORIENTED_EDGE('',*,*,#7270,.F.);
#7270 = EDGE_CURVE('',#7087,#7263,#7271,.T.);
#7271 = LINE('',#7272,#7273);
#7272 = CARTESIAN_POINT('',(88.5,-32.7,-1.443375672974));
#7273 = VECTOR('',#7274,1.);
#7274 = DIRECTION('',(0.,1.,0.));
#7275 = PLANE('',#7276);
#7276 = AXIS2_PLACEMENT_3D('',#7277,#7278,#7279);
#7277 = CARTESIAN_POINT('',(88.5,-32.7,1.443375672974));
#7278 = DIRECTION('',(-1.,0.,0.));
#7279 = DIRECTION('',(0.,0.,-1.));
#7280 = ADVANCED_FACE('',(#7281),#7292,.T.);
#7281 = FACE_BOUND('',#7282,.T.);
#7282 = EDGE_LOOP('',(#7283,#7284,#7285,#7291));
#7283 = ORIENTED_EDGE('',*,*,#7086,.T.);
#7284 = ORIENTED_EDGE('',*,*,#7270,.T.);
#7285 = ORIENTED_EDGE('',*,*,#7286,.T.);
#7286 = EDGE_CURVE('',#7263,#7159,#7287,.T.);
#7287 = LINE('',#7288,#7289);
#7288 = CARTESIAN_POINT('',(88.5,-29.,-1.443375672974));
#7289 = VECTOR('',#7290,1.);
#7290 = DIRECTION('',(-0.866025403784,0.,-0.5));
#7291 = ORIENTED_EDGE('',*,*,#7158,.F.);
#7292 = PLANE('',#7293);
#7293 = AXIS2_PLACEMENT_3D('',#7294,#7295,#7296);
#7294 = CARTESIAN_POINT('',(88.5,-32.7,-1.443375672974));
#7295 = DIRECTION('',(-0.5,0.,0.866025403784));
#7296 = DIRECTION('',(-0.866025403784,0.,-0.5));
#7297 = ADVANCED_FACE('',(#7298),#7301,.T.);
#7298 = FACE_BOUND('',#7299,.T.);
#7299 = EDGE_LOOP('',(#7300));
#7300 = ORIENTED_EDGE('',*,*,#7132,.T.);
#7301 = PLANE('',#7302);
#7302 = AXIS2_PLACEMENT_3D('',#7303,#7304,#7305);
#7303 = CARTESIAN_POINT('',(86.,-10.6,0.));
#7304 = DIRECTION('',(0.,1.,0.));
#7305 = DIRECTION('',(0.,-0.,1.));
#7306 = ADVANCED_FACE('',(#7307),#7315,.F.);
#7307 = FACE_BOUND('',#7308,.F.);
#7308 = EDGE_LOOP('',(#7309,#7310,#7311,#7312,#7313,#7314));
#7309 = ORIENTED_EDGE('',*,*,#7286,.T.);
#7310 = ORIENTED_EDGE('',*,*,#7166,.T.);
#7311 = ORIENTED_EDGE('',*,*,#7190,.T.);
#7312 = ORIENTED_EDGE('',*,*,#7214,.T.);
#7313 = ORIENTED_EDGE('',*,*,#7238,.T.);
#7314 = ORIENTED_EDGE('',*,*,#7262,.T.);
#7315 = PLANE('',#7316);
#7316 = AXIS2_PLACEMENT_3D('',#7317,#7318,#7319);
#7317 = CARTESIAN_POINT('',(86.,-29.,2.563950248511E-17));
#7318 = DIRECTION('',(0.,1.,0.));
#7319 = DIRECTION('',(0.,-0.,1.));
#7320 = MANIFOLD_SOLID_BREP('',#7321);
#7321 = CLOSED_SHELL('',(#7322,#7362,#7393,#7424,#7452,#7480,#7492));
#7322 = ADVANCED_FACE('',(#7323),#7357,.F.);
#7323 = FACE_BOUND('',#7324,.F.);
#7324 = EDGE_LOOP('',(#7325,#7335,#7343,#7351));
#7325 = ORIENTED_EDGE('',*,*,#7326,.T.);
#7326 = EDGE_CURVE('',#7327,#7329,#7331,.T.);
#7327 = VERTEX_POINT('',#7328);
#7328 = CARTESIAN_POINT('',(91.,-10.7,-8.));
#7329 = VERTEX_POINT('',#7330);
#7330 = CARTESIAN_POINT('',(91.,-15.7,-8.));
#7331 = LINE('',#7332,#7333);
#7332 = CARTESIAN_POINT('',(91.,-10.7,-8.));
#7333 = VECTOR('',#7334,1.);
#7334 = DIRECTION('',(-0.,-1.,-0.));
#7335 = ORIENTED_EDGE('',*,*,#7336,.T.);
#7336 = EDGE_CURVE('',#7329,#7337,#7339,.T.);
#7337 = VERTEX_POINT('',#7338);
#7338 = CARTESIAN_POINT('',(91.,-15.7,8.));
#7339 = LINE('',#7340,#7341);
#7340 = CARTESIAN_POINT('',(91.,-15.7,-8.));
#7341 = VECTOR('',#7342,1.);
#7342 = DIRECTION('',(0.,0.,1.));
#7343 = ORIENTED_EDGE('',*,*,#7344,.F.);
#7344 = EDGE_CURVE('',#7345,#7337,#7347,.T.);
#7345 = VERTEX_POINT('',#7346);
#7346 = CARTESIAN_POINT('',(91.,-10.7,8.));
#7347 = LINE('',#7348,#7349);
#7348 = CARTESIAN_POINT('',(91.,-10.7,8.));
#7349 = VECTOR('',#7350,1.);
#7350 = DIRECTION('',(-0.,-1.,-0.));
#7351 = ORIENTED_EDGE('',*,*,#7352,.F.);
#7352 = EDGE_CURVE('',#7327,#7345,#7353,.T.);
#7353 = LINE('',#7354,#7355);
#7354 = CARTESIAN_POINT('',(91.,-10.7,-8.));
#7355 = VECTOR('',#7356,1.);
#7356 = DIRECTION('',(0.,0.,1.));
#7357 = PLANE('',#7358);
#7358 = AXIS2_PLACEMENT_3D('',#7359,#7360,#7361);
#7359 = CARTESIAN_POINT('',(91.,-10.7,-8.));
#7360 = DIRECTION('',(-1.,0.,0.));
#7361 = DIRECTION('',(0.,0.,1.));
#7362 = ADVANCED_FACE('',(#7363),#7388,.F.);
#7363 = FACE_BOUND('',#7364,.F.);
#7364 = EDGE_LOOP('',(#7365,#7375,#7381,#7382));
#7365 = ORIENTED_EDGE('',*,*,#7366,.T.);
#7366 = EDGE_CURVE('',#7367,#7369,#7371,.T.);
#7367 = VERTEX_POINT('',#7368);
#7368 = CARTESIAN_POINT('',(81.,-10.7,-8.));
#7369 = VERTEX_POINT('',#7370);
#7370 = CARTESIAN_POINT('',(81.,-15.7,-8.));
#7371 = LINE('',#7372,#7373);
#7372 = CARTESIAN_POINT('',(81.,-10.7,-8.));
#7373 = VECTOR('',#7374,1.);
#7374 = DIRECTION('',(-0.,-1.,-0.));
#7375 = ORIENTED_EDGE('',*,*,#7376,.T.);
#7376 = EDGE_CURVE('',#7369,#7329,#7377,.T.);
#7377 = LINE('',#7378,#7379);
#7378 = CARTESIAN_POINT('',(81.,-15.7,-8.));
#7379 = VECTOR('',#7380,1.);
#7380 = DIRECTION('',(1.,0.,0.));
#7381 = ORIENTED_EDGE('',*,*,#7326,.F.);
#7382 = ORIENTED_EDGE('',*,*,#7383,.F.);
#7383 = EDGE_CURVE('',#7367,#7327,#7384,.T.);
#7384 = LINE('',#7385,#7386);
#7385 = CARTESIAN_POINT('',(81.,-10.7,-8.));
#7386 = VECTOR('',#7387,1.);
#7387 = DIRECTION('',(1.,0.,0.));
#7388 = PLANE('',#7389);
#7389 = AXIS2_PLACEMENT_3D('',#7390,#7391,#7392);
#7390 = CARTESIAN_POINT('',(81.,-10.7,-8.));
#7391 = DIRECTION('',(0.,0.,1.));
#7392 = DIRECTION('',(1.,0.,-0.));
#7393 = ADVANCED_FACE('',(#7394),#7419,.F.);
#7394 = FACE_BOUND('',#7395,.F.);
#7395 = EDGE_LOOP('',(#7396,#7397,#7405,#7413));
#7396 = ORIENTED_EDGE('',*,*,#7344,.T.);
#7397 = ORIENTED_EDGE('',*,*,#7398,.T.);
#7398 = EDGE_CURVE('',#7337,#7399,#7401,.T.);
#7399 = VERTEX_POINT('',#7400);
#7400 = CARTESIAN_POINT('',(81.,-15.7,8.));
#7401 = LINE('',#7402,#7403);
#7402 = CARTESIAN_POINT('',(91.,-15.7,8.));
#7403 = VECTOR('',#7404,1.);
#7404 = DIRECTION('',(-1.,0.,0.));
#7405 = ORIENTED_EDGE('',*,*,#7406,.F.);
#7406 = EDGE_CURVE('',#7407,#7399,#7409,.T.);
#7407 = VERTEX_POINT('',#7408);
#7408 = CARTESIAN_POINT('',(81.,-10.7,8.));
#7409 = LINE('',#7410,#7411);
#7410 = CARTESIAN_POINT('',(81.,-10.7,8.));
#7411 = VECTOR('',#7412,1.);
#7412 = DIRECTION('',(-0.,-1.,-0.));
#7413 = ORIENTED_EDGE('',*,*,#7414,.F.);
#7414 = EDGE_CURVE('',#7345,#7407,#7415,.T.);
#7415 = LINE('',#7416,#7417);
#7416 = CARTESIAN_POINT('',(91.,-10.7,8.));
#7417 = VECTOR('',#7418,1.);
#7418 = DIRECTION('',(-1.,0.,0.));
#7419 = PLANE('',#7420);
#7420 = AXIS2_PLACEMENT_3D('',#7421,#7422,#7423);
#7421 = CARTESIAN_POINT('',(91.,-10.7,8.));
#7422 = DIRECTION('',(0.,0.,-1.));
#7423 = DIRECTION('',(-1.,0.,0.));
#7424 = ADVANCED_FACE('',(#7425,#7436),#7447,.F.);
#7425 = FACE_BOUND('',#7426,.F.);
#7426 = EDGE_LOOP('',(#7427,#7428,#7429,#7435));
#7427 = ORIENTED_EDGE('',*,*,#7352,.T.);
#7428 = ORIENTED_EDGE('',*,*,#7414,.T.);
#7429 = ORIENTED_EDGE('',*,*,#7430,.T.);
#7430 = EDGE_CURVE('',#7407,#7367,#7431,.T.);
#7431 = LINE('',#7432,#7433);
#7432 = CARTESIAN_POINT('',(81.,-10.7,8.));
#7433 = VECTOR('',#7434,1.);
#7434 = DIRECTION('',(0.,0.,-1.));
#7435 = ORIENTED_EDGE('',*,*,#7383,.T.);
#7436 = FACE_BOUND('',#7437,.F.);
#7437 = EDGE_LOOP('',(#7438));
#7438 = ORIENTED_EDGE('',*,*,#7439,.F.);
#7439 = EDGE_CURVE('',#7440,#7440,#7442,.T.);
#7440 = VERTEX_POINT('',#7441);
#7441 = CARTESIAN_POINT('',(86.,-10.7,-3.));
#7442 = CIRCLE('',#7443,3.);
#7443 = AXIS2_PLACEMENT_3D('',#7444,#7445,#7446);
#7444 = CARTESIAN_POINT('',(86.,-10.7,0.));
#7445 = DIRECTION('',(0.,-1.,-0.));
#7446 = DIRECTION('',(0.,0.,-1.));
#7447 = PLANE('',#7448);
#7448 = AXIS2_PLACEMENT_3D('',#7449,#7450,#7451);
#7449 = CARTESIAN_POINT('',(86.,-10.7,0.));
#7450 = DIRECTION('',(-0.,-1.,-0.));
#7451 = DIRECTION('',(0.,0.,-1.));
#7452 = ADVANCED_FACE('',(#7453,#7464),#7475,.T.);
#7453 = FACE_BOUND('',#7454,.T.);
#7454 = EDGE_LOOP('',(#7455,#7456,#7457,#7463));
#7455 = ORIENTED_EDGE('',*,*,#7336,.T.);
#7456 = ORIENTED_EDGE('',*,*,#7398,.T.);
#7457 = ORIENTED_EDGE('',*,*,#7458,.T.);
#7458 = EDGE_CURVE('',#7399,#7369,#7459,.T.);
#7459 = LINE('',#7460,#7461);
#7460 = CARTESIAN_POINT('',(81.,-15.7,8.));
#7461 = VECTOR('',#7462,1.);
#7462 = DIRECTION('',(0.,0.,-1.));
#7463 = ORIENTED_EDGE('',*,*,#7376,.T.);
#7464 = FACE_BOUND('',#7465,.T.);
#7465 = EDGE_LOOP('',(#7466));
#7466 = ORIENTED_EDGE('',*,*,#7467,.F.);
#7467 = EDGE_CURVE('',#7468,#7468,#7470,.T.);
#7468 = VERTEX_POINT('',#7469);
#7469 = CARTESIAN_POINT('',(86.,-15.7,-3.));
#7470 = CIRCLE('',#7471,3.);
#7471 = AXIS2_PLACEMENT_3D('',#7472,#7473,#7474);
#7472 = CARTESIAN_POINT('',(86.,-15.7,0.));
#7473 = DIRECTION('',(0.,-1.,-0.));
#7474 = DIRECTION('',(0.,0.,-1.));
#7475 = PLANE('',#7476);
#7476 = AXIS2_PLACEMENT_3D('',#7477,#7478,#7479);
#7477 = CARTESIAN_POINT('',(86.,-15.7,0.));
#7478 = DIRECTION('',(-0.,-1.,-0.));
#7479 = DIRECTION('',(0.,0.,-1.));
#7480 = ADVANCED_FACE('',(#7481),#7487,.F.);
#7481 = FACE_BOUND('',#7482,.F.);
#7482 = EDGE_LOOP('',(#7483,#7484,#7485,#7486));
#7483 = ORIENTED_EDGE('',*,*,#7406,.T.);
#7484 = ORIENTED_EDGE('',*,*,#7458,.T.);
#7485 = ORIENTED_EDGE('',*,*,#7366,.F.);
#7486 = ORIENTED_EDGE('',*,*,#7430,.F.);
#7487 = PLANE('',#7488);
#7488 = AXIS2_PLACEMENT_3D('',#7489,#7490,#7491);
#7489 = CARTESIAN_POINT('',(81.,-10.7,8.));
#7490 = DIRECTION('',(1.,-0.,0.));
#7491 = DIRECTION('',(0.,0.,-1.));
#7492 = ADVANCED_FACE('',(#7493),#7504,.F.);
#7493 = FACE_BOUND('',#7494,.F.);
#7494 = EDGE_LOOP('',(#7495,#7496,#7502,#7503));
#7495 = ORIENTED_EDGE('',*,*,#7467,.F.);
#7496 = ORIENTED_EDGE('',*,*,#7497,.F.);
#7497 = EDGE_CURVE('',#7440,#7468,#7498,.T.);
#7498 = LINE('',#7499,#7500);
#7499 = CARTESIAN_POINT('',(86.,-9.7,-3.));
#7500 = VECTOR('',#7501,1.);
#7501 = DIRECTION('',(-0.,-1.,0.));
#7502 = ORIENTED_EDGE('',*,*,#7439,.T.);
#7503 = ORIENTED_EDGE('',*,*,#7497,.T.);
#7504 = CYLINDRICAL_SURFACE('',#7505,3.);
#7505 = AXIS2_PLACEMENT_3D('',#7506,#7507,#7508);
#7506 = CARTESIAN_POINT('',(86.,-9.7,0.));
#7507 = DIRECTION('',(-0.,-1.,-0.));
#7508 = DIRECTION('',(0.,0.,-1.));
#7509 = MANIFOLD_SOLID_BREP('',#7510);
#7510 = CLOSED_SHELL('',(#7511,#7544,#7564,#7584));
#7511 = ADVANCED_FACE('',(#7512),#7539,.T.);
#7512 = FACE_BOUND('',#7513,.T.);
#7513 = EDGE_LOOP('',(#7514,#7523,#7531,#7538));
#7514 = ORIENTED_EDGE('',*,*,#7515,.F.);
#7515 = EDGE_CURVE('',#7516,#7516,#7518,.T.);
#7516 = VERTEX_POINT('',#7517);
#7517 = CARTESIAN_POINT('',(92.,-1.469576158977E-15,26.6));
#7518 = CIRCLE('',#7519,6.);
#7519 = AXIS2_PLACEMENT_3D('',#7520,#7521,#7522);
#7520 = CARTESIAN_POINT('',(86.,0.,26.6));
#7521 = DIRECTION('',(0.,-0.,1.));
#7522 = DIRECTION('',(1.,0.,0.));
#7523 = ORIENTED_EDGE('',*,*,#7524,.F.);
#7524 = EDGE_CURVE('',#7525,#7516,#7527,.T.);
#7525 = VERTEX_POINT('',#7526);
#7526 = CARTESIAN_POINT('',(92.,-1.469576158977E-15,25.));
#7527 = LINE('',#7528,#7529);
#7528 = CARTESIAN_POINT('',(92.,-1.469576158977E-15,25.));
#7529 = VECTOR('',#7530,1.);
#7530 = DIRECTION('',(0.,0.,1.));
#7531 = ORIENTED_EDGE('',*,*,#7532,.T.);
#7532 = EDGE_CURVE('',#7525,#7525,#7533,.T.);
#7533 = CIRCLE('',#7534,6.);
#7534 = AXIS2_PLACEMENT_3D('',#7535,#7536,#7537);
#7535 = CARTESIAN_POINT('',(86.,0.,25.));
#7536 = DIRECTION('',(0.,-0.,1.));
#7537 = DIRECTION('',(1.,0.,0.));
#7538 = ORIENTED_EDGE('',*,*,#7524,.T.);
#7539 = CYLINDRICAL_SURFACE('',#7540,6.);
#7540 = AXIS2_PLACEMENT_3D('',#7541,#7542,#7543);
#7541 = CARTESIAN_POINT('',(86.,0.,25.));
#7542 = DIRECTION('',(-0.,-0.,1.));
#7543 = DIRECTION('',(1.,0.,0.));
#7544 = ADVANCED_FACE('',(#7545,#7548),#7559,.T.);
#7545 = FACE_BOUND('',#7546,.T.);
#7546 = EDGE_LOOP('',(#7547));
#7547 = ORIENTED_EDGE('',*,*,#7515,.T.);
#7548 = FACE_BOUND('',#7549,.T.);
#7549 = EDGE_LOOP('',(#7550));
#7550 = ORIENTED_EDGE('',*,*,#7551,.F.);
#7551 = EDGE_CURVE('',#7552,#7552,#7554,.T.);
#7552 = VERTEX_POINT('',#7553);
#7553 = CARTESIAN_POINT('',(89.2,-7.837739514543E-16,26.6));
#7554 = CIRCLE('',#7555,3.2);
#7555 = AXIS2_PLACEMENT_3D('',#7556,#7557,#7558);
#7556 = CARTESIAN_POINT('',(86.,0.,26.6));
#7557 = DIRECTION('',(0.,-0.,1.));
#7558 = DIRECTION('',(1.,0.,0.));
#7559 = PLANE('',#7560);
#7560 = AXIS2_PLACEMENT_3D('',#7561,#7562,#7563);
#7561 = CARTESIAN_POINT('',(86.,0.,26.6));
#7562 = DIRECTION('',(-0.,-0.,1.));
#7563 = DIRECTION('',(1.,0.,0.));
#7564 = ADVANCED_FACE('',(#7565,#7568),#7579,.F.);
#7565 = FACE_BOUND('',#7566,.F.);
#7566 = EDGE_LOOP('',(#7567));
#7567 = ORIENTED_EDGE('',*,*,#7532,.T.);
#7568 = FACE_BOUND('',#7569,.F.);
#7569 = EDGE_LOOP('',(#7570));
#7570 = ORIENTED_EDGE('',*,*,#7571,.F.);
#7571 = EDGE_CURVE('',#7572,#7572,#7574,.T.);
#7572 = VERTEX_POINT('',#7573);
#7573 = CARTESIAN_POINT('',(89.2,-7.837739514543E-16,25.));
#7574 = CIRCLE('',#7575,3.2);
#7575 = AXIS2_PLACEMENT_3D('',#7576,#7577,#7578);
#7576 = CARTESIAN_POINT('',(86.,0.,25.));
#7577 = DIRECTION('',(0.,-0.,1.));
#7578 = DIRECTION('',(1.,0.,0.));
#7579 = PLANE('',#7580);
#7580 = AXIS2_PLACEMENT_3D('',#7581,#7582,#7583);
#7581 = CARTESIAN_POINT('',(86.,0.,25.));
#7582 = DIRECTION('',(-0.,-0.,1.));
#7583 = DIRECTION('',(1.,0.,0.));
#7584 = ADVANCED_FACE('',(#7585),#7596,.F.);
#7585 = FACE_BOUND('',#7586,.F.);
#7586 = EDGE_LOOP('',(#7587,#7588,#7594,#7595));
#7587 = ORIENTED_EDGE('',*,*,#7551,.F.);
#7588 = ORIENTED_EDGE('',*,*,#7589,.F.);
#7589 = EDGE_CURVE('',#7572,#7552,#7590,.T.);
#7590 = LINE('',#7591,#7592);
#7591 = CARTESIAN_POINT('',(89.2,-7.837739514543E-16,24.));
#7592 = VECTOR('',#7593,1.);
#7593 = DIRECTION('',(0.,0.,1.));
#7594 = ORIENTED_EDGE('',*,*,#7571,.T.);
#7595 = ORIENTED_EDGE('',*,*,#7589,.T.);
#7596 = CYLINDRICAL_SURFACE('',#7597,3.2);
#7597 = AXIS2_PLACEMENT_3D('',#7598,#7599,#7600);
#7598 = CARTESIAN_POINT('',(86.,0.,24.));
#7599 = DIRECTION('',(-0.,-0.,1.));
#7600 = DIRECTION('',(1.,0.,0.));
#7601 = MANIFOLD_SOLID_BREP('',#7602);
#7602 = CLOSED_SHELL('',(#7603,#7636,#7656,#7715,#7740,#7771,#7795,#7819
    ,#7843,#7867,#7884,#7893));
#7603 = ADVANCED_FACE('',(#7604),#7631,.T.);
#7604 = FACE_BOUND('',#7605,.T.);
#7605 = EDGE_LOOP('',(#7606,#7615,#7623,#7630));
#7606 = ORIENTED_EDGE('',*,*,#7607,.F.);
#7607 = EDGE_CURVE('',#7608,#7608,#7610,.T.);
#7608 = VERTEX_POINT('',#7609);
#7609 = CARTESIAN_POINT('',(81.,-1.224646799147E-15,26.6));
#7610 = CIRCLE('',#7611,5.);
#7611 = AXIS2_PLACEMENT_3D('',#7612,#7613,#7614);
#7612 = CARTESIAN_POINT('',(86.,0.,26.6));
#7613 = DIRECTION('',(0.,0.,-1.));
#7614 = DIRECTION('',(-1.,0.,-0.));
#7615 = ORIENTED_EDGE('',*,*,#7616,.F.);
#7616 = EDGE_CURVE('',#7617,#7608,#7619,.T.);
#7617 = VERTEX_POINT('',#7618);
#7618 = CARTESIAN_POINT('',(81.,-1.224646799147E-15,32.6));
#7619 = LINE('',#7620,#7621);
#7620 = CARTESIAN_POINT('',(81.,-1.224646799147E-15,32.6));
#7621 = VECTOR('',#7622,1.);
#7622 = DIRECTION('',(0.,0.,-1.));
#7623 = ORIENTED_EDGE('',*,*,#7624,.T.);
#7624 = EDGE_CURVE('',#7617,#7617,#7625,.T.);
#7625 = CIRCLE('',#7626,5.);
#7626 = AXIS2_PLACEMENT_3D('',#7627,#7628,#7629);
#7627 = CARTESIAN_POINT('',(86.,0.,32.6));
#7628 = DIRECTION('',(0.,0.,-1.));
#7629 = DIRECTION('',(-1.,0.,-0.));
#7630 = ORIENTED_EDGE('',*,*,#7616,.T.);
#7631 = CYLINDRICAL_SURFACE('',#7632,5.);
#7632 = AXIS2_PLACEMENT_3D('',#7633,#7634,#7635);
#7633 = CARTESIAN_POINT('',(86.,0.,32.6));
#7634 = DIRECTION('',(0.,0.,-1.));
#7635 = DIRECTION('',(-1.,0.,-0.));
#7636 = ADVANCED_FACE('',(#7637,#7640),#7651,.T.);
#7637 = FACE_BOUND('',#7638,.T.);
#7638 = EDGE_LOOP('',(#7639));
#7639 = ORIENTED_EDGE('',*,*,#7607,.T.);
#7640 = FACE_BOUND('',#7641,.T.);
#7641 = EDGE_LOOP('',(#7642));
#7642 = ORIENTED_EDGE('',*,*,#7643,.F.);
#7643 = EDGE_CURVE('',#7644,#7644,#7646,.T.);
#7644 = VERTEX_POINT('',#7645);
#7645 = CARTESIAN_POINT('',(83.,-7.347880794884E-16,26.6));
#7646 = CIRCLE('',#7647,3.);
#7647 = AXIS2_PLACEMENT_3D('',#7648,#7649,#7650);
#7648 = CARTESIAN_POINT('',(86.,0.,26.6));
#7649 = DIRECTION('',(0.,0.,-1.));
#7650 = DIRECTION('',(-1.,0.,-0.));
#7651 = PLANE('',#7652);
#7652 = AXIS2_PLACEMENT_3D('',#7653,#7654,#7655);
#7653 = CARTESIAN_POINT('',(86.,0.,26.6));
#7654 = DIRECTION('',(0.,0.,-1.));
#7655 = DIRECTION('',(-1.,0.,-0.));
#7656 = ADVANCED_FACE('',(#7657,#7660),#7710,.F.);
#7657 = FACE_BOUND('',#7658,.F.);
#7658 = EDGE_LOOP('',(#7659));
#7659 = ORIENTED_EDGE('',*,*,#7624,.T.);
#7660 = FACE_BOUND('',#7661,.F.);
#7661 = EDGE_LOOP('',(#7662,#7672,#7680,#7688,#7696,#7704));
#7662 = ORIENTED_EDGE('',*,*,#7663,.T.);
#7663 = EDGE_CURVE('',#7664,#7666,#7668,.T.);
#7664 = VERTEX_POINT('',#7665);
#7665 = CARTESIAN_POINT('',(83.5,-1.443375672974,32.6));
#7666 = VERTEX_POINT('',#7667);
#7667 = CARTESIAN_POINT('',(86.,-2.886751345948,32.6));
#7668 = LINE('',#7669,#7670);
#7669 = CARTESIAN_POINT('',(85.375,-2.525907427705,32.6));
#7670 = VECTOR('',#7671,1.);
#7671 = DIRECTION('',(0.866025403784,-0.5,0.));
#7672 = ORIENTED_EDGE('',*,*,#7673,.T.);
#7673 = EDGE_CURVE('',#7666,#7674,#7676,.T.);
#7674 = VERTEX_POINT('',#7675);
#7675 = CARTESIAN_POINT('',(88.5,-1.443375672974,32.6));
#7676 = LINE('',#7677,#7678);
#7677 = CARTESIAN_POINT('',(87.875,-1.804219591218,32.6));
#7678 = VECTOR('',#7679,1.);
#7679 = DIRECTION('',(0.866025403784,0.5,0.));
#7680 = ORIENTED_EDGE('',*,*,#7681,.T.);
#7681 = EDGE_CURVE('',#7674,#7682,#7684,.T.);
#7682 = VERTEX_POINT('',#7683);
#7683 = CARTESIAN_POINT('',(88.5,1.443375672974,32.6));
#7684 = LINE('',#7685,#7686);
#7685 = CARTESIAN_POINT('',(88.5,0.721687836487,32.6));
#7686 = VECTOR('',#7687,1.);
#7687 = DIRECTION('',(-0.,1.,0.));
#7688 = ORIENTED_EDGE('',*,*,#7689,.T.);
#7689 = EDGE_CURVE('',#7682,#7690,#7692,.T.);
#7690 = VERTEX_POINT('',#7691);
#7691 = CARTESIAN_POINT('',(86.,2.886751345948,32.6));
#7692 = LINE('',#7693,#7694);
#7693 = CARTESIAN_POINT('',(86.625,2.525907427705,32.6));
#7694 = VECTOR('',#7695,1.);
#7695 = DIRECTION('',(-0.866025403784,0.5,0.));
#7696 = ORIENTED_EDGE('',*,*,#7697,.T.);
#7697 = EDGE_CURVE('',#7690,#7698,#7700,.T.);
#7698 = VERTEX_POINT('',#7699);
#7699 = CARTESIAN_POINT('',(83.5,1.443375672974,32.6));
#7700 = LINE('',#7701,#7702);
#7701 = CARTESIAN_POINT('',(84.125,1.804219591218,32.6));
#7702 = VECTOR('',#7703,1.);
#7703 = DIRECTION('',(-0.866025403784,-0.5,-0.));
#7704 = ORIENTED_EDGE('',*,*,#7705,.T.);
#7705 = EDGE_CURVE('',#7698,#7664,#7706,.T.);
#7706 = LINE('',#7707,#7708);
#7707 = CARTESIAN_POINT('',(83.5,-0.721687836487,32.6));
#7708 = VECTOR('',#7709,1.);
#7709 = DIRECTION('',(0.,-1.,-0.));
#7710 = PLANE('',#7711);
#7711 = AXIS2_PLACEMENT_3D('',#7712,#7713,#7714);
#7712 = CARTESIAN_POINT('',(86.,0.,32.6));
#7713 = DIRECTION('',(0.,0.,-1.));
#7714 = DIRECTION('',(-1.,0.,-0.));
#7715 = ADVANCED_FACE('',(#7716),#7735,.T.);
#7716 = FACE_BOUND('',#7717,.T.);
#7717 = EDGE_LOOP('',(#7718,#7727,#7733,#7734));
#7718 = ORIENTED_EDGE('',*,*,#7719,.F.);
#7719 = EDGE_CURVE('',#7720,#7720,#7722,.T.);
#7720 = VERTEX_POINT('',#7721);
#7721 = CARTESIAN_POINT('',(83.,-7.347880794884E-16,10.6));
#7722 = CIRCLE('',#7723,3.);
#7723 = AXIS2_PLACEMENT_3D('',#7724,#7725,#7726);
#7724 = CARTESIAN_POINT('',(86.,0.,10.6));
#7725 = DIRECTION('',(0.,0.,-1.));
#7726 = DIRECTION('',(-1.,0.,-0.));
#7727 = ORIENTED_EDGE('',*,*,#7728,.F.);
#7728 = EDGE_CURVE('',#7644,#7720,#7729,.T.);
#7729 = LINE('',#7730,#7731);
#7730 = CARTESIAN_POINT('',(83.,-7.347880794884E-16,26.6));
#7731 = VECTOR('',#7732,1.);
#7732 = DIRECTION('',(0.,0.,-1.));
#7733 = ORIENTED_EDGE('',*,*,#7643,.T.);
#7734 = ORIENTED_EDGE('',*,*,#7728,.T.);
#7735 = CYLINDRICAL_SURFACE('',#7736,3.);
#7736 = AXIS2_PLACEMENT_3D('',#7737,#7738,#7739);
#7737 = CARTESIAN_POINT('',(86.,0.,26.6));
#7738 = DIRECTION('',(0.,0.,-1.));
#7739 = DIRECTION('',(-1.,0.,-0.));
#7740 = ADVANCED_FACE('',(#7741),#7766,.T.);
#7741 = FACE_BOUND('',#7742,.T.);
#7742 = EDGE_LOOP('',(#7743,#7744,#7752,#7760));
#7743 = ORIENTED_EDGE('',*,*,#7663,.T.);
#7744 = ORIENTED_EDGE('',*,*,#7745,.T.);
#7745 = EDGE_CURVE('',#7666,#7746,#7748,.T.);
#7746 = VERTEX_POINT('',#7747);
#7747 = CARTESIAN_POINT('',(86.,-2.886751345948,29.));
#7748 = LINE('',#7749,#7750);
#7749 = CARTESIAN_POINT('',(86.,-2.886751345948,32.7));
#7750 = VECTOR('',#7751,1.);
#7751 = DIRECTION('',(0.,0.,-1.));
#7752 = ORIENTED_EDGE('',*,*,#7753,.T.);
#7753 = EDGE_CURVE('',#7746,#7754,#7756,.T.);
#7754 = VERTEX_POINT('',#7755);
#7755 = CARTESIAN_POINT('',(83.5,-1.443375672974,29.));
#7756 = LINE('',#7757,#7758);
#7757 = CARTESIAN_POINT('',(86.,-2.886751345948,29.));
#7758 = VECTOR('',#7759,1.);
#7759 = DIRECTION('',(-0.866025403784,0.5,0.));
#7760 = ORIENTED_EDGE('',*,*,#7761,.F.);
#7761 = EDGE_CURVE('',#7664,#7754,#7762,.T.);
#7762 = LINE('',#7763,#7764);
#7763 = CARTESIAN_POINT('',(83.5,-1.443375672974,32.7));
#7764 = VECTOR('',#7765,1.);
#7765 = DIRECTION('',(0.,0.,-1.));
#7766 = PLANE('',#7767);
#7767 = AXIS2_PLACEMENT_3D('',#7768,#7769,#7770);
#7768 = CARTESIAN_POINT('',(86.,-2.886751345948,32.7));
#7769 = DIRECTION('',(0.5,0.866025403784,0.));
#7770 = DIRECTION('',(-0.866025403784,0.5,0.));
#7771 = ADVANCED_FACE('',(#7772),#7790,.T.);
#7772 = FACE_BOUND('',#7773,.T.);
#7773 = EDGE_LOOP('',(#7774,#7775,#7776,#7784));
#7774 = ORIENTED_EDGE('',*,*,#7705,.T.);
#7775 = ORIENTED_EDGE('',*,*,#7761,.T.);
#7776 = ORIENTED_EDGE('',*,*,#7777,.T.);
#7777 = EDGE_CURVE('',#7754,#7778,#7780,.T.);
#7778 = VERTEX_POINT('',#7779);
#7779 = CARTESIAN_POINT('',(83.5,1.443375672974,29.));
#7780 = LINE('',#7781,#7782);
#7781 = CARTESIAN_POINT('',(83.5,-1.443375672974,29.));
#7782 = VECTOR('',#7783,1.);
#7783 = DIRECTION('',(0.,1.,0.));
#7784 = ORIENTED_EDGE('',*,*,#7785,.F.);
#7785 = EDGE_CURVE('',#7698,#7778,#7786,.T.);
#7786 = LINE('',#7787,#7788);
#7787 = CARTESIAN_POINT('',(83.5,1.443375672974,32.7));
#7788 = VECTOR('',#7789,1.);
#7789 = DIRECTION('',(0.,0.,-1.));
#7790 = PLANE('',#7791);
#7791 = AXIS2_PLACEMENT_3D('',#7792,#7793,#7794);
#7792 = CARTESIAN_POINT('',(83.5,-1.443375672974,32.7));
#7793 = DIRECTION('',(1.,-0.,0.));
#7794 = DIRECTION('',(0.,1.,0.));
#7795 = ADVANCED_FACE('',(#7796),#7814,.T.);
#7796 = FACE_BOUND('',#7797,.T.);
#7797 = EDGE_LOOP('',(#7798,#7799,#7800,#7808));
#7798 = ORIENTED_EDGE('',*,*,#7697,.T.);
#7799 = ORIENTED_EDGE('',*,*,#7785,.T.);
#7800 = ORIENTED_EDGE('',*,*,#7801,.T.);
#7801 = EDGE_CURVE('',#7778,#7802,#7804,.T.);
#7802 = VERTEX_POINT('',#7803);
#7803 = CARTESIAN_POINT('',(86.,2.886751345948,29.));
#7804 = LINE('',#7805,#7806);
#7805 = CARTESIAN_POINT('',(83.5,1.443375672974,29.));
#7806 = VECTOR('',#7807,1.);
#7807 = DIRECTION('',(0.866025403784,0.5,0.));
#7808 = ORIENTED_EDGE('',*,*,#7809,.F.);
#7809 = EDGE_CURVE('',#7690,#7802,#7810,.T.);
#7810 = LINE('',#7811,#7812);
#7811 = CARTESIAN_POINT('',(86.,2.886751345948,32.7));
#7812 = VECTOR('',#7813,1.);
#7813 = DIRECTION('',(0.,0.,-1.));
#7814 = PLANE('',#7815);
#7815 = AXIS2_PLACEMENT_3D('',#7816,#7817,#7818);
#7816 = CARTESIAN_POINT('',(83.5,1.443375672974,32.7));
#7817 = DIRECTION('',(0.5,-0.866025403784,0.));
#7818 = DIRECTION('',(0.866025403784,0.5,0.));
#7819 = ADVANCED_FACE('',(#7820),#7838,.T.);
#7820 = FACE_BOUND('',#7821,.T.);
#7821 = EDGE_LOOP('',(#7822,#7823,#7824,#7832));
#7822 = ORIENTED_EDGE('',*,*,#7689,.T.);
#7823 = ORIENTED_EDGE('',*,*,#7809,.T.);
#7824 = ORIENTED_EDGE('',*,*,#7825,.T.);
#7825 = EDGE_CURVE('',#7802,#7826,#7828,.T.);
#7826 = VERTEX_POINT('',#7827);
#7827 = CARTESIAN_POINT('',(88.5,1.443375672974,29.));
#7828 = LINE('',#7829,#7830);
#7829 = CARTESIAN_POINT('',(86.,2.886751345948,29.));
#7830 = VECTOR('',#7831,1.);
#7831 = DIRECTION('',(0.866025403784,-0.5,0.));
#7832 = ORIENTED_EDGE('',*,*,#7833,.F.);
#7833 = EDGE_CURVE('',#7682,#7826,#7834,.T.);
#7834 = LINE('',#7835,#7836);
#7835 = CARTESIAN_POINT('',(88.5,1.443375672974,32.7));
#7836 = VECTOR('',#7837,1.);
#7837 = DIRECTION('',(0.,0.,-1.));
#7838 = PLANE('',#7839);
#7839 = AXIS2_PLACEMENT_3D('',#7840,#7841,#7842);
#7840 = CARTESIAN_POINT('',(86.,2.886751345948,32.7));
#7841 = DIRECTION('',(-0.5,-0.866025403784,-0.));
#7842 = DIRECTION('',(0.866025403784,-0.5,0.));
#7843 = ADVANCED_FACE('',(#7844),#7862,.T.);
#7844 = FACE_BOUND('',#7845,.T.);
#7845 = EDGE_LOOP('',(#7846,#7847,#7848,#7856));
#7846 = ORIENTED_EDGE('',*,*,#7681,.T.);
#7847 = ORIENTED_EDGE('',*,*,#7833,.T.);
#7848 = ORIENTED_EDGE('',*,*,#7849,.T.);
#7849 = EDGE_CURVE('',#7826,#7850,#7852,.T.);
#7850 = VERTEX_POINT('',#7851);
#7851 = CARTESIAN_POINT('',(88.5,-1.443375672974,29.));
#7852 = LINE('',#7853,#7854);
#7853 = CARTESIAN_POINT('',(88.5,1.443375672974,29.));
#7854 = VECTOR('',#7855,1.);
#7855 = DIRECTION('',(0.,-1.,0.));
#7856 = ORIENTED_EDGE('',*,*,#7857,.F.);
#7857 = EDGE_CURVE('',#7674,#7850,#7858,.T.);
#7858 = LINE('',#7859,#7860);
#7859 = CARTESIAN_POINT('',(88.5,-1.443375672974,32.7));
#7860 = VECTOR('',#7861,1.);
#7861 = DIRECTION('',(0.,0.,-1.));
#7862 = PLANE('',#7863);
#7863 = AXIS2_PLACEMENT_3D('',#7864,#7865,#7866);
#7864 = CARTESIAN_POINT('',(88.5,1.443375672974,32.7));
#7865 = DIRECTION('',(-1.,-0.,-0.));
#7866 = DIRECTION('',(0.,-1.,0.));
#7867 = ADVANCED_FACE('',(#7868),#7879,.T.);
#7868 = FACE_BOUND('',#7869,.T.);
#7869 = EDGE_LOOP('',(#7870,#7871,#7872,#7878));
#7870 = ORIENTED_EDGE('',*,*,#7673,.T.);
#7871 = ORIENTED_EDGE('',*,*,#7857,.T.);
#7872 = ORIENTED_EDGE('',*,*,#7873,.T.);
#7873 = EDGE_CURVE('',#7850,#7746,#7874,.T.);
#7874 = LINE('',#7875,#7876);
#7875 = CARTESIAN_POINT('',(88.5,-1.443375672974,29.));
#7876 = VECTOR('',#7877,1.);
#7877 = DIRECTION('',(-0.866025403784,-0.5,0.));
#7878 = ORIENTED_EDGE('',*,*,#7745,.F.);
#7879 = PLANE('',#7880);
#7880 = AXIS2_PLACEMENT_3D('',#7881,#7882,#7883);
#7881 = CARTESIAN_POINT('',(88.5,-1.443375672974,32.7));
#7882 = DIRECTION('',(-0.5,0.866025403784,0.));
#7883 = DIRECTION('',(-0.866025403784,-0.5,0.));
#7884 = ADVANCED_FACE('',(#7885),#7888,.T.);
#7885 = FACE_BOUND('',#7886,.T.);
#7886 = EDGE_LOOP('',(#7887));
#7887 = ORIENTED_EDGE('',*,*,#7719,.T.);
#7888 = PLANE('',#7889);
#7889 = AXIS2_PLACEMENT_3D('',#7890,#7891,#7892);
#7890 = CARTESIAN_POINT('',(86.,0.,10.6));
#7891 = DIRECTION('',(0.,0.,-1.));
#7892 = DIRECTION('',(-1.,0.,-0.));
#7893 = ADVANCED_FACE('',(#7894),#7902,.F.);
#7894 = FACE_BOUND('',#7895,.F.);
#7895 = EDGE_LOOP('',(#7896,#7897,#7898,#7899,#7900,#7901));
#7896 = ORIENTED_EDGE('',*,*,#7873,.T.);
#7897 = ORIENTED_EDGE('',*,*,#7753,.T.);
#7898 = ORIENTED_EDGE('',*,*,#7777,.T.);
#7899 = ORIENTED_EDGE('',*,*,#7801,.T.);
#7900 = ORIENTED_EDGE('',*,*,#7825,.T.);
#7901 = ORIENTED_EDGE('',*,*,#7849,.T.);
#7902 = PLANE('',#7903);
#7903 = AXIS2_PLACEMENT_3D('',#7904,#7905,#7906);
#7904 = CARTESIAN_POINT('',(86.,2.563950248511E-17,29.));
#7905 = DIRECTION('',(-0.,-0.,-1.));
#7906 = DIRECTION('',(-1.,0.,0.));
#7907 = MANIFOLD_SOLID_BREP('',#7908);
#7908 = CLOSED_SHELL('',(#7909,#7949,#7980,#8011,#8039,#8067,#8079));
#7909 = ADVANCED_FACE('',(#7910),#7944,.F.);
#7910 = FACE_BOUND('',#7911,.F.);
#7911 = EDGE_LOOP('',(#7912,#7922,#7930,#7938));
#7912 = ORIENTED_EDGE('',*,*,#7913,.T.);
#7913 = EDGE_CURVE('',#7914,#7916,#7918,.T.);
#7914 = VERTEX_POINT('',#7915);
#7915 = CARTESIAN_POINT('',(91.,-8.,10.7));
#7916 = VERTEX_POINT('',#7917);
#7917 = CARTESIAN_POINT('',(91.,-8.,15.7));
#7918 = LINE('',#7919,#7920);
#7919 = CARTESIAN_POINT('',(91.,-8.,10.7));
#7920 = VECTOR('',#7921,1.);
#7921 = DIRECTION('',(-0.,-0.,1.));
#7922 = ORIENTED_EDGE('',*,*,#7923,.T.);
#7923 = EDGE_CURVE('',#7916,#7924,#7926,.T.);
#7924 = VERTEX_POINT('',#7925);
#7925 = CARTESIAN_POINT('',(91.,8.,15.7));
#7926 = LINE('',#7927,#7928);
#7927 = CARTESIAN_POINT('',(91.,-8.,15.7));
#7928 = VECTOR('',#7929,1.);
#7929 = DIRECTION('',(0.,1.,0.));
#7930 = ORIENTED_EDGE('',*,*,#7931,.F.);
#7931 = EDGE_CURVE('',#7932,#7924,#7934,.T.);
#7932 = VERTEX_POINT('',#7933);
#7933 = CARTESIAN_POINT('',(91.,8.,10.7));
#7934 = LINE('',#7935,#7936);
#7935 = CARTESIAN_POINT('',(91.,8.,10.7));
#7936 = VECTOR('',#7937,1.);
#7937 = DIRECTION('',(-0.,-0.,1.));
#7938 = ORIENTED_EDGE('',*,*,#7939,.F.);
#7939 = EDGE_CURVE('',#7914,#7932,#7940,.T.);
#7940 = LINE('',#7941,#7942);
#7941 = CARTESIAN_POINT('',(91.,-8.,10.7));
#7942 = VECTOR('',#7943,1.);
#7943 = DIRECTION('',(0.,1.,0.));
#7944 = PLANE('',#7945);
#7945 = AXIS2_PLACEMENT_3D('',#7946,#7947,#7948);
#7946 = CARTESIAN_POINT('',(91.,-8.,10.7));
#7947 = DIRECTION('',(-1.,0.,0.));
#7948 = DIRECTION('',(0.,1.,0.));
#7949 = ADVANCED_FACE('',(#7950),#7975,.F.);
#7950 = FACE_BOUND('',#7951,.F.);
#7951 = EDGE_LOOP('',(#7952,#7962,#7968,#7969));
#7952 = ORIENTED_EDGE('',*,*,#7953,.T.);
#7953 = EDGE_CURVE('',#7954,#7956,#7958,.T.);
#7954 = VERTEX_POINT('',#7955);
#7955 = CARTESIAN_POINT('',(81.,-8.,10.7));
#7956 = VERTEX_POINT('',#7957);
#7957 = CARTESIAN_POINT('',(81.,-8.,15.7));
#7958 = LINE('',#7959,#7960);
#7959 = CARTESIAN_POINT('',(81.,-8.,10.7));
#7960 = VECTOR('',#7961,1.);
#7961 = DIRECTION('',(-0.,-0.,1.));
#7962 = ORIENTED_EDGE('',*,*,#7963,.T.);
#7963 = EDGE_CURVE('',#7956,#7916,#7964,.T.);
#7964 = LINE('',#7965,#7966);
#7965 = CARTESIAN_POINT('',(81.,-8.,15.7));
#7966 = VECTOR('',#7967,1.);
#7967 = DIRECTION('',(1.,0.,0.));
#7968 = ORIENTED_EDGE('',*,*,#7913,.F.);
#7969 = ORIENTED_EDGE('',*,*,#7970,.F.);
#7970 = EDGE_CURVE('',#7954,#7914,#7971,.T.);
#7971 = LINE('',#7972,#7973);
#7972 = CARTESIAN_POINT('',(81.,-8.,10.7));
#7973 = VECTOR('',#7974,1.);
#7974 = DIRECTION('',(1.,0.,0.));
#7975 = PLANE('',#7976);
#7976 = AXIS2_PLACEMENT_3D('',#7977,#7978,#7979);
#7977 = CARTESIAN_POINT('',(81.,-8.,10.7));
#7978 = DIRECTION('',(-0.,1.,0.));
#7979 = DIRECTION('',(1.,0.,0.));
#7980 = ADVANCED_FACE('',(#7981),#8006,.F.);
#7981 = FACE_BOUND('',#7982,.F.);
#7982 = EDGE_LOOP('',(#7983,#7984,#7992,#8000));
#7983 = ORIENTED_EDGE('',*,*,#7931,.T.);
#7984 = ORIENTED_EDGE('',*,*,#7985,.T.);
#7985 = EDGE_CURVE('',#7924,#7986,#7988,.T.);
#7986 = VERTEX_POINT('',#7987);
#7987 = CARTESIAN_POINT('',(81.,8.,15.7));
#7988 = LINE('',#7989,#7990);
#7989 = CARTESIAN_POINT('',(91.,8.,15.7));
#7990 = VECTOR('',#7991,1.);
#7991 = DIRECTION('',(-1.,0.,0.));
#7992 = ORIENTED_EDGE('',*,*,#7993,.F.);
#7993 = EDGE_CURVE('',#7994,#7986,#7996,.T.);
#7994 = VERTEX_POINT('',#7995);
#7995 = CARTESIAN_POINT('',(81.,8.,10.7));
#7996 = LINE('',#7997,#7998);
#7997 = CARTESIAN_POINT('',(81.,8.,10.7));
#7998 = VECTOR('',#7999,1.);
#7999 = DIRECTION('',(-0.,-0.,1.));
#8000 = ORIENTED_EDGE('',*,*,#8001,.F.);
#8001 = EDGE_CURVE('',#7932,#7994,#8002,.T.);
#8002 = LINE('',#8003,#8004);
#8003 = CARTESIAN_POINT('',(91.,8.,10.7));
#8004 = VECTOR('',#8005,1.);
#8005 = DIRECTION('',(-1.,0.,0.));
#8006 = PLANE('',#8007);
#8007 = AXIS2_PLACEMENT_3D('',#8008,#8009,#8010);
#8008 = CARTESIAN_POINT('',(91.,8.,10.7));
#8009 = DIRECTION('',(-0.,-1.,-0.));
#8010 = DIRECTION('',(-1.,0.,0.));
#8011 = ADVANCED_FACE('',(#8012,#8023),#8034,.F.);
#8012 = FACE_BOUND('',#8013,.F.);
#8013 = EDGE_LOOP('',(#8014,#8015,#8016,#8022));
#8014 = ORIENTED_EDGE('',*,*,#7939,.T.);
#8015 = ORIENTED_EDGE('',*,*,#8001,.T.);
#8016 = ORIENTED_EDGE('',*,*,#8017,.T.);
#8017 = EDGE_CURVE('',#7994,#7954,#8018,.T.);
#8018 = LINE('',#8019,#8020);
#8019 = CARTESIAN_POINT('',(81.,8.,10.7));
#8020 = VECTOR('',#8021,1.);
#8021 = DIRECTION('',(0.,-1.,0.));
#8022 = ORIENTED_EDGE('',*,*,#7970,.T.);
#8023 = FACE_BOUND('',#8024,.F.);
#8024 = EDGE_LOOP('',(#8025));
#8025 = ORIENTED_EDGE('',*,*,#8026,.F.);
#8026 = EDGE_CURVE('',#8027,#8027,#8029,.T.);
#8027 = VERTEX_POINT('',#8028);
#8028 = CARTESIAN_POINT('',(89.,-7.347880794884E-16,10.7));
#8029 = CIRCLE('',#8030,3.);
#8030 = AXIS2_PLACEMENT_3D('',#8031,#8032,#8033);
#8031 = CARTESIAN_POINT('',(86.,0.,10.7));
#8032 = DIRECTION('',(0.,-0.,1.));
#8033 = DIRECTION('',(1.,0.,0.));
#8034 = PLANE('',#8035);
#8035 = AXIS2_PLACEMENT_3D('',#8036,#8037,#8038);
#8036 = CARTESIAN_POINT('',(86.,0.,10.7));
#8037 = DIRECTION('',(0.,0.,1.));
#8038 = DIRECTION('',(1.,0.,-0.));
#8039 = ADVANCED_FACE('',(#8040,#8051),#8062,.T.);
#8040 = FACE_BOUND('',#8041,.T.);
#8041 = EDGE_LOOP('',(#8042,#8043,#8044,#8050));
#8042 = ORIENTED_EDGE('',*,*,#7923,.T.);
#8043 = ORIENTED_EDGE('',*,*,#7985,.T.);
#8044 = ORIENTED_EDGE('',*,*,#8045,.T.);
#8045 = EDGE_CURVE('',#7986,#7956,#8046,.T.);
#8046 = LINE('',#8047,#8048);
#8047 = CARTESIAN_POINT('',(81.,8.,15.7));
#8048 = VECTOR('',#8049,1.);
#8049 = DIRECTION('',(0.,-1.,0.));
#8050 = ORIENTED_EDGE('',*,*,#7963,.T.);
#8051 = FACE_BOUND('',#8052,.T.);
#8052 = EDGE_LOOP('',(#8053));
#8053 = ORIENTED_EDGE('',*,*,#8054,.F.);
#8054 = EDGE_CURVE('',#8055,#8055,#8057,.T.);
#8055 = VERTEX_POINT('',#8056);
#8056 = CARTESIAN_POINT('',(89.,-7.347880794884E-16,15.7));
#8057 = CIRCLE('',#8058,3.);
#8058 = AXIS2_PLACEMENT_3D('',#8059,#8060,#8061);
#8059 = CARTESIAN_POINT('',(86.,0.,15.7));
#8060 = DIRECTION('',(0.,-0.,1.));
#8061 = DIRECTION('',(1.,0.,0.));
#8062 = PLANE('',#8063);
#8063 = AXIS2_PLACEMENT_3D('',#8064,#8065,#8066);
#8064 = CARTESIAN_POINT('',(86.,0.,15.7));
#8065 = DIRECTION('',(0.,0.,1.));
#8066 = DIRECTION('',(1.,0.,-0.));
#8067 = ADVANCED_FACE('',(#8068),#8074,.F.);
#8068 = FACE_BOUND('',#8069,.F.);
#8069 = EDGE_LOOP('',(#8070,#8071,#8072,#8073));
#8070 = ORIENTED_EDGE('',*,*,#7993,.T.);
#8071 = ORIENTED_EDGE('',*,*,#8045,.T.);
#8072 = ORIENTED_EDGE('',*,*,#7953,.F.);
#8073 = ORIENTED_EDGE('',*,*,#8017,.F.);
#8074 = PLANE('',#8075);
#8075 = AXIS2_PLACEMENT_3D('',#8076,#8077,#8078);
#8076 = CARTESIAN_POINT('',(81.,8.,10.7));
#8077 = DIRECTION('',(1.,0.,0.));
#8078 = DIRECTION('',(0.,-1.,0.));
#8079 = ADVANCED_FACE('',(#8080),#8091,.F.);
#8080 = FACE_BOUND('',#8081,.F.);
#8081 = EDGE_LOOP('',(#8082,#8083,#8089,#8090));
#8082 = ORIENTED_EDGE('',*,*,#8054,.F.);
#8083 = ORIENTED_EDGE('',*,*,#8084,.F.);
#8084 = EDGE_CURVE('',#8027,#8055,#8085,.T.);
#8085 = LINE('',#8086,#8087);
#8086 = CARTESIAN_POINT('',(89.,-7.347880794884E-16,9.7));
#8087 = VECTOR('',#8088,1.);
#8088 = DIRECTION('',(0.,0.,1.));
#8089 = ORIENTED_EDGE('',*,*,#8026,.T.);
#8090 = ORIENTED_EDGE('',*,*,#8084,.T.);
#8091 = CYLINDRICAL_SURFACE('',#8092,3.);
#8092 = AXIS2_PLACEMENT_3D('',#8093,#8094,#8095);
#8093 = CARTESIAN_POINT('',(86.,0.,9.7));
#8094 = DIRECTION('',(-0.,-0.,1.));
#8095 = DIRECTION('',(1.,0.,0.));
#8096 = MANIFOLD_SOLID_BREP('',#8097);
#8097 = CLOSED_SHELL('',(#8098,#8131,#8151,#8171));
#8098 = ADVANCED_FACE('',(#8099),#8126,.T.);
#8099 = FACE_BOUND('',#8100,.T.);
#8100 = EDGE_LOOP('',(#8101,#8110,#8118,#8125));
#8101 = ORIENTED_EDGE('',*,*,#8102,.F.);
#8102 = EDGE_CURVE('',#8103,#8103,#8105,.T.);
#8103 = VERTEX_POINT('',#8104);
#8104 = CARTESIAN_POINT('',(80.,-1.469576158977E-15,-26.6));
#8105 = CIRCLE('',#8106,6.);
#8106 = AXIS2_PLACEMENT_3D('',#8107,#8108,#8109);
#8107 = CARTESIAN_POINT('',(86.,0.,-26.6));
#8108 = DIRECTION('',(-0.,0.,-1.));
#8109 = DIRECTION('',(-1.,0.,0.));
#8110 = ORIENTED_EDGE('',*,*,#8111,.F.);
#8111 = EDGE_CURVE('',#8112,#8103,#8114,.T.);
#8112 = VERTEX_POINT('',#8113);
#8113 = CARTESIAN_POINT('',(80.,-1.469576158977E-15,-25.));
#8114 = LINE('',#8115,#8116);
#8115 = CARTESIAN_POINT('',(80.,-1.469576158977E-15,-25.));
#8116 = VECTOR('',#8117,1.);
#8117 = DIRECTION('',(0.,-0.,-1.));
#8118 = ORIENTED_EDGE('',*,*,#8119,.T.);
#8119 = EDGE_CURVE('',#8112,#8112,#8120,.T.);
#8120 = CIRCLE('',#8121,6.);
#8121 = AXIS2_PLACEMENT_3D('',#8122,#8123,#8124);
#8122 = CARTESIAN_POINT('',(86.,0.,-25.));
#8123 = DIRECTION('',(-0.,0.,-1.));
#8124 = DIRECTION('',(-1.,0.,0.));
#8125 = ORIENTED_EDGE('',*,*,#8111,.T.);
#8126 = CYLINDRICAL_SURFACE('',#8127,6.);
#8127 = AXIS2_PLACEMENT_3D('',#8128,#8129,#8130);
#8128 = CARTESIAN_POINT('',(86.,0.,-25.));
#8129 = DIRECTION('',(-0.,-0.,-1.));
#8130 = DIRECTION('',(-1.,0.,0.));
#8131 = ADVANCED_FACE('',(#8132,#8135),#8146,.T.);
#8132 = FACE_BOUND('',#8133,.T.);
#8133 = EDGE_LOOP('',(#8134));
#8134 = ORIENTED_EDGE('',*,*,#8102,.T.);
#8135 = FACE_BOUND('',#8136,.T.);
#8136 = EDGE_LOOP('',(#8137));
#8137 = ORIENTED_EDGE('',*,*,#8138,.F.);
#8138 = EDGE_CURVE('',#8139,#8139,#8141,.T.);
#8139 = VERTEX_POINT('',#8140);
#8140 = CARTESIAN_POINT('',(82.8,-7.837739514543E-16,-26.6));
#8141 = CIRCLE('',#8142,3.2);
#8142 = AXIS2_PLACEMENT_3D('',#8143,#8144,#8145);
#8143 = CARTESIAN_POINT('',(86.,0.,-26.6));
#8144 = DIRECTION('',(-0.,0.,-1.));
#8145 = DIRECTION('',(-1.,0.,0.));
#8146 = PLANE('',#8147);
#8147 = AXIS2_PLACEMENT_3D('',#8148,#8149,#8150);
#8148 = CARTESIAN_POINT('',(86.,0.,-26.6));
#8149 = DIRECTION('',(-0.,-0.,-1.));
#8150 = DIRECTION('',(-1.,0.,0.));
#8151 = ADVANCED_FACE('',(#8152,#8155),#8166,.F.);
#8152 = FACE_BOUND('',#8153,.F.);
#8153 = EDGE_LOOP('',(#8154));
#8154 = ORIENTED_EDGE('',*,*,#8119,.T.);
#8155 = FACE_BOUND('',#8156,.F.);
#8156 = EDGE_LOOP('',(#8157));
#8157 = ORIENTED_EDGE('',*,*,#8158,.F.);
#8158 = EDGE_CURVE('',#8159,#8159,#8161,.T.);
#8159 = VERTEX_POINT('',#8160);
#8160 = CARTESIAN_POINT('',(82.8,-7.837739514543E-16,-25.));
#8161 = CIRCLE('',#8162,3.2);
#8162 = AXIS2_PLACEMENT_3D('',#8163,#8164,#8165);
#8163 = CARTESIAN_POINT('',(86.,0.,-25.));
#8164 = DIRECTION('',(-0.,0.,-1.));
#8165 = DIRECTION('',(-1.,0.,0.));
#8166 = PLANE('',#8167);
#8167 = AXIS2_PLACEMENT_3D('',#8168,#8169,#8170);
#8168 = CARTESIAN_POINT('',(86.,0.,-25.));
#8169 = DIRECTION('',(-0.,-0.,-1.));
#8170 = DIRECTION('',(-1.,0.,0.));
#8171 = ADVANCED_FACE('',(#8172),#8183,.F.);
#8172 = FACE_BOUND('',#8173,.F.);
#8173 = EDGE_LOOP('',(#8174,#8175,#8181,#8182));
#8174 = ORIENTED_EDGE('',*,*,#8138,.F.);
#8175 = ORIENTED_EDGE('',*,*,#8176,.F.);
#8176 = EDGE_CURVE('',#8159,#8139,#8177,.T.);
#8177 = LINE('',#8178,#8179);
#8178 = CARTESIAN_POINT('',(82.8,-7.837739514543E-16,-24.));
#8179 = VECTOR('',#8180,1.);
#8180 = DIRECTION('',(0.,-0.,-1.));
#8181 = ORIENTED_EDGE('',*,*,#8158,.T.);
#8182 = ORIENTED_EDGE('',*,*,#8176,.T.);
#8183 = CYLINDRICAL_SURFACE('',#8184,3.2);
#8184 = AXIS2_PLACEMENT_3D('',#8185,#8186,#8187);
#8185 = CARTESIAN_POINT('',(86.,0.,-24.));
#8186 = DIRECTION('',(-0.,-0.,-1.));
#8187 = DIRECTION('',(-1.,0.,0.));
#8188 = MANIFOLD_SOLID_BREP('',#8189);
#8189 = CLOSED_SHELL('',(#8190,#8223,#8243,#8302,#8327,#8358,#8382,#8406
    ,#8430,#8454,#8471,#8480));
#8190 = ADVANCED_FACE('',(#8191),#8218,.T.);
#8191 = FACE_BOUND('',#8192,.T.);
#8192 = EDGE_LOOP('',(#8193,#8202,#8210,#8217));
#8193 = ORIENTED_EDGE('',*,*,#8194,.F.);
#8194 = EDGE_CURVE('',#8195,#8195,#8197,.T.);
#8195 = VERTEX_POINT('',#8196);
#8196 = CARTESIAN_POINT('',(91.,-1.224646799147E-15,-26.6));
#8197 = CIRCLE('',#8198,5.);
#8198 = AXIS2_PLACEMENT_3D('',#8199,#8200,#8201);
#8199 = CARTESIAN_POINT('',(86.,0.,-26.6));
#8200 = DIRECTION('',(0.,0.,1.));
#8201 = DIRECTION('',(1.,0.,-0.));
#8202 = ORIENTED_EDGE('',*,*,#8203,.F.);
#8203 = EDGE_CURVE('',#8204,#8195,#8206,.T.);
#8204 = VERTEX_POINT('',#8205);
#8205 = CARTESIAN_POINT('',(91.,-1.224646799147E-15,-32.6));
#8206 = LINE('',#8207,#8208);
#8207 = CARTESIAN_POINT('',(91.,-1.224646799147E-15,-32.6));
#8208 = VECTOR('',#8209,1.);
#8209 = DIRECTION('',(0.,0.,1.));
#8210 = ORIENTED_EDGE('',*,*,#8211,.T.);
#8211 = EDGE_CURVE('',#8204,#8204,#8212,.T.);
#8212 = CIRCLE('',#8213,5.);
#8213 = AXIS2_PLACEMENT_3D('',#8214,#8215,#8216);
#8214 = CARTESIAN_POINT('',(86.,0.,-32.6));
#8215 = DIRECTION('',(0.,0.,1.));
#8216 = DIRECTION('',(1.,0.,-0.));
#8217 = ORIENTED_EDGE('',*,*,#8203,.T.);
#8218 = CYLINDRICAL_SURFACE('',#8219,5.);
#8219 = AXIS2_PLACEMENT_3D('',#8220,#8221,#8222);
#8220 = CARTESIAN_POINT('',(86.,0.,-32.6));
#8221 = DIRECTION('',(0.,0.,1.));
#8222 = DIRECTION('',(1.,0.,-0.));
#8223 = ADVANCED_FACE('',(#8224,#8227),#8238,.T.);
#8224 = FACE_BOUND('',#8225,.T.);
#8225 = EDGE_LOOP('',(#8226));
#8226 = ORIENTED_EDGE('',*,*,#8194,.T.);
#8227 = FACE_BOUND('',#8228,.T.);
#8228 = EDGE_LOOP('',(#8229));
#8229 = ORIENTED_EDGE('',*,*,#8230,.F.);
#8230 = EDGE_CURVE('',#8231,#8231,#8233,.T.);
#8231 = VERTEX_POINT('',#8232);
#8232 = CARTESIAN_POINT('',(89.,-7.347880794884E-16,-26.6));
#8233 = CIRCLE('',#8234,3.);
#8234 = AXIS2_PLACEMENT_3D('',#8235,#8236,#8237);
#8235 = CARTESIAN_POINT('',(86.,0.,-26.6));
#8236 = DIRECTION('',(0.,0.,1.));
#8237 = DIRECTION('',(1.,0.,-0.));
#8238 = PLANE('',#8239);
#8239 = AXIS2_PLACEMENT_3D('',#8240,#8241,#8242);
#8240 = CARTESIAN_POINT('',(86.,0.,-26.6));
#8241 = DIRECTION('',(0.,0.,1.));
#8242 = DIRECTION('',(1.,0.,-0.));
#8243 = ADVANCED_FACE('',(#8244,#8247),#8297,.F.);
#8244 = FACE_BOUND('',#8245,.F.);
#8245 = EDGE_LOOP('',(#8246));
#8246 = ORIENTED_EDGE('',*,*,#8211,.T.);
#8247 = FACE_BOUND('',#8248,.F.);
#8248 = EDGE_LOOP('',(#8249,#8259,#8267,#8275,#8283,#8291));
#8249 = ORIENTED_EDGE('',*,*,#8250,.T.);
#8250 = EDGE_CURVE('',#8251,#8253,#8255,.T.);
#8251 = VERTEX_POINT('',#8252);
#8252 = CARTESIAN_POINT('',(83.5,1.443375672974,-32.6));
#8253 = VERTEX_POINT('',#8254);
#8254 = CARTESIAN_POINT('',(86.,2.886751345948,-32.6));
#8255 = LINE('',#8256,#8257);
#8256 = CARTESIAN_POINT('',(85.375,2.525907427705,-32.6));
#8257 = VECTOR('',#8258,1.);
#8258 = DIRECTION('',(0.866025403784,0.5,-0.));
#8259 = ORIENTED_EDGE('',*,*,#8260,.T.);
#8260 = EDGE_CURVE('',#8253,#8261,#8263,.T.);
#8261 = VERTEX_POINT('',#8262);
#8262 = CARTESIAN_POINT('',(88.5,1.443375672974,-32.6));
#8263 = LINE('',#8264,#8265);
#8264 = CARTESIAN_POINT('',(87.875,1.804219591218,-32.6));
#8265 = VECTOR('',#8266,1.);
#8266 = DIRECTION('',(0.866025403784,-0.5,0.));
#8267 = ORIENTED_EDGE('',*,*,#8268,.T.);
#8268 = EDGE_CURVE('',#8261,#8269,#8271,.T.);
#8269 = VERTEX_POINT('',#8270);
#8270 = CARTESIAN_POINT('',(88.5,-1.443375672974,-32.6));
#8271 = LINE('',#8272,#8273);
#8272 = CARTESIAN_POINT('',(88.5,-0.721687836487,-32.6));
#8273 = VECTOR('',#8274,1.);
#8274 = DIRECTION('',(0.,-1.,0.));
#8275 = ORIENTED_EDGE('',*,*,#8276,.T.);
#8276 = EDGE_CURVE('',#8269,#8277,#8279,.T.);
#8277 = VERTEX_POINT('',#8278);
#8278 = CARTESIAN_POINT('',(86.,-2.886751345948,-32.6));
#8279 = LINE('',#8280,#8281);
#8280 = CARTESIAN_POINT('',(86.625,-2.525907427705,-32.6));
#8281 = VECTOR('',#8282,1.);
#8282 = DIRECTION('',(-0.866025403784,-0.5,0.));
#8283 = ORIENTED_EDGE('',*,*,#8284,.T.);
#8284 = EDGE_CURVE('',#8277,#8285,#8287,.T.);
#8285 = VERTEX_POINT('',#8286);
#8286 = CARTESIAN_POINT('',(83.5,-1.443375672974,-32.6));
#8287 = LINE('',#8288,#8289);
#8288 = CARTESIAN_POINT('',(84.125,-1.804219591218,-32.6));
#8289 = VECTOR('',#8290,1.);
#8290 = DIRECTION('',(-0.866025403784,0.5,0.));
#8291 = ORIENTED_EDGE('',*,*,#8292,.T.);
#8292 = EDGE_CURVE('',#8285,#8251,#8293,.T.);
#8293 = LINE('',#8294,#8295);
#8294 = CARTESIAN_POINT('',(83.5,0.721687836487,-32.6));
#8295 = VECTOR('',#8296,1.);
#8296 = DIRECTION('',(-0.,1.,0.));
#8297 = PLANE('',#8298);
#8298 = AXIS2_PLACEMENT_3D('',#8299,#8300,#8301);
#8299 = CARTESIAN_POINT('',(86.,0.,-32.6));
#8300 = DIRECTION('',(0.,0.,1.));
#8301 = DIRECTION('',(1.,0.,-0.));
#8302 = ADVANCED_FACE('',(#8303),#8322,.T.);
#8303 = FACE_BOUND('',#8304,.T.);
#8304 = EDGE_LOOP('',(#8305,#8314,#8320,#8321));
#8305 = ORIENTED_EDGE('',*,*,#8306,.F.);
#8306 = EDGE_CURVE('',#8307,#8307,#8309,.T.);
#8307 = VERTEX_POINT('',#8308);
#8308 = CARTESIAN_POINT('',(89.,-7.347880794884E-16,-10.6));
#8309 = CIRCLE('',#8310,3.);
#8310 = AXIS2_PLACEMENT_3D('',#8311,#8312,#8313);
#8311 = CARTESIAN_POINT('',(86.,0.,-10.6));
#8312 = DIRECTION('',(0.,0.,1.));
#8313 = DIRECTION('',(1.,0.,-0.));
#8314 = ORIENTED_EDGE('',*,*,#8315,.F.);
#8315 = EDGE_CURVE('',#8231,#8307,#8316,.T.);
#8316 = LINE('',#8317,#8318);
#8317 = CARTESIAN_POINT('',(89.,-7.347880794884E-16,-26.6));
#8318 = VECTOR('',#8319,1.);
#8319 = DIRECTION('',(0.,0.,1.));
#8320 = ORIENTED_EDGE('',*,*,#8230,.T.);
#8321 = ORIENTED_EDGE('',*,*,#8315,.T.);
#8322 = CYLINDRICAL_SURFACE('',#8323,3.);
#8323 = AXIS2_PLACEMENT_3D('',#8324,#8325,#8326);
#8324 = CARTESIAN_POINT('',(86.,0.,-26.6));
#8325 = DIRECTION('',(0.,0.,1.));
#8326 = DIRECTION('',(1.,0.,-0.));
#8327 = ADVANCED_FACE('',(#8328),#8353,.T.);
#8328 = FACE_BOUND('',#8329,.T.);
#8329 = EDGE_LOOP('',(#8330,#8331,#8339,#8347));
#8330 = ORIENTED_EDGE('',*,*,#8250,.T.);
#8331 = ORIENTED_EDGE('',*,*,#8332,.T.);
#8332 = EDGE_CURVE('',#8253,#8333,#8335,.T.);
#8333 = VERTEX_POINT('',#8334);
#8334 = CARTESIAN_POINT('',(86.,2.886751345948,-29.));
#8335 = LINE('',#8336,#8337);
#8336 = CARTESIAN_POINT('',(86.,2.886751345948,-32.7));
#8337 = VECTOR('',#8338,1.);
#8338 = DIRECTION('',(0.,0.,1.));
#8339 = ORIENTED_EDGE('',*,*,#8340,.T.);
#8340 = EDGE_CURVE('',#8333,#8341,#8343,.T.);
#8341 = VERTEX_POINT('',#8342);
#8342 = CARTESIAN_POINT('',(83.5,1.443375672974,-29.));
#8343 = LINE('',#8344,#8345);
#8344 = CARTESIAN_POINT('',(86.,2.886751345948,-29.));
#8345 = VECTOR('',#8346,1.);
#8346 = DIRECTION('',(-0.866025403784,-0.5,0.));
#8347 = ORIENTED_EDGE('',*,*,#8348,.F.);
#8348 = EDGE_CURVE('',#8251,#8341,#8349,.T.);
#8349 = LINE('',#8350,#8351);
#8350 = CARTESIAN_POINT('',(83.5,1.443375672974,-32.7));
#8351 = VECTOR('',#8352,1.);
#8352 = DIRECTION('',(0.,0.,1.));
#8353 = PLANE('',#8354);
#8354 = AXIS2_PLACEMENT_3D('',#8355,#8356,#8357);
#8355 = CARTESIAN_POINT('',(86.,2.886751345948,-32.7));
#8356 = DIRECTION('',(0.5,-0.866025403784,0.));
#8357 = DIRECTION('',(-0.866025403784,-0.5,0.));
#8358 = ADVANCED_FACE('',(#8359),#8377,.T.);
#8359 = FACE_BOUND('',#8360,.T.);
#8360 = EDGE_LOOP('',(#8361,#8362,#8363,#8371));
#8361 = ORIENTED_EDGE('',*,*,#8292,.T.);
#8362 = ORIENTED_EDGE('',*,*,#8348,.T.);
#8363 = ORIENTED_EDGE('',*,*,#8364,.T.);
#8364 = EDGE_CURVE('',#8341,#8365,#8367,.T.);
#8365 = VERTEX_POINT('',#8366);
#8366 = CARTESIAN_POINT('',(83.5,-1.443375672974,-29.));
#8367 = LINE('',#8368,#8369);
#8368 = CARTESIAN_POINT('',(83.5,1.443375672974,-29.));
#8369 = VECTOR('',#8370,1.);
#8370 = DIRECTION('',(0.,-1.,0.));
#8371 = ORIENTED_EDGE('',*,*,#8372,.F.);
#8372 = EDGE_CURVE('',#8285,#8365,#8373,.T.);
#8373 = LINE('',#8374,#8375);
#8374 = CARTESIAN_POINT('',(83.5,-1.443375672974,-32.7));
#8375 = VECTOR('',#8376,1.);
#8376 = DIRECTION('',(0.,0.,1.));
#8377 = PLANE('',#8378);
#8378 = AXIS2_PLACEMENT_3D('',#8379,#8380,#8381);
#8379 = CARTESIAN_POINT('',(83.5,1.443375672974,-32.7));
#8380 = DIRECTION('',(1.,0.,-0.));
#8381 = DIRECTION('',(0.,-1.,0.));
#8382 = ADVANCED_FACE('',(#8383),#8401,.T.);
#8383 = FACE_BOUND('',#8384,.T.);
#8384 = EDGE_LOOP('',(#8385,#8386,#8387,#8395));
#8385 = ORIENTED_EDGE('',*,*,#8284,.T.);
#8386 = ORIENTED_EDGE('',*,*,#8372,.T.);
#8387 = ORIENTED_EDGE('',*,*,#8388,.T.);
#8388 = EDGE_CURVE('',#8365,#8389,#8391,.T.);
#8389 = VERTEX_POINT('',#8390);
#8390 = CARTESIAN_POINT('',(86.,-2.886751345948,-29.));
#8391 = LINE('',#8392,#8393);
#8392 = CARTESIAN_POINT('',(83.5,-1.443375672974,-29.));
#8393 = VECTOR('',#8394,1.);
#8394 = DIRECTION('',(0.866025403784,-0.5,0.));
#8395 = ORIENTED_EDGE('',*,*,#8396,.F.);
#8396 = EDGE_CURVE('',#8277,#8389,#8397,.T.);
#8397 = LINE('',#8398,#8399);
#8398 = CARTESIAN_POINT('',(86.,-2.886751345948,-32.7));
#8399 = VECTOR('',#8400,1.);
#8400 = DIRECTION('',(0.,0.,1.));
#8401 = PLANE('',#8402);
#8402 = AXIS2_PLACEMENT_3D('',#8403,#8404,#8405);
#8403 = CARTESIAN_POINT('',(83.5,-1.443375672974,-32.7));
#8404 = DIRECTION('',(0.5,0.866025403784,-0.));
#8405 = DIRECTION('',(0.866025403784,-0.5,0.));
#8406 = ADVANCED_FACE('',(#8407),#8425,.T.);
#8407 = FACE_BOUND('',#8408,.T.);
#8408 = EDGE_LOOP('',(#8409,#8410,#8411,#8419));
#8409 = ORIENTED_EDGE('',*,*,#8276,.T.);
#8410 = ORIENTED_EDGE('',*,*,#8396,.T.);
#8411 = ORIENTED_EDGE('',*,*,#8412,.T.);
#8412 = EDGE_CURVE('',#8389,#8413,#8415,.T.);
#8413 = VERTEX_POINT('',#8414);
#8414 = CARTESIAN_POINT('',(88.5,-1.443375672974,-29.));
#8415 = LINE('',#8416,#8417);
#8416 = CARTESIAN_POINT('',(86.,-2.886751345948,-29.));
#8417 = VECTOR('',#8418,1.);
#8418 = DIRECTION('',(0.866025403784,0.5,0.));
#8419 = ORIENTED_EDGE('',*,*,#8420,.F.);
#8420 = EDGE_CURVE('',#8269,#8413,#8421,.T.);
#8421 = LINE('',#8422,#8423);
#8422 = CARTESIAN_POINT('',(88.5,-1.443375672974,-32.7));
#8423 = VECTOR('',#8424,1.);
#8424 = DIRECTION('',(0.,0.,1.));
#8425 = PLANE('',#8426);
#8426 = AXIS2_PLACEMENT_3D('',#8427,#8428,#8429);
#8427 = CARTESIAN_POINT('',(86.,-2.886751345948,-32.7));
#8428 = DIRECTION('',(-0.5,0.866025403784,0.));
#8429 = DIRECTION('',(0.866025403784,0.5,0.));
#8430 = ADVANCED_FACE('',(#8431),#8449,.T.);
#8431 = FACE_BOUND('',#8432,.T.);
#8432 = EDGE_LOOP('',(#8433,#8434,#8435,#8443));
#8433 = ORIENTED_EDGE('',*,*,#8268,.T.);
#8434 = ORIENTED_EDGE('',*,*,#8420,.T.);
#8435 = ORIENTED_EDGE('',*,*,#8436,.T.);
#8436 = EDGE_CURVE('',#8413,#8437,#8439,.T.);
#8437 = VERTEX_POINT('',#8438);
#8438 = CARTESIAN_POINT('',(88.5,1.443375672974,-29.));
#8439 = LINE('',#8440,#8441);
#8440 = CARTESIAN_POINT('',(88.5,-1.443375672974,-29.));
#8441 = VECTOR('',#8442,1.);
#8442 = DIRECTION('',(0.,1.,0.));
#8443 = ORIENTED_EDGE('',*,*,#8444,.F.);
#8444 = EDGE_CURVE('',#8261,#8437,#8445,.T.);
#8445 = LINE('',#8446,#8447);
#8446 = CARTESIAN_POINT('',(88.5,1.443375672974,-32.7));
#8447 = VECTOR('',#8448,1.);
#8448 = DIRECTION('',(0.,0.,1.));
#8449 = PLANE('',#8450);
#8450 = AXIS2_PLACEMENT_3D('',#8451,#8452,#8453);
#8451 = CARTESIAN_POINT('',(88.5,-1.443375672974,-32.7));
#8452 = DIRECTION('',(-1.,0.,0.));
#8453 = DIRECTION('',(0.,1.,0.));
#8454 = ADVANCED_FACE('',(#8455),#8466,.T.);
#8455 = FACE_BOUND('',#8456,.T.);
#8456 = EDGE_LOOP('',(#8457,#8458,#8459,#8465));
#8457 = ORIENTED_EDGE('',*,*,#8260,.T.);
#8458 = ORIENTED_EDGE('',*,*,#8444,.T.);
#8459 = ORIENTED_EDGE('',*,*,#8460,.T.);
#8460 = EDGE_CURVE('',#8437,#8333,#8461,.T.);
#8461 = LINE('',#8462,#8463);
#8462 = CARTESIAN_POINT('',(88.5,1.443375672974,-29.));
#8463 = VECTOR('',#8464,1.);
#8464 = DIRECTION('',(-0.866025403784,0.5,0.));
#8465 = ORIENTED_EDGE('',*,*,#8332,.F.);
#8466 = PLANE('',#8467);
#8467 = AXIS2_PLACEMENT_3D('',#8468,#8469,#8470);
#8468 = CARTESIAN_POINT('',(88.5,1.443375672974,-32.7));
#8469 = DIRECTION('',(-0.5,-0.866025403784,0.));
#8470 = DIRECTION('',(-0.866025403784,0.5,0.));
#8471 = ADVANCED_FACE('',(#8472),#8475,.T.);
#8472 = FACE_BOUND('',#8473,.T.);
#8473 = EDGE_LOOP('',(#8474));
#8474 = ORIENTED_EDGE('',*,*,#8306,.T.);
#8475 = PLANE('',#8476);
#8476 = AXIS2_PLACEMENT_3D('',#8477,#8478,#8479);
#8477 = CARTESIAN_POINT('',(86.,0.,-10.6));
#8478 = DIRECTION('',(0.,0.,1.));
#8479 = DIRECTION('',(1.,0.,-0.));
#8480 = ADVANCED_FACE('',(#8481),#8489,.F.);
#8481 = FACE_BOUND('',#8482,.F.);
#8482 = EDGE_LOOP('',(#8483,#8484,#8485,#8486,#8487,#8488));
#8483 = ORIENTED_EDGE('',*,*,#8460,.T.);
#8484 = ORIENTED_EDGE('',*,*,#8340,.T.);
#8485 = ORIENTED_EDGE('',*,*,#8364,.T.);
#8486 = ORIENTED_EDGE('',*,*,#8388,.T.);
#8487 = ORIENTED_EDGE('',*,*,#8412,.T.);
#8488 = ORIENTED_EDGE('',*,*,#8436,.T.);
#8489 = PLANE('',#8490);
#8490 = AXIS2_PLACEMENT_3D('',#8491,#8492,#8493);
#8491 = CARTESIAN_POINT('',(86.,-2.563950248511E-17,-29.));
#8492 = DIRECTION('',(0.,0.,1.));
#8493 = DIRECTION('',(1.,0.,-0.));
#8494 = MANIFOLD_SOLID_BREP('',#8495);
#8495 = CLOSED_SHELL('',(#8496,#8536,#8567,#8598,#8626,#8654,#8666));
#8496 = ADVANCED_FACE('',(#8497),#8531,.F.);
#8497 = FACE_BOUND('',#8498,.F.);
#8498 = EDGE_LOOP('',(#8499,#8509,#8517,#8525));
#8499 = ORIENTED_EDGE('',*,*,#8500,.T.);
#8500 = EDGE_CURVE('',#8501,#8503,#8505,.T.);
#8501 = VERTEX_POINT('',#8502);
#8502 = CARTESIAN_POINT('',(81.,-8.,-10.7));
#8503 = VERTEX_POINT('',#8504);
#8504 = CARTESIAN_POINT('',(81.,-8.,-15.7));
#8505 = LINE('',#8506,#8507);
#8506 = CARTESIAN_POINT('',(81.,-8.,-10.7));
#8507 = VECTOR('',#8508,1.);
#8508 = DIRECTION('',(-0.,-0.,-1.));
#8509 = ORIENTED_EDGE('',*,*,#8510,.T.);
#8510 = EDGE_CURVE('',#8503,#8511,#8513,.T.);
#8511 = VERTEX_POINT('',#8512);
#8512 = CARTESIAN_POINT('',(81.,8.,-15.7));
#8513 = LINE('',#8514,#8515);
#8514 = CARTESIAN_POINT('',(81.,-8.,-15.7));
#8515 = VECTOR('',#8516,1.);
#8516 = DIRECTION('',(0.,1.,0.));
#8517 = ORIENTED_EDGE('',*,*,#8518,.F.);
#8518 = EDGE_CURVE('',#8519,#8511,#8521,.T.);
#8519 = VERTEX_POINT('',#8520);
#8520 = CARTESIAN_POINT('',(81.,8.,-10.7));
#8521 = LINE('',#8522,#8523);
#8522 = CARTESIAN_POINT('',(81.,8.,-10.7));
#8523 = VECTOR('',#8524,1.);
#8524 = DIRECTION('',(-0.,-0.,-1.));
#8525 = ORIENTED_EDGE('',*,*,#8526,.F.);
#8526 = EDGE_CURVE('',#8501,#8519,#8527,.T.);
#8527 = LINE('',#8528,#8529);
#8528 = CARTESIAN_POINT('',(81.,-8.,-10.7));
#8529 = VECTOR('',#8530,1.);
#8530 = DIRECTION('',(0.,1.,0.));
#8531 = PLANE('',#8532);
#8532 = AXIS2_PLACEMENT_3D('',#8533,#8534,#8535);
#8533 = CARTESIAN_POINT('',(81.,-8.,-10.7));
#8534 = DIRECTION('',(1.,0.,0.));
#8535 = DIRECTION('',(-0.,1.,0.));
#8536 = ADVANCED_FACE('',(#8537),#8562,.F.);
#8537 = FACE_BOUND('',#8538,.F.);
#8538 = EDGE_LOOP('',(#8539,#8549,#8555,#8556));
#8539 = ORIENTED_EDGE('',*,*,#8540,.T.);
#8540 = EDGE_CURVE('',#8541,#8543,#8545,.T.);
#8541 = VERTEX_POINT('',#8542);
#8542 = CARTESIAN_POINT('',(91.,-8.,-10.7));
#8543 = VERTEX_POINT('',#8544);
#8544 = CARTESIAN_POINT('',(91.,-8.,-15.7));
#8545 = LINE('',#8546,#8547);
#8546 = CARTESIAN_POINT('',(91.,-8.,-10.7));
#8547 = VECTOR('',#8548,1.);
#8548 = DIRECTION('',(-0.,-0.,-1.));
#8549 = ORIENTED_EDGE('',*,*,#8550,.T.);
#8550 = EDGE_CURVE('',#8543,#8503,#8551,.T.);
#8551 = LINE('',#8552,#8553);
#8552 = CARTESIAN_POINT('',(91.,-8.,-15.7));
#8553 = VECTOR('',#8554,1.);
#8554 = DIRECTION('',(-1.,0.,0.));
#8555 = ORIENTED_EDGE('',*,*,#8500,.F.);
#8556 = ORIENTED_EDGE('',*,*,#8557,.F.);
#8557 = EDGE_CURVE('',#8541,#8501,#8558,.T.);
#8558 = LINE('',#8559,#8560);
#8559 = CARTESIAN_POINT('',(91.,-8.,-10.7));
#8560 = VECTOR('',#8561,1.);
#8561 = DIRECTION('',(-1.,0.,0.));
#8562 = PLANE('',#8563);
#8563 = AXIS2_PLACEMENT_3D('',#8564,#8565,#8566);
#8564 = CARTESIAN_POINT('',(91.,-8.,-10.7));
#8565 = DIRECTION('',(0.,1.,-0.));
#8566 = DIRECTION('',(-1.,0.,0.));
#8567 = ADVANCED_FACE('',(#8568),#8593,.F.);
#8568 = FACE_BOUND('',#8569,.F.);
#8569 = EDGE_LOOP('',(#8570,#8571,#8579,#8587));
#8570 = ORIENTED_EDGE('',*,*,#8518,.T.);
#8571 = ORIENTED_EDGE('',*,*,#8572,.T.);
#8572 = EDGE_CURVE('',#8511,#8573,#8575,.T.);
#8573 = VERTEX_POINT('',#8574);
#8574 = CARTESIAN_POINT('',(91.,8.,-15.7));
#8575 = LINE('',#8576,#8577);
#8576 = CARTESIAN_POINT('',(81.,8.,-15.7));
#8577 = VECTOR('',#8578,1.);
#8578 = DIRECTION('',(1.,0.,0.));
#8579 = ORIENTED_EDGE('',*,*,#8580,.F.);
#8580 = EDGE_CURVE('',#8581,#8573,#8583,.T.);
#8581 = VERTEX_POINT('',#8582);
#8582 = CARTESIAN_POINT('',(91.,8.,-10.7));
#8583 = LINE('',#8584,#8585);
#8584 = CARTESIAN_POINT('',(91.,8.,-10.7));
#8585 = VECTOR('',#8586,1.);
#8586 = DIRECTION('',(-0.,-0.,-1.));
#8587 = ORIENTED_EDGE('',*,*,#8588,.F.);
#8588 = EDGE_CURVE('',#8519,#8581,#8589,.T.);
#8589 = LINE('',#8590,#8591);
#8590 = CARTESIAN_POINT('',(81.,8.,-10.7));
#8591 = VECTOR('',#8592,1.);
#8592 = DIRECTION('',(1.,0.,0.));
#8593 = PLANE('',#8594);
#8594 = AXIS2_PLACEMENT_3D('',#8595,#8596,#8597);
#8595 = CARTESIAN_POINT('',(81.,8.,-10.7));
#8596 = DIRECTION('',(0.,-1.,0.));
#8597 = DIRECTION('',(1.,0.,0.));
#8598 = ADVANCED_FACE('',(#8599,#8610),#8621,.F.);
#8599 = FACE_BOUND('',#8600,.F.);
#8600 = EDGE_LOOP('',(#8601,#8602,#8603,#8609));
#8601 = ORIENTED_EDGE('',*,*,#8526,.T.);
#8602 = ORIENTED_EDGE('',*,*,#8588,.T.);
#8603 = ORIENTED_EDGE('',*,*,#8604,.T.);
#8604 = EDGE_CURVE('',#8581,#8541,#8605,.T.);
#8605 = LINE('',#8606,#8607);
#8606 = CARTESIAN_POINT('',(91.,8.,-10.7));
#8607 = VECTOR('',#8608,1.);
#8608 = DIRECTION('',(0.,-1.,0.));
#8609 = ORIENTED_EDGE('',*,*,#8557,.T.);
#8610 = FACE_BOUND('',#8611,.F.);
#8611 = EDGE_LOOP('',(#8612));
#8612 = ORIENTED_EDGE('',*,*,#8613,.F.);
#8613 = EDGE_CURVE('',#8614,#8614,#8616,.T.);
#8614 = VERTEX_POINT('',#8615);
#8615 = CARTESIAN_POINT('',(83.,-7.347880794884E-16,-10.7));
#8616 = CIRCLE('',#8617,3.);
#8617 = AXIS2_PLACEMENT_3D('',#8618,#8619,#8620);
#8618 = CARTESIAN_POINT('',(86.,0.,-10.7));
#8619 = DIRECTION('',(-0.,0.,-1.));
#8620 = DIRECTION('',(-1.,0.,0.));
#8621 = PLANE('',#8622);
#8622 = AXIS2_PLACEMENT_3D('',#8623,#8624,#8625);
#8623 = CARTESIAN_POINT('',(86.,0.,-10.7));
#8624 = DIRECTION('',(-0.,-0.,-1.));
#8625 = DIRECTION('',(-1.,0.,0.));
#8626 = ADVANCED_FACE('',(#8627,#8638),#8649,.T.);
#8627 = FACE_BOUND('',#8628,.T.);
#8628 = EDGE_LOOP('',(#8629,#8630,#8631,#8637));
#8629 = ORIENTED_EDGE('',*,*,#8510,.T.);
#8630 = ORIENTED_EDGE('',*,*,#8572,.T.);
#8631 = ORIENTED_EDGE('',*,*,#8632,.T.);
#8632 = EDGE_CURVE('',#8573,#8543,#8633,.T.);
#8633 = LINE('',#8634,#8635);
#8634 = CARTESIAN_POINT('',(91.,8.,-15.7));
#8635 = VECTOR('',#8636,1.);
#8636 = DIRECTION('',(0.,-1.,0.));
#8637 = ORIENTED_EDGE('',*,*,#8550,.T.);
#8638 = FACE_BOUND('',#8639,.T.);
#8639 = EDGE_LOOP('',(#8640));
#8640 = ORIENTED_EDGE('',*,*,#8641,.F.);
#8641 = EDGE_CURVE('',#8642,#8642,#8644,.T.);
#8642 = VERTEX_POINT('',#8643);
#8643 = CARTESIAN_POINT('',(83.,-7.347880794884E-16,-15.7));
#8644 = CIRCLE('',#8645,3.);
#8645 = AXIS2_PLACEMENT_3D('',#8646,#8647,#8648);
#8646 = CARTESIAN_POINT('',(86.,0.,-15.7));
#8647 = DIRECTION('',(-0.,0.,-1.));
#8648 = DIRECTION('',(-1.,0.,0.));
#8649 = PLANE('',#8650);
#8650 = AXIS2_PLACEMENT_3D('',#8651,#8652,#8653);
#8651 = CARTESIAN_POINT('',(86.,0.,-15.7));
#8652 = DIRECTION('',(-0.,-0.,-1.));
#8653 = DIRECTION('',(-1.,0.,0.));
#8654 = ADVANCED_FACE('',(#8655),#8661,.F.);
#8655 = FACE_BOUND('',#8656,.F.);
#8656 = EDGE_LOOP('',(#8657,#8658,#8659,#8660));
#8657 = ORIENTED_EDGE('',*,*,#8580,.T.);
#8658 = ORIENTED_EDGE('',*,*,#8632,.T.);
#8659 = ORIENTED_EDGE('',*,*,#8540,.F.);
#8660 = ORIENTED_EDGE('',*,*,#8604,.F.);
#8661 = PLANE('',#8662);
#8662 = AXIS2_PLACEMENT_3D('',#8663,#8664,#8665);
#8663 = CARTESIAN_POINT('',(91.,8.,-10.7));
#8664 = DIRECTION('',(-1.,0.,0.));
#8665 = DIRECTION('',(0.,-1.,0.));
#8666 = ADVANCED_FACE('',(#8667),#8678,.F.);
#8667 = FACE_BOUND('',#8668,.F.);
#8668 = EDGE_LOOP('',(#8669,#8670,#8676,#8677));
#8669 = ORIENTED_EDGE('',*,*,#8641,.F.);
#8670 = ORIENTED_EDGE('',*,*,#8671,.F.);
#8671 = EDGE_CURVE('',#8614,#8642,#8672,.T.);
#8672 = LINE('',#8673,#8674);
#8673 = CARTESIAN_POINT('',(83.,-7.347880794884E-16,-9.7));
#8674 = VECTOR('',#8675,1.);
#8675 = DIRECTION('',(0.,-0.,-1.));
#8676 = ORIENTED_EDGE('',*,*,#8613,.T.);
#8677 = ORIENTED_EDGE('',*,*,#8671,.T.);
#8678 = CYLINDRICAL_SURFACE('',#8679,3.);
#8679 = AXIS2_PLACEMENT_3D('',#8680,#8681,#8682);
#8680 = CARTESIAN_POINT('',(86.,0.,-9.7));
#8681 = DIRECTION('',(-0.,-0.,-1.));
#8682 = DIRECTION('',(-1.,0.,0.));
#8683 = MANIFOLD_SOLID_BREP('',#8684);
#8684 = CLOSED_SHELL('',(#8685,#8786,#8840,#8864,#8895,#8941,#8965,#8989
    ,#9009,#9026,#9051,#9076,#9093,#9118,#9143,#9168,#9188,#9213));
#8685 = ADVANCED_FACE('',(#8686),#8781,.T.);
#8686 = FACE_BOUND('',#8687,.T.);
#8687 = EDGE_LOOP('',(#8688,#8699,#8707,#8714,#8715,#8724,#8732,#8741,
    #8749,#8758,#8766,#8775));
#8688 = ORIENTED_EDGE('',*,*,#8689,.T.);
#8689 = EDGE_CURVE('',#8690,#8692,#8694,.T.);
#8690 = VERTEX_POINT('',#8691);
#8691 = CARTESIAN_POINT('',(152.,12.,27.495454169735));
#8692 = VERTEX_POINT('',#8693);
#8693 = CARTESIAN_POINT('',(152.,7.347880794884E-15,30.));
#8694 = CIRCLE('',#8695,30.);
#8695 = AXIS2_PLACEMENT_3D('',#8696,#8697,#8698);
#8696 = CARTESIAN_POINT('',(152.,0.,0.));
#8697 = DIRECTION('',(1.,0.,0.));
#8698 = DIRECTION('',(-0.,0.,1.));
#8699 = ORIENTED_EDGE('',*,*,#8700,.T.);
#8700 = EDGE_CURVE('',#8692,#8701,#8703,.T.);
#8701 = VERTEX_POINT('',#8702);
#8702 = CARTESIAN_POINT('',(160.,7.347880794884E-15,30.));
#8703 = LINE('',#8704,#8705);
#8704 = CARTESIAN_POINT('',(146.,7.347880794884E-15,30.));
#8705 = VECTOR('',#8706,1.);
#8706 = DIRECTION('',(1.,0.,0.));
#8707 = ORIENTED_EDGE('',*,*,#8708,.F.);
#8708 = EDGE_CURVE('',#8701,#8701,#8709,.T.);
#8709 = CIRCLE('',#8710,30.);
#8710 = AXIS2_PLACEMENT_3D('',#8711,#8712,#8713);
#8711 = CARTESIAN_POINT('',(160.,0.,0.));
#8712 = DIRECTION('',(1.,0.,0.));
#8713 = DIRECTION('',(-0.,0.,1.));
#8714 = ORIENTED_EDGE('',*,*,#8700,.F.);
#8715 = ORIENTED_EDGE('',*,*,#8716,.T.);
#8716 = EDGE_CURVE('',#8692,#8717,#8719,.T.);
#8717 = VERTEX_POINT('',#8718);
#8718 = CARTESIAN_POINT('',(152.,-12.,27.495454169735));
#8719 = CIRCLE('',#8720,30.);
#8720 = AXIS2_PLACEMENT_3D('',#8721,#8722,#8723);
#8721 = CARTESIAN_POINT('',(152.,0.,0.));
#8722 = DIRECTION('',(1.,0.,0.));
#8723 = DIRECTION('',(-0.,0.,1.));
#8724 = ORIENTED_EDGE('',*,*,#8725,.F.);
#8725 = EDGE_CURVE('',#8726,#8717,#8728,.T.);
#8726 = VERTEX_POINT('',#8727);
#8727 = CARTESIAN_POINT('',(146.,-12.,27.495454169735));
#8728 = LINE('',#8729,#8730);
#8729 = CARTESIAN_POINT('',(146.,-12.,27.495454169735));
#8730 = VECTOR('',#8731,1.);
#8731 = DIRECTION('',(1.,0.,0.));
#8732 = ORIENTED_EDGE('',*,*,#8733,.T.);
#8733 = EDGE_CURVE('',#8726,#8734,#8736,.T.);
#8734 = VERTEX_POINT('',#8735);
#8735 = CARTESIAN_POINT('',(146.,-12.,-27.49545416973));
#8736 = CIRCLE('',#8737,30.);
#8737 = AXIS2_PLACEMENT_3D('',#8738,#8739,#8740);
#8738 = CARTESIAN_POINT('',(146.,0.,0.));
#8739 = DIRECTION('',(1.,0.,0.));
#8740 = DIRECTION('',(-0.,0.,1.));
#8741 = ORIENTED_EDGE('',*,*,#8742,.T.);
#8742 = EDGE_CURVE('',#8734,#8743,#8745,.T.);
#8743 = VERTEX_POINT('',#8744);
#8744 = CARTESIAN_POINT('',(152.,-12.,-27.49545416973));
#8745 = LINE('',#8746,#8747);
#8746 = CARTESIAN_POINT('',(146.,-12.,-27.49545416973));
#8747 = VECTOR('',#8748,1.);
#8748 = DIRECTION('',(1.,0.,0.));
#8749 = ORIENTED_EDGE('',*,*,#8750,.T.);
#8750 = EDGE_CURVE('',#8743,#8751,#8753,.T.);
#8751 = VERTEX_POINT('',#8752);
#8752 = CARTESIAN_POINT('',(152.,12.,-27.49545416973));
#8753 = CIRCLE('',#8754,30.);
#8754 = AXIS2_PLACEMENT_3D('',#8755,#8756,#8757);
#8755 = CARTESIAN_POINT('',(152.,0.,0.));
#8756 = DIRECTION('',(1.,0.,0.));
#8757 = DIRECTION('',(-0.,0.,1.));
#8758 = ORIENTED_EDGE('',*,*,#8759,.F.);
#8759 = EDGE_CURVE('',#8760,#8751,#8762,.T.);
#8760 = VERTEX_POINT('',#8761);
#8761 = CARTESIAN_POINT('',(146.,12.,-27.49545416973));
#8762 = LINE('',#8763,#8764);
#8763 = CARTESIAN_POINT('',(146.,12.,-27.49545416973));
#8764 = VECTOR('',#8765,1.);
#8765 = DIRECTION('',(1.,0.,0.));
#8766 = ORIENTED_EDGE('',*,*,#8767,.T.);
#8767 = EDGE_CURVE('',#8760,#8768,#8770,.T.);
#8768 = VERTEX_POINT('',#8769);
#8769 = CARTESIAN_POINT('',(146.,12.,27.495454169735));
#8770 = CIRCLE('',#8771,30.);
#8771 = AXIS2_PLACEMENT_3D('',#8772,#8773,#8774);
#8772 = CARTESIAN_POINT('',(146.,0.,0.));
#8773 = DIRECTION('',(1.,0.,0.));
#8774 = DIRECTION('',(-0.,0.,1.));
#8775 = ORIENTED_EDGE('',*,*,#8776,.T.);
#8776 = EDGE_CURVE('',#8768,#8690,#8777,.T.);
#8777 = LINE('',#8778,#8779);
#8778 = CARTESIAN_POINT('',(146.,12.,27.495454169735));
#8779 = VECTOR('',#8780,1.);
#8780 = DIRECTION('',(1.,0.,0.));
#8781 = CYLINDRICAL_SURFACE('',#8782,30.);
#8782 = AXIS2_PLACEMENT_3D('',#8783,#8784,#8785);
#8783 = CARTESIAN_POINT('',(146.,0.,0.));
#8784 = DIRECTION('',(1.,0.,0.));
#8785 = DIRECTION('',(-0.,0.,1.));
#8786 = ADVANCED_FACE('',(#8787,#8813,#8824),#8835,.T.);
#8787 = FACE_BOUND('',#8788,.T.);
#8788 = EDGE_LOOP('',(#8789,#8797,#8798,#8799,#8807));
#8789 = ORIENTED_EDGE('',*,*,#8790,.F.);
#8790 = EDGE_CURVE('',#8717,#8791,#8793,.T.);
#8791 = VERTEX_POINT('',#8792);
#8792 = CARTESIAN_POINT('',(152.,-12.,38.));
#8793 = LINE('',#8794,#8795);
#8794 = CARTESIAN_POINT('',(152.,-12.,26.));
#8795 = VECTOR('',#8796,1.);
#8796 = DIRECTION('',(0.,0.,1.));
#8797 = ORIENTED_EDGE('',*,*,#8716,.F.);
#8798 = ORIENTED_EDGE('',*,*,#8689,.F.);
#8799 = ORIENTED_EDGE('',*,*,#8800,.T.);
#8800 = EDGE_CURVE('',#8690,#8801,#8803,.T.);
#8801 = VERTEX_POINT('',#8802);
#8802 = CARTESIAN_POINT('',(152.,12.,38.));
#8803 = LINE('',#8804,#8805);
#8804 = CARTESIAN_POINT('',(152.,12.,26.));
#8805 = VECTOR('',#8806,1.);
#8806 = DIRECTION('',(0.,0.,1.));
#8807 = ORIENTED_EDGE('',*,*,#8808,.F.);
#8808 = EDGE_CURVE('',#8791,#8801,#8809,.T.);
#8809 = LINE('',#8810,#8811);
#8810 = CARTESIAN_POINT('',(152.,-12.,38.));
#8811 = VECTOR('',#8812,1.);
#8812 = DIRECTION('',(-0.,1.,0.));
#8813 = FACE_BOUND('',#8814,.T.);
#8814 = EDGE_LOOP('',(#8815));
#8815 = ORIENTED_EDGE('',*,*,#8816,.F.);
#8816 = EDGE_CURVE('',#8817,#8817,#8819,.T.);
#8817 = VERTEX_POINT('',#8818);
#8818 = CARTESIAN_POINT('',(152.,6.,34.7));
#8819 = CIRCLE('',#8820,1.7);
#8820 = AXIS2_PLACEMENT_3D('',#8821,#8822,#8823);
#8821 = CARTESIAN_POINT('',(152.,6.,33.));
#8822 = DIRECTION('',(1.,0.,0.));
#8823 = DIRECTION('',(-0.,0.,1.));
#8824 = FACE_BOUND('',#8825,.T.);
#8825 = EDGE_LOOP('',(#8826));
#8826 = ORIENTED_EDGE('',*,*,#8827,.F.);
#8827 = EDGE_CURVE('',#8828,#8828,#8830,.T.);
#8828 = VERTEX_POINT('',#8829);
#8829 = CARTESIAN_POINT('',(152.,-6.,34.7));
#8830 = CIRCLE('',#8831,1.7);
#8831 = AXIS2_PLACEMENT_3D('',#8832,#8833,#8834);
#8832 = CARTESIAN_POINT('',(152.,-6.,33.));
#8833 = DIRECTION('',(1.,0.,0.));
#8834 = DIRECTION('',(-0.,0.,1.));
#8835 = PLANE('',#8836);
#8836 = AXIS2_PLACEMENT_3D('',#8837,#8838,#8839);
#8837 = CARTESIAN_POINT('',(152.,-12.,26.));
#8838 = DIRECTION('',(1.,0.,-0.));
#8839 = DIRECTION('',(0.,0.,1.));
#8840 = ADVANCED_FACE('',(#8841),#8859,.T.);
#8841 = FACE_BOUND('',#8842,.T.);
#8842 = EDGE_LOOP('',(#8843,#8844,#8852,#8858));
#8843 = ORIENTED_EDGE('',*,*,#8776,.F.);
#8844 = ORIENTED_EDGE('',*,*,#8845,.T.);
#8845 = EDGE_CURVE('',#8768,#8846,#8848,.T.);
#8846 = VERTEX_POINT('',#8847);
#8847 = CARTESIAN_POINT('',(146.,12.,38.));
#8848 = LINE('',#8849,#8850);
#8849 = CARTESIAN_POINT('',(146.,12.,26.));
#8850 = VECTOR('',#8851,1.);
#8851 = DIRECTION('',(0.,0.,1.));
#8852 = ORIENTED_EDGE('',*,*,#8853,.T.);
#8853 = EDGE_CURVE('',#8846,#8801,#8854,.T.);
#8854 = LINE('',#8855,#8856);
#8855 = CARTESIAN_POINT('',(146.,12.,38.));
#8856 = VECTOR('',#8857,1.);
#8857 = DIRECTION('',(1.,0.,-0.));
#8858 = ORIENTED_EDGE('',*,*,#8800,.F.);
#8859 = PLANE('',#8860);
#8860 = AXIS2_PLACEMENT_3D('',#8861,#8862,#8863);
#8861 = CARTESIAN_POINT('',(146.,12.,26.));
#8862 = DIRECTION('',(-0.,1.,0.));
#8863 = DIRECTION('',(0.,0.,1.));
#8864 = ADVANCED_FACE('',(#8865),#8890,.T.);
#8865 = FACE_BOUND('',#8866,.T.);
#8866 = EDGE_LOOP('',(#8867,#8875,#8883,#8889));
#8867 = ORIENTED_EDGE('',*,*,#8868,.F.);
#8868 = EDGE_CURVE('',#8869,#8751,#8871,.T.);
#8869 = VERTEX_POINT('',#8870);
#8870 = CARTESIAN_POINT('',(152.,12.,-38.));
#8871 = LINE('',#8872,#8873);
#8872 = CARTESIAN_POINT('',(152.,12.,-38.));
#8873 = VECTOR('',#8874,1.);
#8874 = DIRECTION('',(0.,0.,1.));
#8875 = ORIENTED_EDGE('',*,*,#8876,.F.);
#8876 = EDGE_CURVE('',#8877,#8869,#8879,.T.);
#8877 = VERTEX_POINT('',#8878);
#8878 = CARTESIAN_POINT('',(146.,12.,-38.));
#8879 = LINE('',#8880,#8881);
#8880 = CARTESIAN_POINT('',(146.,12.,-38.));
#8881 = VECTOR('',#8882,1.);
#8882 = DIRECTION('',(1.,0.,-0.));
#8883 = ORIENTED_EDGE('',*,*,#8884,.T.);
#8884 = EDGE_CURVE('',#8877,#8760,#8885,.T.);
#8885 = LINE('',#8886,#8887);
#8886 = CARTESIAN_POINT('',(146.,12.,-38.));
#8887 = VECTOR('',#8888,1.);
#8888 = DIRECTION('',(0.,0.,1.));
#8889 = ORIENTED_EDGE('',*,*,#8759,.T.);
#8890 = PLANE('',#8891);
#8891 = AXIS2_PLACEMENT_3D('',#8892,#8893,#8894);
#8892 = CARTESIAN_POINT('',(146.,12.,-38.));
#8893 = DIRECTION('',(-0.,1.,0.));
#8894 = DIRECTION('',(0.,0.,1.));
#8895 = ADVANCED_FACE('',(#8896,#8914,#8925),#8936,.T.);
#8896 = FACE_BOUND('',#8897,.T.);
#8897 = EDGE_LOOP('',(#8898,#8906,#8912,#8913));
#8898 = ORIENTED_EDGE('',*,*,#8899,.F.);
#8899 = EDGE_CURVE('',#8900,#8743,#8902,.T.);
#8900 = VERTEX_POINT('',#8901);
#8901 = CARTESIAN_POINT('',(152.,-12.,-38.));
#8902 = LINE('',#8903,#8904);
#8903 = CARTESIAN_POINT('',(152.,-12.,-38.));
#8904 = VECTOR('',#8905,1.);
#8905 = DIRECTION('',(0.,0.,1.));
#8906 = ORIENTED_EDGE('',*,*,#8907,.T.);
#8907 = EDGE_CURVE('',#8900,#8869,#8908,.T.);
#8908 = LINE('',#8909,#8910);
#8909 = CARTESIAN_POINT('',(152.,-12.,-38.));
#8910 = VECTOR('',#8911,1.);
#8911 = DIRECTION('',(-0.,1.,0.));
#8912 = ORIENTED_EDGE('',*,*,#8868,.T.);
#8913 = ORIENTED_EDGE('',*,*,#8750,.F.);
#8914 = FACE_BOUND('',#8915,.T.);
#8915 = EDGE_LOOP('',(#8916));
#8916 = ORIENTED_EDGE('',*,*,#8917,.F.);
#8917 = EDGE_CURVE('',#8918,#8918,#8920,.T.);
#8918 = VERTEX_POINT('',#8919);
#8919 = CARTESIAN_POINT('',(152.,6.,-31.3));
#8920 = CIRCLE('',#8921,1.7);
#8921 = AXIS2_PLACEMENT_3D('',#8922,#8923,#8924);
#8922 = CARTESIAN_POINT('',(152.,6.,-33.));
#8923 = DIRECTION('',(1.,0.,0.));
#8924 = DIRECTION('',(-0.,0.,1.));
#8925 = FACE_BOUND('',#8926,.T.);
#8926 = EDGE_LOOP('',(#8927));
#8927 = ORIENTED_EDGE('',*,*,#8928,.F.);
#8928 = EDGE_CURVE('',#8929,#8929,#8931,.T.);
#8929 = VERTEX_POINT('',#8930);
#8930 = CARTESIAN_POINT('',(152.,-6.,-31.3));
#8931 = CIRCLE('',#8932,1.7);
#8932 = AXIS2_PLACEMENT_3D('',#8933,#8934,#8935);
#8933 = CARTESIAN_POINT('',(152.,-6.,-33.));
#8934 = DIRECTION('',(1.,0.,0.));
#8935 = DIRECTION('',(-0.,0.,1.));
#8936 = PLANE('',#8937);
#8937 = AXIS2_PLACEMENT_3D('',#8938,#8939,#8940);
#8938 = CARTESIAN_POINT('',(152.,-12.,-38.));
#8939 = DIRECTION('',(1.,0.,-0.));
#8940 = DIRECTION('',(0.,0.,1.));
#8941 = ADVANCED_FACE('',(#8942),#8960,.F.);
#8942 = FACE_BOUND('',#8943,.F.);
#8943 = EDGE_LOOP('',(#8944,#8945,#8953,#8959));
#8944 = ORIENTED_EDGE('',*,*,#8899,.F.);
#8945 = ORIENTED_EDGE('',*,*,#8946,.F.);
#8946 = EDGE_CURVE('',#8947,#8900,#8949,.T.);
#8947 = VERTEX_POINT('',#8948);
#8948 = CARTESIAN_POINT('',(146.,-12.,-38.));
#8949 = LINE('',#8950,#8951);
#8950 = CARTESIAN_POINT('',(146.,-12.,-38.));
#8951 = VECTOR('',#8952,1.);
#8952 = DIRECTION('',(1.,0.,-0.));
#8953 = ORIENTED_EDGE('',*,*,#8954,.T.);
#8954 = EDGE_CURVE('',#8947,#8734,#8955,.T.);
#8955 = LINE('',#8956,#8957);
#8956 = CARTESIAN_POINT('',(146.,-12.,-38.));
#8957 = VECTOR('',#8958,1.);
#8958 = DIRECTION('',(0.,0.,1.));
#8959 = ORIENTED_EDGE('',*,*,#8742,.T.);
#8960 = PLANE('',#8961);
#8961 = AXIS2_PLACEMENT_3D('',#8962,#8963,#8964);
#8962 = CARTESIAN_POINT('',(146.,-12.,-38.));
#8963 = DIRECTION('',(-0.,1.,0.));
#8964 = DIRECTION('',(0.,0.,1.));
#8965 = ADVANCED_FACE('',(#8966),#8984,.F.);
#8966 = FACE_BOUND('',#8967,.F.);
#8967 = EDGE_LOOP('',(#8968,#8969,#8977,#8983));
#8968 = ORIENTED_EDGE('',*,*,#8725,.F.);
#8969 = ORIENTED_EDGE('',*,*,#8970,.T.);
#8970 = EDGE_CURVE('',#8726,#8971,#8973,.T.);
#8971 = VERTEX_POINT('',#8972);
#8972 = CARTESIAN_POINT('',(146.,-12.,38.));
#8973 = LINE('',#8974,#8975);
#8974 = CARTESIAN_POINT('',(146.,-12.,26.));
#8975 = VECTOR('',#8976,1.);
#8976 = DIRECTION('',(0.,0.,1.));
#8977 = ORIENTED_EDGE('',*,*,#8978,.T.);
#8978 = EDGE_CURVE('',#8971,#8791,#8979,.T.);
#8979 = LINE('',#8980,#8981);
#8980 = CARTESIAN_POINT('',(146.,-12.,38.));
#8981 = VECTOR('',#8982,1.);
#8982 = DIRECTION('',(1.,0.,-0.));
#8983 = ORIENTED_EDGE('',*,*,#8790,.F.);
#8984 = PLANE('',#8985);
#8985 = AXIS2_PLACEMENT_3D('',#8986,#8987,#8988);
#8986 = CARTESIAN_POINT('',(146.,-12.,26.));
#8987 = DIRECTION('',(-0.,1.,0.));
#8988 = DIRECTION('',(0.,0.,1.));
#8989 = ADVANCED_FACE('',(#8990,#8993),#9004,.T.);
#8990 = FACE_BOUND('',#8991,.T.);
#8991 = EDGE_LOOP('',(#8992));
#8992 = ORIENTED_EDGE('',*,*,#8708,.T.);
#8993 = FACE_BOUND('',#8994,.T.);
#8994 = EDGE_LOOP('',(#8995));
#8995 = ORIENTED_EDGE('',*,*,#8996,.F.);
#8996 = EDGE_CURVE('',#8997,#8997,#8999,.T.);
#8997 = VERTEX_POINT('',#8998);
#8998 = CARTESIAN_POINT('',(160.,6.368163355566E-15,26.));
#8999 = CIRCLE('',#9000,26.);
#9000 = AXIS2_PLACEMENT_3D('',#9001,#9002,#9003);
#9001 = CARTESIAN_POINT('',(160.,0.,0.));
#9002 = DIRECTION('',(1.,0.,0.));
#9003 = DIRECTION('',(-0.,0.,1.));
#9004 = PLANE('',#9005);
#9005 = AXIS2_PLACEMENT_3D('',#9006,#9007,#9008);
#9006 = CARTESIAN_POINT('',(160.,0.,0.));
#9007 = DIRECTION('',(1.,0.,0.));
#9008 = DIRECTION('',(-0.,0.,1.));
#9009 = ADVANCED_FACE('',(#9010),#9021,.T.);
#9010 = FACE_BOUND('',#9011,.T.);
#9011 = EDGE_LOOP('',(#9012,#9018,#9019,#9020));
#9012 = ORIENTED_EDGE('',*,*,#9013,.F.);
#9013 = EDGE_CURVE('',#8971,#8846,#9014,.T.);
#9014 = LINE('',#9015,#9016);
#9015 = CARTESIAN_POINT('',(146.,-12.,38.));
#9016 = VECTOR('',#9017,1.);
#9017 = DIRECTION('',(-0.,1.,0.));
#9018 = ORIENTED_EDGE('',*,*,#8978,.T.);
#9019 = ORIENTED_EDGE('',*,*,#8808,.T.);
#9020 = ORIENTED_EDGE('',*,*,#8853,.F.);
#9021 = PLANE('',#9022);
#9022 = AXIS2_PLACEMENT_3D('',#9023,#9024,#9025);
#9023 = CARTESIAN_POINT('',(146.,-12.,38.));
#9024 = DIRECTION('',(0.,0.,1.));
#9025 = DIRECTION('',(1.,0.,-0.));
#9026 = ADVANCED_FACE('',(#9027),#9046,.F.);
#9027 = FACE_BOUND('',#9028,.F.);
#9028 = EDGE_LOOP('',(#9029,#9030,#9038,#9045));
#9029 = ORIENTED_EDGE('',*,*,#8816,.F.);
#9030 = ORIENTED_EDGE('',*,*,#9031,.F.);
#9031 = EDGE_CURVE('',#9032,#8817,#9034,.T.);
#9032 = VERTEX_POINT('',#9033);
#9033 = CARTESIAN_POINT('',(146.,6.,34.7));
#9034 = LINE('',#9035,#9036);
#9035 = CARTESIAN_POINT('',(145.,6.,34.7));
#9036 = VECTOR('',#9037,1.);
#9037 = DIRECTION('',(1.,0.,0.));
#9038 = ORIENTED_EDGE('',*,*,#9039,.T.);
#9039 = EDGE_CURVE('',#9032,#9032,#9040,.T.);
#9040 = CIRCLE('',#9041,1.7);
#9041 = AXIS2_PLACEMENT_3D('',#9042,#9043,#9044);
#9042 = CARTESIAN_POINT('',(146.,6.,33.));
#9043 = DIRECTION('',(1.,0.,0.));
#9044 = DIRECTION('',(-0.,0.,1.));
#9045 = ORIENTED_EDGE('',*,*,#9031,.T.);
#9046 = CYLINDRICAL_SURFACE('',#9047,1.7);
#9047 = AXIS2_PLACEMENT_3D('',#9048,#9049,#9050);
#9048 = CARTESIAN_POINT('',(145.,6.,33.));
#9049 = DIRECTION('',(1.,0.,0.));
#9050 = DIRECTION('',(-0.,0.,1.));
#9051 = ADVANCED_FACE('',(#9052),#9071,.F.);
#9052 = FACE_BOUND('',#9053,.F.);
#9053 = EDGE_LOOP('',(#9054,#9055,#9063,#9070));
#9054 = ORIENTED_EDGE('',*,*,#8827,.F.);
#9055 = ORIENTED_EDGE('',*,*,#9056,.F.);
#9056 = EDGE_CURVE('',#9057,#8828,#9059,.T.);
#9057 = VERTEX_POINT('',#9058);
#9058 = CARTESIAN_POINT('',(146.,-6.,34.7));
#9059 = LINE('',#9060,#9061);
#9060 = CARTESIAN_POINT('',(145.,-6.,34.7));
#9061 = VECTOR('',#9062,1.);
#9062 = DIRECTION('',(1.,0.,0.));
#9063 = ORIENTED_EDGE('',*,*,#9064,.T.);
#9064 = EDGE_CURVE('',#9057,#9057,#9065,.T.);
#9065 = CIRCLE('',#9066,1.7);
#9066 = AXIS2_PLACEMENT_3D('',#9067,#9068,#9069);
#9067 = CARTESIAN_POINT('',(146.,-6.,33.));
#9068 = DIRECTION('',(1.,0.,0.));
#9069 = DIRECTION('',(-0.,0.,1.));
#9070 = ORIENTED_EDGE('',*,*,#9056,.T.);
#9071 = CYLINDRICAL_SURFACE('',#9072,1.7);
#9072 = AXIS2_PLACEMENT_3D('',#9073,#9074,#9075);
#9073 = CARTESIAN_POINT('',(145.,-6.,33.));
#9074 = DIRECTION('',(1.,0.,0.));
#9075 = DIRECTION('',(-0.,0.,1.));
#9076 = ADVANCED_FACE('',(#9077),#9088,.F.);
#9077 = FACE_BOUND('',#9078,.F.);
#9078 = EDGE_LOOP('',(#9079,#9085,#9086,#9087));
#9079 = ORIENTED_EDGE('',*,*,#9080,.F.);
#9080 = EDGE_CURVE('',#8947,#8877,#9081,.T.);
#9081 = LINE('',#9082,#9083);
#9082 = CARTESIAN_POINT('',(146.,-12.,-38.));
#9083 = VECTOR('',#9084,1.);
#9084 = DIRECTION('',(-0.,1.,0.));
#9085 = ORIENTED_EDGE('',*,*,#8946,.T.);
#9086 = ORIENTED_EDGE('',*,*,#8907,.T.);
#9087 = ORIENTED_EDGE('',*,*,#8876,.F.);
#9088 = PLANE('',#9089);
#9089 = AXIS2_PLACEMENT_3D('',#9090,#9091,#9092);
#9090 = CARTESIAN_POINT('',(146.,-12.,-38.));
#9091 = DIRECTION('',(0.,0.,1.));
#9092 = DIRECTION('',(1.,0.,-0.));
#9093 = ADVANCED_FACE('',(#9094),#9113,.F.);
#9094 = FACE_BOUND('',#9095,.F.);
#9095 = EDGE_LOOP('',(#9096,#9097,#9105,#9112));
#9096 = ORIENTED_EDGE('',*,*,#8917,.F.);
#9097 = ORIENTED_EDGE('',*,*,#9098,.F.);
#9098 = EDGE_CURVE('',#9099,#8918,#9101,.T.);
#9099 = VERTEX_POINT('',#9100);
#9100 = CARTESIAN_POINT('',(146.,6.,-31.3));
#9101 = LINE('',#9102,#9103);
#9102 = CARTESIAN_POINT('',(145.,6.,-31.3));
#9103 = VECTOR('',#9104,1.);
#9104 = DIRECTION('',(1.,0.,0.));
#9105 = ORIENTED_EDGE('',*,*,#9106,.T.);
#9106 = EDGE_CURVE('',#9099,#9099,#9107,.T.);
#9107 = CIRCLE('',#9108,1.7);
#9108 = AXIS2_PLACEMENT_3D('',#9109,#9110,#9111);
#9109 = CARTESIAN_POINT('',(146.,6.,-33.));
#9110 = DIRECTION('',(1.,0.,0.));
#9111 = DIRECTION('',(-0.,0.,1.));
#9112 = ORIENTED_EDGE('',*,*,#9098,.T.);
#9113 = CYLINDRICAL_SURFACE('',#9114,1.7);
#9114 = AXIS2_PLACEMENT_3D('',#9115,#9116,#9117);
#9115 = CARTESIAN_POINT('',(145.,6.,-33.));
#9116 = DIRECTION('',(1.,0.,0.));
#9117 = DIRECTION('',(-0.,0.,1.));
#9118 = ADVANCED_FACE('',(#9119),#9138,.F.);
#9119 = FACE_BOUND('',#9120,.F.);
#9120 = EDGE_LOOP('',(#9121,#9122,#9130,#9137));
#9121 = ORIENTED_EDGE('',*,*,#8928,.F.);
#9122 = ORIENTED_EDGE('',*,*,#9123,.F.);
#9123 = EDGE_CURVE('',#9124,#8929,#9126,.T.);
#9124 = VERTEX_POINT('',#9125);
#9125 = CARTESIAN_POINT('',(146.,-6.,-31.3));
#9126 = LINE('',#9127,#9128);
#9127 = CARTESIAN_POINT('',(145.,-6.,-31.3));
#9128 = VECTOR('',#9129,1.);
#9129 = DIRECTION('',(1.,0.,0.));
#9130 = ORIENTED_EDGE('',*,*,#9131,.T.);
#9131 = EDGE_CURVE('',#9124,#9124,#9132,.T.);
#9132 = CIRCLE('',#9133,1.7);
#9133 = AXIS2_PLACEMENT_3D('',#9134,#9135,#9136);
#9134 = CARTESIAN_POINT('',(146.,-6.,-33.));
#9135 = DIRECTION('',(1.,0.,0.));
#9136 = DIRECTION('',(-0.,0.,1.));
#9137 = ORIENTED_EDGE('',*,*,#9123,.T.);
#9138 = CYLINDRICAL_SURFACE('',#9139,1.7);
#9139 = AXIS2_PLACEMENT_3D('',#9140,#9141,#9142);
#9140 = CARTESIAN_POINT('',(145.,-6.,-33.));
#9141 = DIRECTION('',(1.,0.,0.));
#9142 = DIRECTION('',(-0.,0.,1.));
#9143 = ADVANCED_FACE('',(#9144),#9163,.F.);
#9144 = FACE_BOUND('',#9145,.F.);
#9145 = EDGE_LOOP('',(#9146,#9147,#9155,#9162));
#9146 = ORIENTED_EDGE('',*,*,#8996,.F.);
#9147 = ORIENTED_EDGE('',*,*,#9148,.F.);
#9148 = EDGE_CURVE('',#9149,#8997,#9151,.T.);
#9149 = VERTEX_POINT('',#9150);
#9150 = CARTESIAN_POINT('',(153.,6.368163355566E-15,26.));
#9151 = LINE('',#9152,#9153);
#9152 = CARTESIAN_POINT('',(153.,6.368163355566E-15,26.));
#9153 = VECTOR('',#9154,1.);
#9154 = DIRECTION('',(1.,0.,0.));
#9155 = ORIENTED_EDGE('',*,*,#9156,.T.);
#9156 = EDGE_CURVE('',#9149,#9149,#9157,.T.);
#9157 = CIRCLE('',#9158,26.);
#9158 = AXIS2_PLACEMENT_3D('',#9159,#9160,#9161);
#9159 = CARTESIAN_POINT('',(153.,0.,0.));
#9160 = DIRECTION('',(1.,0.,0.));
#9161 = DIRECTION('',(-0.,0.,1.));
#9162 = ORIENTED_EDGE('',*,*,#9148,.T.);
#9163 = CYLINDRICAL_SURFACE('',#9164,26.);
#9164 = AXIS2_PLACEMENT_3D('',#9165,#9166,#9167);
#9165 = CARTESIAN_POINT('',(153.,0.,0.));
#9166 = DIRECTION('',(1.,0.,0.));
#9167 = DIRECTION('',(-0.,0.,1.));
#9168 = ADVANCED_FACE('',(#9169,#9172),#9183,.T.);
#9169 = FACE_BOUND('',#9170,.T.);
#9170 = EDGE_LOOP('',(#9171));
#9171 = ORIENTED_EDGE('',*,*,#9156,.T.);
#9172 = FACE_BOUND('',#9173,.T.);
#9173 = EDGE_LOOP('',(#9174));
#9174 = ORIENTED_EDGE('',*,*,#9175,.F.);
#9175 = EDGE_CURVE('',#9176,#9176,#9178,.T.);
#9176 = VERTEX_POINT('',#9177);
#9177 = CARTESIAN_POINT('',(153.,5.878304635907E-15,24.));
#9178 = CIRCLE('',#9179,24.);
#9179 = AXIS2_PLACEMENT_3D('',#9180,#9181,#9182);
#9180 = CARTESIAN_POINT('',(153.,0.,0.));
#9181 = DIRECTION('',(1.,0.,0.));
#9182 = DIRECTION('',(-0.,0.,1.));
#9183 = PLANE('',#9184);
#9184 = AXIS2_PLACEMENT_3D('',#9185,#9186,#9187);
#9185 = CARTESIAN_POINT('',(153.,0.,0.));
#9186 = DIRECTION('',(1.,0.,0.));
#9187 = DIRECTION('',(-0.,0.,1.));
#9188 = ADVANCED_FACE('',(#9189),#9208,.F.);
#9189 = FACE_BOUND('',#9190,.F.);
#9190 = EDGE_LOOP('',(#9191,#9200,#9206,#9207));
#9191 = ORIENTED_EDGE('',*,*,#9192,.T.);
#9192 = EDGE_CURVE('',#9193,#9193,#9195,.T.);
#9193 = VERTEX_POINT('',#9194);
#9194 = CARTESIAN_POINT('',(146.,5.878304635907E-15,24.));
#9195 = CIRCLE('',#9196,24.);
#9196 = AXIS2_PLACEMENT_3D('',#9197,#9198,#9199);
#9197 = CARTESIAN_POINT('',(146.,0.,0.));
#9198 = DIRECTION('',(1.,0.,0.));
#9199 = DIRECTION('',(-0.,0.,1.));
#9200 = ORIENTED_EDGE('',*,*,#9201,.T.);
#9201 = EDGE_CURVE('',#9193,#9176,#9202,.T.);
#9202 = LINE('',#9203,#9204);
#9203 = CARTESIAN_POINT('',(145.,5.878304635907E-15,24.));
#9204 = VECTOR('',#9205,1.);
#9205 = DIRECTION('',(1.,0.,0.));
#9206 = ORIENTED_EDGE('',*,*,#9175,.F.);
#9207 = ORIENTED_EDGE('',*,*,#9201,.F.);
#9208 = CYLINDRICAL_SURFACE('',#9209,24.);
#9209 = AXIS2_PLACEMENT_3D('',#9210,#9211,#9212);
#9210 = CARTESIAN_POINT('',(145.,0.,0.));
#9211 = DIRECTION('',(1.,0.,0.));
#9212 = DIRECTION('',(-0.,0.,1.));
#9213 = ADVANCED_FACE('',(#9214,#9224,#9227,#9230,#9233,#9236),#9239,.T.
  );
#9214 = FACE_BOUND('',#9215,.T.);
#9215 = EDGE_LOOP('',(#9216,#9217,#9218,#9219,#9220,#9221,#9222,#9223));
#9216 = ORIENTED_EDGE('',*,*,#8733,.F.);
#9217 = ORIENTED_EDGE('',*,*,#8970,.T.);
#9218 = ORIENTED_EDGE('',*,*,#9013,.T.);
#9219 = ORIENTED_EDGE('',*,*,#8845,.F.);
#9220 = ORIENTED_EDGE('',*,*,#8767,.F.);
#9221 = ORIENTED_EDGE('',*,*,#8884,.F.);
#9222 = ORIENTED_EDGE('',*,*,#9080,.F.);
#9223 = ORIENTED_EDGE('',*,*,#8954,.T.);
#9224 = FACE_BOUND('',#9225,.T.);
#9225 = EDGE_LOOP('',(#9226));
#9226 = ORIENTED_EDGE('',*,*,#9192,.T.);
#9227 = FACE_BOUND('',#9228,.T.);
#9228 = EDGE_LOOP('',(#9229));
#9229 = ORIENTED_EDGE('',*,*,#9039,.T.);
#9230 = FACE_BOUND('',#9231,.T.);
#9231 = EDGE_LOOP('',(#9232));
#9232 = ORIENTED_EDGE('',*,*,#9064,.T.);
#9233 = FACE_BOUND('',#9234,.T.);
#9234 = EDGE_LOOP('',(#9235));
#9235 = ORIENTED_EDGE('',*,*,#9106,.T.);
#9236 = FACE_BOUND('',#9237,.T.);
#9237 = EDGE_LOOP('',(#9238));
#9238 = ORIENTED_EDGE('',*,*,#9131,.T.);
#9239 = PLANE('',#9240);
#9240 = AXIS2_PLACEMENT_3D('',#9241,#9242,#9243);
#9241 = CARTESIAN_POINT('',(146.,-6.296478449966E-16,-2.014873103989E-15
    ));
#9242 = DIRECTION('',(-1.,-0.,-0.));
#9243 = DIRECTION('',(0.,0.,-1.));
#9244 = MANIFOLD_SOLID_BREP('',#9245);
#9245 = CLOSED_SHELL('',(#9246,#9279,#9299,#9319));
#9246 = ADVANCED_FACE('',(#9247),#9274,.T.);
#9247 = FACE_BOUND('',#9248,.T.);
#9248 = EDGE_LOOP('',(#9249,#9258,#9266,#9273));
#9249 = ORIENTED_EDGE('',*,*,#9250,.F.);
#9250 = EDGE_CURVE('',#9251,#9251,#9253,.T.);
#9251 = VERTEX_POINT('',#9252);
#9252 = CARTESIAN_POINT('',(160.,6.368163355566E-15,26.));
#9253 = CIRCLE('',#9254,26.);
#9254 = AXIS2_PLACEMENT_3D('',#9255,#9256,#9257);
#9255 = CARTESIAN_POINT('',(160.,0.,0.));
#9256 = DIRECTION('',(1.,0.,0.));
#9257 = DIRECTION('',(-0.,0.,1.));
#9258 = ORIENTED_EDGE('',*,*,#9259,.F.);
#9259 = EDGE_CURVE('',#9260,#9251,#9262,.T.);
#9260 = VERTEX_POINT('',#9261);
#9261 = CARTESIAN_POINT('',(153.,6.368163355566E-15,26.));
#9262 = LINE('',#9263,#9264);
#9263 = CARTESIAN_POINT('',(153.,6.368163355566E-15,26.));
#9264 = VECTOR('',#9265,1.);
#9265 = DIRECTION('',(1.,0.,0.));
#9266 = ORIENTED_EDGE('',*,*,#9267,.T.);
#9267 = EDGE_CURVE('',#9260,#9260,#9268,.T.);
#9268 = CIRCLE('',#9269,26.);
#9269 = AXIS2_PLACEMENT_3D('',#9270,#9271,#9272);
#9270 = CARTESIAN_POINT('',(153.,0.,0.));
#9271 = DIRECTION('',(1.,0.,0.));
#9272 = DIRECTION('',(-0.,0.,1.));
#9273 = ORIENTED_EDGE('',*,*,#9259,.T.);
#9274 = CYLINDRICAL_SURFACE('',#9275,26.);
#9275 = AXIS2_PLACEMENT_3D('',#9276,#9277,#9278);
#9276 = CARTESIAN_POINT('',(153.,0.,0.));
#9277 = DIRECTION('',(1.,0.,0.));
#9278 = DIRECTION('',(-0.,0.,1.));
#9279 = ADVANCED_FACE('',(#9280,#9283),#9294,.T.);
#9280 = FACE_BOUND('',#9281,.T.);
#9281 = EDGE_LOOP('',(#9282));
#9282 = ORIENTED_EDGE('',*,*,#9250,.T.);
#9283 = FACE_BOUND('',#9284,.T.);
#9284 = EDGE_LOOP('',(#9285));
#9285 = ORIENTED_EDGE('',*,*,#9286,.F.);
#9286 = EDGE_CURVE('',#9287,#9287,#9289,.T.);
#9287 = VERTEX_POINT('',#9288);
#9288 = CARTESIAN_POINT('',(160.,5.976276379839E-15,24.4));
#9289 = CIRCLE('',#9290,24.4);
#9290 = AXIS2_PLACEMENT_3D('',#9291,#9292,#9293);
#9291 = CARTESIAN_POINT('',(160.,0.,0.));
#9292 = DIRECTION('',(1.,0.,0.));
#9293 = DIRECTION('',(-0.,0.,1.));
#9294 = PLANE('',#9295);
#9295 = AXIS2_PLACEMENT_3D('',#9296,#9297,#9298);
#9296 = CARTESIAN_POINT('',(160.,0.,0.));
#9297 = DIRECTION('',(1.,0.,0.));
#9298 = DIRECTION('',(-0.,0.,1.));
#9299 = ADVANCED_FACE('',(#9300,#9303),#9314,.F.);
#9300 = FACE_BOUND('',#9301,.F.);
#9301 = EDGE_LOOP('',(#9302));
#9302 = ORIENTED_EDGE('',*,*,#9267,.T.);
#9303 = FACE_BOUND('',#9304,.F.);
#9304 = EDGE_LOOP('',(#9305));
#9305 = ORIENTED_EDGE('',*,*,#9306,.F.);
#9306 = EDGE_CURVE('',#9307,#9307,#9309,.T.);
#9307 = VERTEX_POINT('',#9308);
#9308 = CARTESIAN_POINT('',(153.,5.976276379839E-15,24.4));
#9309 = CIRCLE('',#9310,24.4);
#9310 = AXIS2_PLACEMENT_3D('',#9311,#9312,#9313);
#9311 = CARTESIAN_POINT('',(153.,0.,0.));
#9312 = DIRECTION('',(1.,0.,0.));
#9313 = DIRECTION('',(-0.,0.,1.));
#9314 = PLANE('',#9315);
#9315 = AXIS2_PLACEMENT_3D('',#9316,#9317,#9318);
#9316 = CARTESIAN_POINT('',(153.,0.,0.));
#9317 = DIRECTION('',(1.,0.,0.));
#9318 = DIRECTION('',(-0.,0.,1.));
#9319 = ADVANCED_FACE('',(#9320),#9331,.F.);
#9320 = FACE_BOUND('',#9321,.F.);
#9321 = EDGE_LOOP('',(#9322,#9323,#9329,#9330));
#9322 = ORIENTED_EDGE('',*,*,#9286,.F.);
#9323 = ORIENTED_EDGE('',*,*,#9324,.F.);
#9324 = EDGE_CURVE('',#9307,#9287,#9325,.T.);
#9325 = LINE('',#9326,#9327);
#9326 = CARTESIAN_POINT('',(152.,5.976276379839E-15,24.4));
#9327 = VECTOR('',#9328,1.);
#9328 = DIRECTION('',(1.,0.,0.));
#9329 = ORIENTED_EDGE('',*,*,#9306,.T.);
#9330 = ORIENTED_EDGE('',*,*,#9324,.T.);
#9331 = CYLINDRICAL_SURFACE('',#9332,24.4);
#9332 = AXIS2_PLACEMENT_3D('',#9333,#9334,#9335);
#9333 = CARTESIAN_POINT('',(152.,0.,0.));
#9334 = DIRECTION('',(1.,0.,0.));
#9335 = DIRECTION('',(-0.,0.,1.));
#9336 = MANIFOLD_SOLID_BREP('',#9337);
#9337 = CLOSED_SHELL('',(#9338,#9371,#9391,#9450,#9475,#9506,#9530,#9554
    ,#9578,#9602,#9619,#9628));
#9338 = ADVANCED_FACE('',(#9339),#9366,.T.);
#9339 = FACE_BOUND('',#9340,.T.);
#9340 = EDGE_LOOP('',(#9341,#9350,#9358,#9365));
#9341 = ORIENTED_EDGE('',*,*,#9342,.F.);
#9342 = EDGE_CURVE('',#9343,#9343,#9345,.T.);
#9343 = VERTEX_POINT('',#9344);
#9344 = CARTESIAN_POINT('',(152.,-6.,-35.75));
#9345 = CIRCLE('',#9346,2.75);
#9346 = AXIS2_PLACEMENT_3D('',#9347,#9348,#9349);
#9347 = CARTESIAN_POINT('',(152.,-6.,-33.));
#9348 = DIRECTION('',(-1.,0.,0.));
#9349 = DIRECTION('',(0.,0.,-1.));
#9350 = ORIENTED_EDGE('',*,*,#9351,.F.);
#9351 = EDGE_CURVE('',#9352,#9343,#9354,.T.);
#9352 = VERTEX_POINT('',#9353);
#9353 = CARTESIAN_POINT('',(155.,-6.,-35.75));
#9354 = LINE('',#9355,#9356);
#9355 = CARTESIAN_POINT('',(155.,-6.,-35.75));
#9356 = VECTOR('',#9357,1.);
#9357 = DIRECTION('',(-1.,0.,0.));
#9358 = ORIENTED_EDGE('',*,*,#9359,.T.);
#9359 = EDGE_CURVE('',#9352,#9352,#9360,.T.);
#9360 = CIRCLE('',#9361,2.75);
#9361 = AXIS2_PLACEMENT_3D('',#9362,#9363,#9364);
#9362 = CARTESIAN_POINT('',(155.,-6.,-33.));
#9363 = DIRECTION('',(-1.,0.,0.));
#9364 = DIRECTION('',(0.,0.,-1.));
#9365 = ORIENTED_EDGE('',*,*,#9351,.T.);
#9366 = CYLINDRICAL_SURFACE('',#9367,2.75);
#9367 = AXIS2_PLACEMENT_3D('',#9368,#9369,#9370);
#9368 = CARTESIAN_POINT('',(155.,-6.,-33.));
#9369 = DIRECTION('',(-1.,0.,0.));
#9370 = DIRECTION('',(0.,0.,-1.));
#9371 = ADVANCED_FACE('',(#9372,#9375),#9386,.T.);
#9372 = FACE_BOUND('',#9373,.T.);
#9373 = EDGE_LOOP('',(#9374));
#9374 = ORIENTED_EDGE('',*,*,#9342,.T.);
#9375 = FACE_BOUND('',#9376,.T.);
#9376 = EDGE_LOOP('',(#9377));
#9377 = ORIENTED_EDGE('',*,*,#9378,.F.);
#9378 = EDGE_CURVE('',#9379,#9379,#9381,.T.);
#9379 = VERTEX_POINT('',#9380);
#9380 = CARTESIAN_POINT('',(152.,-6.,-34.5));
#9381 = CIRCLE('',#9382,1.5);
#9382 = AXIS2_PLACEMENT_3D('',#9383,#9384,#9385);
#9383 = CARTESIAN_POINT('',(152.,-6.,-33.));
#9384 = DIRECTION('',(-1.,0.,0.));
#9385 = DIRECTION('',(0.,0.,-1.));
#9386 = PLANE('',#9387);
#9387 = AXIS2_PLACEMENT_3D('',#9388,#9389,#9390);
#9388 = CARTESIAN_POINT('',(152.,-6.,-33.));
#9389 = DIRECTION('',(-1.,0.,0.));
#9390 = DIRECTION('',(0.,0.,-1.));
#9391 = ADVANCED_FACE('',(#9392,#9395),#9445,.F.);
#9392 = FACE_BOUND('',#9393,.F.);
#9393 = EDGE_LOOP('',(#9394));
#9394 = ORIENTED_EDGE('',*,*,#9359,.T.);
#9395 = FACE_BOUND('',#9396,.F.);
#9396 = EDGE_LOOP('',(#9397,#9407,#9415,#9423,#9431,#9439));
#9397 = ORIENTED_EDGE('',*,*,#9398,.T.);
#9398 = EDGE_CURVE('',#9399,#9401,#9403,.T.);
#9399 = VERTEX_POINT('',#9400);
#9400 = CARTESIAN_POINT('',(155.,-7.25,-33.72168783648));
#9401 = VERTEX_POINT('',#9402);
#9402 = CARTESIAN_POINT('',(155.,-6.,-34.44337567297));
#9403 = LINE('',#9404,#9405);
#9404 = CARTESIAN_POINT('',(155.,-6.3125,-34.26295371385));
#9405 = VECTOR('',#9406,1.);
#9406 = DIRECTION('',(0.,0.866025403784,-0.5));
#9407 = ORIENTED_EDGE('',*,*,#9408,.T.);
#9408 = EDGE_CURVE('',#9401,#9409,#9411,.T.);
#9409 = VERTEX_POINT('',#9410);
#9410 = CARTESIAN_POINT('',(155.,-4.75,-33.72168783648));
#9411 = LINE('',#9412,#9413);
#9412 = CARTESIAN_POINT('',(155.,-5.0625,-33.9021097956));
#9413 = VECTOR('',#9414,1.);
#9414 = DIRECTION('',(0.,0.866025403784,0.5));
#9415 = ORIENTED_EDGE('',*,*,#9416,.T.);
#9416 = EDGE_CURVE('',#9409,#9417,#9419,.T.);
#9417 = VERTEX_POINT('',#9418);
#9418 = CARTESIAN_POINT('',(155.,-4.75,-32.27831216351));
#9419 = LINE('',#9420,#9421);
#9420 = CARTESIAN_POINT('',(155.,-4.75,-32.63915608175));
#9421 = VECTOR('',#9422,1.);
#9422 = DIRECTION('',(0.,-0.,1.));
#9423 = ORIENTED_EDGE('',*,*,#9424,.T.);
#9424 = EDGE_CURVE('',#9417,#9425,#9427,.T.);
#9425 = VERTEX_POINT('',#9426);
#9426 = CARTESIAN_POINT('',(155.,-6.,-31.55662432702));
#9427 = LINE('',#9428,#9429);
#9428 = CARTESIAN_POINT('',(155.,-5.6875,-31.73704628614));
#9429 = VECTOR('',#9430,1.);
#9430 = DIRECTION('',(0.,-0.866025403784,0.5));
#9431 = ORIENTED_EDGE('',*,*,#9432,.T.);
#9432 = EDGE_CURVE('',#9425,#9433,#9435,.T.);
#9433 = VERTEX_POINT('',#9434);
#9434 = CARTESIAN_POINT('',(155.,-7.25,-32.27831216351));
#9435 = LINE('',#9436,#9437);
#9436 = CARTESIAN_POINT('',(155.,-6.9375,-32.09789020439));
#9437 = VECTOR('',#9438,1.);
#9438 = DIRECTION('',(-0.,-0.866025403784,-0.5));
#9439 = ORIENTED_EDGE('',*,*,#9440,.T.);
#9440 = EDGE_CURVE('',#9433,#9399,#9441,.T.);
#9441 = LINE('',#9442,#9443);
#9442 = CARTESIAN_POINT('',(155.,-7.25,-33.36084391824));
#9443 = VECTOR('',#9444,1.);
#9444 = DIRECTION('',(-0.,0.,-1.));
#9445 = PLANE('',#9446);
#9446 = AXIS2_PLACEMENT_3D('',#9447,#9448,#9449);
#9447 = CARTESIAN_POINT('',(155.,-6.,-33.));
#9448 = DIRECTION('',(-1.,0.,0.));
#9449 = DIRECTION('',(0.,0.,-1.));
#9450 = ADVANCED_FACE('',(#9451),#9470,.T.);
#9451 = FACE_BOUND('',#9452,.T.);
#9452 = EDGE_LOOP('',(#9453,#9462,#9468,#9469));
#9453 = ORIENTED_EDGE('',*,*,#9454,.F.);
#9454 = EDGE_CURVE('',#9455,#9455,#9457,.T.);
#9455 = VERTEX_POINT('',#9456);
#9456 = CARTESIAN_POINT('',(140.,-6.,-34.5));
#9457 = CIRCLE('',#9458,1.5);
#9458 = AXIS2_PLACEMENT_3D('',#9459,#9460,#9461);
#9459 = CARTESIAN_POINT('',(140.,-6.,-33.));
#9460 = DIRECTION('',(-1.,0.,0.));
#9461 = DIRECTION('',(0.,0.,-1.));
#9462 = ORIENTED_EDGE('',*,*,#9463,.F.);
#9463 = EDGE_CURVE('',#9379,#9455,#9464,.T.);
#9464 = LINE('',#9465,#9466);
#9465 = CARTESIAN_POINT('',(152.,-6.,-34.5));
#9466 = VECTOR('',#9467,1.);
#9467 = DIRECTION('',(-1.,0.,0.));
#9468 = ORIENTED_EDGE('',*,*,#9378,.T.);
#9469 = ORIENTED_EDGE('',*,*,#9463,.T.);
#9470 = CYLINDRICAL_SURFACE('',#9471,1.5);
#9471 = AXIS2_PLACEMENT_3D('',#9472,#9473,#9474);
#9472 = CARTESIAN_POINT('',(152.,-6.,-33.));
#9473 = DIRECTION('',(-1.,0.,0.));
#9474 = DIRECTION('',(0.,0.,-1.));
#9475 = ADVANCED_FACE('',(#9476),#9501,.T.);
#9476 = FACE_BOUND('',#9477,.T.);
#9477 = EDGE_LOOP('',(#9478,#9479,#9487,#9495));
#9478 = ORIENTED_EDGE('',*,*,#9398,.T.);
#9479 = ORIENTED_EDGE('',*,*,#9480,.T.);
#9480 = EDGE_CURVE('',#9401,#9481,#9483,.T.);
#9481 = VERTEX_POINT('',#9482);
#9482 = CARTESIAN_POINT('',(153.2,-6.,-34.44337567297));
#9483 = LINE('',#9484,#9485);
#9484 = CARTESIAN_POINT('',(155.1,-6.,-34.44337567297));
#9485 = VECTOR('',#9486,1.);
#9486 = DIRECTION('',(-1.,0.,0.));
#9487 = ORIENTED_EDGE('',*,*,#9488,.T.);
#9488 = EDGE_CURVE('',#9481,#9489,#9491,.T.);
#9489 = VERTEX_POINT('',#9490);
#9490 = CARTESIAN_POINT('',(153.2,-7.25,-33.72168783648));
#9491 = LINE('',#9492,#9493);
#9492 = CARTESIAN_POINT('',(153.2,-6.,-34.44337567297));
#9493 = VECTOR('',#9494,1.);
#9494 = DIRECTION('',(0.,-0.866025403784,0.5));
#9495 = ORIENTED_EDGE('',*,*,#9496,.F.);
#9496 = EDGE_CURVE('',#9399,#9489,#9497,.T.);
#9497 = LINE('',#9498,#9499);
#9498 = CARTESIAN_POINT('',(155.1,-7.25,-33.72168783648));
#9499 = VECTOR('',#9500,1.);
#9500 = DIRECTION('',(-1.,0.,0.));
#9501 = PLANE('',#9502);
#9502 = AXIS2_PLACEMENT_3D('',#9503,#9504,#9505);
#9503 = CARTESIAN_POINT('',(155.1,-6.,-34.44337567297));
#9504 = DIRECTION('',(0.,0.5,0.866025403784));
#9505 = DIRECTION('',(0.,-0.866025403784,0.5));
#9506 = ADVANCED_FACE('',(#9507),#9525,.T.);
#9507 = FACE_BOUND('',#9508,.T.);
#9508 = EDGE_LOOP('',(#9509,#9510,#9511,#9519));
#9509 = ORIENTED_EDGE('',*,*,#9440,.T.);
#9510 = ORIENTED_EDGE('',*,*,#9496,.T.);
#9511 = ORIENTED_EDGE('',*,*,#9512,.T.);
#9512 = EDGE_CURVE('',#9489,#9513,#9515,.T.);
#9513 = VERTEX_POINT('',#9514);
#9514 = CARTESIAN_POINT('',(153.2,-7.25,-32.27831216351));
#9515 = LINE('',#9516,#9517);
#9516 = CARTESIAN_POINT('',(153.2,-7.25,-33.72168783648));
#9517 = VECTOR('',#9518,1.);
#9518 = DIRECTION('',(0.,0.,1.));
#9519 = ORIENTED_EDGE('',*,*,#9520,.F.);
#9520 = EDGE_CURVE('',#9433,#9513,#9521,.T.);
#9521 = LINE('',#9522,#9523);
#9522 = CARTESIAN_POINT('',(155.1,-7.25,-32.27831216351));
#9523 = VECTOR('',#9524,1.);
#9524 = DIRECTION('',(-1.,0.,0.));
#9525 = PLANE('',#9526);
#9526 = AXIS2_PLACEMENT_3D('',#9527,#9528,#9529);
#9527 = CARTESIAN_POINT('',(155.1,-7.25,-33.72168783648));
#9528 = DIRECTION('',(0.,1.,-0.));
#9529 = DIRECTION('',(0.,0.,1.));
#9530 = ADVANCED_FACE('',(#9531),#9549,.T.);
#9531 = FACE_BOUND('',#9532,.T.);
#9532 = EDGE_LOOP('',(#9533,#9534,#9535,#9543));
#9533 = ORIENTED_EDGE('',*,*,#9432,.T.);
#9534 = ORIENTED_EDGE('',*,*,#9520,.T.);
#9535 = ORIENTED_EDGE('',*,*,#9536,.T.);
#9536 = EDGE_CURVE('',#9513,#9537,#9539,.T.);
#9537 = VERTEX_POINT('',#9538);
#9538 = CARTESIAN_POINT('',(153.2,-6.,-31.55662432702));
#9539 = LINE('',#9540,#9541);
#9540 = CARTESIAN_POINT('',(153.2,-7.25,-32.27831216351));
#9541 = VECTOR('',#9542,1.);
#9542 = DIRECTION('',(0.,0.866025403784,0.5));
#9543 = ORIENTED_EDGE('',*,*,#9544,.F.);
#9544 = EDGE_CURVE('',#9425,#9537,#9545,.T.);
#9545 = LINE('',#9546,#9547);
#9546 = CARTESIAN_POINT('',(155.1,-6.,-31.55662432702));
#9547 = VECTOR('',#9548,1.);
#9548 = DIRECTION('',(-1.,0.,0.));
#9549 = PLANE('',#9550);
#9550 = AXIS2_PLACEMENT_3D('',#9551,#9552,#9553);
#9551 = CARTESIAN_POINT('',(155.1,-7.25,-32.27831216351));
#9552 = DIRECTION('',(0.,0.5,-0.866025403784));
#9553 = DIRECTION('',(0.,0.866025403784,0.5));
#9554 = ADVANCED_FACE('',(#9555),#9573,.T.);
#9555 = FACE_BOUND('',#9556,.T.);
#9556 = EDGE_LOOP('',(#9557,#9558,#9559,#9567));
#9557 = ORIENTED_EDGE('',*,*,#9424,.T.);
#9558 = ORIENTED_EDGE('',*,*,#9544,.T.);
#9559 = ORIENTED_EDGE('',*,*,#9560,.T.);
#9560 = EDGE_CURVE('',#9537,#9561,#9563,.T.);
#9561 = VERTEX_POINT('',#9562);
#9562 = CARTESIAN_POINT('',(153.2,-4.75,-32.27831216351));
#9563 = LINE('',#9564,#9565);
#9564 = CARTESIAN_POINT('',(153.2,-6.,-31.55662432702));
#9565 = VECTOR('',#9566,1.);
#9566 = DIRECTION('',(0.,0.866025403784,-0.5));
#9567 = ORIENTED_EDGE('',*,*,#9568,.F.);
#9568 = EDGE_CURVE('',#9417,#9561,#9569,.T.);
#9569 = LINE('',#9570,#9571);
#9570 = CARTESIAN_POINT('',(155.1,-4.75,-32.27831216351));
#9571 = VECTOR('',#9572,1.);
#9572 = DIRECTION('',(-1.,0.,0.));
#9573 = PLANE('',#9574);
#9574 = AXIS2_PLACEMENT_3D('',#9575,#9576,#9577);
#9575 = CARTESIAN_POINT('',(155.1,-6.,-31.55662432702));
#9576 = DIRECTION('',(-0.,-0.5,-0.866025403784));
#9577 = DIRECTION('',(0.,0.866025403784,-0.5));
#9578 = ADVANCED_FACE('',(#9579),#9597,.T.);
#9579 = FACE_BOUND('',#9580,.T.);
#9580 = EDGE_LOOP('',(#9581,#9582,#9583,#9591));
#9581 = ORIENTED_EDGE('',*,*,#9416,.T.);
#9582 = ORIENTED_EDGE('',*,*,#9568,.T.);
#9583 = ORIENTED_EDGE('',*,*,#9584,.T.);
#9584 = EDGE_CURVE('',#9561,#9585,#9587,.T.);
#9585 = VERTEX_POINT('',#9586);
#9586 = CARTESIAN_POINT('',(153.2,-4.75,-33.72168783648));
#9587 = LINE('',#9588,#9589);
#9588 = CARTESIAN_POINT('',(153.2,-4.75,-32.27831216351));
#9589 = VECTOR('',#9590,1.);
#9590 = DIRECTION('',(0.,0.,-1.));
#9591 = ORIENTED_EDGE('',*,*,#9592,.F.);
#9592 = EDGE_CURVE('',#9409,#9585,#9593,.T.);
#9593 = LINE('',#9594,#9595);
#9594 = CARTESIAN_POINT('',(155.1,-4.75,-33.72168783648));
#9595 = VECTOR('',#9596,1.);
#9596 = DIRECTION('',(-1.,0.,0.));
#9597 = PLANE('',#9598);
#9598 = AXIS2_PLACEMENT_3D('',#9599,#9600,#9601);
#9599 = CARTESIAN_POINT('',(155.1,-4.75,-32.27831216351));
#9600 = DIRECTION('',(-0.,-1.,-0.));
#9601 = DIRECTION('',(0.,0.,-1.));
#9602 = ADVANCED_FACE('',(#9603),#9614,.T.);
#9603 = FACE_BOUND('',#9604,.T.);
#9604 = EDGE_LOOP('',(#9605,#9606,#9607,#9613));
#9605 = ORIENTED_EDGE('',*,*,#9408,.T.);
#9606 = ORIENTED_EDGE('',*,*,#9592,.T.);
#9607 = ORIENTED_EDGE('',*,*,#9608,.T.);
#9608 = EDGE_CURVE('',#9585,#9481,#9609,.T.);
#9609 = LINE('',#9610,#9611);
#9610 = CARTESIAN_POINT('',(153.2,-4.75,-33.72168783648));
#9611 = VECTOR('',#9612,1.);
#9612 = DIRECTION('',(0.,-0.866025403784,-0.5));
#9613 = ORIENTED_EDGE('',*,*,#9480,.F.);
#9614 = PLANE('',#9615);
#9615 = AXIS2_PLACEMENT_3D('',#9616,#9617,#9618);
#9616 = CARTESIAN_POINT('',(155.1,-4.75,-33.72168783648));
#9617 = DIRECTION('',(0.,-0.5,0.866025403784));
#9618 = DIRECTION('',(0.,-0.866025403784,-0.5));
#9619 = ADVANCED_FACE('',(#9620),#9623,.T.);
#9620 = FACE_BOUND('',#9621,.T.);
#9621 = EDGE_LOOP('',(#9622));
#9622 = ORIENTED_EDGE('',*,*,#9454,.T.);
#9623 = PLANE('',#9624);
#9624 = AXIS2_PLACEMENT_3D('',#9625,#9626,#9627);
#9625 = CARTESIAN_POINT('',(140.,-6.,-33.));
#9626 = DIRECTION('',(-1.,0.,0.));
#9627 = DIRECTION('',(0.,0.,-1.));
#9628 = ADVANCED_FACE('',(#9629),#9637,.F.);
#9629 = FACE_BOUND('',#9630,.F.);
#9630 = EDGE_LOOP('',(#9631,#9632,#9633,#9634,#9635,#9636));
#9631 = ORIENTED_EDGE('',*,*,#9608,.T.);
#9632 = ORIENTED_EDGE('',*,*,#9488,.T.);
#9633 = ORIENTED_EDGE('',*,*,#9512,.T.);
#9634 = ORIENTED_EDGE('',*,*,#9536,.T.);
#9635 = ORIENTED_EDGE('',*,*,#9560,.T.);
#9636 = ORIENTED_EDGE('',*,*,#9584,.T.);
#9637 = PLANE('',#9638);
#9638 = AXIS2_PLACEMENT_3D('',#9639,#9640,#9641);
#9639 = CARTESIAN_POINT('',(153.2,-6.,-33.));
#9640 = DIRECTION('',(-1.,-0.,-0.));
#9641 = DIRECTION('',(0.,0.,-1.));
#9642 = MANIFOLD_SOLID_BREP('',#9643);
#9643 = CLOSED_SHELL('',(#9644,#9677,#9697,#9717));
#9644 = ADVANCED_FACE('',(#9645),#9672,.T.);
#9645 = FACE_BOUND('',#9646,.T.);
#9646 = EDGE_LOOP('',(#9647,#9656,#9664,#9671));
#9647 = ORIENTED_EDGE('',*,*,#9648,.F.);
#9648 = EDGE_CURVE('',#9649,#9649,#9651,.T.);
#9649 = VERTEX_POINT('',#9650);
#9650 = CARTESIAN_POINT('',(140.3,-6.,-35.3));
#9651 = CIRCLE('',#9652,2.3);
#9652 = AXIS2_PLACEMENT_3D('',#9653,#9654,#9655);
#9653 = CARTESIAN_POINT('',(140.3,-6.,-33.));
#9654 = DIRECTION('',(-1.,0.,0.));
#9655 = DIRECTION('',(0.,0.,-1.));
#9656 = ORIENTED_EDGE('',*,*,#9657,.F.);
#9657 = EDGE_CURVE('',#9658,#9649,#9660,.T.);
#9658 = VERTEX_POINT('',#9659);
#9659 = CARTESIAN_POINT('',(146.,-6.,-35.3));
#9660 = LINE('',#9661,#9662);
#9661 = CARTESIAN_POINT('',(146.,-6.,-35.3));
#9662 = VECTOR('',#9663,1.);
#9663 = DIRECTION('',(-1.,0.,0.));
#9664 = ORIENTED_EDGE('',*,*,#9665,.T.);
#9665 = EDGE_CURVE('',#9658,#9658,#9666,.T.);
#9666 = CIRCLE('',#9667,2.3);
#9667 = AXIS2_PLACEMENT_3D('',#9668,#9669,#9670);
#9668 = CARTESIAN_POINT('',(146.,-6.,-33.));
#9669 = DIRECTION('',(-1.,0.,0.));
#9670 = DIRECTION('',(0.,0.,-1.));
#9671 = ORIENTED_EDGE('',*,*,#9657,.T.);
#9672 = CYLINDRICAL_SURFACE('',#9673,2.3);
#9673 = AXIS2_PLACEMENT_3D('',#9674,#9675,#9676);
#9674 = CARTESIAN_POINT('',(146.,-6.,-33.));
#9675 = DIRECTION('',(-1.,0.,0.));
#9676 = DIRECTION('',(0.,0.,-1.));
#9677 = ADVANCED_FACE('',(#9678,#9681),#9692,.T.);
#9678 = FACE_BOUND('',#9679,.T.);
#9679 = EDGE_LOOP('',(#9680));
#9680 = ORIENTED_EDGE('',*,*,#9648,.T.);
#9681 = FACE_BOUND('',#9682,.T.);
#9682 = EDGE_LOOP('',(#9683));
#9683 = ORIENTED_EDGE('',*,*,#9684,.F.);
#9684 = EDGE_CURVE('',#9685,#9685,#9687,.T.);
#9685 = VERTEX_POINT('',#9686);
#9686 = CARTESIAN_POINT('',(140.3,-6.,-34.5));
#9687 = CIRCLE('',#9688,1.5);
#9688 = AXIS2_PLACEMENT_3D('',#9689,#9690,#9691);
#9689 = CARTESIAN_POINT('',(140.3,-6.,-33.));
#9690 = DIRECTION('',(-1.,0.,0.));
#9691 = DIRECTION('',(0.,0.,-1.));
#9692 = PLANE('',#9693);
#9693 = AXIS2_PLACEMENT_3D('',#9694,#9695,#9696);
#9694 = CARTESIAN_POINT('',(140.3,-6.,-33.));
#9695 = DIRECTION('',(-1.,0.,0.));
#9696 = DIRECTION('',(0.,0.,-1.));
#9697 = ADVANCED_FACE('',(#9698,#9701),#9712,.F.);
#9698 = FACE_BOUND('',#9699,.F.);
#9699 = EDGE_LOOP('',(#9700));
#9700 = ORIENTED_EDGE('',*,*,#9665,.T.);
#9701 = FACE_BOUND('',#9702,.F.);
#9702 = EDGE_LOOP('',(#9703));
#9703 = ORIENTED_EDGE('',*,*,#9704,.F.);
#9704 = EDGE_CURVE('',#9705,#9705,#9707,.T.);
#9705 = VERTEX_POINT('',#9706);
#9706 = CARTESIAN_POINT('',(146.,-6.,-34.5));
#9707 = CIRCLE('',#9708,1.5);
#9708 = AXIS2_PLACEMENT_3D('',#9709,#9710,#9711);
#9709 = CARTESIAN_POINT('',(146.,-6.,-33.));
#9710 = DIRECTION('',(-1.,0.,0.));
#9711 = DIRECTION('',(0.,0.,-1.));
#9712 = PLANE('',#9713);
#9713 = AXIS2_PLACEMENT_3D('',#9714,#9715,#9716);
#9714 = CARTESIAN_POINT('',(146.,-6.,-33.));
#9715 = DIRECTION('',(-1.,0.,0.));
#9716 = DIRECTION('',(0.,0.,-1.));
#9717 = ADVANCED_FACE('',(#9718),#9729,.F.);
#9718 = FACE_BOUND('',#9719,.F.);
#9719 = EDGE_LOOP('',(#9720,#9721,#9727,#9728));
#9720 = ORIENTED_EDGE('',*,*,#9684,.F.);
#9721 = ORIENTED_EDGE('',*,*,#9722,.F.);
#9722 = EDGE_CURVE('',#9705,#9685,#9723,.T.);
#9723 = LINE('',#9724,#9725);
#9724 = CARTESIAN_POINT('',(147.,-6.,-34.5));
#9725 = VECTOR('',#9726,1.);
#9726 = DIRECTION('',(-1.,0.,0.));
#9727 = ORIENTED_EDGE('',*,*,#9704,.T.);
#9728 = ORIENTED_EDGE('',*,*,#9722,.T.);
#9729 = CYLINDRICAL_SURFACE('',#9730,1.5);
#9730 = AXIS2_PLACEMENT_3D('',#9731,#9732,#9733);
#9731 = CARTESIAN_POINT('',(147.,-6.,-33.));
#9732 = DIRECTION('',(-1.,0.,0.));
#9733 = DIRECTION('',(0.,0.,-1.));
#9734 = MANIFOLD_SOLID_BREP('',#9735);
#9735 = CLOSED_SHELL('',(#9736,#9769,#9789,#9848,#9873,#9904,#9928,#9952
    ,#9976,#10000,#10017,#10026));
#9736 = ADVANCED_FACE('',(#9737),#9764,.T.);
#9737 = FACE_BOUND('',#9738,.T.);
#9738 = EDGE_LOOP('',(#9739,#9748,#9756,#9763));
#9739 = ORIENTED_EDGE('',*,*,#9740,.F.);
#9740 = EDGE_CURVE('',#9741,#9741,#9743,.T.);
#9741 = VERTEX_POINT('',#9742);
#9742 = CARTESIAN_POINT('',(152.,-6.,30.25));
#9743 = CIRCLE('',#9744,2.75);
#9744 = AXIS2_PLACEMENT_3D('',#9745,#9746,#9747);
#9745 = CARTESIAN_POINT('',(152.,-6.,33.));
#9746 = DIRECTION('',(-1.,0.,0.));
#9747 = DIRECTION('',(0.,0.,-1.));
#9748 = ORIENTED_EDGE('',*,*,#9749,.F.);
#9749 = EDGE_CURVE('',#9750,#9741,#9752,.T.);
#9750 = VERTEX_POINT('',#9751);
#9751 = CARTESIAN_POINT('',(155.,-6.,30.25));
#9752 = LINE('',#9753,#9754);
#9753 = CARTESIAN_POINT('',(155.,-6.,30.25));
#9754 = VECTOR('',#9755,1.);
#9755 = DIRECTION('',(-1.,0.,0.));
#9756 = ORIENTED_EDGE('',*,*,#9757,.T.);
#9757 = EDGE_CURVE('',#9750,#9750,#9758,.T.);
#9758 = CIRCLE('',#9759,2.75);
#9759 = AXIS2_PLACEMENT_3D('',#9760,#9761,#9762);
#9760 = CARTESIAN_POINT('',(155.,-6.,33.));
#9761 = DIRECTION('',(-1.,0.,0.));
#9762 = DIRECTION('',(0.,0.,-1.));
#9763 = ORIENTED_EDGE('',*,*,#9749,.T.);
#9764 = CYLINDRICAL_SURFACE('',#9765,2.75);
#9765 = AXIS2_PLACEMENT_3D('',#9766,#9767,#9768);
#9766 = CARTESIAN_POINT('',(155.,-6.,33.));
#9767 = DIRECTION('',(-1.,0.,0.));
#9768 = DIRECTION('',(0.,0.,-1.));
#9769 = ADVANCED_FACE('',(#9770,#9773),#9784,.T.);
#9770 = FACE_BOUND('',#9771,.T.);
#9771 = EDGE_LOOP('',(#9772));
#9772 = ORIENTED_EDGE('',*,*,#9740,.T.);
#9773 = FACE_BOUND('',#9774,.T.);
#9774 = EDGE_LOOP('',(#9775));
#9775 = ORIENTED_EDGE('',*,*,#9776,.F.);
#9776 = EDGE_CURVE('',#9777,#9777,#9779,.T.);
#9777 = VERTEX_POINT('',#9778);
#9778 = CARTESIAN_POINT('',(152.,-6.,31.5));
#9779 = CIRCLE('',#9780,1.5);
#9780 = AXIS2_PLACEMENT_3D('',#9781,#9782,#9783);
#9781 = CARTESIAN_POINT('',(152.,-6.,33.));
#9782 = DIRECTION('',(-1.,0.,0.));
#9783 = DIRECTION('',(0.,0.,-1.));
#9784 = PLANE('',#9785);
#9785 = AXIS2_PLACEMENT_3D('',#9786,#9787,#9788);
#9786 = CARTESIAN_POINT('',(152.,-6.,33.));
#9787 = DIRECTION('',(-1.,0.,0.));
#9788 = DIRECTION('',(0.,0.,-1.));
#9789 = ADVANCED_FACE('',(#9790,#9793),#9843,.F.);
#9790 = FACE_BOUND('',#9791,.F.);
#9791 = EDGE_LOOP('',(#9792));
#9792 = ORIENTED_EDGE('',*,*,#9757,.T.);
#9793 = FACE_BOUND('',#9794,.F.);
#9794 = EDGE_LOOP('',(#9795,#9805,#9813,#9821,#9829,#9837));
#9795 = ORIENTED_EDGE('',*,*,#9796,.T.);
#9796 = EDGE_CURVE('',#9797,#9799,#9801,.T.);
#9797 = VERTEX_POINT('',#9798);
#9798 = CARTESIAN_POINT('',(155.,-7.25,32.278312163513));
#9799 = VERTEX_POINT('',#9800);
#9800 = CARTESIAN_POINT('',(155.,-6.,31.556624327026));
#9801 = LINE('',#9802,#9803);
#9802 = CARTESIAN_POINT('',(155.,-6.3125,31.737046286148));
#9803 = VECTOR('',#9804,1.);
#9804 = DIRECTION('',(0.,0.866025403784,-0.5));
#9805 = ORIENTED_EDGE('',*,*,#9806,.T.);
#9806 = EDGE_CURVE('',#9799,#9807,#9809,.T.);
#9807 = VERTEX_POINT('',#9808);
#9808 = CARTESIAN_POINT('',(155.,-4.75,32.278312163513));
#9809 = LINE('',#9810,#9811);
#9810 = CARTESIAN_POINT('',(155.,-5.0625,32.097890204391));
#9811 = VECTOR('',#9812,1.);
#9812 = DIRECTION('',(0.,0.866025403784,0.5));
#9813 = ORIENTED_EDGE('',*,*,#9814,.T.);
#9814 = EDGE_CURVE('',#9807,#9815,#9817,.T.);
#9815 = VERTEX_POINT('',#9816);
#9816 = CARTESIAN_POINT('',(155.,-4.75,33.721687836487));
#9817 = LINE('',#9818,#9819);
#9818 = CARTESIAN_POINT('',(155.,-4.75,33.360843918244));
#9819 = VECTOR('',#9820,1.);
#9820 = DIRECTION('',(0.,-0.,1.));
#9821 = ORIENTED_EDGE('',*,*,#9822,.T.);
#9822 = EDGE_CURVE('',#9815,#9823,#9825,.T.);
#9823 = VERTEX_POINT('',#9824);
#9824 = CARTESIAN_POINT('',(155.,-6.,34.443375672974));
#9825 = LINE('',#9826,#9827);
#9826 = CARTESIAN_POINT('',(155.,-5.6875,34.262953713852));
#9827 = VECTOR('',#9828,1.);
#9828 = DIRECTION('',(0.,-0.866025403784,0.5));
#9829 = ORIENTED_EDGE('',*,*,#9830,.T.);
#9830 = EDGE_CURVE('',#9823,#9831,#9833,.T.);
#9831 = VERTEX_POINT('',#9832);
#9832 = CARTESIAN_POINT('',(155.,-7.25,33.721687836487));
#9833 = LINE('',#9834,#9835);
#9834 = CARTESIAN_POINT('',(155.,-6.9375,33.902109795609));
#9835 = VECTOR('',#9836,1.);
#9836 = DIRECTION('',(-0.,-0.866025403784,-0.5));
#9837 = ORIENTED_EDGE('',*,*,#9838,.T.);
#9838 = EDGE_CURVE('',#9831,#9797,#9839,.T.);
#9839 = LINE('',#9840,#9841);
#9840 = CARTESIAN_POINT('',(155.,-7.25,32.639156081756));
#9841 = VECTOR('',#9842,1.);
#9842 = DIRECTION('',(-0.,0.,-1.));
#9843 = PLANE('',#9844);
#9844 = AXIS2_PLACEMENT_3D('',#9845,#9846,#9847);
#9845 = CARTESIAN_POINT('',(155.,-6.,33.));
#9846 = DIRECTION('',(-1.,0.,0.));
#9847 = DIRECTION('',(0.,0.,-1.));
#9848 = ADVANCED_FACE('',(#9849),#9868,.T.);
#9849 = FACE_BOUND('',#9850,.T.);
#9850 = EDGE_LOOP('',(#9851,#9860,#9866,#9867));
#9851 = ORIENTED_EDGE('',*,*,#9852,.F.);
#9852 = EDGE_CURVE('',#9853,#9853,#9855,.T.);
#9853 = VERTEX_POINT('',#9854);
#9854 = CARTESIAN_POINT('',(140.,-6.,31.5));
#9855 = CIRCLE('',#9856,1.5);
#9856 = AXIS2_PLACEMENT_3D('',#9857,#9858,#9859);
#9857 = CARTESIAN_POINT('',(140.,-6.,33.));
#9858 = DIRECTION('',(-1.,0.,0.));
#9859 = DIRECTION('',(0.,0.,-1.));
#9860 = ORIENTED_EDGE('',*,*,#9861,.F.);
#9861 = EDGE_CURVE('',#9777,#9853,#9862,.T.);
#9862 = LINE('',#9863,#9864);
#9863 = CARTESIAN_POINT('',(152.,-6.,31.5));
#9864 = VECTOR('',#9865,1.);
#9865 = DIRECTION('',(-1.,0.,0.));
#9866 = ORIENTED_EDGE('',*,*,#9776,.T.);
#9867 = ORIENTED_EDGE('',*,*,#9861,.T.);
#9868 = CYLINDRICAL_SURFACE('',#9869,1.5);
#9869 = AXIS2_PLACEMENT_3D('',#9870,#9871,#9872);
#9870 = CARTESIAN_POINT('',(152.,-6.,33.));
#9871 = DIRECTION('',(-1.,0.,0.));
#9872 = DIRECTION('',(0.,0.,-1.));
#9873 = ADVANCED_FACE('',(#9874),#9899,.T.);
#9874 = FACE_BOUND('',#9875,.T.);
#9875 = EDGE_LOOP('',(#9876,#9877,#9885,#9893));
#9876 = ORIENTED_EDGE('',*,*,#9796,.T.);
#9877 = ORIENTED_EDGE('',*,*,#9878,.T.);
#9878 = EDGE_CURVE('',#9799,#9879,#9881,.T.);
#9879 = VERTEX_POINT('',#9880);
#9880 = CARTESIAN_POINT('',(153.2,-6.,31.556624327026));
#9881 = LINE('',#9882,#9883);
#9882 = CARTESIAN_POINT('',(155.1,-6.,31.556624327026));
#9883 = VECTOR('',#9884,1.);
#9884 = DIRECTION('',(-1.,0.,0.));
#9885 = ORIENTED_EDGE('',*,*,#9886,.T.);
#9886 = EDGE_CURVE('',#9879,#9887,#9889,.T.);
#9887 = VERTEX_POINT('',#9888);
#9888 = CARTESIAN_POINT('',(153.2,-7.25,32.278312163513));
#9889 = LINE('',#9890,#9891);
#9890 = CARTESIAN_POINT('',(153.2,-6.,31.556624327026));
#9891 = VECTOR('',#9892,1.);
#9892 = DIRECTION('',(0.,-0.866025403784,0.5));
#9893 = ORIENTED_EDGE('',*,*,#9894,.F.);
#9894 = EDGE_CURVE('',#9797,#9887,#9895,.T.);
#9895 = LINE('',#9896,#9897);
#9896 = CARTESIAN_POINT('',(155.1,-7.25,32.278312163513));
#9897 = VECTOR('',#9898,1.);
#9898 = DIRECTION('',(-1.,0.,0.));
#9899 = PLANE('',#9900);
#9900 = AXIS2_PLACEMENT_3D('',#9901,#9902,#9903);
#9901 = CARTESIAN_POINT('',(155.1,-6.,31.556624327026));
#9902 = DIRECTION('',(0.,0.5,0.866025403784));
#9903 = DIRECTION('',(0.,-0.866025403784,0.5));
#9904 = ADVANCED_FACE('',(#9905),#9923,.T.);
#9905 = FACE_BOUND('',#9906,.T.);
#9906 = EDGE_LOOP('',(#9907,#9908,#9909,#9917));
#9907 = ORIENTED_EDGE('',*,*,#9838,.T.);
#9908 = ORIENTED_EDGE('',*,*,#9894,.T.);
#9909 = ORIENTED_EDGE('',*,*,#9910,.T.);
#9910 = EDGE_CURVE('',#9887,#9911,#9913,.T.);
#9911 = VERTEX_POINT('',#9912);
#9912 = CARTESIAN_POINT('',(153.2,-7.25,33.721687836487));
#9913 = LINE('',#9914,#9915);
#9914 = CARTESIAN_POINT('',(153.2,-7.25,32.278312163513));
#9915 = VECTOR('',#9916,1.);
#9916 = DIRECTION('',(0.,0.,1.));
#9917 = ORIENTED_EDGE('',*,*,#9918,.F.);
#9918 = EDGE_CURVE('',#9831,#9911,#9919,.T.);
#9919 = LINE('',#9920,#9921);
#9920 = CARTESIAN_POINT('',(155.1,-7.25,33.721687836487));
#9921 = VECTOR('',#9922,1.);
#9922 = DIRECTION('',(-1.,0.,0.));
#9923 = PLANE('',#9924);
#9924 = AXIS2_PLACEMENT_3D('',#9925,#9926,#9927);
#9925 = CARTESIAN_POINT('',(155.1,-7.25,32.278312163513));
#9926 = DIRECTION('',(0.,1.,-0.));
#9927 = DIRECTION('',(0.,0.,1.));
#9928 = ADVANCED_FACE('',(#9929),#9947,.T.);
#9929 = FACE_BOUND('',#9930,.T.);
#9930 = EDGE_LOOP('',(#9931,#9932,#9933,#9941));
#9931 = ORIENTED_EDGE('',*,*,#9830,.T.);
#9932 = ORIENTED_EDGE('',*,*,#9918,.T.);
#9933 = ORIENTED_EDGE('',*,*,#9934,.T.);
#9934 = EDGE_CURVE('',#9911,#9935,#9937,.T.);
#9935 = VERTEX_POINT('',#9936);
#9936 = CARTESIAN_POINT('',(153.2,-6.,34.443375672974));
#9937 = LINE('',#9938,#9939);
#9938 = CARTESIAN_POINT('',(153.2,-7.25,33.721687836487));
#9939 = VECTOR('',#9940,1.);
#9940 = DIRECTION('',(0.,0.866025403784,0.5));
#9941 = ORIENTED_EDGE('',*,*,#9942,.F.);
#9942 = EDGE_CURVE('',#9823,#9935,#9943,.T.);
#9943 = LINE('',#9944,#9945);
#9944 = CARTESIAN_POINT('',(155.1,-6.,34.443375672974));
#9945 = VECTOR('',#9946,1.);
#9946 = DIRECTION('',(-1.,0.,0.));
#9947 = PLANE('',#9948);
#9948 = AXIS2_PLACEMENT_3D('',#9949,#9950,#9951);
#9949 = CARTESIAN_POINT('',(155.1,-7.25,33.721687836487));
#9950 = DIRECTION('',(0.,0.5,-0.866025403784));
#9951 = DIRECTION('',(0.,0.866025403784,0.5));
#9952 = ADVANCED_FACE('',(#9953),#9971,.T.);
#9953 = FACE_BOUND('',#9954,.T.);
#9954 = EDGE_LOOP('',(#9955,#9956,#9957,#9965));
#9955 = ORIENTED_EDGE('',*,*,#9822,.T.);
#9956 = ORIENTED_EDGE('',*,*,#9942,.T.);
#9957 = ORIENTED_EDGE('',*,*,#9958,.T.);
#9958 = EDGE_CURVE('',#9935,#9959,#9961,.T.);
#9959 = VERTEX_POINT('',#9960);
#9960 = CARTESIAN_POINT('',(153.2,-4.75,33.721687836487));
#9961 = LINE('',#9962,#9963);
#9962 = CARTESIAN_POINT('',(153.2,-6.,34.443375672974));
#9963 = VECTOR('',#9964,1.);
#9964 = DIRECTION('',(0.,0.866025403784,-0.5));
#9965 = ORIENTED_EDGE('',*,*,#9966,.F.);
#9966 = EDGE_CURVE('',#9815,#9959,#9967,.T.);
#9967 = LINE('',#9968,#9969);
#9968 = CARTESIAN_POINT('',(155.1,-4.75,33.721687836487));
#9969 = VECTOR('',#9970,1.);
#9970 = DIRECTION('',(-1.,0.,0.));
#9971 = PLANE('',#9972);
#9972 = AXIS2_PLACEMENT_3D('',#9973,#9974,#9975);
#9973 = CARTESIAN_POINT('',(155.1,-6.,34.443375672974));
#9974 = DIRECTION('',(-0.,-0.5,-0.866025403784));
#9975 = DIRECTION('',(0.,0.866025403784,-0.5));
#9976 = ADVANCED_FACE('',(#9977),#9995,.T.);
#9977 = FACE_BOUND('',#9978,.T.);
#9978 = EDGE_LOOP('',(#9979,#9980,#9981,#9989));
#9979 = ORIENTED_EDGE('',*,*,#9814,.T.);
#9980 = ORIENTED_EDGE('',*,*,#9966,.T.);
#9981 = ORIENTED_EDGE('',*,*,#9982,.T.);
#9982 = EDGE_CURVE('',#9959,#9983,#9985,.T.);
#9983 = VERTEX_POINT('',#9984);
#9984 = CARTESIAN_POINT('',(153.2,-4.75,32.278312163513));
#9985 = LINE('',#9986,#9987);
#9986 = CARTESIAN_POINT('',(153.2,-4.75,33.721687836487));
#9987 = VECTOR('',#9988,1.);
#9988 = DIRECTION('',(0.,0.,-1.));
#9989 = ORIENTED_EDGE('',*,*,#9990,.F.);
#9990 = EDGE_CURVE('',#9807,#9983,#9991,.T.);
#9991 = LINE('',#9992,#9993);
#9992 = CARTESIAN_POINT('',(155.1,-4.75,32.278312163513));
#9993 = VECTOR('',#9994,1.);
#9994 = DIRECTION('',(-1.,0.,0.));
#9995 = PLANE('',#9996);
#9996 = AXIS2_PLACEMENT_3D('',#9997,#9998,#9999);
#9997 = CARTESIAN_POINT('',(155.1,-4.75,33.721687836487));
#9998 = DIRECTION('',(-0.,-1.,-0.));
#9999 = DIRECTION('',(0.,0.,-1.));
#10000 = ADVANCED_FACE('',(#10001),#10012,.T.);
#10001 = FACE_BOUND('',#10002,.T.);
#10002 = EDGE_LOOP('',(#10003,#10004,#10005,#10011));
#10003 = ORIENTED_EDGE('',*,*,#9806,.T.);
#10004 = ORIENTED_EDGE('',*,*,#9990,.T.);
#10005 = ORIENTED_EDGE('',*,*,#10006,.T.);
#10006 = EDGE_CURVE('',#9983,#9879,#10007,.T.);
#10007 = LINE('',#10008,#10009);
#10008 = CARTESIAN_POINT('',(153.2,-4.75,32.278312163513));
#10009 = VECTOR('',#10010,1.);
#10010 = DIRECTION('',(0.,-0.866025403784,-0.5));
#10011 = ORIENTED_EDGE('',*,*,#9878,.F.);
#10012 = PLANE('',#10013);
#10013 = AXIS2_PLACEMENT_3D('',#10014,#10015,#10016);
#10014 = CARTESIAN_POINT('',(155.1,-4.75,32.278312163513));
#10015 = DIRECTION('',(0.,-0.5,0.866025403784));
#10016 = DIRECTION('',(0.,-0.866025403784,-0.5));
#10017 = ADVANCED_FACE('',(#10018),#10021,.T.);
#10018 = FACE_BOUND('',#10019,.T.);
#10019 = EDGE_LOOP('',(#10020));
#10020 = ORIENTED_EDGE('',*,*,#9852,.T.);
#10021 = PLANE('',#10022);
#10022 = AXIS2_PLACEMENT_3D('',#10023,#10024,#10025);
#10023 = CARTESIAN_POINT('',(140.,-6.,33.));
#10024 = DIRECTION('',(-1.,0.,0.));
#10025 = DIRECTION('',(0.,0.,-1.));
#10026 = ADVANCED_FACE('',(#10027),#10035,.F.);
#10027 = FACE_BOUND('',#10028,.F.);
#10028 = EDGE_LOOP('',(#10029,#10030,#10031,#10032,#10033,#10034));
#10029 = ORIENTED_EDGE('',*,*,#10006,.T.);
#10030 = ORIENTED_EDGE('',*,*,#9886,.T.);
#10031 = ORIENTED_EDGE('',*,*,#9910,.T.);
#10032 = ORIENTED_EDGE('',*,*,#9934,.T.);
#10033 = ORIENTED_EDGE('',*,*,#9958,.T.);
#10034 = ORIENTED_EDGE('',*,*,#9982,.T.);
#10035 = PLANE('',#10036);
#10036 = AXIS2_PLACEMENT_3D('',#10037,#10038,#10039);
#10037 = CARTESIAN_POINT('',(153.2,-6.,33.));
#10038 = DIRECTION('',(-1.,-0.,-0.));
#10039 = DIRECTION('',(0.,0.,-1.));
#10040 = MANIFOLD_SOLID_BREP('',#10041);
#10041 = CLOSED_SHELL('',(#10042,#10075,#10095,#10115));
#10042 = ADVANCED_FACE('',(#10043),#10070,.T.);
#10043 = FACE_BOUND('',#10044,.T.);
#10044 = EDGE_LOOP('',(#10045,#10054,#10062,#10069));
#10045 = ORIENTED_EDGE('',*,*,#10046,.F.);
#10046 = EDGE_CURVE('',#10047,#10047,#10049,.T.);
#10047 = VERTEX_POINT('',#10048);
#10048 = CARTESIAN_POINT('',(140.3,-6.,30.7));
#10049 = CIRCLE('',#10050,2.3);
#10050 = AXIS2_PLACEMENT_3D('',#10051,#10052,#10053);
#10051 = CARTESIAN_POINT('',(140.3,-6.,33.));
#10052 = DIRECTION('',(-1.,0.,0.));
#10053 = DIRECTION('',(0.,0.,-1.));
#10054 = ORIENTED_EDGE('',*,*,#10055,.F.);
#10055 = EDGE_CURVE('',#10056,#10047,#10058,.T.);
#10056 = VERTEX_POINT('',#10057);
#10057 = CARTESIAN_POINT('',(146.,-6.,30.7));
#10058 = LINE('',#10059,#10060);
#10059 = CARTESIAN_POINT('',(146.,-6.,30.7));
#10060 = VECTOR('',#10061,1.);
#10061 = DIRECTION('',(-1.,0.,0.));
#10062 = ORIENTED_EDGE('',*,*,#10063,.T.);
#10063 = EDGE_CURVE('',#10056,#10056,#10064,.T.);
#10064 = CIRCLE('',#10065,2.3);
#10065 = AXIS2_PLACEMENT_3D('',#10066,#10067,#10068);
#10066 = CARTESIAN_POINT('',(146.,-6.,33.));
#10067 = DIRECTION('',(-1.,0.,0.));
#10068 = DIRECTION('',(0.,0.,-1.));
#10069 = ORIENTED_EDGE('',*,*,#10055,.T.);
#10070 = CYLINDRICAL_SURFACE('',#10071,2.3);
#10071 = AXIS2_PLACEMENT_3D('',#10072,#10073,#10074);
#10072 = CARTESIAN_POINT('',(146.,-6.,33.));
#10073 = DIRECTION('',(-1.,0.,0.));
#10074 = DIRECTION('',(0.,0.,-1.));
#10075 = ADVANCED_FACE('',(#10076,#10079),#10090,.T.);
#10076 = FACE_BOUND('',#10077,.T.);
#10077 = EDGE_LOOP('',(#10078));
#10078 = ORIENTED_EDGE('',*,*,#10046,.T.);
#10079 = FACE_BOUND('',#10080,.T.);
#10080 = EDGE_LOOP('',(#10081));
#10081 = ORIENTED_EDGE('',*,*,#10082,.F.);
#10082 = EDGE_CURVE('',#10083,#10083,#10085,.T.);
#10083 = VERTEX_POINT('',#10084);
#10084 = CARTESIAN_POINT('',(140.3,-6.,31.5));
#10085 = CIRCLE('',#10086,1.5);
#10086 = AXIS2_PLACEMENT_3D('',#10087,#10088,#10089);
#10087 = CARTESIAN_POINT('',(140.3,-6.,33.));
#10088 = DIRECTION('',(-1.,0.,0.));
#10089 = DIRECTION('',(0.,0.,-1.));
#10090 = PLANE('',#10091);
#10091 = AXIS2_PLACEMENT_3D('',#10092,#10093,#10094);
#10092 = CARTESIAN_POINT('',(140.3,-6.,33.));
#10093 = DIRECTION('',(-1.,0.,0.));
#10094 = DIRECTION('',(0.,0.,-1.));
#10095 = ADVANCED_FACE('',(#10096,#10099),#10110,.F.);
#10096 = FACE_BOUND('',#10097,.F.);
#10097 = EDGE_LOOP('',(#10098));
#10098 = ORIENTED_EDGE('',*,*,#10063,.T.);
#10099 = FACE_BOUND('',#10100,.F.);
#10100 = EDGE_LOOP('',(#10101));
#10101 = ORIENTED_EDGE('',*,*,#10102,.F.);
#10102 = EDGE_CURVE('',#10103,#10103,#10105,.T.);
#10103 = VERTEX_POINT('',#10104);
#10104 = CARTESIAN_POINT('',(146.,-6.,31.5));
#10105 = CIRCLE('',#10106,1.5);
#10106 = AXIS2_PLACEMENT_3D('',#10107,#10108,#10109);
#10107 = CARTESIAN_POINT('',(146.,-6.,33.));
#10108 = DIRECTION('',(-1.,0.,0.));
#10109 = DIRECTION('',(0.,0.,-1.));
#10110 = PLANE('',#10111);
#10111 = AXIS2_PLACEMENT_3D('',#10112,#10113,#10114);
#10112 = CARTESIAN_POINT('',(146.,-6.,33.));
#10113 = DIRECTION('',(-1.,0.,0.));
#10114 = DIRECTION('',(0.,0.,-1.));
#10115 = ADVANCED_FACE('',(#10116),#10127,.F.);
#10116 = FACE_BOUND('',#10117,.F.);
#10117 = EDGE_LOOP('',(#10118,#10119,#10125,#10126));
#10118 = ORIENTED_EDGE('',*,*,#10082,.F.);
#10119 = ORIENTED_EDGE('',*,*,#10120,.F.);
#10120 = EDGE_CURVE('',#10103,#10083,#10121,.T.);
#10121 = LINE('',#10122,#10123);
#10122 = CARTESIAN_POINT('',(147.,-6.,31.5));
#10123 = VECTOR('',#10124,1.);
#10124 = DIRECTION('',(-1.,0.,0.));
#10125 = ORIENTED_EDGE('',*,*,#10102,.T.);
#10126 = ORIENTED_EDGE('',*,*,#10120,.T.);
#10127 = CYLINDRICAL_SURFACE('',#10128,1.5);
#10128 = AXIS2_PLACEMENT_3D('',#10129,#10130,#10131);
#10129 = CARTESIAN_POINT('',(147.,-6.,33.));
#10130 = DIRECTION('',(-1.,0.,0.));
#10131 = DIRECTION('',(0.,0.,-1.));
#10132 = MANIFOLD_SOLID_BREP('',#10133);
#10133 = CLOSED_SHELL('',(#10134,#10167,#10187,#10246,#10271,#10302,
    #10326,#10350,#10374,#10398,#10415,#10424));
#10134 = ADVANCED_FACE('',(#10135),#10162,.T.);
#10135 = FACE_BOUND('',#10136,.T.);
#10136 = EDGE_LOOP('',(#10137,#10146,#10154,#10161));
#10137 = ORIENTED_EDGE('',*,*,#10138,.F.);
#10138 = EDGE_CURVE('',#10139,#10139,#10141,.T.);
#10139 = VERTEX_POINT('',#10140);
#10140 = CARTESIAN_POINT('',(152.,6.,-35.75));
#10141 = CIRCLE('',#10142,2.75);
#10142 = AXIS2_PLACEMENT_3D('',#10143,#10144,#10145);
#10143 = CARTESIAN_POINT('',(152.,6.,-33.));
#10144 = DIRECTION('',(-1.,0.,0.));
#10145 = DIRECTION('',(0.,0.,-1.));
#10146 = ORIENTED_EDGE('',*,*,#10147,.F.);
#10147 = EDGE_CURVE('',#10148,#10139,#10150,.T.);
#10148 = VERTEX_POINT('',#10149);
#10149 = CARTESIAN_POINT('',(155.,6.,-35.75));
#10150 = LINE('',#10151,#10152);
#10151 = CARTESIAN_POINT('',(155.,6.,-35.75));
#10152 = VECTOR('',#10153,1.);
#10153 = DIRECTION('',(-1.,0.,0.));
#10154 = ORIENTED_EDGE('',*,*,#10155,.T.);
#10155 = EDGE_CURVE('',#10148,#10148,#10156,.T.);
#10156 = CIRCLE('',#10157,2.75);
#10157 = AXIS2_PLACEMENT_3D('',#10158,#10159,#10160);
#10158 = CARTESIAN_POINT('',(155.,6.,-33.));
#10159 = DIRECTION('',(-1.,0.,0.));
#10160 = DIRECTION('',(0.,0.,-1.));
#10161 = ORIENTED_EDGE('',*,*,#10147,.T.);
#10162 = CYLINDRICAL_SURFACE('',#10163,2.75);
#10163 = AXIS2_PLACEMENT_3D('',#10164,#10165,#10166);
#10164 = CARTESIAN_POINT('',(155.,6.,-33.));
#10165 = DIRECTION('',(-1.,0.,0.));
#10166 = DIRECTION('',(0.,0.,-1.));
#10167 = ADVANCED_FACE('',(#10168,#10171),#10182,.T.);
#10168 = FACE_BOUND('',#10169,.T.);
#10169 = EDGE_LOOP('',(#10170));
#10170 = ORIENTED_EDGE('',*,*,#10138,.T.);
#10171 = FACE_BOUND('',#10172,.T.);
#10172 = EDGE_LOOP('',(#10173));
#10173 = ORIENTED_EDGE('',*,*,#10174,.F.);
#10174 = EDGE_CURVE('',#10175,#10175,#10177,.T.);
#10175 = VERTEX_POINT('',#10176);
#10176 = CARTESIAN_POINT('',(152.,6.,-34.5));
#10177 = CIRCLE('',#10178,1.5);
#10178 = AXIS2_PLACEMENT_3D('',#10179,#10180,#10181);
#10179 = CARTESIAN_POINT('',(152.,6.,-33.));
#10180 = DIRECTION('',(-1.,0.,0.));
#10181 = DIRECTION('',(0.,0.,-1.));
#10182 = PLANE('',#10183);
#10183 = AXIS2_PLACEMENT_3D('',#10184,#10185,#10186);
#10184 = CARTESIAN_POINT('',(152.,6.,-33.));
#10185 = DIRECTION('',(-1.,0.,0.));
#10186 = DIRECTION('',(0.,0.,-1.));
#10187 = ADVANCED_FACE('',(#10188,#10191),#10241,.F.);
#10188 = FACE_BOUND('',#10189,.F.);
#10189 = EDGE_LOOP('',(#10190));
#10190 = ORIENTED_EDGE('',*,*,#10155,.T.);
#10191 = FACE_BOUND('',#10192,.F.);
#10192 = EDGE_LOOP('',(#10193,#10203,#10211,#10219,#10227,#10235));
#10193 = ORIENTED_EDGE('',*,*,#10194,.T.);
#10194 = EDGE_CURVE('',#10195,#10197,#10199,.T.);
#10195 = VERTEX_POINT('',#10196);
#10196 = CARTESIAN_POINT('',(155.,4.75,-33.72168783648));
#10197 = VERTEX_POINT('',#10198);
#10198 = CARTESIAN_POINT('',(155.,6.,-34.44337567297));
#10199 = LINE('',#10200,#10201);
#10200 = CARTESIAN_POINT('',(155.,5.6875,-34.26295371385));
#10201 = VECTOR('',#10202,1.);
#10202 = DIRECTION('',(0.,0.866025403784,-0.5));
#10203 = ORIENTED_EDGE('',*,*,#10204,.T.);
#10204 = EDGE_CURVE('',#10197,#10205,#10207,.T.);
#10205 = VERTEX_POINT('',#10206);
#10206 = CARTESIAN_POINT('',(155.,7.25,-33.72168783648));
#10207 = LINE('',#10208,#10209);
#10208 = CARTESIAN_POINT('',(155.,6.9375,-33.9021097956));
#10209 = VECTOR('',#10210,1.);
#10210 = DIRECTION('',(0.,0.866025403784,0.5));
#10211 = ORIENTED_EDGE('',*,*,#10212,.T.);
#10212 = EDGE_CURVE('',#10205,#10213,#10215,.T.);
#10213 = VERTEX_POINT('',#10214);
#10214 = CARTESIAN_POINT('',(155.,7.25,-32.27831216351));
#10215 = LINE('',#10216,#10217);
#10216 = CARTESIAN_POINT('',(155.,7.25,-32.63915608175));
#10217 = VECTOR('',#10218,1.);
#10218 = DIRECTION('',(0.,-0.,1.));
#10219 = ORIENTED_EDGE('',*,*,#10220,.T.);
#10220 = EDGE_CURVE('',#10213,#10221,#10223,.T.);
#10221 = VERTEX_POINT('',#10222);
#10222 = CARTESIAN_POINT('',(155.,6.,-31.55662432702));
#10223 = LINE('',#10224,#10225);
#10224 = CARTESIAN_POINT('',(155.,6.3125,-31.73704628614));
#10225 = VECTOR('',#10226,1.);
#10226 = DIRECTION('',(0.,-0.866025403784,0.5));
#10227 = ORIENTED_EDGE('',*,*,#10228,.T.);
#10228 = EDGE_CURVE('',#10221,#10229,#10231,.T.);
#10229 = VERTEX_POINT('',#10230);
#10230 = CARTESIAN_POINT('',(155.,4.75,-32.27831216351));
#10231 = LINE('',#10232,#10233);
#10232 = CARTESIAN_POINT('',(155.,5.0625,-32.09789020439));
#10233 = VECTOR('',#10234,1.);
#10234 = DIRECTION('',(-0.,-0.866025403784,-0.5));
#10235 = ORIENTED_EDGE('',*,*,#10236,.T.);
#10236 = EDGE_CURVE('',#10229,#10195,#10237,.T.);
#10237 = LINE('',#10238,#10239);
#10238 = CARTESIAN_POINT('',(155.,4.75,-33.36084391824));
#10239 = VECTOR('',#10240,1.);
#10240 = DIRECTION('',(-0.,0.,-1.));
#10241 = PLANE('',#10242);
#10242 = AXIS2_PLACEMENT_3D('',#10243,#10244,#10245);
#10243 = CARTESIAN_POINT('',(155.,6.,-33.));
#10244 = DIRECTION('',(-1.,0.,0.));
#10245 = DIRECTION('',(0.,0.,-1.));
#10246 = ADVANCED_FACE('',(#10247),#10266,.T.);
#10247 = FACE_BOUND('',#10248,.T.);
#10248 = EDGE_LOOP('',(#10249,#10258,#10264,#10265));
#10249 = ORIENTED_EDGE('',*,*,#10250,.F.);
#10250 = EDGE_CURVE('',#10251,#10251,#10253,.T.);
#10251 = VERTEX_POINT('',#10252);
#10252 = CARTESIAN_POINT('',(140.,6.,-34.5));
#10253 = CIRCLE('',#10254,1.5);
#10254 = AXIS2_PLACEMENT_3D('',#10255,#10256,#10257);
#10255 = CARTESIAN_POINT('',(140.,6.,-33.));
#10256 = DIRECTION('',(-1.,0.,0.));
#10257 = DIRECTION('',(0.,0.,-1.));
#10258 = ORIENTED_EDGE('',*,*,#10259,.F.);
#10259 = EDGE_CURVE('',#10175,#10251,#10260,.T.);
#10260 = LINE('',#10261,#10262);
#10261 = CARTESIAN_POINT('',(152.,6.,-34.5));
#10262 = VECTOR('',#10263,1.);
#10263 = DIRECTION('',(-1.,0.,0.));
#10264 = ORIENTED_EDGE('',*,*,#10174,.T.);
#10265 = ORIENTED_EDGE('',*,*,#10259,.T.);
#10266 = CYLINDRICAL_SURFACE('',#10267,1.5);
#10267 = AXIS2_PLACEMENT_3D('',#10268,#10269,#10270);
#10268 = CARTESIAN_POINT('',(152.,6.,-33.));
#10269 = DIRECTION('',(-1.,0.,0.));
#10270 = DIRECTION('',(0.,0.,-1.));
#10271 = ADVANCED_FACE('',(#10272),#10297,.T.);
#10272 = FACE_BOUND('',#10273,.T.);
#10273 = EDGE_LOOP('',(#10274,#10275,#10283,#10291));
#10274 = ORIENTED_EDGE('',*,*,#10194,.T.);
#10275 = ORIENTED_EDGE('',*,*,#10276,.T.);
#10276 = EDGE_CURVE('',#10197,#10277,#10279,.T.);
#10277 = VERTEX_POINT('',#10278);
#10278 = CARTESIAN_POINT('',(153.2,6.,-34.44337567297));
#10279 = LINE('',#10280,#10281);
#10280 = CARTESIAN_POINT('',(155.1,6.,-34.44337567297));
#10281 = VECTOR('',#10282,1.);
#10282 = DIRECTION('',(-1.,0.,0.));
#10283 = ORIENTED_EDGE('',*,*,#10284,.T.);
#10284 = EDGE_CURVE('',#10277,#10285,#10287,.T.);
#10285 = VERTEX_POINT('',#10286);
#10286 = CARTESIAN_POINT('',(153.2,4.75,-33.72168783648));
#10287 = LINE('',#10288,#10289);
#10288 = CARTESIAN_POINT('',(153.2,6.,-34.44337567297));
#10289 = VECTOR('',#10290,1.);
#10290 = DIRECTION('',(0.,-0.866025403784,0.5));
#10291 = ORIENTED_EDGE('',*,*,#10292,.F.);
#10292 = EDGE_CURVE('',#10195,#10285,#10293,.T.);
#10293 = LINE('',#10294,#10295);
#10294 = CARTESIAN_POINT('',(155.1,4.75,-33.72168783648));
#10295 = VECTOR('',#10296,1.);
#10296 = DIRECTION('',(-1.,0.,0.));
#10297 = PLANE('',#10298);
#10298 = AXIS2_PLACEMENT_3D('',#10299,#10300,#10301);
#10299 = CARTESIAN_POINT('',(155.1,6.,-34.44337567297));
#10300 = DIRECTION('',(0.,0.5,0.866025403784));
#10301 = DIRECTION('',(0.,-0.866025403784,0.5));
#10302 = ADVANCED_FACE('',(#10303),#10321,.T.);
#10303 = FACE_BOUND('',#10304,.T.);
#10304 = EDGE_LOOP('',(#10305,#10306,#10307,#10315));
#10305 = ORIENTED_EDGE('',*,*,#10236,.T.);
#10306 = ORIENTED_EDGE('',*,*,#10292,.T.);
#10307 = ORIENTED_EDGE('',*,*,#10308,.T.);
#10308 = EDGE_CURVE('',#10285,#10309,#10311,.T.);
#10309 = VERTEX_POINT('',#10310);
#10310 = CARTESIAN_POINT('',(153.2,4.75,-32.27831216351));
#10311 = LINE('',#10312,#10313);
#10312 = CARTESIAN_POINT('',(153.2,4.75,-33.72168783648));
#10313 = VECTOR('',#10314,1.);
#10314 = DIRECTION('',(0.,0.,1.));
#10315 = ORIENTED_EDGE('',*,*,#10316,.F.);
#10316 = EDGE_CURVE('',#10229,#10309,#10317,.T.);
#10317 = LINE('',#10318,#10319);
#10318 = CARTESIAN_POINT('',(155.1,4.75,-32.27831216351));
#10319 = VECTOR('',#10320,1.);
#10320 = DIRECTION('',(-1.,0.,0.));
#10321 = PLANE('',#10322);
#10322 = AXIS2_PLACEMENT_3D('',#10323,#10324,#10325);
#10323 = CARTESIAN_POINT('',(155.1,4.75,-33.72168783648));
#10324 = DIRECTION('',(0.,1.,-0.));
#10325 = DIRECTION('',(0.,0.,1.));
#10326 = ADVANCED_FACE('',(#10327),#10345,.T.);
#10327 = FACE_BOUND('',#10328,.T.);
#10328 = EDGE_LOOP('',(#10329,#10330,#10331,#10339));
#10329 = ORIENTED_EDGE('',*,*,#10228,.T.);
#10330 = ORIENTED_EDGE('',*,*,#10316,.T.);
#10331 = ORIENTED_EDGE('',*,*,#10332,.T.);
#10332 = EDGE_CURVE('',#10309,#10333,#10335,.T.);
#10333 = VERTEX_POINT('',#10334);
#10334 = CARTESIAN_POINT('',(153.2,6.,-31.55662432702));
#10335 = LINE('',#10336,#10337);
#10336 = CARTESIAN_POINT('',(153.2,4.75,-32.27831216351));
#10337 = VECTOR('',#10338,1.);
#10338 = DIRECTION('',(0.,0.866025403784,0.5));
#10339 = ORIENTED_EDGE('',*,*,#10340,.F.);
#10340 = EDGE_CURVE('',#10221,#10333,#10341,.T.);
#10341 = LINE('',#10342,#10343);
#10342 = CARTESIAN_POINT('',(155.1,6.,-31.55662432702));
#10343 = VECTOR('',#10344,1.);
#10344 = DIRECTION('',(-1.,0.,0.));
#10345 = PLANE('',#10346);
#10346 = AXIS2_PLACEMENT_3D('',#10347,#10348,#10349);
#10347 = CARTESIAN_POINT('',(155.1,4.75,-32.27831216351));
#10348 = DIRECTION('',(0.,0.5,-0.866025403784));
#10349 = DIRECTION('',(0.,0.866025403784,0.5));
#10350 = ADVANCED_FACE('',(#10351),#10369,.T.);
#10351 = FACE_BOUND('',#10352,.T.);
#10352 = EDGE_LOOP('',(#10353,#10354,#10355,#10363));
#10353 = ORIENTED_EDGE('',*,*,#10220,.T.);
#10354 = ORIENTED_EDGE('',*,*,#10340,.T.);
#10355 = ORIENTED_EDGE('',*,*,#10356,.T.);
#10356 = EDGE_CURVE('',#10333,#10357,#10359,.T.);
#10357 = VERTEX_POINT('',#10358);
#10358 = CARTESIAN_POINT('',(153.2,7.25,-32.27831216351));
#10359 = LINE('',#10360,#10361);
#10360 = CARTESIAN_POINT('',(153.2,6.,-31.55662432702));
#10361 = VECTOR('',#10362,1.);
#10362 = DIRECTION('',(0.,0.866025403784,-0.5));
#10363 = ORIENTED_EDGE('',*,*,#10364,.F.);
#10364 = EDGE_CURVE('',#10213,#10357,#10365,.T.);
#10365 = LINE('',#10366,#10367);
#10366 = CARTESIAN_POINT('',(155.1,7.25,-32.27831216351));
#10367 = VECTOR('',#10368,1.);
#10368 = DIRECTION('',(-1.,0.,0.));
#10369 = PLANE('',#10370);
#10370 = AXIS2_PLACEMENT_3D('',#10371,#10372,#10373);
#10371 = CARTESIAN_POINT('',(155.1,6.,-31.55662432702));
#10372 = DIRECTION('',(-0.,-0.5,-0.866025403784));
#10373 = DIRECTION('',(0.,0.866025403784,-0.5));
#10374 = ADVANCED_FACE('',(#10375),#10393,.T.);
#10375 = FACE_BOUND('',#10376,.T.);
#10376 = EDGE_LOOP('',(#10377,#10378,#10379,#10387));
#10377 = ORIENTED_EDGE('',*,*,#10212,.T.);
#10378 = ORIENTED_EDGE('',*,*,#10364,.T.);
#10379 = ORIENTED_EDGE('',*,*,#10380,.T.);
#10380 = EDGE_CURVE('',#10357,#10381,#10383,.T.);
#10381 = VERTEX_POINT('',#10382);
#10382 = CARTESIAN_POINT('',(153.2,7.25,-33.72168783648));
#10383 = LINE('',#10384,#10385);
#10384 = CARTESIAN_POINT('',(153.2,7.25,-32.27831216351));
#10385 = VECTOR('',#10386,1.);
#10386 = DIRECTION('',(0.,0.,-1.));
#10387 = ORIENTED_EDGE('',*,*,#10388,.F.);
#10388 = EDGE_CURVE('',#10205,#10381,#10389,.T.);
#10389 = LINE('',#10390,#10391);
#10390 = CARTESIAN_POINT('',(155.1,7.25,-33.72168783648));
#10391 = VECTOR('',#10392,1.);
#10392 = DIRECTION('',(-1.,0.,0.));
#10393 = PLANE('',#10394);
#10394 = AXIS2_PLACEMENT_3D('',#10395,#10396,#10397);
#10395 = CARTESIAN_POINT('',(155.1,7.25,-32.27831216351));
#10396 = DIRECTION('',(-0.,-1.,-0.));
#10397 = DIRECTION('',(0.,0.,-1.));
#10398 = ADVANCED_FACE('',(#10399),#10410,.T.);
#10399 = FACE_BOUND('',#10400,.T.);
#10400 = EDGE_LOOP('',(#10401,#10402,#10403,#10409));
#10401 = ORIENTED_EDGE('',*,*,#10204,.T.);
#10402 = ORIENTED_EDGE('',*,*,#10388,.T.);
#10403 = ORIENTED_EDGE('',*,*,#10404,.T.);
#10404 = EDGE_CURVE('',#10381,#10277,#10405,.T.);
#10405 = LINE('',#10406,#10407);
#10406 = CARTESIAN_POINT('',(153.2,7.25,-33.72168783648));
#10407 = VECTOR('',#10408,1.);
#10408 = DIRECTION('',(0.,-0.866025403784,-0.5));
#10409 = ORIENTED_EDGE('',*,*,#10276,.F.);
#10410 = PLANE('',#10411);
#10411 = AXIS2_PLACEMENT_3D('',#10412,#10413,#10414);
#10412 = CARTESIAN_POINT('',(155.1,7.25,-33.72168783648));
#10413 = DIRECTION('',(0.,-0.5,0.866025403784));
#10414 = DIRECTION('',(0.,-0.866025403784,-0.5));
#10415 = ADVANCED_FACE('',(#10416),#10419,.T.);
#10416 = FACE_BOUND('',#10417,.T.);
#10417 = EDGE_LOOP('',(#10418));
#10418 = ORIENTED_EDGE('',*,*,#10250,.T.);
#10419 = PLANE('',#10420);
#10420 = AXIS2_PLACEMENT_3D('',#10421,#10422,#10423);
#10421 = CARTESIAN_POINT('',(140.,6.,-33.));
#10422 = DIRECTION('',(-1.,0.,0.));
#10423 = DIRECTION('',(0.,0.,-1.));
#10424 = ADVANCED_FACE('',(#10425),#10433,.F.);
#10425 = FACE_BOUND('',#10426,.F.);
#10426 = EDGE_LOOP('',(#10427,#10428,#10429,#10430,#10431,#10432));
#10427 = ORIENTED_EDGE('',*,*,#10404,.T.);
#10428 = ORIENTED_EDGE('',*,*,#10284,.T.);
#10429 = ORIENTED_EDGE('',*,*,#10308,.T.);
#10430 = ORIENTED_EDGE('',*,*,#10332,.T.);
#10431 = ORIENTED_EDGE('',*,*,#10356,.T.);
#10432 = ORIENTED_EDGE('',*,*,#10380,.T.);
#10433 = PLANE('',#10434);
#10434 = AXIS2_PLACEMENT_3D('',#10435,#10436,#10437);
#10435 = CARTESIAN_POINT('',(153.2,6.,-33.));
#10436 = DIRECTION('',(-1.,-0.,-0.));
#10437 = DIRECTION('',(0.,0.,-1.));
#10438 = MANIFOLD_SOLID_BREP('',#10439);
#10439 = CLOSED_SHELL('',(#10440,#10473,#10493,#10513));
#10440 = ADVANCED_FACE('',(#10441),#10468,.T.);
#10441 = FACE_BOUND('',#10442,.T.);
#10442 = EDGE_LOOP('',(#10443,#10452,#10460,#10467));
#10443 = ORIENTED_EDGE('',*,*,#10444,.F.);
#10444 = EDGE_CURVE('',#10445,#10445,#10447,.T.);
#10445 = VERTEX_POINT('',#10446);
#10446 = CARTESIAN_POINT('',(140.3,6.,-35.3));
#10447 = CIRCLE('',#10448,2.3);
#10448 = AXIS2_PLACEMENT_3D('',#10449,#10450,#10451);
#10449 = CARTESIAN_POINT('',(140.3,6.,-33.));
#10450 = DIRECTION('',(-1.,0.,0.));
#10451 = DIRECTION('',(0.,0.,-1.));
#10452 = ORIENTED_EDGE('',*,*,#10453,.F.);
#10453 = EDGE_CURVE('',#10454,#10445,#10456,.T.);
#10454 = VERTEX_POINT('',#10455);
#10455 = CARTESIAN_POINT('',(146.,6.,-35.3));
#10456 = LINE('',#10457,#10458);
#10457 = CARTESIAN_POINT('',(146.,6.,-35.3));
#10458 = VECTOR('',#10459,1.);
#10459 = DIRECTION('',(-1.,0.,0.));
#10460 = ORIENTED_EDGE('',*,*,#10461,.T.);
#10461 = EDGE_CURVE('',#10454,#10454,#10462,.T.);
#10462 = CIRCLE('',#10463,2.3);
#10463 = AXIS2_PLACEMENT_3D('',#10464,#10465,#10466);
#10464 = CARTESIAN_POINT('',(146.,6.,-33.));
#10465 = DIRECTION('',(-1.,0.,0.));
#10466 = DIRECTION('',(0.,0.,-1.));
#10467 = ORIENTED_EDGE('',*,*,#10453,.T.);
#10468 = CYLINDRICAL_SURFACE('',#10469,2.3);
#10469 = AXIS2_PLACEMENT_3D('',#10470,#10471,#10472);
#10470 = CARTESIAN_POINT('',(146.,6.,-33.));
#10471 = DIRECTION('',(-1.,0.,0.));
#10472 = DIRECTION('',(0.,0.,-1.));
#10473 = ADVANCED_FACE('',(#10474,#10477),#10488,.T.);
#10474 = FACE_BOUND('',#10475,.T.);
#10475 = EDGE_LOOP('',(#10476));
#10476 = ORIENTED_EDGE('',*,*,#10444,.T.);
#10477 = FACE_BOUND('',#10478,.T.);
#10478 = EDGE_LOOP('',(#10479));
#10479 = ORIENTED_EDGE('',*,*,#10480,.F.);
#10480 = EDGE_CURVE('',#10481,#10481,#10483,.T.);
#10481 = VERTEX_POINT('',#10482);
#10482 = CARTESIAN_POINT('',(140.3,6.,-34.5));
#10483 = CIRCLE('',#10484,1.5);
#10484 = AXIS2_PLACEMENT_3D('',#10485,#10486,#10487);
#10485 = CARTESIAN_POINT('',(140.3,6.,-33.));
#10486 = DIRECTION('',(-1.,0.,0.));
#10487 = DIRECTION('',(0.,0.,-1.));
#10488 = PLANE('',#10489);
#10489 = AXIS2_PLACEMENT_3D('',#10490,#10491,#10492);
#10490 = CARTESIAN_POINT('',(140.3,6.,-33.));
#10491 = DIRECTION('',(-1.,0.,0.));
#10492 = DIRECTION('',(0.,0.,-1.));
#10493 = ADVANCED_FACE('',(#10494,#10497),#10508,.F.);
#10494 = FACE_BOUND('',#10495,.F.);
#10495 = EDGE_LOOP('',(#10496));
#10496 = ORIENTED_EDGE('',*,*,#10461,.T.);
#10497 = FACE_BOUND('',#10498,.F.);
#10498 = EDGE_LOOP('',(#10499));
#10499 = ORIENTED_EDGE('',*,*,#10500,.F.);
#10500 = EDGE_CURVE('',#10501,#10501,#10503,.T.);
#10501 = VERTEX_POINT('',#10502);
#10502 = CARTESIAN_POINT('',(146.,6.,-34.5));
#10503 = CIRCLE('',#10504,1.5);
#10504 = AXIS2_PLACEMENT_3D('',#10505,#10506,#10507);
#10505 = CARTESIAN_POINT('',(146.,6.,-33.));
#10506 = DIRECTION('',(-1.,0.,0.));
#10507 = DIRECTION('',(0.,0.,-1.));
#10508 = PLANE('',#10509);
#10509 = AXIS2_PLACEMENT_3D('',#10510,#10511,#10512);
#10510 = CARTESIAN_POINT('',(146.,6.,-33.));
#10511 = DIRECTION('',(-1.,0.,0.));
#10512 = DIRECTION('',(0.,0.,-1.));
#10513 = ADVANCED_FACE('',(#10514),#10525,.F.);
#10514 = FACE_BOUND('',#10515,.F.);
#10515 = EDGE_LOOP('',(#10516,#10517,#10523,#10524));
#10516 = ORIENTED_EDGE('',*,*,#10480,.F.);
#10517 = ORIENTED_EDGE('',*,*,#10518,.F.);
#10518 = EDGE_CURVE('',#10501,#10481,#10519,.T.);
#10519 = LINE('',#10520,#10521);
#10520 = CARTESIAN_POINT('',(147.,6.,-34.5));
#10521 = VECTOR('',#10522,1.);
#10522 = DIRECTION('',(-1.,0.,0.));
#10523 = ORIENTED_EDGE('',*,*,#10500,.T.);
#10524 = ORIENTED_EDGE('',*,*,#10518,.T.);
#10525 = CYLINDRICAL_SURFACE('',#10526,1.5);
#10526 = AXIS2_PLACEMENT_3D('',#10527,#10528,#10529);
#10527 = CARTESIAN_POINT('',(147.,6.,-33.));
#10528 = DIRECTION('',(-1.,0.,0.));
#10529 = DIRECTION('',(0.,0.,-1.));
#10530 = MANIFOLD_SOLID_BREP('',#10531);
#10531 = CLOSED_SHELL('',(#10532,#10565,#10585,#10644,#10669,#10700,
    #10724,#10748,#10772,#10796,#10813,#10822));
#10532 = ADVANCED_FACE('',(#10533),#10560,.T.);
#10533 = FACE_BOUND('',#10534,.T.);
#10534 = EDGE_LOOP('',(#10535,#10544,#10552,#10559));
#10535 = ORIENTED_EDGE('',*,*,#10536,.F.);
#10536 = EDGE_CURVE('',#10537,#10537,#10539,.T.);
#10537 = VERTEX_POINT('',#10538);
#10538 = CARTESIAN_POINT('',(152.,6.,30.25));
#10539 = CIRCLE('',#10540,2.75);
#10540 = AXIS2_PLACEMENT_3D('',#10541,#10542,#10543);
#10541 = CARTESIAN_POINT('',(152.,6.,33.));
#10542 = DIRECTION('',(-1.,0.,0.));
#10543 = DIRECTION('',(0.,0.,-1.));
#10544 = ORIENTED_EDGE('',*,*,#10545,.F.);
#10545 = EDGE_CURVE('',#10546,#10537,#10548,.T.);
#10546 = VERTEX_POINT('',#10547);
#10547 = CARTESIAN_POINT('',(155.,6.,30.25));
#10548 = LINE('',#10549,#10550);
#10549 = CARTESIAN_POINT('',(155.,6.,30.25));
#10550 = VECTOR('',#10551,1.);
#10551 = DIRECTION('',(-1.,0.,0.));
#10552 = ORIENTED_EDGE('',*,*,#10553,.T.);
#10553 = EDGE_CURVE('',#10546,#10546,#10554,.T.);
#10554 = CIRCLE('',#10555,2.75);
#10555 = AXIS2_PLACEMENT_3D('',#10556,#10557,#10558);
#10556 = CARTESIAN_POINT('',(155.,6.,33.));
#10557 = DIRECTION('',(-1.,0.,0.));
#10558 = DIRECTION('',(0.,0.,-1.));
#10559 = ORIENTED_EDGE('',*,*,#10545,.T.);
#10560 = CYLINDRICAL_SURFACE('',#10561,2.75);
#10561 = AXIS2_PLACEMENT_3D('',#10562,#10563,#10564);
#10562 = CARTESIAN_POINT('',(155.,6.,33.));
#10563 = DIRECTION('',(-1.,0.,0.));
#10564 = DIRECTION('',(0.,0.,-1.));
#10565 = ADVANCED_FACE('',(#10566,#10569),#10580,.T.);
#10566 = FACE_BOUND('',#10567,.T.);
#10567 = EDGE_LOOP('',(#10568));
#10568 = ORIENTED_EDGE('',*,*,#10536,.T.);
#10569 = FACE_BOUND('',#10570,.T.);
#10570 = EDGE_LOOP('',(#10571));
#10571 = ORIENTED_EDGE('',*,*,#10572,.F.);
#10572 = EDGE_CURVE('',#10573,#10573,#10575,.T.);
#10573 = VERTEX_POINT('',#10574);
#10574 = CARTESIAN_POINT('',(152.,6.,31.5));
#10575 = CIRCLE('',#10576,1.5);
#10576 = AXIS2_PLACEMENT_3D('',#10577,#10578,#10579);
#10577 = CARTESIAN_POINT('',(152.,6.,33.));
#10578 = DIRECTION('',(-1.,0.,0.));
#10579 = DIRECTION('',(0.,0.,-1.));
#10580 = PLANE('',#10581);
#10581 = AXIS2_PLACEMENT_3D('',#10582,#10583,#10584);
#10582 = CARTESIAN_POINT('',(152.,6.,33.));
#10583 = DIRECTION('',(-1.,0.,0.));
#10584 = DIRECTION('',(0.,0.,-1.));
#10585 = ADVANCED_FACE('',(#10586,#10589),#10639,.F.);
#10586 = FACE_BOUND('',#10587,.F.);
#10587 = EDGE_LOOP('',(#10588));
#10588 = ORIENTED_EDGE('',*,*,#10553,.T.);
#10589 = FACE_BOUND('',#10590,.F.);
#10590 = EDGE_LOOP('',(#10591,#10601,#10609,#10617,#10625,#10633));
#10591 = ORIENTED_EDGE('',*,*,#10592,.T.);
#10592 = EDGE_CURVE('',#10593,#10595,#10597,.T.);
#10593 = VERTEX_POINT('',#10594);
#10594 = CARTESIAN_POINT('',(155.,4.75,32.278312163513));
#10595 = VERTEX_POINT('',#10596);
#10596 = CARTESIAN_POINT('',(155.,6.,31.556624327026));
#10597 = LINE('',#10598,#10599);
#10598 = CARTESIAN_POINT('',(155.,5.6875,31.737046286148));
#10599 = VECTOR('',#10600,1.);
#10600 = DIRECTION('',(0.,0.866025403784,-0.5));
#10601 = ORIENTED_EDGE('',*,*,#10602,.T.);
#10602 = EDGE_CURVE('',#10595,#10603,#10605,.T.);
#10603 = VERTEX_POINT('',#10604);
#10604 = CARTESIAN_POINT('',(155.,7.25,32.278312163513));
#10605 = LINE('',#10606,#10607);
#10606 = CARTESIAN_POINT('',(155.,6.9375,32.097890204391));
#10607 = VECTOR('',#10608,1.);
#10608 = DIRECTION('',(0.,0.866025403784,0.5));
#10609 = ORIENTED_EDGE('',*,*,#10610,.T.);
#10610 = EDGE_CURVE('',#10603,#10611,#10613,.T.);
#10611 = VERTEX_POINT('',#10612);
#10612 = CARTESIAN_POINT('',(155.,7.25,33.721687836487));
#10613 = LINE('',#10614,#10615);
#10614 = CARTESIAN_POINT('',(155.,7.25,33.360843918244));
#10615 = VECTOR('',#10616,1.);
#10616 = DIRECTION('',(0.,-0.,1.));
#10617 = ORIENTED_EDGE('',*,*,#10618,.T.);
#10618 = EDGE_CURVE('',#10611,#10619,#10621,.T.);
#10619 = VERTEX_POINT('',#10620);
#10620 = CARTESIAN_POINT('',(155.,6.,34.443375672974));
#10621 = LINE('',#10622,#10623);
#10622 = CARTESIAN_POINT('',(155.,6.3125,34.262953713852));
#10623 = VECTOR('',#10624,1.);
#10624 = DIRECTION('',(0.,-0.866025403784,0.5));
#10625 = ORIENTED_EDGE('',*,*,#10626,.T.);
#10626 = EDGE_CURVE('',#10619,#10627,#10629,.T.);
#10627 = VERTEX_POINT('',#10628);
#10628 = CARTESIAN_POINT('',(155.,4.75,33.721687836487));
#10629 = LINE('',#10630,#10631);
#10630 = CARTESIAN_POINT('',(155.,5.0625,33.902109795609));
#10631 = VECTOR('',#10632,1.);
#10632 = DIRECTION('',(-0.,-0.866025403784,-0.5));
#10633 = ORIENTED_EDGE('',*,*,#10634,.T.);
#10634 = EDGE_CURVE('',#10627,#10593,#10635,.T.);
#10635 = LINE('',#10636,#10637);
#10636 = CARTESIAN_POINT('',(155.,4.75,32.639156081756));
#10637 = VECTOR('',#10638,1.);
#10638 = DIRECTION('',(-0.,0.,-1.));
#10639 = PLANE('',#10640);
#10640 = AXIS2_PLACEMENT_3D('',#10641,#10642,#10643);
#10641 = CARTESIAN_POINT('',(155.,6.,33.));
#10642 = DIRECTION('',(-1.,0.,0.));
#10643 = DIRECTION('',(0.,0.,-1.));
#10644 = ADVANCED_FACE('',(#10645),#10664,.T.);
#10645 = FACE_BOUND('',#10646,.T.);
#10646 = EDGE_LOOP('',(#10647,#10656,#10662,#10663));
#10647 = ORIENTED_EDGE('',*,*,#10648,.F.);
#10648 = EDGE_CURVE('',#10649,#10649,#10651,.T.);
#10649 = VERTEX_POINT('',#10650);
#10650 = CARTESIAN_POINT('',(140.,6.,31.5));
#10651 = CIRCLE('',#10652,1.5);
#10652 = AXIS2_PLACEMENT_3D('',#10653,#10654,#10655);
#10653 = CARTESIAN_POINT('',(140.,6.,33.));
#10654 = DIRECTION('',(-1.,0.,0.));
#10655 = DIRECTION('',(0.,0.,-1.));
#10656 = ORIENTED_EDGE('',*,*,#10657,.F.);
#10657 = EDGE_CURVE('',#10573,#10649,#10658,.T.);
#10658 = LINE('',#10659,#10660);
#10659 = CARTESIAN_POINT('',(152.,6.,31.5));
#10660 = VECTOR('',#10661,1.);
#10661 = DIRECTION('',(-1.,0.,0.));
#10662 = ORIENTED_EDGE('',*,*,#10572,.T.);
#10663 = ORIENTED_EDGE('',*,*,#10657,.T.);
#10664 = CYLINDRICAL_SURFACE('',#10665,1.5);
#10665 = AXIS2_PLACEMENT_3D('',#10666,#10667,#10668);
#10666 = CARTESIAN_POINT('',(152.,6.,33.));
#10667 = DIRECTION('',(-1.,0.,0.));
#10668 = DIRECTION('',(0.,0.,-1.));
#10669 = ADVANCED_FACE('',(#10670),#10695,.T.);
#10670 = FACE_BOUND('',#10671,.T.);
#10671 = EDGE_LOOP('',(#10672,#10673,#10681,#10689));
#10672 = ORIENTED_EDGE('',*,*,#10592,.T.);
#10673 = ORIENTED_EDGE('',*,*,#10674,.T.);
#10674 = EDGE_CURVE('',#10595,#10675,#10677,.T.);
#10675 = VERTEX_POINT('',#10676);
#10676 = CARTESIAN_POINT('',(153.2,6.,31.556624327026));
#10677 = LINE('',#10678,#10679);
#10678 = CARTESIAN_POINT('',(155.1,6.,31.556624327026));
#10679 = VECTOR('',#10680,1.);
#10680 = DIRECTION('',(-1.,0.,0.));
#10681 = ORIENTED_EDGE('',*,*,#10682,.T.);
#10682 = EDGE_CURVE('',#10675,#10683,#10685,.T.);
#10683 = VERTEX_POINT('',#10684);
#10684 = CARTESIAN_POINT('',(153.2,4.75,32.278312163513));
#10685 = LINE('',#10686,#10687);
#10686 = CARTESIAN_POINT('',(153.2,6.,31.556624327026));
#10687 = VECTOR('',#10688,1.);
#10688 = DIRECTION('',(0.,-0.866025403784,0.5));
#10689 = ORIENTED_EDGE('',*,*,#10690,.F.);
#10690 = EDGE_CURVE('',#10593,#10683,#10691,.T.);
#10691 = LINE('',#10692,#10693);
#10692 = CARTESIAN_POINT('',(155.1,4.75,32.278312163513));
#10693 = VECTOR('',#10694,1.);
#10694 = DIRECTION('',(-1.,0.,0.));
#10695 = PLANE('',#10696);
#10696 = AXIS2_PLACEMENT_3D('',#10697,#10698,#10699);
#10697 = CARTESIAN_POINT('',(155.1,6.,31.556624327026));
#10698 = DIRECTION('',(0.,0.5,0.866025403784));
#10699 = DIRECTION('',(0.,-0.866025403784,0.5));
#10700 = ADVANCED_FACE('',(#10701),#10719,.T.);
#10701 = FACE_BOUND('',#10702,.T.);
#10702 = EDGE_LOOP('',(#10703,#10704,#10705,#10713));
#10703 = ORIENTED_EDGE('',*,*,#10634,.T.);
#10704 = ORIENTED_EDGE('',*,*,#10690,.T.);
#10705 = ORIENTED_EDGE('',*,*,#10706,.T.);
#10706 = EDGE_CURVE('',#10683,#10707,#10709,.T.);
#10707 = VERTEX_POINT('',#10708);
#10708 = CARTESIAN_POINT('',(153.2,4.75,33.721687836487));
#10709 = LINE('',#10710,#10711);
#10710 = CARTESIAN_POINT('',(153.2,4.75,32.278312163513));
#10711 = VECTOR('',#10712,1.);
#10712 = DIRECTION('',(0.,0.,1.));
#10713 = ORIENTED_EDGE('',*,*,#10714,.F.);
#10714 = EDGE_CURVE('',#10627,#10707,#10715,.T.);
#10715 = LINE('',#10716,#10717);
#10716 = CARTESIAN_POINT('',(155.1,4.75,33.721687836487));
#10717 = VECTOR('',#10718,1.);
#10718 = DIRECTION('',(-1.,0.,0.));
#10719 = PLANE('',#10720);
#10720 = AXIS2_PLACEMENT_3D('',#10721,#10722,#10723);
#10721 = CARTESIAN_POINT('',(155.1,4.75,32.278312163513));
#10722 = DIRECTION('',(0.,1.,-0.));
#10723 = DIRECTION('',(0.,0.,1.));
#10724 = ADVANCED_FACE('',(#10725),#10743,.T.);
#10725 = FACE_BOUND('',#10726,.T.);
#10726 = EDGE_LOOP('',(#10727,#10728,#10729,#10737));
#10727 = ORIENTED_EDGE('',*,*,#10626,.T.);
#10728 = ORIENTED_EDGE('',*,*,#10714,.T.);
#10729 = ORIENTED_EDGE('',*,*,#10730,.T.);
#10730 = EDGE_CURVE('',#10707,#10731,#10733,.T.);
#10731 = VERTEX_POINT('',#10732);
#10732 = CARTESIAN_POINT('',(153.2,6.,34.443375672974));
#10733 = LINE('',#10734,#10735);
#10734 = CARTESIAN_POINT('',(153.2,4.75,33.721687836487));
#10735 = VECTOR('',#10736,1.);
#10736 = DIRECTION('',(0.,0.866025403784,0.5));
#10737 = ORIENTED_EDGE('',*,*,#10738,.F.);
#10738 = EDGE_CURVE('',#10619,#10731,#10739,.T.);
#10739 = LINE('',#10740,#10741);
#10740 = CARTESIAN_POINT('',(155.1,6.,34.443375672974));
#10741 = VECTOR('',#10742,1.);
#10742 = DIRECTION('',(-1.,0.,0.));
#10743 = PLANE('',#10744);
#10744 = AXIS2_PLACEMENT_3D('',#10745,#10746,#10747);
#10745 = CARTESIAN_POINT('',(155.1,4.75,33.721687836487));
#10746 = DIRECTION('',(0.,0.5,-0.866025403784));
#10747 = DIRECTION('',(0.,0.866025403784,0.5));
#10748 = ADVANCED_FACE('',(#10749),#10767,.T.);
#10749 = FACE_BOUND('',#10750,.T.);
#10750 = EDGE_LOOP('',(#10751,#10752,#10753,#10761));
#10751 = ORIENTED_EDGE('',*,*,#10618,.T.);
#10752 = ORIENTED_EDGE('',*,*,#10738,.T.);
#10753 = ORIENTED_EDGE('',*,*,#10754,.T.);
#10754 = EDGE_CURVE('',#10731,#10755,#10757,.T.);
#10755 = VERTEX_POINT('',#10756);
#10756 = CARTESIAN_POINT('',(153.2,7.25,33.721687836487));
#10757 = LINE('',#10758,#10759);
#10758 = CARTESIAN_POINT('',(153.2,6.,34.443375672974));
#10759 = VECTOR('',#10760,1.);
#10760 = DIRECTION('',(0.,0.866025403784,-0.5));
#10761 = ORIENTED_EDGE('',*,*,#10762,.F.);
#10762 = EDGE_CURVE('',#10611,#10755,#10763,.T.);
#10763 = LINE('',#10764,#10765);
#10764 = CARTESIAN_POINT('',(155.1,7.25,33.721687836487));
#10765 = VECTOR('',#10766,1.);
#10766 = DIRECTION('',(-1.,0.,0.));
#10767 = PLANE('',#10768);
#10768 = AXIS2_PLACEMENT_3D('',#10769,#10770,#10771);
#10769 = CARTESIAN_POINT('',(155.1,6.,34.443375672974));
#10770 = DIRECTION('',(-0.,-0.5,-0.866025403784));
#10771 = DIRECTION('',(0.,0.866025403784,-0.5));
#10772 = ADVANCED_FACE('',(#10773),#10791,.T.);
#10773 = FACE_BOUND('',#10774,.T.);
#10774 = EDGE_LOOP('',(#10775,#10776,#10777,#10785));
#10775 = ORIENTED_EDGE('',*,*,#10610,.T.);
#10776 = ORIENTED_EDGE('',*,*,#10762,.T.);
#10777 = ORIENTED_EDGE('',*,*,#10778,.T.);
#10778 = EDGE_CURVE('',#10755,#10779,#10781,.T.);
#10779 = VERTEX_POINT('',#10780);
#10780 = CARTESIAN_POINT('',(153.2,7.25,32.278312163513));
#10781 = LINE('',#10782,#10783);
#10782 = CARTESIAN_POINT('',(153.2,7.25,33.721687836487));
#10783 = VECTOR('',#10784,1.);
#10784 = DIRECTION('',(0.,0.,-1.));
#10785 = ORIENTED_EDGE('',*,*,#10786,.F.);
#10786 = EDGE_CURVE('',#10603,#10779,#10787,.T.);
#10787 = LINE('',#10788,#10789);
#10788 = CARTESIAN_POINT('',(155.1,7.25,32.278312163513));
#10789 = VECTOR('',#10790,1.);
#10790 = DIRECTION('',(-1.,0.,0.));
#10791 = PLANE('',#10792);
#10792 = AXIS2_PLACEMENT_3D('',#10793,#10794,#10795);
#10793 = CARTESIAN_POINT('',(155.1,7.25,33.721687836487));
#10794 = DIRECTION('',(-0.,-1.,-0.));
#10795 = DIRECTION('',(0.,0.,-1.));
#10796 = ADVANCED_FACE('',(#10797),#10808,.T.);
#10797 = FACE_BOUND('',#10798,.T.);
#10798 = EDGE_LOOP('',(#10799,#10800,#10801,#10807));
#10799 = ORIENTED_EDGE('',*,*,#10602,.T.);
#10800 = ORIENTED_EDGE('',*,*,#10786,.T.);
#10801 = ORIENTED_EDGE('',*,*,#10802,.T.);
#10802 = EDGE_CURVE('',#10779,#10675,#10803,.T.);
#10803 = LINE('',#10804,#10805);
#10804 = CARTESIAN_POINT('',(153.2,7.25,32.278312163513));
#10805 = VECTOR('',#10806,1.);
#10806 = DIRECTION('',(0.,-0.866025403784,-0.5));
#10807 = ORIENTED_EDGE('',*,*,#10674,.F.);
#10808 = PLANE('',#10809);
#10809 = AXIS2_PLACEMENT_3D('',#10810,#10811,#10812);
#10810 = CARTESIAN_POINT('',(155.1,7.25,32.278312163513));
#10811 = DIRECTION('',(0.,-0.5,0.866025403784));
#10812 = DIRECTION('',(0.,-0.866025403784,-0.5));
#10813 = ADVANCED_FACE('',(#10814),#10817,.T.);
#10814 = FACE_BOUND('',#10815,.T.);
#10815 = EDGE_LOOP('',(#10816));
#10816 = ORIENTED_EDGE('',*,*,#10648,.T.);
#10817 = PLANE('',#10818);
#10818 = AXIS2_PLACEMENT_3D('',#10819,#10820,#10821);
#10819 = CARTESIAN_POINT('',(140.,6.,33.));
#10820 = DIRECTION('',(-1.,0.,0.));
#10821 = DIRECTION('',(0.,0.,-1.));
#10822 = ADVANCED_FACE('',(#10823),#10831,.F.);
#10823 = FACE_BOUND('',#10824,.F.);
#10824 = EDGE_LOOP('',(#10825,#10826,#10827,#10828,#10829,#10830));
#10825 = ORIENTED_EDGE('',*,*,#10802,.T.);
#10826 = ORIENTED_EDGE('',*,*,#10682,.T.);
#10827 = ORIENTED_EDGE('',*,*,#10706,.T.);
#10828 = ORIENTED_EDGE('',*,*,#10730,.T.);
#10829 = ORIENTED_EDGE('',*,*,#10754,.T.);
#10830 = ORIENTED_EDGE('',*,*,#10778,.T.);
#10831 = PLANE('',#10832);
#10832 = AXIS2_PLACEMENT_3D('',#10833,#10834,#10835);
#10833 = CARTESIAN_POINT('',(153.2,6.,33.));
#10834 = DIRECTION('',(-1.,-0.,-0.));
#10835 = DIRECTION('',(0.,0.,-1.));
#10836 = MANIFOLD_SOLID_BREP('',#10837);
#10837 = CLOSED_SHELL('',(#10838,#10871,#10891,#10911));
#10838 = ADVANCED_FACE('',(#10839),#10866,.T.);
#10839 = FACE_BOUND('',#10840,.T.);
#10840 = EDGE_LOOP('',(#10841,#10850,#10858,#10865));
#10841 = ORIENTED_EDGE('',*,*,#10842,.F.);
#10842 = EDGE_CURVE('',#10843,#10843,#10845,.T.);
#10843 = VERTEX_POINT('',#10844);
#10844 = CARTESIAN_POINT('',(140.3,6.,30.7));
#10845 = CIRCLE('',#10846,2.3);
#10846 = AXIS2_PLACEMENT_3D('',#10847,#10848,#10849);
#10847 = CARTESIAN_POINT('',(140.3,6.,33.));
#10848 = DIRECTION('',(-1.,0.,0.));
#10849 = DIRECTION('',(0.,0.,-1.));
#10850 = ORIENTED_EDGE('',*,*,#10851,.F.);
#10851 = EDGE_CURVE('',#10852,#10843,#10854,.T.);
#10852 = VERTEX_POINT('',#10853);
#10853 = CARTESIAN_POINT('',(146.,6.,30.7));
#10854 = LINE('',#10855,#10856);
#10855 = CARTESIAN_POINT('',(146.,6.,30.7));
#10856 = VECTOR('',#10857,1.);
#10857 = DIRECTION('',(-1.,0.,0.));
#10858 = ORIENTED_EDGE('',*,*,#10859,.T.);
#10859 = EDGE_CURVE('',#10852,#10852,#10860,.T.);
#10860 = CIRCLE('',#10861,2.3);
#10861 = AXIS2_PLACEMENT_3D('',#10862,#10863,#10864);
#10862 = CARTESIAN_POINT('',(146.,6.,33.));
#10863 = DIRECTION('',(-1.,0.,0.));
#10864 = DIRECTION('',(0.,0.,-1.));
#10865 = ORIENTED_EDGE('',*,*,#10851,.T.);
#10866 = CYLINDRICAL_SURFACE('',#10867,2.3);
#10867 = AXIS2_PLACEMENT_3D('',#10868,#10869,#10870);
#10868 = CARTESIAN_POINT('',(146.,6.,33.));
#10869 = DIRECTION('',(-1.,0.,0.));
#10870 = DIRECTION('',(0.,0.,-1.));
#10871 = ADVANCED_FACE('',(#10872,#10875),#10886,.T.);
#10872 = FACE_BOUND('',#10873,.T.);
#10873 = EDGE_LOOP('',(#10874));
#10874 = ORIENTED_EDGE('',*,*,#10842,.T.);
#10875 = FACE_BOUND('',#10876,.T.);
#10876 = EDGE_LOOP('',(#10877));
#10877 = ORIENTED_EDGE('',*,*,#10878,.F.);
#10878 = EDGE_CURVE('',#10879,#10879,#10881,.T.);
#10879 = VERTEX_POINT('',#10880);
#10880 = CARTESIAN_POINT('',(140.3,6.,31.5));
#10881 = CIRCLE('',#10882,1.5);
#10882 = AXIS2_PLACEMENT_3D('',#10883,#10884,#10885);
#10883 = CARTESIAN_POINT('',(140.3,6.,33.));
#10884 = DIRECTION('',(-1.,0.,0.));
#10885 = DIRECTION('',(0.,0.,-1.));
#10886 = PLANE('',#10887);
#10887 = AXIS2_PLACEMENT_3D('',#10888,#10889,#10890);
#10888 = CARTESIAN_POINT('',(140.3,6.,33.));
#10889 = DIRECTION('',(-1.,0.,0.));
#10890 = DIRECTION('',(0.,0.,-1.));
#10891 = ADVANCED_FACE('',(#10892,#10895),#10906,.F.);
#10892 = FACE_BOUND('',#10893,.F.);
#10893 = EDGE_LOOP('',(#10894));
#10894 = ORIENTED_EDGE('',*,*,#10859,.T.);
#10895 = FACE_BOUND('',#10896,.F.);
#10896 = EDGE_LOOP('',(#10897));
#10897 = ORIENTED_EDGE('',*,*,#10898,.F.);
#10898 = EDGE_CURVE('',#10899,#10899,#10901,.T.);
#10899 = VERTEX_POINT('',#10900);
#10900 = CARTESIAN_POINT('',(146.,6.,31.5));
#10901 = CIRCLE('',#10902,1.5);
#10902 = AXIS2_PLACEMENT_3D('',#10903,#10904,#10905);
#10903 = CARTESIAN_POINT('',(146.,6.,33.));
#10904 = DIRECTION('',(-1.,0.,0.));
#10905 = DIRECTION('',(0.,0.,-1.));
#10906 = PLANE('',#10907);
#10907 = AXIS2_PLACEMENT_3D('',#10908,#10909,#10910);
#10908 = CARTESIAN_POINT('',(146.,6.,33.));
#10909 = DIRECTION('',(-1.,0.,0.));
#10910 = DIRECTION('',(0.,0.,-1.));
#10911 = ADVANCED_FACE('',(#10912),#10923,.F.);
#10912 = FACE_BOUND('',#10913,.F.);
#10913 = EDGE_LOOP('',(#10914,#10915,#10921,#10922));
#10914 = ORIENTED_EDGE('',*,*,#10878,.F.);
#10915 = ORIENTED_EDGE('',*,*,#10916,.F.);
#10916 = EDGE_CURVE('',#10899,#10879,#10917,.T.);
#10917 = LINE('',#10918,#10919);
#10918 = CARTESIAN_POINT('',(147.,6.,31.5));
#10919 = VECTOR('',#10920,1.);
#10920 = DIRECTION('',(-1.,0.,0.));
#10921 = ORIENTED_EDGE('',*,*,#10898,.T.);
#10922 = ORIENTED_EDGE('',*,*,#10916,.T.);
#10923 = CYLINDRICAL_SURFACE('',#10924,1.5);
#10924 = AXIS2_PLACEMENT_3D('',#10925,#10926,#10927);
#10925 = CARTESIAN_POINT('',(147.,6.,33.));
#10926 = DIRECTION('',(-1.,0.,0.));
#10927 = DIRECTION('',(0.,0.,-1.));
#10928 = MANIFOLD_SOLID_BREP('',#10929);
#10929 = CLOSED_SHELL('',(#10930,#10963,#11027,#11091,#11108,#11125,
    #11142,#11159));
#10930 = ADVANCED_FACE('',(#10931),#10958,.T.);
#10931 = FACE_BOUND('',#10932,.T.);
#10932 = EDGE_LOOP('',(#10933,#10942,#10950,#10957));
#10933 = ORIENTED_EDGE('',*,*,#10934,.F.);
#10934 = EDGE_CURVE('',#10935,#10935,#10937,.T.);
#10935 = VERTEX_POINT('',#10936);
#10936 = CARTESIAN_POINT('',(150.,-3.061616997868E-15,-12.5));
#10937 = CIRCLE('',#10938,12.5);
#10938 = AXIS2_PLACEMENT_3D('',#10939,#10940,#10941);
#10939 = CARTESIAN_POINT('',(150.,0.,-1.176836406103E-15));
#10940 = DIRECTION('',(1.,0.,-2.22044604925E-16));
#10941 = DIRECTION('',(-2.22044604925E-16,0.,-1.));
#10942 = ORIENTED_EDGE('',*,*,#10943,.F.);
#10943 = EDGE_CURVE('',#10944,#10935,#10946,.T.);
#10944 = VERTEX_POINT('',#10945);
#10945 = CARTESIAN_POINT('',(146.7,-3.061616997868E-15,-12.5));
#10946 = LINE('',#10947,#10948);
#10947 = CARTESIAN_POINT('',(146.7,-3.061616997868E-15,-12.5));
#10948 = VECTOR('',#10949,1.);
#10949 = DIRECTION('',(1.,0.,-2.22044604925E-16));
#10950 = ORIENTED_EDGE('',*,*,#10951,.T.);
#10951 = EDGE_CURVE('',#10944,#10944,#10952,.T.);
#10952 = CIRCLE('',#10953,12.5);
#10953 = AXIS2_PLACEMENT_3D('',#10954,#10955,#10956);
#10954 = CARTESIAN_POINT('',(146.7,0.,-4.440892098501E-16));
#10955 = DIRECTION('',(1.,0.,-2.22044604925E-16));
#10956 = DIRECTION('',(-2.22044604925E-16,0.,-1.));
#10957 = ORIENTED_EDGE('',*,*,#10943,.T.);
#10958 = CYLINDRICAL_SURFACE('',#10959,12.5);
#10959 = AXIS2_PLACEMENT_3D('',#10960,#10961,#10962);
#10960 = CARTESIAN_POINT('',(146.7,0.,-4.440892098501E-16));
#10961 = DIRECTION('',(1.,0.,-2.22044604925E-16));
#10962 = DIRECTION('',(-2.22044604925E-16,0.,-1.));
#10963 = ADVANCED_FACE('',(#10964,#10967,#10978,#10989,#11000,#11011),
  #11022,.T.);
#10964 = FACE_BOUND('',#10965,.T.);
#10965 = EDGE_LOOP('',(#10966));
#10966 = ORIENTED_EDGE('',*,*,#10934,.T.);
#10967 = FACE_BOUND('',#10968,.T.);
#10968 = EDGE_LOOP('',(#10969));
#10969 = ORIENTED_EDGE('',*,*,#10970,.F.);
#10970 = EDGE_CURVE('',#10971,#10971,#10973,.T.);
#10971 = VERTEX_POINT('',#10972);
#10972 = CARTESIAN_POINT('',(150.,-6.010407640086,4.510407640086));
#10973 = CIRCLE('',#10974,1.5);
#10974 = AXIS2_PLACEMENT_3D('',#10975,#10976,#10977);
#10975 = CARTESIAN_POINT('',(150.,-6.010407640086,6.010407640086));
#10976 = DIRECTION('',(1.,0.,-2.22044604925E-16));
#10977 = DIRECTION('',(-2.22044604925E-16,0.,-1.));
#10978 = FACE_BOUND('',#10979,.T.);
#10979 = EDGE_LOOP('',(#10980));
#10980 = ORIENTED_EDGE('',*,*,#10981,.F.);
#10981 = EDGE_CURVE('',#10982,#10982,#10984,.T.);
#10982 = VERTEX_POINT('',#10983);
#10983 = CARTESIAN_POINT('',(150.,-6.010407640086,-7.510407640086));
#10984 = CIRCLE('',#10985,1.5);
#10985 = AXIS2_PLACEMENT_3D('',#10986,#10987,#10988);
#10986 = CARTESIAN_POINT('',(150.,-6.010407640086,-6.010407640086));
#10987 = DIRECTION('',(1.,0.,-2.22044604925E-16));
#10988 = DIRECTION('',(-2.22044604925E-16,0.,-1.));
#10989 = FACE_BOUND('',#10990,.T.);
#10990 = EDGE_LOOP('',(#10991));
#10991 = ORIENTED_EDGE('',*,*,#10992,.F.);
#10992 = EDGE_CURVE('',#10993,#10993,#10995,.T.);
#10993 = VERTEX_POINT('',#10994);
#10994 = CARTESIAN_POINT('',(150.,6.010407640086,4.510407640086));
#10995 = CIRCLE('',#10996,1.5);
#10996 = AXIS2_PLACEMENT_3D('',#10997,#10998,#10999);
#10997 = CARTESIAN_POINT('',(150.,6.010407640086,6.010407640086));
#10998 = DIRECTION('',(1.,0.,-2.22044604925E-16));
#10999 = DIRECTION('',(-2.22044604925E-16,0.,-1.));
#11000 = FACE_BOUND('',#11001,.T.);
#11001 = EDGE_LOOP('',(#11002));
#11002 = ORIENTED_EDGE('',*,*,#11003,.F.);
#11003 = EDGE_CURVE('',#11004,#11004,#11006,.T.);
#11004 = VERTEX_POINT('',#11005);
#11005 = CARTESIAN_POINT('',(150.,-7.347880794884E-16,-3.));
#11006 = CIRCLE('',#11007,3.);
#11007 = AXIS2_PLACEMENT_3D('',#11008,#11009,#11010);
#11008 = CARTESIAN_POINT('',(150.,0.,-1.176836406103E-15));
#11009 = DIRECTION('',(1.,0.,-2.22044604925E-16));
#11010 = DIRECTION('',(-2.22044604925E-16,0.,-1.));
#11011 = FACE_BOUND('',#11012,.T.);
#11012 = EDGE_LOOP('',(#11013));
#11013 = ORIENTED_EDGE('',*,*,#11014,.F.);
#11014 = EDGE_CURVE('',#11015,#11015,#11017,.T.);
#11015 = VERTEX_POINT('',#11016);
#11016 = CARTESIAN_POINT('',(150.,6.010407640086,-7.510407640086));
#11017 = CIRCLE('',#11018,1.5);
#11018 = AXIS2_PLACEMENT_3D('',#11019,#11020,#11021);
#11019 = CARTESIAN_POINT('',(150.,6.010407640086,-6.010407640086));
#11020 = DIRECTION('',(1.,0.,-2.22044604925E-16));
#11021 = DIRECTION('',(-2.22044604925E-16,0.,-1.));
#11022 = PLANE('',#11023);
#11023 = AXIS2_PLACEMENT_3D('',#11024,#11025,#11026);
#11024 = CARTESIAN_POINT('',(150.,0.,-1.176836406103E-15));
#11025 = DIRECTION('',(1.,0.,-2.22044604925E-16));
#11026 = DIRECTION('',(-2.22044604925E-16,0.,-1.));
#11027 = ADVANCED_FACE('',(#11028,#11031,#11042,#11053,#11064,#11075),
  #11086,.F.);
#11028 = FACE_BOUND('',#11029,.F.);
#11029 = EDGE_LOOP('',(#11030));
#11030 = ORIENTED_EDGE('',*,*,#10951,.T.);
#11031 = FACE_BOUND('',#11032,.F.);
#11032 = EDGE_LOOP('',(#11033));
#11033 = ORIENTED_EDGE('',*,*,#11034,.F.);
#11034 = EDGE_CURVE('',#11035,#11035,#11037,.T.);
#11035 = VERTEX_POINT('',#11036);
#11036 = CARTESIAN_POINT('',(146.7,-6.010407640086,4.510407640086));
#11037 = CIRCLE('',#11038,1.5);
#11038 = AXIS2_PLACEMENT_3D('',#11039,#11040,#11041);
#11039 = CARTESIAN_POINT('',(146.7,-6.010407640086,6.010407640086));
#11040 = DIRECTION('',(1.,0.,-2.22044604925E-16));
#11041 = DIRECTION('',(-2.22044604925E-16,0.,-1.));
#11042 = FACE_BOUND('',#11043,.F.);
#11043 = EDGE_LOOP('',(#11044));
#11044 = ORIENTED_EDGE('',*,*,#11045,.F.);
#11045 = EDGE_CURVE('',#11046,#11046,#11048,.T.);
#11046 = VERTEX_POINT('',#11047);
#11047 = CARTESIAN_POINT('',(146.7,-6.010407640086,-7.510407640086));
#11048 = CIRCLE('',#11049,1.5);
#11049 = AXIS2_PLACEMENT_3D('',#11050,#11051,#11052);
#11050 = CARTESIAN_POINT('',(146.7,-6.010407640086,-6.010407640086));
#11051 = DIRECTION('',(1.,0.,-2.22044604925E-16));
#11052 = DIRECTION('',(-2.22044604925E-16,0.,-1.));
#11053 = FACE_BOUND('',#11054,.F.);
#11054 = EDGE_LOOP('',(#11055));
#11055 = ORIENTED_EDGE('',*,*,#11056,.F.);
#11056 = EDGE_CURVE('',#11057,#11057,#11059,.T.);
#11057 = VERTEX_POINT('',#11058);
#11058 = CARTESIAN_POINT('',(146.7,6.010407640086,4.510407640086));
#11059 = CIRCLE('',#11060,1.5);
#11060 = AXIS2_PLACEMENT_3D('',#11061,#11062,#11063);
#11061 = CARTESIAN_POINT('',(146.7,6.010407640086,6.010407640086));
#11062 = DIRECTION('',(1.,0.,-2.22044604925E-16));
#11063 = DIRECTION('',(-2.22044604925E-16,0.,-1.));
#11064 = FACE_BOUND('',#11065,.F.);
#11065 = EDGE_LOOP('',(#11066));
#11066 = ORIENTED_EDGE('',*,*,#11067,.F.);
#11067 = EDGE_CURVE('',#11068,#11068,#11070,.T.);
#11068 = VERTEX_POINT('',#11069);
#11069 = CARTESIAN_POINT('',(146.7,-7.347880794884E-16,-3.));
#11070 = CIRCLE('',#11071,3.);
#11071 = AXIS2_PLACEMENT_3D('',#11072,#11073,#11074);
#11072 = CARTESIAN_POINT('',(146.7,0.,-4.440892098501E-16));
#11073 = DIRECTION('',(1.,0.,-2.22044604925E-16));
#11074 = DIRECTION('',(-2.22044604925E-16,0.,-1.));
#11075 = FACE_BOUND('',#11076,.F.);
#11076 = EDGE_LOOP('',(#11077));
#11077 = ORIENTED_EDGE('',*,*,#11078,.F.);
#11078 = EDGE_CURVE('',#11079,#11079,#11081,.T.);
#11079 = VERTEX_POINT('',#11080);
#11080 = CARTESIAN_POINT('',(146.7,6.010407640086,-7.510407640086));
#11081 = CIRCLE('',#11082,1.5);
#11082 = AXIS2_PLACEMENT_3D('',#11083,#11084,#11085);
#11083 = CARTESIAN_POINT('',(146.7,6.010407640086,-6.010407640086));
#11084 = DIRECTION('',(1.,0.,-2.22044604925E-16));
#11085 = DIRECTION('',(-2.22044604925E-16,0.,-1.));
#11086 = PLANE('',#11087);
#11087 = AXIS2_PLACEMENT_3D('',#11088,#11089,#11090);
#11088 = CARTESIAN_POINT('',(146.7,0.,-4.440892098501E-16));
#11089 = DIRECTION('',(1.,0.,-2.22044604925E-16));
#11090 = DIRECTION('',(-2.22044604925E-16,0.,-1.));
#11091 = ADVANCED_FACE('',(#11092),#11103,.F.);
#11092 = FACE_BOUND('',#11093,.F.);
#11093 = EDGE_LOOP('',(#11094,#11095,#11101,#11102));
#11094 = ORIENTED_EDGE('',*,*,#10970,.F.);
#11095 = ORIENTED_EDGE('',*,*,#11096,.F.);
#11096 = EDGE_CURVE('',#11035,#10971,#11097,.T.);
#11097 = LINE('',#11098,#11099);
#11098 = CARTESIAN_POINT('',(145.7,-6.010407640086,4.510407640086));
#11099 = VECTOR('',#11100,1.);
#11100 = DIRECTION('',(1.,0.,-2.22044604925E-16));
#11101 = ORIENTED_EDGE('',*,*,#11034,.T.);
#11102 = ORIENTED_EDGE('',*,*,#11096,.T.);
#11103 = CYLINDRICAL_SURFACE('',#11104,1.5);
#11104 = AXIS2_PLACEMENT_3D('',#11105,#11106,#11107);
#11105 = CARTESIAN_POINT('',(145.7,-6.010407640086,6.010407640086));
#11106 = DIRECTION('',(1.,0.,-2.22044604925E-16));
#11107 = DIRECTION('',(-2.22044604925E-16,0.,-1.));
#11108 = ADVANCED_FACE('',(#11109),#11120,.F.);
#11109 = FACE_BOUND('',#11110,.F.);
#11110 = EDGE_LOOP('',(#11111,#11112,#11118,#11119));
#11111 = ORIENTED_EDGE('',*,*,#10981,.F.);
#11112 = ORIENTED_EDGE('',*,*,#11113,.F.);
#11113 = EDGE_CURVE('',#11046,#10982,#11114,.T.);
#11114 = LINE('',#11115,#11116);
#11115 = CARTESIAN_POINT('',(145.7,-6.010407640086,-7.510407640086));
#11116 = VECTOR('',#11117,1.);
#11117 = DIRECTION('',(1.,0.,-2.22044604925E-16));
#11118 = ORIENTED_EDGE('',*,*,#11045,.T.);
#11119 = ORIENTED_EDGE('',*,*,#11113,.T.);
#11120 = CYLINDRICAL_SURFACE('',#11121,1.5);
#11121 = AXIS2_PLACEMENT_3D('',#11122,#11123,#11124);
#11122 = CARTESIAN_POINT('',(145.7,-6.010407640086,-6.010407640086));
#11123 = DIRECTION('',(1.,0.,-2.22044604925E-16));
#11124 = DIRECTION('',(-2.22044604925E-16,0.,-1.));
#11125 = ADVANCED_FACE('',(#11126),#11137,.F.);
#11126 = FACE_BOUND('',#11127,.F.);
#11127 = EDGE_LOOP('',(#11128,#11129,#11135,#11136));
#11128 = ORIENTED_EDGE('',*,*,#10992,.F.);
#11129 = ORIENTED_EDGE('',*,*,#11130,.F.);
#11130 = EDGE_CURVE('',#11057,#10993,#11131,.T.);
#11131 = LINE('',#11132,#11133);
#11132 = CARTESIAN_POINT('',(145.7,6.010407640086,4.510407640086));
#11133 = VECTOR('',#11134,1.);
#11134 = DIRECTION('',(1.,0.,-2.22044604925E-16));
#11135 = ORIENTED_EDGE('',*,*,#11056,.T.);
#11136 = ORIENTED_EDGE('',*,*,#11130,.T.);
#11137 = CYLINDRICAL_SURFACE('',#11138,1.5);
#11138 = AXIS2_PLACEMENT_3D('',#11139,#11140,#11141);
#11139 = CARTESIAN_POINT('',(145.7,6.010407640086,6.010407640086));
#11140 = DIRECTION('',(1.,0.,-2.22044604925E-16));
#11141 = DIRECTION('',(-2.22044604925E-16,0.,-1.));
#11142 = ADVANCED_FACE('',(#11143),#11154,.F.);
#11143 = FACE_BOUND('',#11144,.F.);
#11144 = EDGE_LOOP('',(#11145,#11146,#11152,#11153));
#11145 = ORIENTED_EDGE('',*,*,#11003,.F.);
#11146 = ORIENTED_EDGE('',*,*,#11147,.F.);
#11147 = EDGE_CURVE('',#11068,#11004,#11148,.T.);
#11148 = LINE('',#11149,#11150);
#11149 = CARTESIAN_POINT('',(145.7,-7.347880794884E-16,-3.));
#11150 = VECTOR('',#11151,1.);
#11151 = DIRECTION('',(1.,0.,-2.22044604925E-16));
#11152 = ORIENTED_EDGE('',*,*,#11067,.T.);
#11153 = ORIENTED_EDGE('',*,*,#11147,.T.);
#11154 = CYLINDRICAL_SURFACE('',#11155,3.);
#11155 = AXIS2_PLACEMENT_3D('',#11156,#11157,#11158);
#11156 = CARTESIAN_POINT('',(145.7,0.,-2.22044604925E-16));
#11157 = DIRECTION('',(1.,0.,-2.22044604925E-16));
#11158 = DIRECTION('',(-2.22044604925E-16,0.,-1.));
#11159 = ADVANCED_FACE('',(#11160),#11171,.F.);
#11160 = FACE_BOUND('',#11161,.F.);
#11161 = EDGE_LOOP('',(#11162,#11163,#11169,#11170));
#11162 = ORIENTED_EDGE('',*,*,#11014,.F.);
#11163 = ORIENTED_EDGE('',*,*,#11164,.F.);
#11164 = EDGE_CURVE('',#11079,#11015,#11165,.T.);
#11165 = LINE('',#11166,#11167);
#11166 = CARTESIAN_POINT('',(145.7,6.010407640086,-7.510407640086));
#11167 = VECTOR('',#11168,1.);
#11168 = DIRECTION('',(1.,0.,-2.22044604925E-16));
#11169 = ORIENTED_EDGE('',*,*,#11078,.T.);
#11170 = ORIENTED_EDGE('',*,*,#11164,.T.);
#11171 = CYLINDRICAL_SURFACE('',#11172,1.5);
#11172 = AXIS2_PLACEMENT_3D('',#11173,#11174,#11175);
#11173 = CARTESIAN_POINT('',(145.7,6.010407640086,-6.010407640086));
#11174 = DIRECTION('',(1.,0.,-2.22044604925E-16));
#11175 = DIRECTION('',(-2.22044604925E-16,0.,-1.));
#11176 = MANIFOLD_SOLID_BREP('',#11177);
#11177 = CLOSED_SHELL('',(#11178,#11211,#11231,#11290,#11315,#11346,
    #11370,#11394,#11418,#11442,#11459,#11468));
#11178 = ADVANCED_FACE('',(#11179),#11206,.T.);
#11179 = FACE_BOUND('',#11180,.T.);
#11180 = EDGE_LOOP('',(#11181,#11190,#11198,#11205));
#11181 = ORIENTED_EDGE('',*,*,#11182,.F.);
#11182 = EDGE_CURVE('',#11183,#11183,#11185,.T.);
#11183 = VERTEX_POINT('',#11184);
#11184 = CARTESIAN_POINT('',(150.,-6.73555739531E-16,2.75));
#11185 = CIRCLE('',#11186,2.75);
#11186 = AXIS2_PLACEMENT_3D('',#11187,#11188,#11189);
#11187 = CARTESIAN_POINT('',(150.,0.,-1.176836406103E-15));
#11188 = DIRECTION('',(-1.,0.,2.22044604925E-16));
#11189 = DIRECTION('',(2.22044604925E-16,0.,1.));
#11190 = ORIENTED_EDGE('',*,*,#11191,.F.);
#11191 = EDGE_CURVE('',#11192,#11183,#11194,.T.);
#11192 = VERTEX_POINT('',#11193);
#11193 = CARTESIAN_POINT('',(153.,-6.73555739531E-16,2.75));
#11194 = LINE('',#11195,#11196);
#11195 = CARTESIAN_POINT('',(153.,-6.73555739531E-16,2.75));
#11196 = VECTOR('',#11197,1.);
#11197 = DIRECTION('',(-1.,0.,2.22044604925E-16));
#11198 = ORIENTED_EDGE('',*,*,#11199,.T.);
#11199 = EDGE_CURVE('',#11192,#11192,#11200,.T.);
#11200 = CIRCLE('',#11201,2.75);
#11201 = AXIS2_PLACEMENT_3D('',#11202,#11203,#11204);
#11202 = CARTESIAN_POINT('',(153.,0.,-1.842970220878E-15));
#11203 = DIRECTION('',(-1.,0.,2.22044604925E-16));
#11204 = DIRECTION('',(2.22044604925E-16,0.,1.));
#11205 = ORIENTED_EDGE('',*,*,#11191,.T.);
#11206 = CYLINDRICAL_SURFACE('',#11207,2.75);
#11207 = AXIS2_PLACEMENT_3D('',#11208,#11209,#11210);
#11208 = CARTESIAN_POINT('',(153.,0.,-1.842970220878E-15));
#11209 = DIRECTION('',(-1.,0.,2.22044604925E-16));
#11210 = DIRECTION('',(2.22044604925E-16,0.,1.));
#11211 = ADVANCED_FACE('',(#11212,#11215),#11226,.T.);
#11212 = FACE_BOUND('',#11213,.T.);
#11213 = EDGE_LOOP('',(#11214));
#11214 = ORIENTED_EDGE('',*,*,#11182,.T.);
#11215 = FACE_BOUND('',#11216,.T.);
#11216 = EDGE_LOOP('',(#11217));
#11217 = ORIENTED_EDGE('',*,*,#11218,.F.);
#11218 = EDGE_CURVE('',#11219,#11219,#11221,.T.);
#11219 = VERTEX_POINT('',#11220);
#11220 = CARTESIAN_POINT('',(150.,-3.673940397442E-16,1.5));
#11221 = CIRCLE('',#11222,1.5);
#11222 = AXIS2_PLACEMENT_3D('',#11223,#11224,#11225);
#11223 = CARTESIAN_POINT('',(150.,0.,-1.176836406103E-15));
#11224 = DIRECTION('',(-1.,0.,2.22044604925E-16));
#11225 = DIRECTION('',(2.22044604925E-16,0.,1.));
#11226 = PLANE('',#11227);
#11227 = AXIS2_PLACEMENT_3D('',#11228,#11229,#11230);
#11228 = CARTESIAN_POINT('',(150.,0.,-1.176836406103E-15));
#11229 = DIRECTION('',(-1.,0.,2.22044604925E-16));
#11230 = DIRECTION('',(2.22044604925E-16,0.,1.));
#11231 = ADVANCED_FACE('',(#11232,#11235),#11285,.F.);
#11232 = FACE_BOUND('',#11233,.F.);
#11233 = EDGE_LOOP('',(#11234));
#11234 = ORIENTED_EDGE('',*,*,#11199,.T.);
#11235 = FACE_BOUND('',#11236,.F.);
#11236 = EDGE_LOOP('',(#11237,#11247,#11255,#11263,#11271,#11279));
#11237 = ORIENTED_EDGE('',*,*,#11238,.T.);
#11238 = EDGE_CURVE('',#11239,#11241,#11243,.T.);
#11239 = VERTEX_POINT('',#11240);
#11240 = CARTESIAN_POINT('',(153.,-0.721687836487,1.25));
#11241 = VERTEX_POINT('',#11242);
#11242 = CARTESIAN_POINT('',(153.,-1.443375672974,-1.931351490772E-15));
#11243 = LINE('',#11244,#11245);
#11244 = CARTESIAN_POINT('',(153.,-1.262953713852,0.3125));
#11245 = VECTOR('',#11246,1.);
#11246 = DIRECTION('',(-1.922962686384E-16,-0.5,-0.866025403784));
#11247 = ORIENTED_EDGE('',*,*,#11248,.T.);
#11248 = EDGE_CURVE('',#11241,#11249,#11251,.T.);
#11249 = VERTEX_POINT('',#11250);
#11250 = CARTESIAN_POINT('',(153.,-0.721687836487,-1.25));
#11251 = LINE('',#11252,#11253);
#11252 = CARTESIAN_POINT('',(153.,-0.902109795609,-0.9375));
#11253 = VECTOR('',#11254,1.);
#11254 = DIRECTION('',(-1.922962686384E-16,0.5,-0.866025403784));
#11255 = ORIENTED_EDGE('',*,*,#11256,.T.);
#11256 = EDGE_CURVE('',#11249,#11257,#11259,.T.);
#11257 = VERTEX_POINT('',#11258);
#11258 = CARTESIAN_POINT('',(153.,0.721687836487,-1.25));
#11259 = LINE('',#11260,#11261);
#11260 = CARTESIAN_POINT('',(153.,0.360843918244,-1.25));
#11261 = VECTOR('',#11262,1.);
#11262 = DIRECTION('',(6.831735839738E-32,1.,3.076740298214E-16));
#11263 = ORIENTED_EDGE('',*,*,#11264,.T.);
#11264 = EDGE_CURVE('',#11257,#11265,#11267,.T.);
#11265 = VERTEX_POINT('',#11266);
#11266 = CARTESIAN_POINT('',(153.,1.443375672974,-1.577826411197E-15));
#11267 = LINE('',#11268,#11269);
#11268 = CARTESIAN_POINT('',(153.,1.262953713852,-0.3125));
#11269 = VECTOR('',#11270,1.);
#11270 = DIRECTION('',(1.922962686384E-16,0.5,0.866025403784));
#11271 = ORIENTED_EDGE('',*,*,#11272,.T.);
#11272 = EDGE_CURVE('',#11265,#11273,#11275,.T.);
#11273 = VERTEX_POINT('',#11274);
#11274 = CARTESIAN_POINT('',(153.,0.721687836487,1.25));
#11275 = LINE('',#11276,#11277);
#11276 = CARTESIAN_POINT('',(153.,0.902109795609,0.9375));
#11277 = VECTOR('',#11278,1.);
#11278 = DIRECTION('',(1.922962686384E-16,-0.5,0.866025403784));
#11279 = ORIENTED_EDGE('',*,*,#11280,.T.);
#11280 = EDGE_CURVE('',#11273,#11239,#11281,.T.);
#11281 = LINE('',#11282,#11283);
#11282 = CARTESIAN_POINT('',(153.,-0.360843918244,1.25));
#11283 = VECTOR('',#11284,1.);
#11284 = DIRECTION('',(3.415867919869E-32,-1.,1.538370149107E-16));
#11285 = PLANE('',#11286);
#11286 = AXIS2_PLACEMENT_3D('',#11287,#11288,#11289);
#11287 = CARTESIAN_POINT('',(153.,0.,-1.842970220878E-15));
#11288 = DIRECTION('',(-1.,0.,2.22044604925E-16));
#11289 = DIRECTION('',(2.22044604925E-16,0.,1.));
#11290 = ADVANCED_FACE('',(#11291),#11310,.T.);
#11291 = FACE_BOUND('',#11292,.T.);
#11292 = EDGE_LOOP('',(#11293,#11302,#11308,#11309));
#11293 = ORIENTED_EDGE('',*,*,#11294,.F.);
#11294 = EDGE_CURVE('',#11295,#11295,#11297,.T.);
#11295 = VERTEX_POINT('',#11296);
#11296 = CARTESIAN_POINT('',(145.,-3.673940397442E-16,1.5));
#11297 = CIRCLE('',#11298,1.5);
#11298 = AXIS2_PLACEMENT_3D('',#11299,#11300,#11301);
#11299 = CARTESIAN_POINT('',(145.,0.,-6.661338147751E-17));
#11300 = DIRECTION('',(-1.,0.,2.22044604925E-16));
#11301 = DIRECTION('',(2.22044604925E-16,0.,1.));
#11302 = ORIENTED_EDGE('',*,*,#11303,.F.);
#11303 = EDGE_CURVE('',#11219,#11295,#11304,.T.);
#11304 = LINE('',#11305,#11306);
#11305 = CARTESIAN_POINT('',(150.,-3.673940397442E-16,1.5));
#11306 = VECTOR('',#11307,1.);
#11307 = DIRECTION('',(-1.,0.,2.22044604925E-16));
#11308 = ORIENTED_EDGE('',*,*,#11218,.T.);
#11309 = ORIENTED_EDGE('',*,*,#11303,.T.);
#11310 = CYLINDRICAL_SURFACE('',#11311,1.5);
#11311 = AXIS2_PLACEMENT_3D('',#11312,#11313,#11314);
#11312 = CARTESIAN_POINT('',(150.,0.,-1.176836406103E-15));
#11313 = DIRECTION('',(-1.,0.,2.22044604925E-16));
#11314 = DIRECTION('',(2.22044604925E-16,0.,1.));
#11315 = ADVANCED_FACE('',(#11316),#11341,.T.);
#11316 = FACE_BOUND('',#11317,.T.);
#11317 = EDGE_LOOP('',(#11318,#11319,#11327,#11335));
#11318 = ORIENTED_EDGE('',*,*,#11238,.T.);
#11319 = ORIENTED_EDGE('',*,*,#11320,.T.);
#11320 = EDGE_CURVE('',#11241,#11321,#11323,.T.);
#11321 = VERTEX_POINT('',#11322);
#11322 = CARTESIAN_POINT('',(151.2,-1.443375672974,-1.531671201906E-15)
  );
#11323 = LINE('',#11324,#11325);
#11324 = CARTESIAN_POINT('',(153.1,-1.443375672974,-1.953555951264E-15)
  );
#11325 = VECTOR('',#11326,1.);
#11326 = DIRECTION('',(-1.,0.,2.22044604925E-16));
#11327 = ORIENTED_EDGE('',*,*,#11328,.T.);
#11328 = EDGE_CURVE('',#11321,#11329,#11331,.T.);
#11329 = VERTEX_POINT('',#11330);
#11330 = CARTESIAN_POINT('',(151.2,-0.721687836487,1.25));
#11331 = LINE('',#11332,#11333);
#11332 = CARTESIAN_POINT('',(151.2,-1.443375672974,-1.554312234475E-15)
  );
#11333 = VECTOR('',#11334,1.);
#11334 = DIRECTION('',(1.922962686384E-16,0.5,0.866025403784));
#11335 = ORIENTED_EDGE('',*,*,#11336,.F.);
#11336 = EDGE_CURVE('',#11239,#11329,#11337,.T.);
#11337 = LINE('',#11338,#11339);
#11338 = CARTESIAN_POINT('',(153.1,-0.721687836487,1.25));
#11339 = VECTOR('',#11340,1.);
#11340 = DIRECTION('',(-1.,0.,2.22044604925E-16));
#11341 = PLANE('',#11342);
#11342 = AXIS2_PLACEMENT_3D('',#11343,#11344,#11345);
#11343 = CARTESIAN_POINT('',(153.1,-1.443375672974,-1.953555951264E-15)
  );
#11344 = DIRECTION('',(-1.110223024625E-16,0.866025403784,-0.5));
#11345 = DIRECTION('',(1.922962686384E-16,0.5,0.866025403784));
#11346 = ADVANCED_FACE('',(#11347),#11365,.T.);
#11347 = FACE_BOUND('',#11348,.T.);
#11348 = EDGE_LOOP('',(#11349,#11350,#11351,#11359));
#11349 = ORIENTED_EDGE('',*,*,#11280,.T.);
#11350 = ORIENTED_EDGE('',*,*,#11336,.T.);
#11351 = ORIENTED_EDGE('',*,*,#11352,.T.);
#11352 = EDGE_CURVE('',#11329,#11353,#11355,.T.);
#11353 = VERTEX_POINT('',#11354);
#11354 = CARTESIAN_POINT('',(151.2,0.721687836487,1.25));
#11355 = LINE('',#11356,#11357);
#11356 = CARTESIAN_POINT('',(151.2,-0.721687836487,1.25));
#11357 = VECTOR('',#11358,1.);
#11358 = DIRECTION('',(-3.415867919869E-32,1.,-1.538370149107E-16));
#11359 = ORIENTED_EDGE('',*,*,#11360,.F.);
#11360 = EDGE_CURVE('',#11273,#11353,#11361,.T.);
#11361 = LINE('',#11362,#11363);
#11362 = CARTESIAN_POINT('',(153.1,0.721687836487,1.25));
#11363 = VECTOR('',#11364,1.);
#11364 = DIRECTION('',(-1.,0.,2.22044604925E-16));
#11365 = PLANE('',#11366);
#11366 = AXIS2_PLACEMENT_3D('',#11367,#11368,#11369);
#11367 = CARTESIAN_POINT('',(153.1,-0.721687836487,1.25));
#11368 = DIRECTION('',(-2.22044604925E-16,-1.538370149107E-16,-1.));
#11369 = DIRECTION('',(-3.415867919869E-32,1.,-1.538370149107E-16));
#11370 = ADVANCED_FACE('',(#11371),#11389,.T.);
#11371 = FACE_BOUND('',#11372,.T.);
#11372 = EDGE_LOOP('',(#11373,#11374,#11375,#11383));
#11373 = ORIENTED_EDGE('',*,*,#11272,.T.);
#11374 = ORIENTED_EDGE('',*,*,#11360,.T.);
#11375 = ORIENTED_EDGE('',*,*,#11376,.T.);
#11376 = EDGE_CURVE('',#11353,#11377,#11379,.T.);
#11377 = VERTEX_POINT('',#11378);
#11378 = CARTESIAN_POINT('',(151.2,1.443375672974,-1.178146122331E-15));
#11379 = LINE('',#11380,#11381);
#11380 = CARTESIAN_POINT('',(151.2,0.721687836487,1.25));
#11381 = VECTOR('',#11382,1.);
#11382 = DIRECTION('',(-1.922962686384E-16,0.5,-0.866025403784));
#11383 = ORIENTED_EDGE('',*,*,#11384,.F.);
#11384 = EDGE_CURVE('',#11265,#11377,#11385,.T.);
#11385 = LINE('',#11386,#11387);
#11386 = CARTESIAN_POINT('',(153.1,1.443375672974,-1.600030871689E-15));
#11387 = VECTOR('',#11388,1.);
#11388 = DIRECTION('',(-1.,0.,2.22044604925E-16));
#11389 = PLANE('',#11390);
#11390 = AXIS2_PLACEMENT_3D('',#11391,#11392,#11393);
#11391 = CARTESIAN_POINT('',(153.1,0.721687836487,1.25));
#11392 = DIRECTION('',(-1.110223024625E-16,-0.866025403784,-0.5));
#11393 = DIRECTION('',(-1.922962686384E-16,0.5,-0.866025403784));
#11394 = ADVANCED_FACE('',(#11395),#11413,.T.);
#11395 = FACE_BOUND('',#11396,.T.);
#11396 = EDGE_LOOP('',(#11397,#11398,#11399,#11407));
#11397 = ORIENTED_EDGE('',*,*,#11264,.T.);
#11398 = ORIENTED_EDGE('',*,*,#11384,.T.);
#11399 = ORIENTED_EDGE('',*,*,#11400,.T.);
#11400 = EDGE_CURVE('',#11377,#11401,#11403,.T.);
#11401 = VERTEX_POINT('',#11402);
#11402 = CARTESIAN_POINT('',(151.2,0.721687836487,-1.25));
#11403 = LINE('',#11404,#11405);
#11404 = CARTESIAN_POINT('',(151.2,1.443375672974,-1.110223024625E-15));
#11405 = VECTOR('',#11406,1.);
#11406 = DIRECTION('',(-1.922962686384E-16,-0.5,-0.866025403784));
#11407 = ORIENTED_EDGE('',*,*,#11408,.F.);
#11408 = EDGE_CURVE('',#11257,#11401,#11409,.T.);
#11409 = LINE('',#11410,#11411);
#11410 = CARTESIAN_POINT('',(153.1,0.721687836487,-1.25));
#11411 = VECTOR('',#11412,1.);
#11412 = DIRECTION('',(-1.,0.,2.22044604925E-16));
#11413 = PLANE('',#11414);
#11414 = AXIS2_PLACEMENT_3D('',#11415,#11416,#11417);
#11415 = CARTESIAN_POINT('',(153.1,1.443375672974,-1.600030871689E-15));
#11416 = DIRECTION('',(1.110223024625E-16,-0.866025403784,0.5));
#11417 = DIRECTION('',(-1.922962686384E-16,-0.5,-0.866025403784));
#11418 = ADVANCED_FACE('',(#11419),#11437,.T.);
#11419 = FACE_BOUND('',#11420,.T.);
#11420 = EDGE_LOOP('',(#11421,#11422,#11423,#11431));
#11421 = ORIENTED_EDGE('',*,*,#11256,.T.);
#11422 = ORIENTED_EDGE('',*,*,#11408,.T.);
#11423 = ORIENTED_EDGE('',*,*,#11424,.T.);
#11424 = EDGE_CURVE('',#11401,#11425,#11427,.T.);
#11425 = VERTEX_POINT('',#11426);
#11426 = CARTESIAN_POINT('',(151.2,-0.721687836487,-1.25));
#11427 = LINE('',#11428,#11429);
#11428 = CARTESIAN_POINT('',(151.2,0.721687836487,-1.25));
#11429 = VECTOR('',#11430,1.);
#11430 = DIRECTION('',(-6.831735839738E-32,-1.,-3.076740298214E-16));
#11431 = ORIENTED_EDGE('',*,*,#11432,.F.);
#11432 = EDGE_CURVE('',#11249,#11425,#11433,.T.);
#11433 = LINE('',#11434,#11435);
#11434 = CARTESIAN_POINT('',(153.1,-0.721687836487,-1.25));
#11435 = VECTOR('',#11436,1.);
#11436 = DIRECTION('',(-1.,0.,2.22044604925E-16));
#11437 = PLANE('',#11438);
#11438 = AXIS2_PLACEMENT_3D('',#11439,#11440,#11441);
#11439 = CARTESIAN_POINT('',(153.1,0.721687836487,-1.25));
#11440 = DIRECTION('',(2.22044604925E-16,-3.076740298214E-16,1.));
#11441 = DIRECTION('',(-6.831735839738E-32,-1.,-3.076740298214E-16));
#11442 = ADVANCED_FACE('',(#11443),#11454,.T.);
#11443 = FACE_BOUND('',#11444,.T.);
#11444 = EDGE_LOOP('',(#11445,#11446,#11447,#11453));
#11445 = ORIENTED_EDGE('',*,*,#11248,.T.);
#11446 = ORIENTED_EDGE('',*,*,#11432,.T.);
#11447 = ORIENTED_EDGE('',*,*,#11448,.T.);
#11448 = EDGE_CURVE('',#11425,#11321,#11449,.T.);
#11449 = LINE('',#11450,#11451);
#11450 = CARTESIAN_POINT('',(151.2,-0.721687836487,-1.25));
#11451 = VECTOR('',#11452,1.);
#11452 = DIRECTION('',(1.922962686384E-16,-0.5,0.866025403784));
#11453 = ORIENTED_EDGE('',*,*,#11320,.F.);
#11454 = PLANE('',#11455);
#11455 = AXIS2_PLACEMENT_3D('',#11456,#11457,#11458);
#11456 = CARTESIAN_POINT('',(153.1,-0.721687836487,-1.25));
#11457 = DIRECTION('',(1.110223024625E-16,0.866025403784,0.5));
#11458 = DIRECTION('',(1.922962686384E-16,-0.5,0.866025403784));
#11459 = ADVANCED_FACE('',(#11460),#11463,.T.);
#11460 = FACE_BOUND('',#11461,.T.);
#11461 = EDGE_LOOP('',(#11462));
#11462 = ORIENTED_EDGE('',*,*,#11294,.T.);
#11463 = PLANE('',#11464);
#11464 = AXIS2_PLACEMENT_3D('',#11465,#11466,#11467);
#11465 = CARTESIAN_POINT('',(145.,0.,-6.661338147751E-17));
#11466 = DIRECTION('',(-1.,0.,2.22044604925E-16));
#11467 = DIRECTION('',(2.22044604925E-16,0.,1.));
#11468 = ADVANCED_FACE('',(#11469),#11477,.F.);
#11469 = FACE_BOUND('',#11470,.F.);
#11470 = EDGE_LOOP('',(#11471,#11472,#11473,#11474,#11475,#11476));
#11471 = ORIENTED_EDGE('',*,*,#11448,.T.);
#11472 = ORIENTED_EDGE('',*,*,#11328,.T.);
#11473 = ORIENTED_EDGE('',*,*,#11352,.T.);
#11474 = ORIENTED_EDGE('',*,*,#11376,.T.);
#11475 = ORIENTED_EDGE('',*,*,#11400,.T.);
#11476 = ORIENTED_EDGE('',*,*,#11424,.T.);
#11477 = PLANE('',#11478);
#11478 = AXIS2_PLACEMENT_3D('',#11479,#11480,#11481);
#11479 = CARTESIAN_POINT('',(151.2,1.281975124256E-17,-1.33226762955E-15
    ));
#11480 = DIRECTION('',(-1.,-0.,2.22044604925E-16));
#11481 = DIRECTION('',(2.22044604925E-16,0.,1.));
#11482 = MANIFOLD_SOLID_BREP('',#11483);
#11483 = CLOSED_SHELL('',(#11484,#11517,#11537,#11557));
#11484 = ADVANCED_FACE('',(#11485),#11512,.T.);
#11485 = FACE_BOUND('',#11486,.T.);
#11486 = EDGE_LOOP('',(#11487,#11496,#11504,#11511));
#11487 = ORIENTED_EDGE('',*,*,#11488,.F.);
#11488 = EDGE_CURVE('',#11489,#11489,#11491,.T.);
#11489 = VERTEX_POINT('',#11490);
#11490 = CARTESIAN_POINT('',(160.,5.461924724197E-15,22.3));
#11491 = CIRCLE('',#11492,22.3);
#11492 = AXIS2_PLACEMENT_3D('',#11493,#11494,#11495);
#11493 = CARTESIAN_POINT('',(160.,0.,0.));
#11494 = DIRECTION('',(1.,0.,0.));
#11495 = DIRECTION('',(-0.,0.,1.));
#11496 = ORIENTED_EDGE('',*,*,#11497,.F.);
#11497 = EDGE_CURVE('',#11498,#11489,#11500,.T.);
#11498 = VERTEX_POINT('',#11499);
#11499 = CARTESIAN_POINT('',(153.,5.461924724197E-15,22.3));
#11500 = LINE('',#11501,#11502);
#11501 = CARTESIAN_POINT('',(153.,5.461924724197E-15,22.3));
#11502 = VECTOR('',#11503,1.);
#11503 = DIRECTION('',(1.,0.,0.));
#11504 = ORIENTED_EDGE('',*,*,#11505,.T.);
#11505 = EDGE_CURVE('',#11498,#11498,#11506,.T.);
#11506 = CIRCLE('',#11507,22.3);
#11507 = AXIS2_PLACEMENT_3D('',#11508,#11509,#11510);
#11508 = CARTESIAN_POINT('',(153.,0.,0.));
#11509 = DIRECTION('',(1.,0.,0.));
#11510 = DIRECTION('',(-0.,0.,1.));
#11511 = ORIENTED_EDGE('',*,*,#11497,.T.);
#11512 = CYLINDRICAL_SURFACE('',#11513,22.3);
#11513 = AXIS2_PLACEMENT_3D('',#11514,#11515,#11516);
#11514 = CARTESIAN_POINT('',(153.,0.,0.));
#11515 = DIRECTION('',(1.,0.,0.));
#11516 = DIRECTION('',(-0.,0.,1.));
#11517 = ADVANCED_FACE('',(#11518,#11521),#11532,.T.);
#11518 = FACE_BOUND('',#11519,.T.);
#11519 = EDGE_LOOP('',(#11520));
#11520 = ORIENTED_EDGE('',*,*,#11488,.T.);
#11521 = FACE_BOUND('',#11522,.T.);
#11522 = EDGE_LOOP('',(#11523));
#11523 = ORIENTED_EDGE('',*,*,#11524,.F.);
#11524 = EDGE_CURVE('',#11525,#11525,#11527,.T.);
#11525 = VERTEX_POINT('',#11526);
#11526 = CARTESIAN_POINT('',(160.,4.898587196589E-15,20.));
#11527 = CIRCLE('',#11528,20.);
#11528 = AXIS2_PLACEMENT_3D('',#11529,#11530,#11531);
#11529 = CARTESIAN_POINT('',(160.,0.,0.));
#11530 = DIRECTION('',(1.,0.,0.));
#11531 = DIRECTION('',(-0.,0.,1.));
#11532 = PLANE('',#11533);
#11533 = AXIS2_PLACEMENT_3D('',#11534,#11535,#11536);
#11534 = CARTESIAN_POINT('',(160.,0.,0.));
#11535 = DIRECTION('',(1.,0.,0.));
#11536 = DIRECTION('',(-0.,0.,1.));
#11537 = ADVANCED_FACE('',(#11538,#11541),#11552,.F.);
#11538 = FACE_BOUND('',#11539,.F.);
#11539 = EDGE_LOOP('',(#11540));
#11540 = ORIENTED_EDGE('',*,*,#11505,.T.);
#11541 = FACE_BOUND('',#11542,.F.);
#11542 = EDGE_LOOP('',(#11543));
#11543 = ORIENTED_EDGE('',*,*,#11544,.F.);
#11544 = EDGE_CURVE('',#11545,#11545,#11547,.T.);
#11545 = VERTEX_POINT('',#11546);
#11546 = CARTESIAN_POINT('',(153.,4.898587196589E-15,20.));
#11547 = CIRCLE('',#11548,20.);
#11548 = AXIS2_PLACEMENT_3D('',#11549,#11550,#11551);
#11549 = CARTESIAN_POINT('',(153.,0.,0.));
#11550 = DIRECTION('',(1.,0.,0.));
#11551 = DIRECTION('',(-0.,0.,1.));
#11552 = PLANE('',#11553);
#11553 = AXIS2_PLACEMENT_3D('',#11554,#11555,#11556);
#11554 = CARTESIAN_POINT('',(153.,0.,0.));
#11555 = DIRECTION('',(1.,0.,0.));
#11556 = DIRECTION('',(-0.,0.,1.));
#11557 = ADVANCED_FACE('',(#11558),#11569,.F.);
#11558 = FACE_BOUND('',#11559,.F.);
#11559 = EDGE_LOOP('',(#11560,#11561,#11567,#11568));
#11560 = ORIENTED_EDGE('',*,*,#11524,.F.);
#11561 = ORIENTED_EDGE('',*,*,#11562,.F.);
#11562 = EDGE_CURVE('',#11545,#11525,#11563,.T.);
#11563 = LINE('',#11564,#11565);
#11564 = CARTESIAN_POINT('',(152.,4.898587196589E-15,20.));
#11565 = VECTOR('',#11566,1.);
#11566 = DIRECTION('',(1.,0.,0.));
#11567 = ORIENTED_EDGE('',*,*,#11544,.T.);
#11568 = ORIENTED_EDGE('',*,*,#11562,.T.);
#11569 = CYLINDRICAL_SURFACE('',#11570,20.);
#11570 = AXIS2_PLACEMENT_3D('',#11571,#11572,#11573);
#11571 = CARTESIAN_POINT('',(152.,0.,0.));
#11572 = DIRECTION('',(1.,0.,0.));
#11573 = DIRECTION('',(-0.,0.,1.));
#11574 = MANIFOLD_SOLID_BREP('',#11575);
#11575 = CLOSED_SHELL('',(#11576,#11609,#11629,#11662,#11682,#11746,
    #11771,#11796,#11821,#11846,#11871,#11896,#11939,#11959,#11968,
    #11988,#12008,#12028,#12059,#12083,#12115,#12140,#12199,#12224,
    #12283,#12370,#12401,#12416,#12431,#12462,#12493,#12595,#12630,
    #12647,#12678,#12703,#12728,#12753,#12784,#12808,#12832,#12849,
    #12874,#12891,#12915,#12959));
#11576 = ADVANCED_FACE('',(#11577),#11604,.T.);
#11577 = FACE_BOUND('',#11578,.T.);
#11578 = EDGE_LOOP('',(#11579,#11588,#11596,#11603));
#11579 = ORIENTED_EDGE('',*,*,#11580,.F.);
#11580 = EDGE_CURVE('',#11581,#11581,#11583,.T.);
#11581 = VERTEX_POINT('',#11582);
#11582 = CARTESIAN_POINT('',(181.,-9.797174393179E-16,-28.));
#11583 = CIRCLE('',#11584,4.);
#11584 = AXIS2_PLACEMENT_3D('',#11585,#11586,#11587);
#11585 = CARTESIAN_POINT('',(185.,0.,-28.));
#11586 = DIRECTION('',(0.,0.,-1.));
#11587 = DIRECTION('',(-1.,0.,-0.));
#11588 = ORIENTED_EDGE('',*,*,#11589,.F.);
#11589 = EDGE_CURVE('',#11590,#11581,#11592,.T.);
#11590 = VERTEX_POINT('',#11591);
#11591 = CARTESIAN_POINT('',(181.,-9.797174393179E-16,-27.));
#11592 = LINE('',#11593,#11594);
#11593 = CARTESIAN_POINT('',(181.,-9.797174393179E-16,-27.));
#11594 = VECTOR('',#11595,1.);
#11595 = DIRECTION('',(0.,0.,-1.));
#11596 = ORIENTED_EDGE('',*,*,#11597,.T.);
#11597 = EDGE_CURVE('',#11590,#11590,#11598,.T.);
#11598 = CIRCLE('',#11599,4.);
#11599 = AXIS2_PLACEMENT_3D('',#11600,#11601,#11602);
#11600 = CARTESIAN_POINT('',(185.,0.,-27.));
#11601 = DIRECTION('',(0.,0.,-1.));
#11602 = DIRECTION('',(-1.,0.,-0.));
#11603 = ORIENTED_EDGE('',*,*,#11589,.T.);
#11604 = CYLINDRICAL_SURFACE('',#11605,4.);
#11605 = AXIS2_PLACEMENT_3D('',#11606,#11607,#11608);
#11606 = CARTESIAN_POINT('',(185.,0.,-27.));
#11607 = DIRECTION('',(0.,0.,-1.));
#11608 = DIRECTION('',(-1.,0.,-0.));
#11609 = ADVANCED_FACE('',(#11610,#11613),#11624,.T.);
#11610 = FACE_BOUND('',#11611,.T.);
#11611 = EDGE_LOOP('',(#11612));
#11612 = ORIENTED_EDGE('',*,*,#11580,.T.);
#11613 = FACE_BOUND('',#11614,.T.);
#11614 = EDGE_LOOP('',(#11615));
#11615 = ORIENTED_EDGE('',*,*,#11616,.T.);
#11616 = EDGE_CURVE('',#11617,#11617,#11619,.T.);
#11617 = VERTEX_POINT('',#11618);
#11618 = CARTESIAN_POINT('',(188.5,-8.572527594031E-16,-28.));
#11619 = CIRCLE('',#11620,3.5);
#11620 = AXIS2_PLACEMENT_3D('',#11621,#11622,#11623);
#11621 = CARTESIAN_POINT('',(185.,0.,-28.));
#11622 = DIRECTION('',(0.,0.,1.));
#11623 = DIRECTION('',(1.,0.,-0.));
#11624 = PLANE('',#11625);
#11625 = AXIS2_PLACEMENT_3D('',#11626,#11627,#11628);
#11626 = CARTESIAN_POINT('',(185.,0.,-28.));
#11627 = DIRECTION('',(0.,0.,-1.));
#11628 = DIRECTION('',(-1.,0.,-0.));
#11629 = ADVANCED_FACE('',(#11630),#11657,.T.);
#11630 = FACE_BOUND('',#11631,.T.);
#11631 = EDGE_LOOP('',(#11632,#11641,#11649,#11656));
#11632 = ORIENTED_EDGE('',*,*,#11633,.F.);
#11633 = EDGE_CURVE('',#11634,#11634,#11636,.T.);
#11634 = VERTEX_POINT('',#11635);
#11635 = CARTESIAN_POINT('',(160.,4.898587196589E-15,20.));
#11636 = CIRCLE('',#11637,20.);
#11637 = AXIS2_PLACEMENT_3D('',#11638,#11639,#11640);
#11638 = CARTESIAN_POINT('',(160.,0.,0.));
#11639 = DIRECTION('',(1.,0.,0.));
#11640 = DIRECTION('',(-0.,0.,1.));
#11641 = ORIENTED_EDGE('',*,*,#11642,.F.);
#11642 = EDGE_CURVE('',#11643,#11634,#11645,.T.);
#11643 = VERTEX_POINT('',#11644);
#11644 = CARTESIAN_POINT('',(150.,4.898587196589E-15,20.));
#11645 = LINE('',#11646,#11647);
#11646 = CARTESIAN_POINT('',(150.,4.898587196589E-15,20.));
#11647 = VECTOR('',#11648,1.);
#11648 = DIRECTION('',(1.,0.,0.));
#11649 = ORIENTED_EDGE('',*,*,#11650,.T.);
#11650 = EDGE_CURVE('',#11643,#11643,#11651,.T.);
#11651 = CIRCLE('',#11652,20.);
#11652 = AXIS2_PLACEMENT_3D('',#11653,#11654,#11655);
#11653 = CARTESIAN_POINT('',(150.,0.,0.));
#11654 = DIRECTION('',(1.,0.,0.));
#11655 = DIRECTION('',(-0.,0.,1.));
#11656 = ORIENTED_EDGE('',*,*,#11642,.T.);
#11657 = CYLINDRICAL_SURFACE('',#11658,20.);
#11658 = AXIS2_PLACEMENT_3D('',#11659,#11660,#11661);
#11659 = CARTESIAN_POINT('',(150.,0.,0.));
#11660 = DIRECTION('',(1.,0.,0.));
#11661 = DIRECTION('',(-0.,0.,1.));
#11662 = ADVANCED_FACE('',(#11663,#11674),#11677,.F.);
#11663 = FACE_BOUND('',#11664,.F.);
#11664 = EDGE_LOOP('',(#11665));
#11665 = ORIENTED_EDGE('',*,*,#11666,.T.);
#11666 = EDGE_CURVE('',#11667,#11667,#11669,.T.);
#11667 = VERTEX_POINT('',#11668);
#11668 = CARTESIAN_POINT('',(160.,5.510910596163E-15,22.5));
#11669 = CIRCLE('',#11670,22.5);
#11670 = AXIS2_PLACEMENT_3D('',#11671,#11672,#11673);
#11671 = CARTESIAN_POINT('',(160.,0.,0.));
#11672 = DIRECTION('',(1.,0.,0.));
#11673 = DIRECTION('',(-0.,0.,1.));
#11674 = FACE_BOUND('',#11675,.F.);
#11675 = EDGE_LOOP('',(#11676));
#11676 = ORIENTED_EDGE('',*,*,#11633,.F.);
#11677 = PLANE('',#11678);
#11678 = AXIS2_PLACEMENT_3D('',#11679,#11680,#11681);
#11679 = CARTESIAN_POINT('',(160.,0.,0.));
#11680 = DIRECTION('',(1.,0.,0.));
#11681 = DIRECTION('',(-0.,0.,1.));
#11682 = ADVANCED_FACE('',(#11683,#11686,#11697,#11708,#11719,#11730),
  #11741,.F.);
#11683 = FACE_BOUND('',#11684,.F.);
#11684 = EDGE_LOOP('',(#11685));
#11685 = ORIENTED_EDGE('',*,*,#11650,.T.);
#11686 = FACE_BOUND('',#11687,.F.);
#11687 = EDGE_LOOP('',(#11688));
#11688 = ORIENTED_EDGE('',*,*,#11689,.F.);
#11689 = EDGE_CURVE('',#11690,#11690,#11692,.T.);
#11690 = VERTEX_POINT('',#11691);
#11691 = CARTESIAN_POINT('',(150.,6.010407640086,-4.310407640086));
#11692 = CIRCLE('',#11693,1.7);
#11693 = AXIS2_PLACEMENT_3D('',#11694,#11695,#11696);
#11694 = CARTESIAN_POINT('',(150.,6.010407640086,-6.010407640086));
#11695 = DIRECTION('',(1.,0.,0.));
#11696 = DIRECTION('',(-0.,0.,1.));
#11697 = FACE_BOUND('',#11698,.F.);
#11698 = EDGE_LOOP('',(#11699));
#11699 = ORIENTED_EDGE('',*,*,#11700,.F.);
#11700 = EDGE_CURVE('',#11701,#11701,#11703,.T.);
#11701 = VERTEX_POINT('',#11702);
#11702 = CARTESIAN_POINT('',(150.,1.102182119233E-15,4.5));
#11703 = CIRCLE('',#11704,4.5);
#11704 = AXIS2_PLACEMENT_3D('',#11705,#11706,#11707);
#11705 = CARTESIAN_POINT('',(150.,0.,0.));
#11706 = DIRECTION('',(1.,0.,0.));
#11707 = DIRECTION('',(-0.,0.,1.));
#11708 = FACE_BOUND('',#11709,.F.);
#11709 = EDGE_LOOP('',(#11710));
#11710 = ORIENTED_EDGE('',*,*,#11711,.F.);
#11711 = EDGE_CURVE('',#11712,#11712,#11714,.T.);
#11712 = VERTEX_POINT('',#11713);
#11713 = CARTESIAN_POINT('',(150.,6.010407640086,7.710407640086));
#11714 = CIRCLE('',#11715,1.7);
#11715 = AXIS2_PLACEMENT_3D('',#11716,#11717,#11718);
#11716 = CARTESIAN_POINT('',(150.,6.010407640086,6.010407640086));
#11717 = DIRECTION('',(1.,0.,0.));
#11718 = DIRECTION('',(-0.,0.,1.));
#11719 = FACE_BOUND('',#11720,.F.);
#11720 = EDGE_LOOP('',(#11721));
#11721 = ORIENTED_EDGE('',*,*,#11722,.F.);
#11722 = EDGE_CURVE('',#11723,#11723,#11725,.T.);
#11723 = VERTEX_POINT('',#11724);
#11724 = CARTESIAN_POINT('',(150.,-6.010407640086,-4.310407640086));
#11725 = CIRCLE('',#11726,1.7);
#11726 = AXIS2_PLACEMENT_3D('',#11727,#11728,#11729);
#11727 = CARTESIAN_POINT('',(150.,-6.010407640086,-6.010407640086));
#11728 = DIRECTION('',(1.,0.,0.));
#11729 = DIRECTION('',(-0.,0.,1.));
#11730 = FACE_BOUND('',#11731,.F.);
#11731 = EDGE_LOOP('',(#11732));
#11732 = ORIENTED_EDGE('',*,*,#11733,.F.);
#11733 = EDGE_CURVE('',#11734,#11734,#11736,.T.);
#11734 = VERTEX_POINT('',#11735);
#11735 = CARTESIAN_POINT('',(150.,-6.010407640086,7.710407640086));
#11736 = CIRCLE('',#11737,1.7);
#11737 = AXIS2_PLACEMENT_3D('',#11738,#11739,#11740);
#11738 = CARTESIAN_POINT('',(150.,-6.010407640086,6.010407640086));
#11739 = DIRECTION('',(1.,0.,0.));
#11740 = DIRECTION('',(-0.,0.,1.));
#11741 = PLANE('',#11742);
#11742 = AXIS2_PLACEMENT_3D('',#11743,#11744,#11745);
#11743 = CARTESIAN_POINT('',(150.,0.,0.));
#11744 = DIRECTION('',(1.,0.,0.));
#11745 = DIRECTION('',(-0.,0.,1.));
#11746 = ADVANCED_FACE('',(#11747),#11766,.T.);
#11747 = FACE_BOUND('',#11748,.T.);
#11748 = EDGE_LOOP('',(#11749,#11758,#11764,#11765));
#11749 = ORIENTED_EDGE('',*,*,#11750,.F.);
#11750 = EDGE_CURVE('',#11751,#11751,#11753,.T.);
#11751 = VERTEX_POINT('',#11752);
#11752 = CARTESIAN_POINT('',(163.,5.510910596163E-15,22.5));
#11753 = CIRCLE('',#11754,22.5);
#11754 = AXIS2_PLACEMENT_3D('',#11755,#11756,#11757);
#11755 = CARTESIAN_POINT('',(163.,0.,0.));
#11756 = DIRECTION('',(1.,0.,0.));
#11757 = DIRECTION('',(-0.,0.,1.));
#11758 = ORIENTED_EDGE('',*,*,#11759,.F.);
#11759 = EDGE_CURVE('',#11667,#11751,#11760,.T.);
#11760 = LINE('',#11761,#11762);
#11761 = CARTESIAN_POINT('',(160.,5.510910596163E-15,22.5));
#11762 = VECTOR('',#11763,1.);
#11763 = DIRECTION('',(1.,0.,0.));
#11764 = ORIENTED_EDGE('',*,*,#11666,.T.);
#11765 = ORIENTED_EDGE('',*,*,#11759,.T.);
#11766 = CYLINDRICAL_SURFACE('',#11767,22.5);
#11767 = AXIS2_PLACEMENT_3D('',#11768,#11769,#11770);
#11768 = CARTESIAN_POINT('',(160.,0.,0.));
#11769 = DIRECTION('',(1.,0.,0.));
#11770 = DIRECTION('',(-0.,0.,1.));
#11771 = ADVANCED_FACE('',(#11772),#11791,.F.);
#11772 = FACE_BOUND('',#11773,.F.);
#11773 = EDGE_LOOP('',(#11774,#11775,#11783,#11790));
#11774 = ORIENTED_EDGE('',*,*,#11689,.T.);
#11775 = ORIENTED_EDGE('',*,*,#11776,.T.);
#11776 = EDGE_CURVE('',#11690,#11777,#11779,.T.);
#11777 = VERTEX_POINT('',#11778);
#11778 = CARTESIAN_POINT('',(159.,6.010407640086,-4.310407640086));
#11779 = LINE('',#11780,#11781);
#11780 = CARTESIAN_POINT('',(149.,6.010407640086,-4.310407640086));
#11781 = VECTOR('',#11782,1.);
#11782 = DIRECTION('',(1.,0.,0.));
#11783 = ORIENTED_EDGE('',*,*,#11784,.F.);
#11784 = EDGE_CURVE('',#11777,#11777,#11785,.T.);
#11785 = CIRCLE('',#11786,1.7);
#11786 = AXIS2_PLACEMENT_3D('',#11787,#11788,#11789);
#11787 = CARTESIAN_POINT('',(159.,6.010407640086,-6.010407640086));
#11788 = DIRECTION('',(1.,0.,0.));
#11789 = DIRECTION('',(-0.,0.,1.));
#11790 = ORIENTED_EDGE('',*,*,#11776,.F.);
#11791 = CYLINDRICAL_SURFACE('',#11792,1.7);
#11792 = AXIS2_PLACEMENT_3D('',#11793,#11794,#11795);
#11793 = CARTESIAN_POINT('',(149.,6.010407640086,-6.010407640086));
#11794 = DIRECTION('',(1.,0.,0.));
#11795 = DIRECTION('',(-0.,0.,1.));
#11796 = ADVANCED_FACE('',(#11797),#11816,.F.);
#11797 = FACE_BOUND('',#11798,.F.);
#11798 = EDGE_LOOP('',(#11799,#11807,#11814,#11815));
#11799 = ORIENTED_EDGE('',*,*,#11800,.T.);
#11800 = EDGE_CURVE('',#11701,#11801,#11803,.T.);
#11801 = VERTEX_POINT('',#11802);
#11802 = CARTESIAN_POINT('',(153.,1.102182119233E-15,4.5));
#11803 = LINE('',#11804,#11805);
#11804 = CARTESIAN_POINT('',(149.,1.102182119233E-15,4.5));
#11805 = VECTOR('',#11806,1.);
#11806 = DIRECTION('',(1.,0.,0.));
#11807 = ORIENTED_EDGE('',*,*,#11808,.F.);
#11808 = EDGE_CURVE('',#11801,#11801,#11809,.T.);
#11809 = CIRCLE('',#11810,4.5);
#11810 = AXIS2_PLACEMENT_3D('',#11811,#11812,#11813);
#11811 = CARTESIAN_POINT('',(153.,0.,0.));
#11812 = DIRECTION('',(1.,0.,0.));
#11813 = DIRECTION('',(-0.,0.,1.));
#11814 = ORIENTED_EDGE('',*,*,#11800,.F.);
#11815 = ORIENTED_EDGE('',*,*,#11700,.T.);
#11816 = CYLINDRICAL_SURFACE('',#11817,4.5);
#11817 = AXIS2_PLACEMENT_3D('',#11818,#11819,#11820);
#11818 = CARTESIAN_POINT('',(149.,0.,0.));
#11819 = DIRECTION('',(1.,0.,0.));
#11820 = DIRECTION('',(-0.,0.,1.));
#11821 = ADVANCED_FACE('',(#11822),#11841,.F.);
#11822 = FACE_BOUND('',#11823,.F.);
#11823 = EDGE_LOOP('',(#11824,#11825,#11833,#11840));
#11824 = ORIENTED_EDGE('',*,*,#11711,.T.);
#11825 = ORIENTED_EDGE('',*,*,#11826,.T.);
#11826 = EDGE_CURVE('',#11712,#11827,#11829,.T.);
#11827 = VERTEX_POINT('',#11828);
#11828 = CARTESIAN_POINT('',(159.,6.010407640086,7.710407640086));
#11829 = LINE('',#11830,#11831);
#11830 = CARTESIAN_POINT('',(149.,6.010407640086,7.710407640086));
#11831 = VECTOR('',#11832,1.);
#11832 = DIRECTION('',(1.,0.,0.));
#11833 = ORIENTED_EDGE('',*,*,#11834,.F.);
#11834 = EDGE_CURVE('',#11827,#11827,#11835,.T.);
#11835 = CIRCLE('',#11836,1.7);
#11836 = AXIS2_PLACEMENT_3D('',#11837,#11838,#11839);
#11837 = CARTESIAN_POINT('',(159.,6.010407640086,6.010407640086));
#11838 = DIRECTION('',(1.,0.,0.));
#11839 = DIRECTION('',(-0.,0.,1.));
#11840 = ORIENTED_EDGE('',*,*,#11826,.F.);
#11841 = CYLINDRICAL_SURFACE('',#11842,1.7);
#11842 = AXIS2_PLACEMENT_3D('',#11843,#11844,#11845);
#11843 = CARTESIAN_POINT('',(149.,6.010407640086,6.010407640086));
#11844 = DIRECTION('',(1.,0.,0.));
#11845 = DIRECTION('',(-0.,0.,1.));
#11846 = ADVANCED_FACE('',(#11847),#11866,.F.);
#11847 = FACE_BOUND('',#11848,.F.);
#11848 = EDGE_LOOP('',(#11849,#11850,#11858,#11865));
#11849 = ORIENTED_EDGE('',*,*,#11722,.T.);
#11850 = ORIENTED_EDGE('',*,*,#11851,.T.);
#11851 = EDGE_CURVE('',#11723,#11852,#11854,.T.);
#11852 = VERTEX_POINT('',#11853);
#11853 = CARTESIAN_POINT('',(159.,-6.010407640086,-4.310407640086));
#11854 = LINE('',#11855,#11856);
#11855 = CARTESIAN_POINT('',(149.,-6.010407640086,-4.310407640086));
#11856 = VECTOR('',#11857,1.);
#11857 = DIRECTION('',(1.,0.,0.));
#11858 = ORIENTED_EDGE('',*,*,#11859,.F.);
#11859 = EDGE_CURVE('',#11852,#11852,#11860,.T.);
#11860 = CIRCLE('',#11861,1.7);
#11861 = AXIS2_PLACEMENT_3D('',#11862,#11863,#11864);
#11862 = CARTESIAN_POINT('',(159.,-6.010407640086,-6.010407640086));
#11863 = DIRECTION('',(1.,0.,0.));
#11864 = DIRECTION('',(-0.,0.,1.));
#11865 = ORIENTED_EDGE('',*,*,#11851,.F.);
#11866 = CYLINDRICAL_SURFACE('',#11867,1.7);
#11867 = AXIS2_PLACEMENT_3D('',#11868,#11869,#11870);
#11868 = CARTESIAN_POINT('',(149.,-6.010407640086,-6.010407640086));
#11869 = DIRECTION('',(1.,0.,0.));
#11870 = DIRECTION('',(-0.,0.,1.));
#11871 = ADVANCED_FACE('',(#11872),#11891,.F.);
#11872 = FACE_BOUND('',#11873,.F.);
#11873 = EDGE_LOOP('',(#11874,#11875,#11883,#11890));
#11874 = ORIENTED_EDGE('',*,*,#11733,.T.);
#11875 = ORIENTED_EDGE('',*,*,#11876,.T.);
#11876 = EDGE_CURVE('',#11734,#11877,#11879,.T.);
#11877 = VERTEX_POINT('',#11878);
#11878 = CARTESIAN_POINT('',(159.,-6.010407640086,7.710407640086));
#11879 = LINE('',#11880,#11881);
#11880 = CARTESIAN_POINT('',(149.,-6.010407640086,7.710407640086));
#11881 = VECTOR('',#11882,1.);
#11882 = DIRECTION('',(1.,0.,0.));
#11883 = ORIENTED_EDGE('',*,*,#11884,.F.);
#11884 = EDGE_CURVE('',#11877,#11877,#11885,.T.);
#11885 = CIRCLE('',#11886,1.7);
#11886 = AXIS2_PLACEMENT_3D('',#11887,#11888,#11889);
#11887 = CARTESIAN_POINT('',(159.,-6.010407640086,6.010407640086));
#11888 = DIRECTION('',(1.,0.,0.));
#11889 = DIRECTION('',(-0.,0.,1.));
#11890 = ORIENTED_EDGE('',*,*,#11876,.F.);
#11891 = CYLINDRICAL_SURFACE('',#11892,1.7);
#11892 = AXIS2_PLACEMENT_3D('',#11893,#11894,#11895);
#11893 = CARTESIAN_POINT('',(149.,-6.010407640086,6.010407640086));
#11894 = DIRECTION('',(1.,0.,0.));
#11895 = DIRECTION('',(-0.,0.,1.));
#11896 = ADVANCED_FACE('',(#11897,#11931),#11934,.F.);
#11897 = FACE_BOUND('',#11898,.F.);
#11898 = EDGE_LOOP('',(#11899,#11909,#11917,#11925));
#11899 = ORIENTED_EDGE('',*,*,#11900,.F.);
#11900 = EDGE_CURVE('',#11901,#11903,#11905,.T.);
#11901 = VERTEX_POINT('',#11902);
#11902 = CARTESIAN_POINT('',(163.,-23.,-27.));
#11903 = VERTEX_POINT('',#11904);
#11904 = CARTESIAN_POINT('',(163.,-23.,23.));
#11905 = LINE('',#11906,#11907);
#11906 = CARTESIAN_POINT('',(163.,-23.,-27.));
#11907 = VECTOR('',#11908,1.);
#11908 = DIRECTION('',(0.,0.,1.));
#11909 = ORIENTED_EDGE('',*,*,#11910,.T.);
#11910 = EDGE_CURVE('',#11901,#11911,#11913,.T.);
#11911 = VERTEX_POINT('',#11912);
#11912 = CARTESIAN_POINT('',(163.,42.,-27.));
#11913 = LINE('',#11914,#11915);
#11914 = CARTESIAN_POINT('',(163.,-23.,-27.));
#11915 = VECTOR('',#11916,1.);
#11916 = DIRECTION('',(-0.,1.,0.));
#11917 = ORIENTED_EDGE('',*,*,#11918,.T.);
#11918 = EDGE_CURVE('',#11911,#11919,#11921,.T.);
#11919 = VERTEX_POINT('',#11920);
#11920 = CARTESIAN_POINT('',(163.,42.,23.));
#11921 = LINE('',#11922,#11923);
#11922 = CARTESIAN_POINT('',(163.,42.,-27.));
#11923 = VECTOR('',#11924,1.);
#11924 = DIRECTION('',(0.,0.,1.));
#11925 = ORIENTED_EDGE('',*,*,#11926,.F.);
#11926 = EDGE_CURVE('',#11903,#11919,#11927,.T.);
#11927 = LINE('',#11928,#11929);
#11928 = CARTESIAN_POINT('',(163.,-23.,23.));
#11929 = VECTOR('',#11930,1.);
#11930 = DIRECTION('',(-0.,1.,0.));
#11931 = FACE_BOUND('',#11932,.F.);
#11932 = EDGE_LOOP('',(#11933));
#11933 = ORIENTED_EDGE('',*,*,#11750,.F.);
#11934 = PLANE('',#11935);
#11935 = AXIS2_PLACEMENT_3D('',#11936,#11937,#11938);
#11936 = CARTESIAN_POINT('',(163.,-23.,-27.));
#11937 = DIRECTION('',(1.,0.,-0.));
#11938 = DIRECTION('',(0.,0.,1.));
#11939 = ADVANCED_FACE('',(#11940,#11951),#11954,.T.);
#11940 = FACE_BOUND('',#11941,.T.);
#11941 = EDGE_LOOP('',(#11942));
#11942 = ORIENTED_EDGE('',*,*,#11943,.T.);
#11943 = EDGE_CURVE('',#11944,#11944,#11946,.T.);
#11944 = VERTEX_POINT('',#11945);
#11945 = CARTESIAN_POINT('',(159.,6.010407640086,-2.710407640086));
#11946 = CIRCLE('',#11947,3.3);
#11947 = AXIS2_PLACEMENT_3D('',#11948,#11949,#11950);
#11948 = CARTESIAN_POINT('',(159.,6.010407640086,-6.010407640086));
#11949 = DIRECTION('',(1.,0.,0.));
#11950 = DIRECTION('',(-0.,0.,1.));
#11951 = FACE_BOUND('',#11952,.T.);
#11952 = EDGE_LOOP('',(#11953));
#11953 = ORIENTED_EDGE('',*,*,#11784,.F.);
#11954 = PLANE('',#11955);
#11955 = AXIS2_PLACEMENT_3D('',#11956,#11957,#11958);
#11956 = CARTESIAN_POINT('',(159.,6.010407640086,-6.010407640086));
#11957 = DIRECTION('',(1.,0.,0.));
#11958 = DIRECTION('',(-0.,0.,1.));
#11959 = ADVANCED_FACE('',(#11960),#11963,.F.);
#11960 = FACE_BOUND('',#11961,.F.);
#11961 = EDGE_LOOP('',(#11962));
#11962 = ORIENTED_EDGE('',*,*,#11808,.T.);
#11963 = PLANE('',#11964);
#11964 = AXIS2_PLACEMENT_3D('',#11965,#11966,#11967);
#11965 = CARTESIAN_POINT('',(153.,0.,0.));
#11966 = DIRECTION('',(1.,0.,0.));
#11967 = DIRECTION('',(-0.,0.,1.));
#11968 = ADVANCED_FACE('',(#11969,#11980),#11983,.T.);
#11969 = FACE_BOUND('',#11970,.T.);
#11970 = EDGE_LOOP('',(#11971));
#11971 = ORIENTED_EDGE('',*,*,#11972,.T.);
#11972 = EDGE_CURVE('',#11973,#11973,#11975,.T.);
#11973 = VERTEX_POINT('',#11974);
#11974 = CARTESIAN_POINT('',(159.,6.010407640086,9.310407640086));
#11975 = CIRCLE('',#11976,3.3);
#11976 = AXIS2_PLACEMENT_3D('',#11977,#11978,#11979);
#11977 = CARTESIAN_POINT('',(159.,6.010407640086,6.010407640086));
#11978 = DIRECTION('',(1.,0.,0.));
#11979 = DIRECTION('',(-0.,0.,1.));
#11980 = FACE_BOUND('',#11981,.T.);
#11981 = EDGE_LOOP('',(#11982));
#11982 = ORIENTED_EDGE('',*,*,#11834,.F.);
#11983 = PLANE('',#11984);
#11984 = AXIS2_PLACEMENT_3D('',#11985,#11986,#11987);
#11985 = CARTESIAN_POINT('',(159.,6.010407640086,6.010407640086));
#11986 = DIRECTION('',(1.,0.,0.));
#11987 = DIRECTION('',(-0.,0.,1.));
#11988 = ADVANCED_FACE('',(#11989,#12000),#12003,.T.);
#11989 = FACE_BOUND('',#11990,.T.);
#11990 = EDGE_LOOP('',(#11991));
#11991 = ORIENTED_EDGE('',*,*,#11992,.T.);
#11992 = EDGE_CURVE('',#11993,#11993,#11995,.T.);
#11993 = VERTEX_POINT('',#11994);
#11994 = CARTESIAN_POINT('',(159.,-6.010407640086,-2.710407640086));
#11995 = CIRCLE('',#11996,3.3);
#11996 = AXIS2_PLACEMENT_3D('',#11997,#11998,#11999);
#11997 = CARTESIAN_POINT('',(159.,-6.010407640086,-6.010407640086));
#11998 = DIRECTION('',(1.,0.,0.));
#11999 = DIRECTION('',(-0.,0.,1.));
#12000 = FACE_BOUND('',#12001,.T.);
#12001 = EDGE_LOOP('',(#12002));
#12002 = ORIENTED_EDGE('',*,*,#11859,.F.);
#12003 = PLANE('',#12004);
#12004 = AXIS2_PLACEMENT_3D('',#12005,#12006,#12007);
#12005 = CARTESIAN_POINT('',(159.,-6.010407640086,-6.010407640086));
#12006 = DIRECTION('',(1.,0.,0.));
#12007 = DIRECTION('',(-0.,0.,1.));
#12008 = ADVANCED_FACE('',(#12009,#12020),#12023,.T.);
#12009 = FACE_BOUND('',#12010,.T.);
#12010 = EDGE_LOOP('',(#12011));
#12011 = ORIENTED_EDGE('',*,*,#12012,.T.);
#12012 = EDGE_CURVE('',#12013,#12013,#12015,.T.);
#12013 = VERTEX_POINT('',#12014);
#12014 = CARTESIAN_POINT('',(159.,-6.010407640086,9.310407640086));
#12015 = CIRCLE('',#12016,3.3);
#12016 = AXIS2_PLACEMENT_3D('',#12017,#12018,#12019);
#12017 = CARTESIAN_POINT('',(159.,-6.010407640086,6.010407640086));
#12018 = DIRECTION('',(1.,0.,0.));
#12019 = DIRECTION('',(-0.,0.,1.));
#12020 = FACE_BOUND('',#12021,.T.);
#12021 = EDGE_LOOP('',(#12022));
#12022 = ORIENTED_EDGE('',*,*,#11884,.F.);
#12023 = PLANE('',#12024);
#12024 = AXIS2_PLACEMENT_3D('',#12025,#12026,#12027);
#12025 = CARTESIAN_POINT('',(159.,-6.010407640086,6.010407640086));
#12026 = DIRECTION('',(1.,0.,0.));
#12027 = DIRECTION('',(-0.,0.,1.));
#12028 = ADVANCED_FACE('',(#12029),#12054,.F.);
#12029 = FACE_BOUND('',#12030,.F.);
#12030 = EDGE_LOOP('',(#12031,#12039,#12040,#12048));
#12031 = ORIENTED_EDGE('',*,*,#12032,.F.);
#12032 = EDGE_CURVE('',#11901,#12033,#12035,.T.);
#12033 = VERTEX_POINT('',#12034);
#12034 = CARTESIAN_POINT('',(168.,-23.,-27.));
#12035 = LINE('',#12036,#12037);
#12036 = CARTESIAN_POINT('',(163.,-23.,-27.));
#12037 = VECTOR('',#12038,1.);
#12038 = DIRECTION('',(1.,0.,-0.));
#12039 = ORIENTED_EDGE('',*,*,#11900,.T.);
#12040 = ORIENTED_EDGE('',*,*,#12041,.T.);
#12041 = EDGE_CURVE('',#11903,#12042,#12044,.T.);
#12042 = VERTEX_POINT('',#12043);
#12043 = CARTESIAN_POINT('',(168.,-23.,23.));
#12044 = LINE('',#12045,#12046);
#12045 = CARTESIAN_POINT('',(163.,-23.,23.));
#12046 = VECTOR('',#12047,1.);
#12047 = DIRECTION('',(1.,0.,-0.));
#12048 = ORIENTED_EDGE('',*,*,#12049,.F.);
#12049 = EDGE_CURVE('',#12033,#12042,#12050,.T.);
#12050 = LINE('',#12051,#12052);
#12051 = CARTESIAN_POINT('',(168.,-23.,-27.));
#12052 = VECTOR('',#12053,1.);
#12053 = DIRECTION('',(0.,0.,1.));
#12054 = PLANE('',#12055);
#12055 = AXIS2_PLACEMENT_3D('',#12056,#12057,#12058);
#12056 = CARTESIAN_POINT('',(163.,-23.,-27.));
#12057 = DIRECTION('',(-0.,1.,0.));
#12058 = DIRECTION('',(0.,0.,1.));
#12059 = ADVANCED_FACE('',(#12060),#12078,.T.);
#12060 = FACE_BOUND('',#12061,.T.);
#12061 = EDGE_LOOP('',(#12062,#12063,#12064,#12072));
#12062 = ORIENTED_EDGE('',*,*,#11926,.F.);
#12063 = ORIENTED_EDGE('',*,*,#12041,.T.);
#12064 = ORIENTED_EDGE('',*,*,#12065,.T.);
#12065 = EDGE_CURVE('',#12042,#12066,#12068,.T.);
#12066 = VERTEX_POINT('',#12067);
#12067 = CARTESIAN_POINT('',(168.,42.,23.));
#12068 = LINE('',#12069,#12070);
#12069 = CARTESIAN_POINT('',(168.,-23.,23.));
#12070 = VECTOR('',#12071,1.);
#12071 = DIRECTION('',(-0.,1.,0.));
#12072 = ORIENTED_EDGE('',*,*,#12073,.F.);
#12073 = EDGE_CURVE('',#11919,#12066,#12074,.T.);
#12074 = LINE('',#12075,#12076);
#12075 = CARTESIAN_POINT('',(163.,42.,23.));
#12076 = VECTOR('',#12077,1.);
#12077 = DIRECTION('',(1.,0.,-0.));
#12078 = PLANE('',#12079);
#12079 = AXIS2_PLACEMENT_3D('',#12080,#12081,#12082);
#12080 = CARTESIAN_POINT('',(163.,-23.,23.));
#12081 = DIRECTION('',(0.,0.,1.));
#12082 = DIRECTION('',(1.,0.,-0.));
#12083 = ADVANCED_FACE('',(#12084),#12110,.T.);
#12084 = FACE_BOUND('',#12085,.T.);
#12085 = EDGE_LOOP('',(#12086,#12094,#12095,#12096,#12104));
#12086 = ORIENTED_EDGE('',*,*,#12087,.F.);
#12087 = EDGE_CURVE('',#11911,#12088,#12090,.T.);
#12088 = VERTEX_POINT('',#12089);
#12089 = CARTESIAN_POINT('',(168.,42.,-27.));
#12090 = LINE('',#12091,#12092);
#12091 = CARTESIAN_POINT('',(163.,42.,-27.));
#12092 = VECTOR('',#12093,1.);
#12093 = DIRECTION('',(1.,0.,-0.));
#12094 = ORIENTED_EDGE('',*,*,#11918,.T.);
#12095 = ORIENTED_EDGE('',*,*,#12073,.T.);
#12096 = ORIENTED_EDGE('',*,*,#12097,.F.);
#12097 = EDGE_CURVE('',#12098,#12066,#12100,.T.);
#12098 = VERTEX_POINT('',#12099);
#12099 = CARTESIAN_POINT('',(168.,42.,7.5));
#12100 = LINE('',#12101,#12102);
#12101 = CARTESIAN_POINT('',(168.,42.,-27.));
#12102 = VECTOR('',#12103,1.);
#12103 = DIRECTION('',(0.,0.,1.));
#12104 = ORIENTED_EDGE('',*,*,#12105,.F.);
#12105 = EDGE_CURVE('',#12088,#12098,#12106,.T.);
#12106 = LINE('',#12107,#12108);
#12107 = CARTESIAN_POINT('',(168.,42.,-27.));
#12108 = VECTOR('',#12109,1.);
#12109 = DIRECTION('',(0.,0.,1.));
#12110 = PLANE('',#12111);
#12111 = AXIS2_PLACEMENT_3D('',#12112,#12113,#12114);
#12112 = CARTESIAN_POINT('',(163.,42.,-27.));
#12113 = DIRECTION('',(-0.,1.,0.));
#12114 = DIRECTION('',(0.,0.,1.));
#12115 = ADVANCED_FACE('',(#12116),#12135,.F.);
#12116 = FACE_BOUND('',#12117,.F.);
#12117 = EDGE_LOOP('',(#12118,#12127,#12133,#12134));
#12118 = ORIENTED_EDGE('',*,*,#12119,.F.);
#12119 = EDGE_CURVE('',#12120,#12120,#12122,.T.);
#12120 = VERTEX_POINT('',#12121);
#12121 = CARTESIAN_POINT('',(168.,6.010407640086,-2.710407640086));
#12122 = CIRCLE('',#12123,3.3);
#12123 = AXIS2_PLACEMENT_3D('',#12124,#12125,#12126);
#12124 = CARTESIAN_POINT('',(168.,6.010407640086,-6.010407640086));
#12125 = DIRECTION('',(1.,0.,0.));
#12126 = DIRECTION('',(-0.,0.,1.));
#12127 = ORIENTED_EDGE('',*,*,#12128,.F.);
#12128 = EDGE_CURVE('',#11944,#12120,#12129,.T.);
#12129 = LINE('',#12130,#12131);
#12130 = CARTESIAN_POINT('',(159.,6.010407640086,-2.710407640086));
#12131 = VECTOR('',#12132,1.);
#12132 = DIRECTION('',(1.,0.,0.));
#12133 = ORIENTED_EDGE('',*,*,#11943,.T.);
#12134 = ORIENTED_EDGE('',*,*,#12128,.T.);
#12135 = CYLINDRICAL_SURFACE('',#12136,3.3);
#12136 = AXIS2_PLACEMENT_3D('',#12137,#12138,#12139);
#12137 = CARTESIAN_POINT('',(159.,6.010407640086,-6.010407640086));
#12138 = DIRECTION('',(1.,0.,0.));
#12139 = DIRECTION('',(-0.,0.,1.));
#12140 = ADVANCED_FACE('',(#12141),#12194,.F.);
#12141 = FACE_BOUND('',#12142,.F.);
#12142 = EDGE_LOOP('',(#12143,#12154,#12162,#12171,#12177,#12178,#12179,
    #12188));
#12143 = ORIENTED_EDGE('',*,*,#12144,.F.);
#12144 = EDGE_CURVE('',#12145,#12147,#12149,.T.);
#12145 = VERTEX_POINT('',#12146);
#12146 = CARTESIAN_POINT('',(169.,3.06573200408,7.5));
#12147 = VERTEX_POINT('',#12148);
#12148 = CARTESIAN_POINT('',(169.,8.955083276091,7.5));
#12149 = CIRCLE('',#12150,3.3);
#12150 = AXIS2_PLACEMENT_3D('',#12151,#12152,#12153);
#12151 = CARTESIAN_POINT('',(169.,6.010407640086,6.010407640086));
#12152 = DIRECTION('',(1.,0.,0.));
#12153 = DIRECTION('',(-0.,0.,1.));
#12154 = ORIENTED_EDGE('',*,*,#12155,.F.);
#12155 = EDGE_CURVE('',#12156,#12145,#12158,.T.);
#12156 = VERTEX_POINT('',#12157);
#12157 = CARTESIAN_POINT('',(168.,3.06573200408,7.5));
#12158 = LINE('',#12159,#12160);
#12159 = CARTESIAN_POINT('',(159.,3.06573200408,7.5));
#12160 = VECTOR('',#12161,1.);
#12161 = DIRECTION('',(1.,0.,0.));
#12162 = ORIENTED_EDGE('',*,*,#12163,.F.);
#12163 = EDGE_CURVE('',#12164,#12156,#12166,.T.);
#12164 = VERTEX_POINT('',#12165);
#12165 = CARTESIAN_POINT('',(168.,6.010407640086,9.310407640086));
#12166 = CIRCLE('',#12167,3.3);
#12167 = AXIS2_PLACEMENT_3D('',#12168,#12169,#12170);
#12168 = CARTESIAN_POINT('',(168.,6.010407640086,6.010407640086));
#12169 = DIRECTION('',(1.,0.,0.));
#12170 = DIRECTION('',(-0.,0.,1.));
#12171 = ORIENTED_EDGE('',*,*,#12172,.F.);
#12172 = EDGE_CURVE('',#11973,#12164,#12173,.T.);
#12173 = LINE('',#12174,#12175);
#12174 = CARTESIAN_POINT('',(159.,6.010407640086,9.310407640086));
#12175 = VECTOR('',#12176,1.);
#12176 = DIRECTION('',(1.,0.,0.));
#12177 = ORIENTED_EDGE('',*,*,#11972,.T.);
#12178 = ORIENTED_EDGE('',*,*,#12172,.T.);
#12179 = ORIENTED_EDGE('',*,*,#12180,.F.);
#12180 = EDGE_CURVE('',#12181,#12164,#12183,.T.);
#12181 = VERTEX_POINT('',#12182);
#12182 = CARTESIAN_POINT('',(168.,8.955083276091,7.5));
#12183 = CIRCLE('',#12184,3.3);
#12184 = AXIS2_PLACEMENT_3D('',#12185,#12186,#12187);
#12185 = CARTESIAN_POINT('',(168.,6.010407640086,6.010407640086));
#12186 = DIRECTION('',(1.,0.,0.));
#12187 = DIRECTION('',(-0.,0.,1.));
#12188 = ORIENTED_EDGE('',*,*,#12189,.T.);
#12189 = EDGE_CURVE('',#12181,#12147,#12190,.T.);
#12190 = LINE('',#12191,#12192);
#12191 = CARTESIAN_POINT('',(159.,8.955083276091,7.5));
#12192 = VECTOR('',#12193,1.);
#12193 = DIRECTION('',(1.,0.,0.));
#12194 = CYLINDRICAL_SURFACE('',#12195,3.3);
#12195 = AXIS2_PLACEMENT_3D('',#12196,#12197,#12198);
#12196 = CARTESIAN_POINT('',(159.,6.010407640086,6.010407640086));
#12197 = DIRECTION('',(1.,0.,0.));
#12198 = DIRECTION('',(-0.,0.,1.));
#12199 = ADVANCED_FACE('',(#12200),#12219,.F.);
#12200 = FACE_BOUND('',#12201,.F.);
#12201 = EDGE_LOOP('',(#12202,#12211,#12217,#12218));
#12202 = ORIENTED_EDGE('',*,*,#12203,.F.);
#12203 = EDGE_CURVE('',#12204,#12204,#12206,.T.);
#12204 = VERTEX_POINT('',#12205);
#12205 = CARTESIAN_POINT('',(168.,-6.010407640086,-2.710407640086));
#12206 = CIRCLE('',#12207,3.3);
#12207 = AXIS2_PLACEMENT_3D('',#12208,#12209,#12210);
#12208 = CARTESIAN_POINT('',(168.,-6.010407640086,-6.010407640086));
#12209 = DIRECTION('',(1.,0.,0.));
#12210 = DIRECTION('',(-0.,0.,1.));
#12211 = ORIENTED_EDGE('',*,*,#12212,.F.);
#12212 = EDGE_CURVE('',#11993,#12204,#12213,.T.);
#12213 = LINE('',#12214,#12215);
#12214 = CARTESIAN_POINT('',(159.,-6.010407640086,-2.710407640086));
#12215 = VECTOR('',#12216,1.);
#12216 = DIRECTION('',(1.,0.,0.));
#12217 = ORIENTED_EDGE('',*,*,#11992,.T.);
#12218 = ORIENTED_EDGE('',*,*,#12212,.T.);
#12219 = CYLINDRICAL_SURFACE('',#12220,3.3);
#12220 = AXIS2_PLACEMENT_3D('',#12221,#12222,#12223);
#12221 = CARTESIAN_POINT('',(159.,-6.010407640086,-6.010407640086));
#12222 = DIRECTION('',(1.,0.,0.));
#12223 = DIRECTION('',(-0.,0.,1.));
#12224 = ADVANCED_FACE('',(#12225),#12278,.F.);
#12225 = FACE_BOUND('',#12226,.F.);
#12226 = EDGE_LOOP('',(#12227,#12238,#12246,#12255,#12261,#12262,#12263,
    #12272));
#12227 = ORIENTED_EDGE('',*,*,#12228,.F.);
#12228 = EDGE_CURVE('',#12229,#12231,#12233,.T.);
#12229 = VERTEX_POINT('',#12230);
#12230 = CARTESIAN_POINT('',(169.,-8.955083276091,7.5));
#12231 = VERTEX_POINT('',#12232);
#12232 = CARTESIAN_POINT('',(169.,-3.06573200408,7.5));
#12233 = CIRCLE('',#12234,3.3);
#12234 = AXIS2_PLACEMENT_3D('',#12235,#12236,#12237);
#12235 = CARTESIAN_POINT('',(169.,-6.010407640086,6.010407640086));
#12236 = DIRECTION('',(1.,0.,0.));
#12237 = DIRECTION('',(-0.,0.,1.));
#12238 = ORIENTED_EDGE('',*,*,#12239,.F.);
#12239 = EDGE_CURVE('',#12240,#12229,#12242,.T.);
#12240 = VERTEX_POINT('',#12241);
#12241 = CARTESIAN_POINT('',(168.,-8.955083276091,7.5));
#12242 = LINE('',#12243,#12244);
#12243 = CARTESIAN_POINT('',(159.,-8.955083276091,7.5));
#12244 = VECTOR('',#12245,1.);
#12245 = DIRECTION('',(1.,0.,0.));
#12246 = ORIENTED_EDGE('',*,*,#12247,.F.);
#12247 = EDGE_CURVE('',#12248,#12240,#12250,.T.);
#12248 = VERTEX_POINT('',#12249);
#12249 = CARTESIAN_POINT('',(168.,-6.010407640086,9.310407640086));
#12250 = CIRCLE('',#12251,3.3);
#12251 = AXIS2_PLACEMENT_3D('',#12252,#12253,#12254);
#12252 = CARTESIAN_POINT('',(168.,-6.010407640086,6.010407640086));
#12253 = DIRECTION('',(1.,0.,0.));
#12254 = DIRECTION('',(-0.,0.,1.));
#12255 = ORIENTED_EDGE('',*,*,#12256,.F.);
#12256 = EDGE_CURVE('',#12013,#12248,#12257,.T.);
#12257 = LINE('',#12258,#12259);
#12258 = CARTESIAN_POINT('',(159.,-6.010407640086,9.310407640086));
#12259 = VECTOR('',#12260,1.);
#12260 = DIRECTION('',(1.,0.,0.));
#12261 = ORIENTED_EDGE('',*,*,#12012,.T.);
#12262 = ORIENTED_EDGE('',*,*,#12256,.T.);
#12263 = ORIENTED_EDGE('',*,*,#12264,.F.);
#12264 = EDGE_CURVE('',#12265,#12248,#12267,.T.);
#12265 = VERTEX_POINT('',#12266);
#12266 = CARTESIAN_POINT('',(168.,-3.06573200408,7.5));
#12267 = CIRCLE('',#12268,3.3);
#12268 = AXIS2_PLACEMENT_3D('',#12269,#12270,#12271);
#12269 = CARTESIAN_POINT('',(168.,-6.010407640086,6.010407640086));
#12270 = DIRECTION('',(1.,0.,0.));
#12271 = DIRECTION('',(-0.,0.,1.));
#12272 = ORIENTED_EDGE('',*,*,#12273,.T.);
#12273 = EDGE_CURVE('',#12265,#12231,#12274,.T.);
#12274 = LINE('',#12275,#12276);
#12275 = CARTESIAN_POINT('',(159.,-3.06573200408,7.5));
#12276 = VECTOR('',#12277,1.);
#12277 = DIRECTION('',(1.,0.,0.));
#12278 = CYLINDRICAL_SURFACE('',#12279,3.3);
#12279 = AXIS2_PLACEMENT_3D('',#12280,#12281,#12282);
#12280 = CARTESIAN_POINT('',(159.,-6.010407640086,6.010407640086));
#12281 = DIRECTION('',(1.,0.,0.));
#12282 = DIRECTION('',(-0.,0.,1.));
#12283 = ADVANCED_FACE('',(#12284,#12359,#12362),#12365,.T.);
#12284 = FACE_BOUND('',#12285,.T.);
#12285 = EDGE_LOOP('',(#12286,#12287,#12293,#12294,#12295,#12296,#12304,
    #12312,#12320,#12328,#12336,#12344,#12350,#12351,#12352,#12358));
#12286 = ORIENTED_EDGE('',*,*,#12180,.F.);
#12287 = ORIENTED_EDGE('',*,*,#12288,.T.);
#12288 = EDGE_CURVE('',#12181,#12098,#12289,.T.);
#12289 = LINE('',#12290,#12291);
#12290 = CARTESIAN_POINT('',(168.,-22.,7.5));
#12291 = VECTOR('',#12292,1.);
#12292 = DIRECTION('',(-0.,1.,0.));
#12293 = ORIENTED_EDGE('',*,*,#12097,.T.);
#12294 = ORIENTED_EDGE('',*,*,#12065,.F.);
#12295 = ORIENTED_EDGE('',*,*,#12049,.F.);
#12296 = ORIENTED_EDGE('',*,*,#12297,.T.);
#12297 = EDGE_CURVE('',#12033,#12298,#12300,.T.);
#12298 = VERTEX_POINT('',#12299);
#12299 = CARTESIAN_POINT('',(168.,-22.,-27.));
#12300 = LINE('',#12301,#12302);
#12301 = CARTESIAN_POINT('',(168.,-23.,-27.));
#12302 = VECTOR('',#12303,1.);
#12303 = DIRECTION('',(-0.,1.,0.));
#12304 = ORIENTED_EDGE('',*,*,#12305,.T.);
#12305 = EDGE_CURVE('',#12298,#12306,#12308,.T.);
#12306 = VERTEX_POINT('',#12307);
#12307 = CARTESIAN_POINT('',(168.,-22.,-21.));
#12308 = LINE('',#12309,#12310);
#12309 = CARTESIAN_POINT('',(168.,-22.,-27.));
#12310 = VECTOR('',#12311,1.);
#12311 = DIRECTION('',(0.,0.,1.));
#12312 = ORIENTED_EDGE('',*,*,#12313,.T.);
#12313 = EDGE_CURVE('',#12306,#12314,#12316,.T.);
#12314 = VERTEX_POINT('',#12315);
#12315 = CARTESIAN_POINT('',(168.,39.,-21.));
#12316 = LINE('',#12317,#12318);
#12317 = CARTESIAN_POINT('',(168.,-22.,-21.));
#12318 = VECTOR('',#12319,1.);
#12319 = DIRECTION('',(-0.,1.,0.));
#12320 = ORIENTED_EDGE('',*,*,#12321,.T.);
#12321 = EDGE_CURVE('',#12314,#12322,#12324,.T.);
#12322 = VERTEX_POINT('',#12323);
#12323 = CARTESIAN_POINT('',(168.,39.,2.5));
#12324 = LINE('',#12325,#12326);
#12325 = CARTESIAN_POINT('',(168.,39.,-27.));
#12326 = VECTOR('',#12327,1.);
#12327 = DIRECTION('',(0.,0.,1.));
#12328 = ORIENTED_EDGE('',*,*,#12329,.F.);
#12329 = EDGE_CURVE('',#12330,#12322,#12332,.T.);
#12330 = VERTEX_POINT('',#12331);
#12331 = CARTESIAN_POINT('',(168.,-22.,2.5));
#12332 = LINE('',#12333,#12334);
#12333 = CARTESIAN_POINT('',(168.,-22.,2.5));
#12334 = VECTOR('',#12335,1.);
#12335 = DIRECTION('',(-0.,1.,0.));
#12336 = ORIENTED_EDGE('',*,*,#12337,.T.);
#12337 = EDGE_CURVE('',#12330,#12338,#12340,.T.);
#12338 = VERTEX_POINT('',#12339);
#12339 = CARTESIAN_POINT('',(168.,-22.,7.5));
#12340 = LINE('',#12341,#12342);
#12341 = CARTESIAN_POINT('',(168.,-22.,2.5));
#12342 = VECTOR('',#12343,1.);
#12343 = DIRECTION('',(0.,0.,1.));
#12344 = ORIENTED_EDGE('',*,*,#12345,.T.);
#12345 = EDGE_CURVE('',#12338,#12240,#12346,.T.);
#12346 = LINE('',#12347,#12348);
#12347 = CARTESIAN_POINT('',(168.,-22.,7.5));
#12348 = VECTOR('',#12349,1.);
#12349 = DIRECTION('',(-0.,1.,0.));
#12350 = ORIENTED_EDGE('',*,*,#12247,.F.);
#12351 = ORIENTED_EDGE('',*,*,#12264,.F.);
#12352 = ORIENTED_EDGE('',*,*,#12353,.T.);
#12353 = EDGE_CURVE('',#12265,#12156,#12354,.T.);
#12354 = LINE('',#12355,#12356);
#12355 = CARTESIAN_POINT('',(168.,-22.,7.5));
#12356 = VECTOR('',#12357,1.);
#12357 = DIRECTION('',(-0.,1.,0.));
#12358 = ORIENTED_EDGE('',*,*,#12163,.F.);
#12359 = FACE_BOUND('',#12360,.T.);
#12360 = EDGE_LOOP('',(#12361));
#12361 = ORIENTED_EDGE('',*,*,#12119,.F.);
#12362 = FACE_BOUND('',#12363,.T.);
#12363 = EDGE_LOOP('',(#12364));
#12364 = ORIENTED_EDGE('',*,*,#12203,.F.);
#12365 = PLANE('',#12366);
#12366 = AXIS2_PLACEMENT_3D('',#12367,#12368,#12369);
#12367 = CARTESIAN_POINT('',(168.,-23.,-27.));
#12368 = DIRECTION('',(1.,0.,-0.));
#12369 = DIRECTION('',(0.,0.,1.));
#12370 = ADVANCED_FACE('',(#12371),#12396,.F.);
#12371 = FACE_BOUND('',#12372,.F.);
#12372 = EDGE_LOOP('',(#12373,#12374,#12382,#12390));
#12373 = ORIENTED_EDGE('',*,*,#12105,.F.);
#12374 = ORIENTED_EDGE('',*,*,#12375,.T.);
#12375 = EDGE_CURVE('',#12088,#12376,#12378,.T.);
#12376 = VERTEX_POINT('',#12377);
#12377 = CARTESIAN_POINT('',(168.,43.,-27.));
#12378 = LINE('',#12379,#12380);
#12379 = CARTESIAN_POINT('',(168.,39.,-27.));
#12380 = VECTOR('',#12381,1.);
#12381 = DIRECTION('',(-0.,1.,0.));
#12382 = ORIENTED_EDGE('',*,*,#12383,.T.);
#12383 = EDGE_CURVE('',#12376,#12384,#12386,.T.);
#12384 = VERTEX_POINT('',#12385);
#12385 = CARTESIAN_POINT('',(168.,43.,7.5));
#12386 = LINE('',#12387,#12388);
#12387 = CARTESIAN_POINT('',(168.,43.,-27.));
#12388 = VECTOR('',#12389,1.);
#12389 = DIRECTION('',(0.,0.,1.));
#12390 = ORIENTED_EDGE('',*,*,#12391,.F.);
#12391 = EDGE_CURVE('',#12098,#12384,#12392,.T.);
#12392 = LINE('',#12393,#12394);
#12393 = CARTESIAN_POINT('',(168.,39.,7.5));
#12394 = VECTOR('',#12395,1.);
#12395 = DIRECTION('',(-0.,1.,0.));
#12396 = PLANE('',#12397);
#12397 = AXIS2_PLACEMENT_3D('',#12398,#12399,#12400);
#12398 = CARTESIAN_POINT('',(168.,39.,-27.));
#12399 = DIRECTION('',(1.,0.,-0.));
#12400 = DIRECTION('',(0.,0.,1.));
#12401 = ADVANCED_FACE('',(#12402),#12411,.F.);
#12402 = FACE_BOUND('',#12403,.F.);
#12403 = EDGE_LOOP('',(#12404,#12410));
#12404 = ORIENTED_EDGE('',*,*,#12405,.F.);
#12405 = EDGE_CURVE('',#12145,#12147,#12406,.T.);
#12406 = LINE('',#12407,#12408);
#12407 = CARTESIAN_POINT('',(169.,-7.994796179957,7.5));
#12408 = VECTOR('',#12409,1.);
#12409 = DIRECTION('',(0.,1.,0.));
#12410 = ORIENTED_EDGE('',*,*,#12144,.T.);
#12411 = PLANE('',#12412);
#12412 = AXIS2_PLACEMENT_3D('',#12413,#12414,#12415);
#12413 = CARTESIAN_POINT('',(169.,6.010407640086,6.010407640086));
#12414 = DIRECTION('',(1.,0.,0.));
#12415 = DIRECTION('',(-0.,0.,1.));
#12416 = ADVANCED_FACE('',(#12417),#12426,.F.);
#12417 = FACE_BOUND('',#12418,.F.);
#12418 = EDGE_LOOP('',(#12419,#12425));
#12419 = ORIENTED_EDGE('',*,*,#12420,.F.);
#12420 = EDGE_CURVE('',#12229,#12231,#12421,.T.);
#12421 = LINE('',#12422,#12423);
#12422 = CARTESIAN_POINT('',(169.,-14.00520382004,7.5));
#12423 = VECTOR('',#12424,1.);
#12424 = DIRECTION('',(0.,1.,0.));
#12425 = ORIENTED_EDGE('',*,*,#12228,.T.);
#12426 = PLANE('',#12427);
#12427 = AXIS2_PLACEMENT_3D('',#12428,#12429,#12430);
#12428 = CARTESIAN_POINT('',(169.,-6.010407640086,6.010407640086));
#12429 = DIRECTION('',(1.,0.,0.));
#12430 = DIRECTION('',(-0.,0.,1.));
#12431 = ADVANCED_FACE('',(#12432),#12457,.F.);
#12432 = FACE_BOUND('',#12433,.F.);
#12433 = EDGE_LOOP('',(#12434,#12442,#12443,#12451));
#12434 = ORIENTED_EDGE('',*,*,#12435,.F.);
#12435 = EDGE_CURVE('',#12330,#12436,#12438,.T.);
#12436 = VERTEX_POINT('',#12437);
#12437 = CARTESIAN_POINT('',(199.,-22.,2.5));
#12438 = LINE('',#12439,#12440);
#12439 = CARTESIAN_POINT('',(168.,-22.,2.5));
#12440 = VECTOR('',#12441,1.);
#12441 = DIRECTION('',(1.,0.,-0.));
#12442 = ORIENTED_EDGE('',*,*,#12337,.T.);
#12443 = ORIENTED_EDGE('',*,*,#12444,.T.);
#12444 = EDGE_CURVE('',#12338,#12445,#12447,.T.);
#12445 = VERTEX_POINT('',#12446);
#12446 = CARTESIAN_POINT('',(199.,-22.,7.5));
#12447 = LINE('',#12448,#12449);
#12448 = CARTESIAN_POINT('',(168.,-22.,7.5));
#12449 = VECTOR('',#12450,1.);
#12450 = DIRECTION('',(1.,0.,-0.));
#12451 = ORIENTED_EDGE('',*,*,#12452,.F.);
#12452 = EDGE_CURVE('',#12436,#12445,#12453,.T.);
#12453 = LINE('',#12454,#12455);
#12454 = CARTESIAN_POINT('',(199.,-22.,2.5));
#12455 = VECTOR('',#12456,1.);
#12456 = DIRECTION('',(0.,0.,1.));
#12457 = PLANE('',#12458);
#12458 = AXIS2_PLACEMENT_3D('',#12459,#12460,#12461);
#12459 = CARTESIAN_POINT('',(168.,-22.,2.5));
#12460 = DIRECTION('',(-0.,1.,0.));
#12461 = DIRECTION('',(0.,0.,1.));
#12462 = ADVANCED_FACE('',(#12463),#12488,.F.);
#12463 = FACE_BOUND('',#12464,.F.);
#12464 = EDGE_LOOP('',(#12465,#12473,#12474,#12482));
#12465 = ORIENTED_EDGE('',*,*,#12466,.F.);
#12466 = EDGE_CURVE('',#12298,#12467,#12469,.T.);
#12467 = VERTEX_POINT('',#12468);
#12468 = CARTESIAN_POINT('',(199.,-22.,-27.));
#12469 = LINE('',#12470,#12471);
#12470 = CARTESIAN_POINT('',(168.,-22.,-27.));
#12471 = VECTOR('',#12472,1.);
#12472 = DIRECTION('',(1.,0.,-0.));
#12473 = ORIENTED_EDGE('',*,*,#12305,.T.);
#12474 = ORIENTED_EDGE('',*,*,#12475,.T.);
#12475 = EDGE_CURVE('',#12306,#12476,#12478,.T.);
#12476 = VERTEX_POINT('',#12477);
#12477 = CARTESIAN_POINT('',(199.,-22.,-21.));
#12478 = LINE('',#12479,#12480);
#12479 = CARTESIAN_POINT('',(168.,-22.,-21.));
#12480 = VECTOR('',#12481,1.);
#12481 = DIRECTION('',(1.,0.,-0.));
#12482 = ORIENTED_EDGE('',*,*,#12483,.F.);
#12483 = EDGE_CURVE('',#12467,#12476,#12484,.T.);
#12484 = LINE('',#12485,#12486);
#12485 = CARTESIAN_POINT('',(199.,-22.,-27.));
#12486 = VECTOR('',#12487,1.);
#12487 = DIRECTION('',(0.,0.,1.));
#12488 = PLANE('',#12489);
#12489 = AXIS2_PLACEMENT_3D('',#12490,#12491,#12492);
#12490 = CARTESIAN_POINT('',(168.,-22.,-27.));
#12491 = DIRECTION('',(-0.,1.,0.));
#12492 = DIRECTION('',(0.,0.,1.));
#12493 = ADVANCED_FACE('',(#12494,#12512,#12523,#12534,#12545,#12579),
  #12590,.F.);
#12494 = FACE_BOUND('',#12495,.F.);
#12495 = EDGE_LOOP('',(#12496,#12497,#12498,#12506));
#12496 = ORIENTED_EDGE('',*,*,#12329,.F.);
#12497 = ORIENTED_EDGE('',*,*,#12435,.T.);
#12498 = ORIENTED_EDGE('',*,*,#12499,.T.);
#12499 = EDGE_CURVE('',#12436,#12500,#12502,.T.);
#12500 = VERTEX_POINT('',#12501);
#12501 = CARTESIAN_POINT('',(199.,39.,2.5));
#12502 = LINE('',#12503,#12504);
#12503 = CARTESIAN_POINT('',(199.,-22.,2.5));
#12504 = VECTOR('',#12505,1.);
#12505 = DIRECTION('',(-0.,1.,0.));
#12506 = ORIENTED_EDGE('',*,*,#12507,.T.);
#12507 = EDGE_CURVE('',#12500,#12322,#12508,.T.);
#12508 = LINE('',#12509,#12510);
#12509 = CARTESIAN_POINT('',(168.,39.,2.5));
#12510 = VECTOR('',#12511,1.);
#12511 = DIRECTION('',(-1.,-0.,0.));
#12512 = FACE_BOUND('',#12513,.F.);
#12513 = EDGE_LOOP('',(#12514));
#12514 = ORIENTED_EDGE('',*,*,#12515,.F.);
#12515 = EDGE_CURVE('',#12516,#12516,#12518,.T.);
#12516 = VERTEX_POINT('',#12517);
#12517 = CARTESIAN_POINT('',(182.25,-14.75,2.5));
#12518 = CIRCLE('',#12519,2.25);
#12519 = AXIS2_PLACEMENT_3D('',#12520,#12521,#12522);
#12520 = CARTESIAN_POINT('',(180.,-14.75,2.5));
#12521 = DIRECTION('',(0.,0.,1.));
#12522 = DIRECTION('',(1.,0.,-0.));
#12523 = FACE_BOUND('',#12524,.F.);
#12524 = EDGE_LOOP('',(#12525));
#12525 = ORIENTED_EDGE('',*,*,#12526,.F.);
#12526 = EDGE_CURVE('',#12527,#12527,#12529,.T.);
#12527 = VERTEX_POINT('',#12528);
#12528 = CARTESIAN_POINT('',(192.25,-14.75,2.5));
#12529 = CIRCLE('',#12530,2.25);
#12530 = AXIS2_PLACEMENT_3D('',#12531,#12532,#12533);
#12531 = CARTESIAN_POINT('',(190.,-14.75,2.5));
#12532 = DIRECTION('',(0.,0.,1.));
#12533 = DIRECTION('',(1.,0.,-0.));
#12534 = FACE_BOUND('',#12535,.F.);
#12535 = EDGE_LOOP('',(#12536));
#12536 = ORIENTED_EDGE('',*,*,#12537,.F.);
#12537 = EDGE_CURVE('',#12538,#12538,#12540,.T.);
#12538 = VERTEX_POINT('',#12539);
#12539 = CARTESIAN_POINT('',(182.25,34.75,2.5));
#12540 = CIRCLE('',#12541,2.25);
#12541 = AXIS2_PLACEMENT_3D('',#12542,#12543,#12544);
#12542 = CARTESIAN_POINT('',(180.,34.75,2.5));
#12543 = DIRECTION('',(0.,0.,1.));
#12544 = DIRECTION('',(1.,0.,-0.));
#12545 = FACE_BOUND('',#12546,.F.);
#12546 = EDGE_LOOP('',(#12547,#12557,#12565,#12573));
#12547 = ORIENTED_EDGE('',*,*,#12548,.T.);
#12548 = EDGE_CURVE('',#12549,#12551,#12553,.T.);
#12549 = VERTEX_POINT('',#12550);
#12550 = CARTESIAN_POINT('',(195.5,-10.5,2.5));
#12551 = VERTEX_POINT('',#12552);
#12552 = CARTESIAN_POINT('',(174.5,-10.5,2.5));
#12553 = LINE('',#12554,#12555);
#12554 = CARTESIAN_POINT('',(171.25,-10.5,2.5));
#12555 = VECTOR('',#12556,1.);
#12556 = DIRECTION('',(-1.,-0.,0.));
#12557 = ORIENTED_EDGE('',*,*,#12558,.T.);
#12558 = EDGE_CURVE('',#12551,#12559,#12561,.T.);
#12559 = VERTEX_POINT('',#12560);
#12560 = CARTESIAN_POINT('',(174.5,30.5,2.5));
#12561 = LINE('',#12562,#12563);
#12562 = CARTESIAN_POINT('',(174.5,-16.25,2.5));
#12563 = VECTOR('',#12564,1.);
#12564 = DIRECTION('',(-0.,1.,0.));
#12565 = ORIENTED_EDGE('',*,*,#12566,.F.);
#12566 = EDGE_CURVE('',#12567,#12559,#12569,.T.);
#12567 = VERTEX_POINT('',#12568);
#12568 = CARTESIAN_POINT('',(195.5,30.5,2.5));
#12569 = LINE('',#12570,#12571);
#12570 = CARTESIAN_POINT('',(171.25,30.5,2.5));
#12571 = VECTOR('',#12572,1.);
#12572 = DIRECTION('',(-1.,-0.,0.));
#12573 = ORIENTED_EDGE('',*,*,#12574,.F.);
#12574 = EDGE_CURVE('',#12549,#12567,#12575,.T.);
#12575 = LINE('',#12576,#12577);
#12576 = CARTESIAN_POINT('',(195.5,-16.25,2.5));
#12577 = VECTOR('',#12578,1.);
#12578 = DIRECTION('',(-0.,1.,0.));
#12579 = FACE_BOUND('',#12580,.F.);
#12580 = EDGE_LOOP('',(#12581));
#12581 = ORIENTED_EDGE('',*,*,#12582,.F.);
#12582 = EDGE_CURVE('',#12583,#12583,#12585,.T.);
#12583 = VERTEX_POINT('',#12584);
#12584 = CARTESIAN_POINT('',(192.25,34.75,2.5));
#12585 = CIRCLE('',#12586,2.25);
#12586 = AXIS2_PLACEMENT_3D('',#12587,#12588,#12589);
#12587 = CARTESIAN_POINT('',(190.,34.75,2.5));
#12588 = DIRECTION('',(0.,0.,1.));
#12589 = DIRECTION('',(1.,0.,-0.));
#12590 = PLANE('',#12591);
#12591 = AXIS2_PLACEMENT_3D('',#12592,#12593,#12594);
#12592 = CARTESIAN_POINT('',(168.,-22.,2.5));
#12593 = DIRECTION('',(0.,0.,1.));
#12594 = DIRECTION('',(1.,0.,-0.));
#12595 = ADVANCED_FACE('',(#12596,#12614),#12625,.T.);
#12596 = FACE_BOUND('',#12597,.T.);
#12597 = EDGE_LOOP('',(#12598,#12599,#12600,#12608));
#12598 = ORIENTED_EDGE('',*,*,#12313,.F.);
#12599 = ORIENTED_EDGE('',*,*,#12475,.T.);
#12600 = ORIENTED_EDGE('',*,*,#12601,.T.);
#12601 = EDGE_CURVE('',#12476,#12602,#12604,.T.);
#12602 = VERTEX_POINT('',#12603);
#12603 = CARTESIAN_POINT('',(199.,39.,-21.));
#12604 = LINE('',#12605,#12606);
#12605 = CARTESIAN_POINT('',(199.,-22.,-21.));
#12606 = VECTOR('',#12607,1.);
#12607 = DIRECTION('',(-0.,1.,0.));
#12608 = ORIENTED_EDGE('',*,*,#12609,.T.);
#12609 = EDGE_CURVE('',#12602,#12314,#12610,.T.);
#12610 = LINE('',#12611,#12612);
#12611 = CARTESIAN_POINT('',(168.,39.,-21.));
#12612 = VECTOR('',#12613,1.);
#12613 = DIRECTION('',(-1.,-0.,0.));
#12614 = FACE_BOUND('',#12615,.T.);
#12615 = EDGE_LOOP('',(#12616));
#12616 = ORIENTED_EDGE('',*,*,#12617,.F.);
#12617 = EDGE_CURVE('',#12618,#12618,#12620,.T.);
#12618 = VERTEX_POINT('',#12619);
#12619 = CARTESIAN_POINT('',(188.5,-8.572527594031E-16,-21.));
#12620 = CIRCLE('',#12621,3.5);
#12621 = AXIS2_PLACEMENT_3D('',#12622,#12623,#12624);
#12622 = CARTESIAN_POINT('',(185.,0.,-21.));
#12623 = DIRECTION('',(0.,0.,1.));
#12624 = DIRECTION('',(1.,0.,-0.));
#12625 = PLANE('',#12626);
#12626 = AXIS2_PLACEMENT_3D('',#12627,#12628,#12629);
#12627 = CARTESIAN_POINT('',(168.,-22.,-21.));
#12628 = DIRECTION('',(0.,0.,1.));
#12629 = DIRECTION('',(1.,0.,-0.));
#12630 = ADVANCED_FACE('',(#12631),#12642,.F.);
#12631 = FACE_BOUND('',#12632,.F.);
#12632 = EDGE_LOOP('',(#12633,#12634,#12635,#12636));
#12633 = ORIENTED_EDGE('',*,*,#12609,.T.);
#12634 = ORIENTED_EDGE('',*,*,#12321,.T.);
#12635 = ORIENTED_EDGE('',*,*,#12507,.F.);
#12636 = ORIENTED_EDGE('',*,*,#12637,.F.);
#12637 = EDGE_CURVE('',#12602,#12500,#12638,.T.);
#12638 = LINE('',#12639,#12640);
#12639 = CARTESIAN_POINT('',(199.,39.,-27.));
#12640 = VECTOR('',#12641,1.);
#12641 = DIRECTION('',(0.,0.,1.));
#12642 = PLANE('',#12643);
#12643 = AXIS2_PLACEMENT_3D('',#12644,#12645,#12646);
#12644 = CARTESIAN_POINT('',(168.,39.,-27.));
#12645 = DIRECTION('',(-0.,1.,0.));
#12646 = DIRECTION('',(0.,0.,1.));
#12647 = ADVANCED_FACE('',(#12648),#12673,.T.);
#12648 = FACE_BOUND('',#12649,.T.);
#12649 = EDGE_LOOP('',(#12650,#12658,#12659,#12667));
#12650 = ORIENTED_EDGE('',*,*,#12651,.F.);
#12651 = EDGE_CURVE('',#12376,#12652,#12654,.T.);
#12652 = VERTEX_POINT('',#12653);
#12653 = CARTESIAN_POINT('',(199.,43.,-27.));
#12654 = LINE('',#12655,#12656);
#12655 = CARTESIAN_POINT('',(168.,43.,-27.));
#12656 = VECTOR('',#12657,1.);
#12657 = DIRECTION('',(1.,0.,-0.));
#12658 = ORIENTED_EDGE('',*,*,#12383,.T.);
#12659 = ORIENTED_EDGE('',*,*,#12660,.T.);
#12660 = EDGE_CURVE('',#12384,#12661,#12663,.T.);
#12661 = VERTEX_POINT('',#12662);
#12662 = CARTESIAN_POINT('',(199.,43.,7.5));
#12663 = LINE('',#12664,#12665);
#12664 = CARTESIAN_POINT('',(168.,43.,7.5));
#12665 = VECTOR('',#12666,1.);
#12666 = DIRECTION('',(1.,0.,-0.));
#12667 = ORIENTED_EDGE('',*,*,#12668,.F.);
#12668 = EDGE_CURVE('',#12652,#12661,#12669,.T.);
#12669 = LINE('',#12670,#12671);
#12670 = CARTESIAN_POINT('',(199.,43.,-27.));
#12671 = VECTOR('',#12672,1.);
#12672 = DIRECTION('',(0.,0.,1.));
#12673 = PLANE('',#12674);
#12674 = AXIS2_PLACEMENT_3D('',#12675,#12676,#12677);
#12675 = CARTESIAN_POINT('',(168.,43.,-27.));
#12676 = DIRECTION('',(-0.,1.,0.));
#12677 = DIRECTION('',(0.,0.,1.));
#12678 = ADVANCED_FACE('',(#12679),#12698,.F.);
#12679 = FACE_BOUND('',#12680,.F.);
#12680 = EDGE_LOOP('',(#12681,#12690,#12696,#12697));
#12681 = ORIENTED_EDGE('',*,*,#12682,.F.);
#12682 = EDGE_CURVE('',#12683,#12683,#12685,.T.);
#12683 = VERTEX_POINT('',#12684);
#12684 = CARTESIAN_POINT('',(182.25,-14.75,7.5));
#12685 = CIRCLE('',#12686,2.25);
#12686 = AXIS2_PLACEMENT_3D('',#12687,#12688,#12689);
#12687 = CARTESIAN_POINT('',(180.,-14.75,7.5));
#12688 = DIRECTION('',(0.,0.,1.));
#12689 = DIRECTION('',(1.,0.,-0.));
#12690 = ORIENTED_EDGE('',*,*,#12691,.F.);
#12691 = EDGE_CURVE('',#12516,#12683,#12692,.T.);
#12692 = LINE('',#12693,#12694);
#12693 = CARTESIAN_POINT('',(182.25,-14.75,2.));
#12694 = VECTOR('',#12695,1.);
#12695 = DIRECTION('',(0.,0.,1.));
#12696 = ORIENTED_EDGE('',*,*,#12515,.T.);
#12697 = ORIENTED_EDGE('',*,*,#12691,.T.);
#12698 = CYLINDRICAL_SURFACE('',#12699,2.25);
#12699 = AXIS2_PLACEMENT_3D('',#12700,#12701,#12702);
#12700 = CARTESIAN_POINT('',(180.,-14.75,2.));
#12701 = DIRECTION('',(0.,0.,1.));
#12702 = DIRECTION('',(1.,0.,-0.));
#12703 = ADVANCED_FACE('',(#12704),#12723,.F.);
#12704 = FACE_BOUND('',#12705,.F.);
#12705 = EDGE_LOOP('',(#12706,#12715,#12721,#12722));
#12706 = ORIENTED_EDGE('',*,*,#12707,.F.);
#12707 = EDGE_CURVE('',#12708,#12708,#12710,.T.);
#12708 = VERTEX_POINT('',#12709);
#12709 = CARTESIAN_POINT('',(192.25,-14.75,7.5));
#12710 = CIRCLE('',#12711,2.25);
#12711 = AXIS2_PLACEMENT_3D('',#12712,#12713,#12714);
#12712 = CARTESIAN_POINT('',(190.,-14.75,7.5));
#12713 = DIRECTION('',(0.,0.,1.));
#12714 = DIRECTION('',(1.,0.,-0.));
#12715 = ORIENTED_EDGE('',*,*,#12716,.F.);
#12716 = EDGE_CURVE('',#12527,#12708,#12717,.T.);
#12717 = LINE('',#12718,#12719);
#12718 = CARTESIAN_POINT('',(192.25,-14.75,2.));
#12719 = VECTOR('',#12720,1.);
#12720 = DIRECTION('',(0.,0.,1.));
#12721 = ORIENTED_EDGE('',*,*,#12526,.T.);
#12722 = ORIENTED_EDGE('',*,*,#12716,.T.);
#12723 = CYLINDRICAL_SURFACE('',#12724,2.25);
#12724 = AXIS2_PLACEMENT_3D('',#12725,#12726,#12727);
#12725 = CARTESIAN_POINT('',(190.,-14.75,2.));
#12726 = DIRECTION('',(0.,0.,1.));
#12727 = DIRECTION('',(1.,0.,-0.));
#12728 = ADVANCED_FACE('',(#12729),#12748,.F.);
#12729 = FACE_BOUND('',#12730,.F.);
#12730 = EDGE_LOOP('',(#12731,#12740,#12746,#12747));
#12731 = ORIENTED_EDGE('',*,*,#12732,.F.);
#12732 = EDGE_CURVE('',#12733,#12733,#12735,.T.);
#12733 = VERTEX_POINT('',#12734);
#12734 = CARTESIAN_POINT('',(182.25,34.75,7.5));
#12735 = CIRCLE('',#12736,2.25);
#12736 = AXIS2_PLACEMENT_3D('',#12737,#12738,#12739);
#12737 = CARTESIAN_POINT('',(180.,34.75,7.5));
#12738 = DIRECTION('',(0.,0.,1.));
#12739 = DIRECTION('',(1.,0.,-0.));
#12740 = ORIENTED_EDGE('',*,*,#12741,.F.);
#12741 = EDGE_CURVE('',#12538,#12733,#12742,.T.);
#12742 = LINE('',#12743,#12744);
#12743 = CARTESIAN_POINT('',(182.25,34.75,2.));
#12744 = VECTOR('',#12745,1.);
#12745 = DIRECTION('',(0.,0.,1.));
#12746 = ORIENTED_EDGE('',*,*,#12537,.T.);
#12747 = ORIENTED_EDGE('',*,*,#12741,.T.);
#12748 = CYLINDRICAL_SURFACE('',#12749,2.25);
#12749 = AXIS2_PLACEMENT_3D('',#12750,#12751,#12752);
#12750 = CARTESIAN_POINT('',(180.,34.75,2.));
#12751 = DIRECTION('',(0.,0.,1.));
#12752 = DIRECTION('',(1.,0.,-0.));
#12753 = ADVANCED_FACE('',(#12754),#12779,.T.);
#12754 = FACE_BOUND('',#12755,.T.);
#12755 = EDGE_LOOP('',(#12756,#12764,#12765,#12773));
#12756 = ORIENTED_EDGE('',*,*,#12757,.F.);
#12757 = EDGE_CURVE('',#12549,#12758,#12760,.T.);
#12758 = VERTEX_POINT('',#12759);
#12759 = CARTESIAN_POINT('',(195.5,-10.5,7.5));
#12760 = LINE('',#12761,#12762);
#12761 = CARTESIAN_POINT('',(195.5,-10.5,2.));
#12762 = VECTOR('',#12763,1.);
#12763 = DIRECTION('',(0.,0.,1.));
#12764 = ORIENTED_EDGE('',*,*,#12548,.T.);
#12765 = ORIENTED_EDGE('',*,*,#12766,.T.);
#12766 = EDGE_CURVE('',#12551,#12767,#12769,.T.);
#12767 = VERTEX_POINT('',#12768);
#12768 = CARTESIAN_POINT('',(174.5,-10.5,7.5));
#12769 = LINE('',#12770,#12771);
#12770 = CARTESIAN_POINT('',(174.5,-10.5,2.));
#12771 = VECTOR('',#12772,1.);
#12772 = DIRECTION('',(0.,0.,1.));
#12773 = ORIENTED_EDGE('',*,*,#12774,.F.);
#12774 = EDGE_CURVE('',#12758,#12767,#12775,.T.);
#12775 = LINE('',#12776,#12777);
#12776 = CARTESIAN_POINT('',(171.25,-10.5,7.5));
#12777 = VECTOR('',#12778,1.);
#12778 = DIRECTION('',(-1.,-0.,0.));
#12779 = PLANE('',#12780);
#12780 = AXIS2_PLACEMENT_3D('',#12781,#12782,#12783);
#12781 = CARTESIAN_POINT('',(174.5,-10.5,2.));
#12782 = DIRECTION('',(-0.,1.,0.));
#12783 = DIRECTION('',(0.,0.,1.));
#12784 = ADVANCED_FACE('',(#12785),#12803,.F.);
#12785 = FACE_BOUND('',#12786,.F.);
#12786 = EDGE_LOOP('',(#12787,#12788,#12789,#12797));
#12787 = ORIENTED_EDGE('',*,*,#12757,.F.);
#12788 = ORIENTED_EDGE('',*,*,#12574,.T.);
#12789 = ORIENTED_EDGE('',*,*,#12790,.T.);
#12790 = EDGE_CURVE('',#12567,#12791,#12793,.T.);
#12791 = VERTEX_POINT('',#12792);
#12792 = CARTESIAN_POINT('',(195.5,30.5,7.5));
#12793 = LINE('',#12794,#12795);
#12794 = CARTESIAN_POINT('',(195.5,30.5,2.));
#12795 = VECTOR('',#12796,1.);
#12796 = DIRECTION('',(0.,0.,1.));
#12797 = ORIENTED_EDGE('',*,*,#12798,.F.);
#12798 = EDGE_CURVE('',#12758,#12791,#12799,.T.);
#12799 = LINE('',#12800,#12801);
#12800 = CARTESIAN_POINT('',(195.5,-16.25,7.5));
#12801 = VECTOR('',#12802,1.);
#12802 = DIRECTION('',(-0.,1.,0.));
#12803 = PLANE('',#12804);
#12804 = AXIS2_PLACEMENT_3D('',#12805,#12806,#12807);
#12805 = CARTESIAN_POINT('',(195.5,-10.5,2.));
#12806 = DIRECTION('',(1.,0.,-0.));
#12807 = DIRECTION('',(0.,0.,1.));
#12808 = ADVANCED_FACE('',(#12809),#12827,.T.);
#12809 = FACE_BOUND('',#12810,.T.);
#12810 = EDGE_LOOP('',(#12811,#12812,#12813,#12821));
#12811 = ORIENTED_EDGE('',*,*,#12766,.F.);
#12812 = ORIENTED_EDGE('',*,*,#12558,.T.);
#12813 = ORIENTED_EDGE('',*,*,#12814,.T.);
#12814 = EDGE_CURVE('',#12559,#12815,#12817,.T.);
#12815 = VERTEX_POINT('',#12816);
#12816 = CARTESIAN_POINT('',(174.5,30.5,7.5));
#12817 = LINE('',#12818,#12819);
#12818 = CARTESIAN_POINT('',(174.5,30.5,2.));
#12819 = VECTOR('',#12820,1.);
#12820 = DIRECTION('',(0.,0.,1.));
#12821 = ORIENTED_EDGE('',*,*,#12822,.F.);
#12822 = EDGE_CURVE('',#12767,#12815,#12823,.T.);
#12823 = LINE('',#12824,#12825);
#12824 = CARTESIAN_POINT('',(174.5,-16.25,7.5));
#12825 = VECTOR('',#12826,1.);
#12826 = DIRECTION('',(-0.,1.,0.));
#12827 = PLANE('',#12828);
#12828 = AXIS2_PLACEMENT_3D('',#12829,#12830,#12831);
#12829 = CARTESIAN_POINT('',(174.5,-10.5,2.));
#12830 = DIRECTION('',(1.,0.,-0.));
#12831 = DIRECTION('',(0.,0.,1.));
#12832 = ADVANCED_FACE('',(#12833),#12844,.F.);
#12833 = FACE_BOUND('',#12834,.F.);
#12834 = EDGE_LOOP('',(#12835,#12836,#12837,#12838));
#12835 = ORIENTED_EDGE('',*,*,#12790,.F.);
#12836 = ORIENTED_EDGE('',*,*,#12566,.T.);
#12837 = ORIENTED_EDGE('',*,*,#12814,.T.);
#12838 = ORIENTED_EDGE('',*,*,#12839,.F.);
#12839 = EDGE_CURVE('',#12791,#12815,#12840,.T.);
#12840 = LINE('',#12841,#12842);
#12841 = CARTESIAN_POINT('',(171.25,30.5,7.5));
#12842 = VECTOR('',#12843,1.);
#12843 = DIRECTION('',(-1.,-0.,0.));
#12844 = PLANE('',#12845);
#12845 = AXIS2_PLACEMENT_3D('',#12846,#12847,#12848);
#12846 = CARTESIAN_POINT('',(174.5,30.5,2.));
#12847 = DIRECTION('',(-0.,1.,0.));
#12848 = DIRECTION('',(0.,0.,1.));
#12849 = ADVANCED_FACE('',(#12850),#12869,.F.);
#12850 = FACE_BOUND('',#12851,.F.);
#12851 = EDGE_LOOP('',(#12852,#12861,#12867,#12868));
#12852 = ORIENTED_EDGE('',*,*,#12853,.F.);
#12853 = EDGE_CURVE('',#12854,#12854,#12856,.T.);
#12854 = VERTEX_POINT('',#12855);
#12855 = CARTESIAN_POINT('',(192.25,34.75,7.5));
#12856 = CIRCLE('',#12857,2.25);
#12857 = AXIS2_PLACEMENT_3D('',#12858,#12859,#12860);
#12858 = CARTESIAN_POINT('',(190.,34.75,7.5));
#12859 = DIRECTION('',(0.,0.,1.));
#12860 = DIRECTION('',(1.,0.,-0.));
#12861 = ORIENTED_EDGE('',*,*,#12862,.F.);
#12862 = EDGE_CURVE('',#12583,#12854,#12863,.T.);
#12863 = LINE('',#12864,#12865);
#12864 = CARTESIAN_POINT('',(192.25,34.75,2.));
#12865 = VECTOR('',#12866,1.);
#12866 = DIRECTION('',(0.,0.,1.));
#12867 = ORIENTED_EDGE('',*,*,#12582,.T.);
#12868 = ORIENTED_EDGE('',*,*,#12862,.T.);
#12869 = CYLINDRICAL_SURFACE('',#12870,2.25);
#12870 = AXIS2_PLACEMENT_3D('',#12871,#12872,#12873);
#12871 = CARTESIAN_POINT('',(190.,34.75,2.));
#12872 = DIRECTION('',(0.,0.,1.));
#12873 = DIRECTION('',(1.,0.,-0.));
#12874 = ADVANCED_FACE('',(#12875),#12886,.F.);
#12875 = FACE_BOUND('',#12876,.F.);
#12876 = EDGE_LOOP('',(#12877,#12878,#12884,#12885));
#12877 = ORIENTED_EDGE('',*,*,#12617,.F.);
#12878 = ORIENTED_EDGE('',*,*,#12879,.F.);
#12879 = EDGE_CURVE('',#11617,#12618,#12880,.T.);
#12880 = LINE('',#12881,#12882);
#12881 = CARTESIAN_POINT('',(188.5,-8.572527594031E-16,-28.));
#12882 = VECTOR('',#12883,1.);
#12883 = DIRECTION('',(0.,0.,1.));
#12884 = ORIENTED_EDGE('',*,*,#11616,.T.);
#12885 = ORIENTED_EDGE('',*,*,#12879,.T.);
#12886 = CYLINDRICAL_SURFACE('',#12887,3.5);
#12887 = AXIS2_PLACEMENT_3D('',#12888,#12889,#12890);
#12888 = CARTESIAN_POINT('',(185.,0.,-28.));
#12889 = DIRECTION('',(0.,0.,1.));
#12890 = DIRECTION('',(1.,0.,-0.));
#12891 = ADVANCED_FACE('',(#12892,#12907),#12910,.T.);
#12892 = FACE_BOUND('',#12893,.T.);
#12893 = EDGE_LOOP('',(#12894,#12895,#12896,#12897,#12898,#12904,#12905,
    #12906));
#12894 = ORIENTED_EDGE('',*,*,#11910,.T.);
#12895 = ORIENTED_EDGE('',*,*,#12087,.T.);
#12896 = ORIENTED_EDGE('',*,*,#12375,.T.);
#12897 = ORIENTED_EDGE('',*,*,#12651,.T.);
#12898 = ORIENTED_EDGE('',*,*,#12899,.F.);
#12899 = EDGE_CURVE('',#12467,#12652,#12900,.T.);
#12900 = LINE('',#12901,#12902);
#12901 = CARTESIAN_POINT('',(199.,39.,-27.));
#12902 = VECTOR('',#12903,1.);
#12903 = DIRECTION('',(-0.,1.,0.));
#12904 = ORIENTED_EDGE('',*,*,#12466,.F.);
#12905 = ORIENTED_EDGE('',*,*,#12297,.F.);
#12906 = ORIENTED_EDGE('',*,*,#12032,.F.);
#12907 = FACE_BOUND('',#12908,.T.);
#12908 = EDGE_LOOP('',(#12909));
#12909 = ORIENTED_EDGE('',*,*,#11597,.F.);
#12910 = PLANE('',#12911);
#12911 = AXIS2_PLACEMENT_3D('',#12912,#12913,#12914);
#12912 = CARTESIAN_POINT('',(180.8725490196,10.127450980392,-27.));
#12913 = DIRECTION('',(-0.,-0.,-1.));
#12914 = DIRECTION('',(-1.,0.,0.));
#12915 = ADVANCED_FACE('',(#12916,#12936,#12942,#12945,#12948,#12951),
  #12954,.T.);
#12916 = FACE_BOUND('',#12917,.T.);
#12917 = EDGE_LOOP('',(#12918,#12919,#12920,#12926,#12927,#12928,#12929,
    #12930,#12931,#12932,#12933,#12934,#12935));
#12918 = ORIENTED_EDGE('',*,*,#12345,.F.);
#12919 = ORIENTED_EDGE('',*,*,#12444,.T.);
#12920 = ORIENTED_EDGE('',*,*,#12921,.T.);
#12921 = EDGE_CURVE('',#12445,#12661,#12922,.T.);
#12922 = LINE('',#12923,#12924);
#12923 = CARTESIAN_POINT('',(199.,-22.,7.5));
#12924 = VECTOR('',#12925,1.);
#12925 = DIRECTION('',(-0.,1.,0.));
#12926 = ORIENTED_EDGE('',*,*,#12660,.F.);
#12927 = ORIENTED_EDGE('',*,*,#12391,.F.);
#12928 = ORIENTED_EDGE('',*,*,#12288,.F.);
#12929 = ORIENTED_EDGE('',*,*,#12189,.T.);
#12930 = ORIENTED_EDGE('',*,*,#12405,.F.);
#12931 = ORIENTED_EDGE('',*,*,#12155,.F.);
#12932 = ORIENTED_EDGE('',*,*,#12353,.F.);
#12933 = ORIENTED_EDGE('',*,*,#12273,.T.);
#12934 = ORIENTED_EDGE('',*,*,#12420,.F.);
#12935 = ORIENTED_EDGE('',*,*,#12239,.F.);
#12936 = FACE_BOUND('',#12937,.T.);
#12937 = EDGE_LOOP('',(#12938,#12939,#12940,#12941));
#12938 = ORIENTED_EDGE('',*,*,#12774,.T.);
#12939 = ORIENTED_EDGE('',*,*,#12822,.T.);
#12940 = ORIENTED_EDGE('',*,*,#12839,.F.);
#12941 = ORIENTED_EDGE('',*,*,#12798,.F.);
#12942 = FACE_BOUND('',#12943,.T.);
#12943 = EDGE_LOOP('',(#12944));
#12944 = ORIENTED_EDGE('',*,*,#12682,.F.);
#12945 = FACE_BOUND('',#12946,.T.);
#12946 = EDGE_LOOP('',(#12947));
#12947 = ORIENTED_EDGE('',*,*,#12707,.F.);
#12948 = FACE_BOUND('',#12949,.T.);
#12949 = EDGE_LOOP('',(#12950));
#12950 = ORIENTED_EDGE('',*,*,#12732,.F.);
#12951 = FACE_BOUND('',#12952,.T.);
#12952 = EDGE_LOOP('',(#12953));
#12953 = ORIENTED_EDGE('',*,*,#12853,.F.);
#12954 = PLANE('',#12955);
#12955 = AXIS2_PLACEMENT_3D('',#12956,#12957,#12958);
#12956 = CARTESIAN_POINT('',(183.25397297216,10.285714285714,7.5));
#12957 = DIRECTION('',(0.,0.,1.));
#12958 = DIRECTION('',(1.,0.,-0.));
#12959 = ADVANCED_FACE('',(#12960),#12970,.T.);
#12960 = FACE_BOUND('',#12961,.T.);
#12961 = EDGE_LOOP('',(#12962,#12963,#12964,#12965,#12966,#12967,#12968,
    #12969));
#12962 = ORIENTED_EDGE('',*,*,#12601,.F.);
#12963 = ORIENTED_EDGE('',*,*,#12483,.F.);
#12964 = ORIENTED_EDGE('',*,*,#12899,.T.);
#12965 = ORIENTED_EDGE('',*,*,#12668,.T.);
#12966 = ORIENTED_EDGE('',*,*,#12921,.F.);
#12967 = ORIENTED_EDGE('',*,*,#12452,.F.);
#12968 = ORIENTED_EDGE('',*,*,#12499,.T.);
#12969 = ORIENTED_EDGE('',*,*,#12637,.F.);
#12970 = PLANE('',#12971);
#12971 = AXIS2_PLACEMENT_3D('',#12972,#12973,#12974);
#12972 = CARTESIAN_POINT('',(199.,14.205607476636,-9.559968847352));
#12973 = DIRECTION('',(1.,0.,0.));
#12974 = DIRECTION('',(-0.,0.,1.));
#12975 = MANIFOLD_SOLID_BREP('',#12976);
#12976 = CLOSED_SHELL('',(#12977,#13010,#13030,#13089,#13114,#13145,
    #13169,#13193,#13217,#13241,#13258,#13267));
#12977 = ADVANCED_FACE('',(#12978),#13005,.T.);
#12978 = FACE_BOUND('',#12979,.T.);
#12979 = EDGE_LOOP('',(#12980,#12989,#12997,#13004));
#12980 = ORIENTED_EDGE('',*,*,#12981,.F.);
#12981 = EDGE_CURVE('',#12982,#12982,#12984,.T.);
#12982 = VERTEX_POINT('',#12983);
#12983 = CARTESIAN_POINT('',(159.,6.010407640086,-8.760407640086));
#12984 = CIRCLE('',#12985,2.75);
#12985 = AXIS2_PLACEMENT_3D('',#12986,#12987,#12988);
#12986 = CARTESIAN_POINT('',(159.,6.010407640086,-6.010407640086));
#12987 = DIRECTION('',(-1.,0.,0.));
#12988 = DIRECTION('',(0.,0.,-1.));
#12989 = ORIENTED_EDGE('',*,*,#12990,.F.);
#12990 = EDGE_CURVE('',#12991,#12982,#12993,.T.);
#12991 = VERTEX_POINT('',#12992);
#12992 = CARTESIAN_POINT('',(162.,6.010407640086,-8.760407640086));
#12993 = LINE('',#12994,#12995);
#12994 = CARTESIAN_POINT('',(162.,6.010407640086,-8.760407640086));
#12995 = VECTOR('',#12996,1.);
#12996 = DIRECTION('',(-1.,0.,0.));
#12997 = ORIENTED_EDGE('',*,*,#12998,.T.);
#12998 = EDGE_CURVE('',#12991,#12991,#12999,.T.);
#12999 = CIRCLE('',#13000,2.75);
#13000 = AXIS2_PLACEMENT_3D('',#13001,#13002,#13003);
#13001 = CARTESIAN_POINT('',(162.,6.010407640086,-6.010407640086));
#13002 = DIRECTION('',(-1.,0.,0.));
#13003 = DIRECTION('',(0.,0.,-1.));
#13004 = ORIENTED_EDGE('',*,*,#12990,.T.);
#13005 = CYLINDRICAL_SURFACE('',#13006,2.75);
#13006 = AXIS2_PLACEMENT_3D('',#13007,#13008,#13009);
#13007 = CARTESIAN_POINT('',(162.,6.010407640086,-6.010407640086));
#13008 = DIRECTION('',(-1.,0.,0.));
#13009 = DIRECTION('',(0.,0.,-1.));
#13010 = ADVANCED_FACE('',(#13011,#13014),#13025,.T.);
#13011 = FACE_BOUND('',#13012,.T.);
#13012 = EDGE_LOOP('',(#13013));
#13013 = ORIENTED_EDGE('',*,*,#12981,.T.);
#13014 = FACE_BOUND('',#13015,.T.);
#13015 = EDGE_LOOP('',(#13016));
#13016 = ORIENTED_EDGE('',*,*,#13017,.F.);
#13017 = EDGE_CURVE('',#13018,#13018,#13020,.T.);
#13018 = VERTEX_POINT('',#13019);
#13019 = CARTESIAN_POINT('',(159.,6.010407640086,-7.510407640086));
#13020 = CIRCLE('',#13021,1.5);
#13021 = AXIS2_PLACEMENT_3D('',#13022,#13023,#13024);
#13022 = CARTESIAN_POINT('',(159.,6.010407640086,-6.010407640086));
#13023 = DIRECTION('',(-1.,0.,0.));
#13024 = DIRECTION('',(0.,0.,-1.));
#13025 = PLANE('',#13026);
#13026 = AXIS2_PLACEMENT_3D('',#13027,#13028,#13029);
#13027 = CARTESIAN_POINT('',(159.,6.010407640086,-6.010407640086));
#13028 = DIRECTION('',(-1.,0.,0.));
#13029 = DIRECTION('',(0.,0.,-1.));
#13030 = ADVANCED_FACE('',(#13031,#13034),#13084,.F.);
#13031 = FACE_BOUND('',#13032,.F.);
#13032 = EDGE_LOOP('',(#13033));
#13033 = ORIENTED_EDGE('',*,*,#12998,.T.);
#13034 = FACE_BOUND('',#13035,.F.);
#13035 = EDGE_LOOP('',(#13036,#13046,#13054,#13062,#13070,#13078));
#13036 = ORIENTED_EDGE('',*,*,#13037,.T.);
#13037 = EDGE_CURVE('',#13038,#13040,#13042,.T.);
#13038 = VERTEX_POINT('',#13039);
#13039 = CARTESIAN_POINT('',(162.,4.760407640086,-6.732095476573));
#13040 = VERTEX_POINT('',#13041);
#13041 = CARTESIAN_POINT('',(162.,6.010407640086,-7.45378331306));
#13042 = LINE('',#13043,#13044);
#13043 = CARTESIAN_POINT('',(162.,5.697907640086,-7.273361353938));
#13044 = VECTOR('',#13045,1.);
#13045 = DIRECTION('',(0.,0.866025403784,-0.5));
#13046 = ORIENTED_EDGE('',*,*,#13047,.T.);
#13047 = EDGE_CURVE('',#13040,#13048,#13050,.T.);
#13048 = VERTEX_POINT('',#13049);
#13049 = CARTESIAN_POINT('',(162.,7.260407640086,-6.732095476573));
#13050 = LINE('',#13051,#13052);
#13051 = CARTESIAN_POINT('',(162.,6.947907640086,-6.912517435694));
#13052 = VECTOR('',#13053,1.);
#13053 = DIRECTION('',(0.,0.866025403784,0.5));
#13054 = ORIENTED_EDGE('',*,*,#13055,.T.);
#13055 = EDGE_CURVE('',#13048,#13056,#13058,.T.);
#13056 = VERTEX_POINT('',#13057);
#13057 = CARTESIAN_POINT('',(162.,7.260407640086,-5.288719803599));
#13058 = LINE('',#13059,#13060);
#13059 = CARTESIAN_POINT('',(162.,7.260407640086,-5.649563721842));
#13060 = VECTOR('',#13061,1.);
#13061 = DIRECTION('',(0.,-0.,1.));
#13062 = ORIENTED_EDGE('',*,*,#13063,.T.);
#13063 = EDGE_CURVE('',#13056,#13064,#13066,.T.);
#13064 = VERTEX_POINT('',#13065);
#13065 = CARTESIAN_POINT('',(162.,6.010407640086,-4.567031967112));
#13066 = LINE('',#13067,#13068);
#13067 = CARTESIAN_POINT('',(162.,6.322907640086,-4.747453926233));
#13068 = VECTOR('',#13069,1.);
#13069 = DIRECTION('',(0.,-0.866025403784,0.5));
#13070 = ORIENTED_EDGE('',*,*,#13071,.T.);
#13071 = EDGE_CURVE('',#13064,#13072,#13074,.T.);
#13072 = VERTEX_POINT('',#13073);
#13073 = CARTESIAN_POINT('',(162.,4.760407640086,-5.288719803599));
#13074 = LINE('',#13075,#13076);
#13075 = CARTESIAN_POINT('',(162.,5.072907640086,-5.108297844477));
#13076 = VECTOR('',#13077,1.);
#13077 = DIRECTION('',(-0.,-0.866025403784,-0.5));
#13078 = ORIENTED_EDGE('',*,*,#13079,.T.);
#13079 = EDGE_CURVE('',#13072,#13038,#13080,.T.);
#13080 = LINE('',#13081,#13082);
#13081 = CARTESIAN_POINT('',(162.,4.760407640086,-6.371251558329));
#13082 = VECTOR('',#13083,1.);
#13083 = DIRECTION('',(-0.,0.,-1.));
#13084 = PLANE('',#13085);
#13085 = AXIS2_PLACEMENT_3D('',#13086,#13087,#13088);
#13086 = CARTESIAN_POINT('',(162.,6.010407640086,-6.010407640086));
#13087 = DIRECTION('',(-1.,0.,0.));
#13088 = DIRECTION('',(0.,0.,-1.));
#13089 = ADVANCED_FACE('',(#13090),#13109,.T.);
#13090 = FACE_BOUND('',#13091,.T.);
#13091 = EDGE_LOOP('',(#13092,#13101,#13107,#13108));
#13092 = ORIENTED_EDGE('',*,*,#13093,.F.);
#13093 = EDGE_CURVE('',#13094,#13094,#13096,.T.);
#13094 = VERTEX_POINT('',#13095);
#13095 = CARTESIAN_POINT('',(147.,6.010407640086,-7.510407640086));
#13096 = CIRCLE('',#13097,1.5);
#13097 = AXIS2_PLACEMENT_3D('',#13098,#13099,#13100);
#13098 = CARTESIAN_POINT('',(147.,6.010407640086,-6.010407640086));
#13099 = DIRECTION('',(-1.,0.,0.));
#13100 = DIRECTION('',(0.,0.,-1.));
#13101 = ORIENTED_EDGE('',*,*,#13102,.F.);
#13102 = EDGE_CURVE('',#13018,#13094,#13103,.T.);
#13103 = LINE('',#13104,#13105);
#13104 = CARTESIAN_POINT('',(159.,6.010407640086,-7.510407640086));
#13105 = VECTOR('',#13106,1.);
#13106 = DIRECTION('',(-1.,0.,0.));
#13107 = ORIENTED_EDGE('',*,*,#13017,.T.);
#13108 = ORIENTED_EDGE('',*,*,#13102,.T.);
#13109 = CYLINDRICAL_SURFACE('',#13110,1.5);
#13110 = AXIS2_PLACEMENT_3D('',#13111,#13112,#13113);
#13111 = CARTESIAN_POINT('',(159.,6.010407640086,-6.010407640086));
#13112 = DIRECTION('',(-1.,0.,0.));
#13113 = DIRECTION('',(0.,0.,-1.));
#13114 = ADVANCED_FACE('',(#13115),#13140,.T.);
#13115 = FACE_BOUND('',#13116,.T.);
#13116 = EDGE_LOOP('',(#13117,#13118,#13126,#13134));
#13117 = ORIENTED_EDGE('',*,*,#13037,.T.);
#13118 = ORIENTED_EDGE('',*,*,#13119,.T.);
#13119 = EDGE_CURVE('',#13040,#13120,#13122,.T.);
#13120 = VERTEX_POINT('',#13121);
#13121 = CARTESIAN_POINT('',(160.2,6.010407640086,-7.45378331306));
#13122 = LINE('',#13123,#13124);
#13123 = CARTESIAN_POINT('',(162.1,6.010407640086,-7.45378331306));
#13124 = VECTOR('',#13125,1.);
#13125 = DIRECTION('',(-1.,0.,0.));
#13126 = ORIENTED_EDGE('',*,*,#13127,.T.);
#13127 = EDGE_CURVE('',#13120,#13128,#13130,.T.);
#13128 = VERTEX_POINT('',#13129);
#13129 = CARTESIAN_POINT('',(160.2,4.760407640086,-6.732095476573));
#13130 = LINE('',#13131,#13132);
#13131 = CARTESIAN_POINT('',(160.2,6.010407640086,-7.45378331306));
#13132 = VECTOR('',#13133,1.);
#13133 = DIRECTION('',(0.,-0.866025403784,0.5));
#13134 = ORIENTED_EDGE('',*,*,#13135,.F.);
#13135 = EDGE_CURVE('',#13038,#13128,#13136,.T.);
#13136 = LINE('',#13137,#13138);
#13137 = CARTESIAN_POINT('',(162.1,4.760407640086,-6.732095476573));
#13138 = VECTOR('',#13139,1.);
#13139 = DIRECTION('',(-1.,0.,0.));
#13140 = PLANE('',#13141);
#13141 = AXIS2_PLACEMENT_3D('',#13142,#13143,#13144);
#13142 = CARTESIAN_POINT('',(162.1,6.010407640086,-7.45378331306));
#13143 = DIRECTION('',(0.,0.5,0.866025403784));
#13144 = DIRECTION('',(0.,-0.866025403784,0.5));
#13145 = ADVANCED_FACE('',(#13146),#13164,.T.);
#13146 = FACE_BOUND('',#13147,.T.);
#13147 = EDGE_LOOP('',(#13148,#13149,#13150,#13158));
#13148 = ORIENTED_EDGE('',*,*,#13079,.T.);
#13149 = ORIENTED_EDGE('',*,*,#13135,.T.);
#13150 = ORIENTED_EDGE('',*,*,#13151,.T.);
#13151 = EDGE_CURVE('',#13128,#13152,#13154,.T.);
#13152 = VERTEX_POINT('',#13153);
#13153 = CARTESIAN_POINT('',(160.2,4.760407640086,-5.288719803599));
#13154 = LINE('',#13155,#13156);
#13155 = CARTESIAN_POINT('',(160.2,4.760407640086,-6.732095476573));
#13156 = VECTOR('',#13157,1.);
#13157 = DIRECTION('',(0.,0.,1.));
#13158 = ORIENTED_EDGE('',*,*,#13159,.F.);
#13159 = EDGE_CURVE('',#13072,#13152,#13160,.T.);
#13160 = LINE('',#13161,#13162);
#13161 = CARTESIAN_POINT('',(162.1,4.760407640086,-5.288719803599));
#13162 = VECTOR('',#13163,1.);
#13163 = DIRECTION('',(-1.,0.,0.));
#13164 = PLANE('',#13165);
#13165 = AXIS2_PLACEMENT_3D('',#13166,#13167,#13168);
#13166 = CARTESIAN_POINT('',(162.1,4.760407640086,-6.732095476573));
#13167 = DIRECTION('',(0.,1.,-0.));
#13168 = DIRECTION('',(0.,0.,1.));
#13169 = ADVANCED_FACE('',(#13170),#13188,.T.);
#13170 = FACE_BOUND('',#13171,.T.);
#13171 = EDGE_LOOP('',(#13172,#13173,#13174,#13182));
#13172 = ORIENTED_EDGE('',*,*,#13071,.T.);
#13173 = ORIENTED_EDGE('',*,*,#13159,.T.);
#13174 = ORIENTED_EDGE('',*,*,#13175,.T.);
#13175 = EDGE_CURVE('',#13152,#13176,#13178,.T.);
#13176 = VERTEX_POINT('',#13177);
#13177 = CARTESIAN_POINT('',(160.2,6.010407640086,-4.567031967112));
#13178 = LINE('',#13179,#13180);
#13179 = CARTESIAN_POINT('',(160.2,4.760407640086,-5.288719803599));
#13180 = VECTOR('',#13181,1.);
#13181 = DIRECTION('',(0.,0.866025403784,0.5));
#13182 = ORIENTED_EDGE('',*,*,#13183,.F.);
#13183 = EDGE_CURVE('',#13064,#13176,#13184,.T.);
#13184 = LINE('',#13185,#13186);
#13185 = CARTESIAN_POINT('',(162.1,6.010407640086,-4.567031967112));
#13186 = VECTOR('',#13187,1.);
#13187 = DIRECTION('',(-1.,0.,0.));
#13188 = PLANE('',#13189);
#13189 = AXIS2_PLACEMENT_3D('',#13190,#13191,#13192);
#13190 = CARTESIAN_POINT('',(162.1,4.760407640086,-5.288719803599));
#13191 = DIRECTION('',(0.,0.5,-0.866025403784));
#13192 = DIRECTION('',(0.,0.866025403784,0.5));
#13193 = ADVANCED_FACE('',(#13194),#13212,.T.);
#13194 = FACE_BOUND('',#13195,.T.);
#13195 = EDGE_LOOP('',(#13196,#13197,#13198,#13206));
#13196 = ORIENTED_EDGE('',*,*,#13063,.T.);
#13197 = ORIENTED_EDGE('',*,*,#13183,.T.);
#13198 = ORIENTED_EDGE('',*,*,#13199,.T.);
#13199 = EDGE_CURVE('',#13176,#13200,#13202,.T.);
#13200 = VERTEX_POINT('',#13201);
#13201 = CARTESIAN_POINT('',(160.2,7.260407640086,-5.288719803599));
#13202 = LINE('',#13203,#13204);
#13203 = CARTESIAN_POINT('',(160.2,6.010407640086,-4.567031967112));
#13204 = VECTOR('',#13205,1.);
#13205 = DIRECTION('',(0.,0.866025403784,-0.5));
#13206 = ORIENTED_EDGE('',*,*,#13207,.F.);
#13207 = EDGE_CURVE('',#13056,#13200,#13208,.T.);
#13208 = LINE('',#13209,#13210);
#13209 = CARTESIAN_POINT('',(162.1,7.260407640086,-5.288719803599));
#13210 = VECTOR('',#13211,1.);
#13211 = DIRECTION('',(-1.,0.,0.));
#13212 = PLANE('',#13213);
#13213 = AXIS2_PLACEMENT_3D('',#13214,#13215,#13216);
#13214 = CARTESIAN_POINT('',(162.1,6.010407640086,-4.567031967112));
#13215 = DIRECTION('',(-0.,-0.5,-0.866025403784));
#13216 = DIRECTION('',(0.,0.866025403784,-0.5));
#13217 = ADVANCED_FACE('',(#13218),#13236,.T.);
#13218 = FACE_BOUND('',#13219,.T.);
#13219 = EDGE_LOOP('',(#13220,#13221,#13222,#13230));
#13220 = ORIENTED_EDGE('',*,*,#13055,.T.);
#13221 = ORIENTED_EDGE('',*,*,#13207,.T.);
#13222 = ORIENTED_EDGE('',*,*,#13223,.T.);
#13223 = EDGE_CURVE('',#13200,#13224,#13226,.T.);
#13224 = VERTEX_POINT('',#13225);
#13225 = CARTESIAN_POINT('',(160.2,7.260407640086,-6.732095476573));
#13226 = LINE('',#13227,#13228);
#13227 = CARTESIAN_POINT('',(160.2,7.260407640086,-5.288719803599));
#13228 = VECTOR('',#13229,1.);
#13229 = DIRECTION('',(0.,0.,-1.));
#13230 = ORIENTED_EDGE('',*,*,#13231,.F.);
#13231 = EDGE_CURVE('',#13048,#13224,#13232,.T.);
#13232 = LINE('',#13233,#13234);
#13233 = CARTESIAN_POINT('',(162.1,7.260407640086,-6.732095476573));
#13234 = VECTOR('',#13235,1.);
#13235 = DIRECTION('',(-1.,0.,0.));
#13236 = PLANE('',#13237);
#13237 = AXIS2_PLACEMENT_3D('',#13238,#13239,#13240);
#13238 = CARTESIAN_POINT('',(162.1,7.260407640086,-5.288719803599));
#13239 = DIRECTION('',(-0.,-1.,-0.));
#13240 = DIRECTION('',(0.,0.,-1.));
#13241 = ADVANCED_FACE('',(#13242),#13253,.T.);
#13242 = FACE_BOUND('',#13243,.T.);
#13243 = EDGE_LOOP('',(#13244,#13245,#13246,#13252));
#13244 = ORIENTED_EDGE('',*,*,#13047,.T.);
#13245 = ORIENTED_EDGE('',*,*,#13231,.T.);
#13246 = ORIENTED_EDGE('',*,*,#13247,.T.);
#13247 = EDGE_CURVE('',#13224,#13120,#13248,.T.);
#13248 = LINE('',#13249,#13250);
#13249 = CARTESIAN_POINT('',(160.2,7.260407640086,-6.732095476573));
#13250 = VECTOR('',#13251,1.);
#13251 = DIRECTION('',(0.,-0.866025403784,-0.5));
#13252 = ORIENTED_EDGE('',*,*,#13119,.F.);
#13253 = PLANE('',#13254);
#13254 = AXIS2_PLACEMENT_3D('',#13255,#13256,#13257);
#13255 = CARTESIAN_POINT('',(162.1,7.260407640086,-6.732095476573));
#13256 = DIRECTION('',(0.,-0.5,0.866025403784));
#13257 = DIRECTION('',(0.,-0.866025403784,-0.5));
#13258 = ADVANCED_FACE('',(#13259),#13262,.T.);
#13259 = FACE_BOUND('',#13260,.T.);
#13260 = EDGE_LOOP('',(#13261));
#13261 = ORIENTED_EDGE('',*,*,#13093,.T.);
#13262 = PLANE('',#13263);
#13263 = AXIS2_PLACEMENT_3D('',#13264,#13265,#13266);
#13264 = CARTESIAN_POINT('',(147.,6.010407640086,-6.010407640086));
#13265 = DIRECTION('',(-1.,0.,0.));
#13266 = DIRECTION('',(0.,0.,-1.));
#13267 = ADVANCED_FACE('',(#13268),#13276,.F.);
#13268 = FACE_BOUND('',#13269,.F.);
#13269 = EDGE_LOOP('',(#13270,#13271,#13272,#13273,#13274,#13275));
#13270 = ORIENTED_EDGE('',*,*,#13247,.T.);
#13271 = ORIENTED_EDGE('',*,*,#13127,.T.);
#13272 = ORIENTED_EDGE('',*,*,#13151,.T.);
#13273 = ORIENTED_EDGE('',*,*,#13175,.T.);
#13274 = ORIENTED_EDGE('',*,*,#13199,.T.);
#13275 = ORIENTED_EDGE('',*,*,#13223,.T.);
#13276 = PLANE('',#13277);
#13277 = AXIS2_PLACEMENT_3D('',#13278,#13279,#13280);
#13278 = CARTESIAN_POINT('',(160.2,6.010407640086,-6.010407640086));
#13279 = DIRECTION('',(-1.,-0.,-0.));
#13280 = DIRECTION('',(0.,0.,-1.));
#13281 = MANIFOLD_SOLID_BREP('',#13282);
#13282 = CLOSED_SHELL('',(#13283,#13316,#13336,#13395,#13420,#13451,
    #13475,#13499,#13523,#13547,#13564,#13573));
#13283 = ADVANCED_FACE('',(#13284),#13311,.T.);
#13284 = FACE_BOUND('',#13285,.T.);
#13285 = EDGE_LOOP('',(#13286,#13295,#13303,#13310));
#13286 = ORIENTED_EDGE('',*,*,#13287,.F.);
#13287 = EDGE_CURVE('',#13288,#13288,#13290,.T.);
#13288 = VERTEX_POINT('',#13289);
#13289 = CARTESIAN_POINT('',(159.,6.010407640086,3.260407640086));
#13290 = CIRCLE('',#13291,2.75);
#13291 = AXIS2_PLACEMENT_3D('',#13292,#13293,#13294);
#13292 = CARTESIAN_POINT('',(159.,6.010407640086,6.010407640086));
#13293 = DIRECTION('',(-1.,0.,0.));
#13294 = DIRECTION('',(0.,0.,-1.));
#13295 = ORIENTED_EDGE('',*,*,#13296,.F.);
#13296 = EDGE_CURVE('',#13297,#13288,#13299,.T.);
#13297 = VERTEX_POINT('',#13298);
#13298 = CARTESIAN_POINT('',(162.,6.010407640086,3.260407640086));
#13299 = LINE('',#13300,#13301);
#13300 = CARTESIAN_POINT('',(162.,6.010407640086,3.260407640086));
#13301 = VECTOR('',#13302,1.);
#13302 = DIRECTION('',(-1.,0.,0.));
#13303 = ORIENTED_EDGE('',*,*,#13304,.T.);
#13304 = EDGE_CURVE('',#13297,#13297,#13305,.T.);
#13305 = CIRCLE('',#13306,2.75);
#13306 = AXIS2_PLACEMENT_3D('',#13307,#13308,#13309);
#13307 = CARTESIAN_POINT('',(162.,6.010407640086,6.010407640086));
#13308 = DIRECTION('',(-1.,0.,0.));
#13309 = DIRECTION('',(0.,0.,-1.));
#13310 = ORIENTED_EDGE('',*,*,#13296,.T.);
#13311 = CYLINDRICAL_SURFACE('',#13312,2.75);
#13312 = AXIS2_PLACEMENT_3D('',#13313,#13314,#13315);
#13313 = CARTESIAN_POINT('',(162.,6.010407640086,6.010407640086));
#13314 = DIRECTION('',(-1.,0.,0.));
#13315 = DIRECTION('',(0.,0.,-1.));
#13316 = ADVANCED_FACE('',(#13317,#13320),#13331,.T.);
#13317 = FACE_BOUND('',#13318,.T.);
#13318 = EDGE_LOOP('',(#13319));
#13319 = ORIENTED_EDGE('',*,*,#13287,.T.);
#13320 = FACE_BOUND('',#13321,.T.);
#13321 = EDGE_LOOP('',(#13322));
#13322 = ORIENTED_EDGE('',*,*,#13323,.F.);
#13323 = EDGE_CURVE('',#13324,#13324,#13326,.T.);
#13324 = VERTEX_POINT('',#13325);
#13325 = CARTESIAN_POINT('',(159.,6.010407640086,4.510407640086));
#13326 = CIRCLE('',#13327,1.5);
#13327 = AXIS2_PLACEMENT_3D('',#13328,#13329,#13330);
#13328 = CARTESIAN_POINT('',(159.,6.010407640086,6.010407640086));
#13329 = DIRECTION('',(-1.,0.,0.));
#13330 = DIRECTION('',(0.,0.,-1.));
#13331 = PLANE('',#13332);
#13332 = AXIS2_PLACEMENT_3D('',#13333,#13334,#13335);
#13333 = CARTESIAN_POINT('',(159.,6.010407640086,6.010407640086));
#13334 = DIRECTION('',(-1.,0.,0.));
#13335 = DIRECTION('',(0.,0.,-1.));
#13336 = ADVANCED_FACE('',(#13337,#13340),#13390,.F.);
#13337 = FACE_BOUND('',#13338,.F.);
#13338 = EDGE_LOOP('',(#13339));
#13339 = ORIENTED_EDGE('',*,*,#13304,.T.);
#13340 = FACE_BOUND('',#13341,.F.);
#13341 = EDGE_LOOP('',(#13342,#13352,#13360,#13368,#13376,#13384));
#13342 = ORIENTED_EDGE('',*,*,#13343,.T.);
#13343 = EDGE_CURVE('',#13344,#13346,#13348,.T.);
#13344 = VERTEX_POINT('',#13345);
#13345 = CARTESIAN_POINT('',(162.,4.760407640086,5.288719803599));
#13346 = VERTEX_POINT('',#13347);
#13347 = CARTESIAN_POINT('',(162.,6.010407640086,4.567031967112));
#13348 = LINE('',#13349,#13350);
#13349 = CARTESIAN_POINT('',(162.,5.697907640086,4.747453926233));
#13350 = VECTOR('',#13351,1.);
#13351 = DIRECTION('',(0.,0.866025403784,-0.5));
#13352 = ORIENTED_EDGE('',*,*,#13353,.T.);
#13353 = EDGE_CURVE('',#13346,#13354,#13356,.T.);
#13354 = VERTEX_POINT('',#13355);
#13355 = CARTESIAN_POINT('',(162.,7.260407640086,5.288719803599));
#13356 = LINE('',#13357,#13358);
#13357 = CARTESIAN_POINT('',(162.,6.947907640086,5.108297844477));
#13358 = VECTOR('',#13359,1.);
#13359 = DIRECTION('',(0.,0.866025403784,0.5));
#13360 = ORIENTED_EDGE('',*,*,#13361,.T.);
#13361 = EDGE_CURVE('',#13354,#13362,#13364,.T.);
#13362 = VERTEX_POINT('',#13363);
#13363 = CARTESIAN_POINT('',(162.,7.260407640086,6.732095476573));
#13364 = LINE('',#13365,#13366);
#13365 = CARTESIAN_POINT('',(162.,7.260407640086,6.371251558329));
#13366 = VECTOR('',#13367,1.);
#13367 = DIRECTION('',(0.,-0.,1.));
#13368 = ORIENTED_EDGE('',*,*,#13369,.T.);
#13369 = EDGE_CURVE('',#13362,#13370,#13372,.T.);
#13370 = VERTEX_POINT('',#13371);
#13371 = CARTESIAN_POINT('',(162.,6.010407640086,7.45378331306));
#13372 = LINE('',#13373,#13374);
#13373 = CARTESIAN_POINT('',(162.,6.322907640086,7.273361353938));
#13374 = VECTOR('',#13375,1.);
#13375 = DIRECTION('',(0.,-0.866025403784,0.5));
#13376 = ORIENTED_EDGE('',*,*,#13377,.T.);
#13377 = EDGE_CURVE('',#13370,#13378,#13380,.T.);
#13378 = VERTEX_POINT('',#13379);
#13379 = CARTESIAN_POINT('',(162.,4.760407640086,6.732095476573));
#13380 = LINE('',#13381,#13382);
#13381 = CARTESIAN_POINT('',(162.,5.072907640086,6.912517435694));
#13382 = VECTOR('',#13383,1.);
#13383 = DIRECTION('',(-0.,-0.866025403784,-0.5));
#13384 = ORIENTED_EDGE('',*,*,#13385,.T.);
#13385 = EDGE_CURVE('',#13378,#13344,#13386,.T.);
#13386 = LINE('',#13387,#13388);
#13387 = CARTESIAN_POINT('',(162.,4.760407640086,5.649563721842));
#13388 = VECTOR('',#13389,1.);
#13389 = DIRECTION('',(-0.,0.,-1.));
#13390 = PLANE('',#13391);
#13391 = AXIS2_PLACEMENT_3D('',#13392,#13393,#13394);
#13392 = CARTESIAN_POINT('',(162.,6.010407640086,6.010407640086));
#13393 = DIRECTION('',(-1.,0.,0.));
#13394 = DIRECTION('',(0.,0.,-1.));
#13395 = ADVANCED_FACE('',(#13396),#13415,.T.);
#13396 = FACE_BOUND('',#13397,.T.);
#13397 = EDGE_LOOP('',(#13398,#13407,#13413,#13414));
#13398 = ORIENTED_EDGE('',*,*,#13399,.F.);
#13399 = EDGE_CURVE('',#13400,#13400,#13402,.T.);
#13400 = VERTEX_POINT('',#13401);
#13401 = CARTESIAN_POINT('',(147.,6.010407640086,4.510407640086));
#13402 = CIRCLE('',#13403,1.5);
#13403 = AXIS2_PLACEMENT_3D('',#13404,#13405,#13406);
#13404 = CARTESIAN_POINT('',(147.,6.010407640086,6.010407640086));
#13405 = DIRECTION('',(-1.,0.,0.));
#13406 = DIRECTION('',(0.,0.,-1.));
#13407 = ORIENTED_EDGE('',*,*,#13408,.F.);
#13408 = EDGE_CURVE('',#13324,#13400,#13409,.T.);
#13409 = LINE('',#13410,#13411);
#13410 = CARTESIAN_POINT('',(159.,6.010407640086,4.510407640086));
#13411 = VECTOR('',#13412,1.);
#13412 = DIRECTION('',(-1.,0.,0.));
#13413 = ORIENTED_EDGE('',*,*,#13323,.T.);
#13414 = ORIENTED_EDGE('',*,*,#13408,.T.);
#13415 = CYLINDRICAL_SURFACE('',#13416,1.5);
#13416 = AXIS2_PLACEMENT_3D('',#13417,#13418,#13419);
#13417 = CARTESIAN_POINT('',(159.,6.010407640086,6.010407640086));
#13418 = DIRECTION('',(-1.,0.,0.));
#13419 = DIRECTION('',(0.,0.,-1.));
#13420 = ADVANCED_FACE('',(#13421),#13446,.T.);
#13421 = FACE_BOUND('',#13422,.T.);
#13422 = EDGE_LOOP('',(#13423,#13424,#13432,#13440));
#13423 = ORIENTED_EDGE('',*,*,#13343,.T.);
#13424 = ORIENTED_EDGE('',*,*,#13425,.T.);
#13425 = EDGE_CURVE('',#13346,#13426,#13428,.T.);
#13426 = VERTEX_POINT('',#13427);
#13427 = CARTESIAN_POINT('',(160.2,6.010407640086,4.567031967112));
#13428 = LINE('',#13429,#13430);
#13429 = CARTESIAN_POINT('',(162.1,6.010407640086,4.567031967112));
#13430 = VECTOR('',#13431,1.);
#13431 = DIRECTION('',(-1.,0.,0.));
#13432 = ORIENTED_EDGE('',*,*,#13433,.T.);
#13433 = EDGE_CURVE('',#13426,#13434,#13436,.T.);
#13434 = VERTEX_POINT('',#13435);
#13435 = CARTESIAN_POINT('',(160.2,4.760407640086,5.288719803599));
#13436 = LINE('',#13437,#13438);
#13437 = CARTESIAN_POINT('',(160.2,6.010407640086,4.567031967112));
#13438 = VECTOR('',#13439,1.);
#13439 = DIRECTION('',(0.,-0.866025403784,0.5));
#13440 = ORIENTED_EDGE('',*,*,#13441,.F.);
#13441 = EDGE_CURVE('',#13344,#13434,#13442,.T.);
#13442 = LINE('',#13443,#13444);
#13443 = CARTESIAN_POINT('',(162.1,4.760407640086,5.288719803599));
#13444 = VECTOR('',#13445,1.);
#13445 = DIRECTION('',(-1.,0.,0.));
#13446 = PLANE('',#13447);
#13447 = AXIS2_PLACEMENT_3D('',#13448,#13449,#13450);
#13448 = CARTESIAN_POINT('',(162.1,6.010407640086,4.567031967112));
#13449 = DIRECTION('',(0.,0.5,0.866025403784));
#13450 = DIRECTION('',(0.,-0.866025403784,0.5));
#13451 = ADVANCED_FACE('',(#13452),#13470,.T.);
#13452 = FACE_BOUND('',#13453,.T.);
#13453 = EDGE_LOOP('',(#13454,#13455,#13456,#13464));
#13454 = ORIENTED_EDGE('',*,*,#13385,.T.);
#13455 = ORIENTED_EDGE('',*,*,#13441,.T.);
#13456 = ORIENTED_EDGE('',*,*,#13457,.T.);
#13457 = EDGE_CURVE('',#13434,#13458,#13460,.T.);
#13458 = VERTEX_POINT('',#13459);
#13459 = CARTESIAN_POINT('',(160.2,4.760407640086,6.732095476573));
#13460 = LINE('',#13461,#13462);
#13461 = CARTESIAN_POINT('',(160.2,4.760407640086,5.288719803599));
#13462 = VECTOR('',#13463,1.);
#13463 = DIRECTION('',(0.,0.,1.));
#13464 = ORIENTED_EDGE('',*,*,#13465,.F.);
#13465 = EDGE_CURVE('',#13378,#13458,#13466,.T.);
#13466 = LINE('',#13467,#13468);
#13467 = CARTESIAN_POINT('',(162.1,4.760407640086,6.732095476573));
#13468 = VECTOR('',#13469,1.);
#13469 = DIRECTION('',(-1.,0.,0.));
#13470 = PLANE('',#13471);
#13471 = AXIS2_PLACEMENT_3D('',#13472,#13473,#13474);
#13472 = CARTESIAN_POINT('',(162.1,4.760407640086,5.288719803599));
#13473 = DIRECTION('',(0.,1.,-0.));
#13474 = DIRECTION('',(0.,0.,1.));
#13475 = ADVANCED_FACE('',(#13476),#13494,.T.);
#13476 = FACE_BOUND('',#13477,.T.);
#13477 = EDGE_LOOP('',(#13478,#13479,#13480,#13488));
#13478 = ORIENTED_EDGE('',*,*,#13377,.T.);
#13479 = ORIENTED_EDGE('',*,*,#13465,.T.);
#13480 = ORIENTED_EDGE('',*,*,#13481,.T.);
#13481 = EDGE_CURVE('',#13458,#13482,#13484,.T.);
#13482 = VERTEX_POINT('',#13483);
#13483 = CARTESIAN_POINT('',(160.2,6.010407640086,7.45378331306));
#13484 = LINE('',#13485,#13486);
#13485 = CARTESIAN_POINT('',(160.2,4.760407640086,6.732095476573));
#13486 = VECTOR('',#13487,1.);
#13487 = DIRECTION('',(0.,0.866025403784,0.5));
#13488 = ORIENTED_EDGE('',*,*,#13489,.F.);
#13489 = EDGE_CURVE('',#13370,#13482,#13490,.T.);
#13490 = LINE('',#13491,#13492);
#13491 = CARTESIAN_POINT('',(162.1,6.010407640086,7.45378331306));
#13492 = VECTOR('',#13493,1.);
#13493 = DIRECTION('',(-1.,0.,0.));
#13494 = PLANE('',#13495);
#13495 = AXIS2_PLACEMENT_3D('',#13496,#13497,#13498);
#13496 = CARTESIAN_POINT('',(162.1,4.760407640086,6.732095476573));
#13497 = DIRECTION('',(0.,0.5,-0.866025403784));
#13498 = DIRECTION('',(0.,0.866025403784,0.5));
#13499 = ADVANCED_FACE('',(#13500),#13518,.T.);
#13500 = FACE_BOUND('',#13501,.T.);
#13501 = EDGE_LOOP('',(#13502,#13503,#13504,#13512));
#13502 = ORIENTED_EDGE('',*,*,#13369,.T.);
#13503 = ORIENTED_EDGE('',*,*,#13489,.T.);
#13504 = ORIENTED_EDGE('',*,*,#13505,.T.);
#13505 = EDGE_CURVE('',#13482,#13506,#13508,.T.);
#13506 = VERTEX_POINT('',#13507);
#13507 = CARTESIAN_POINT('',(160.2,7.260407640086,6.732095476573));
#13508 = LINE('',#13509,#13510);
#13509 = CARTESIAN_POINT('',(160.2,6.010407640086,7.45378331306));
#13510 = VECTOR('',#13511,1.);
#13511 = DIRECTION('',(0.,0.866025403784,-0.5));
#13512 = ORIENTED_EDGE('',*,*,#13513,.F.);
#13513 = EDGE_CURVE('',#13362,#13506,#13514,.T.);
#13514 = LINE('',#13515,#13516);
#13515 = CARTESIAN_POINT('',(162.1,7.260407640086,6.732095476573));
#13516 = VECTOR('',#13517,1.);
#13517 = DIRECTION('',(-1.,0.,0.));
#13518 = PLANE('',#13519);
#13519 = AXIS2_PLACEMENT_3D('',#13520,#13521,#13522);
#13520 = CARTESIAN_POINT('',(162.1,6.010407640086,7.45378331306));
#13521 = DIRECTION('',(-0.,-0.5,-0.866025403784));
#13522 = DIRECTION('',(0.,0.866025403784,-0.5));
#13523 = ADVANCED_FACE('',(#13524),#13542,.T.);
#13524 = FACE_BOUND('',#13525,.T.);
#13525 = EDGE_LOOP('',(#13526,#13527,#13528,#13536));
#13526 = ORIENTED_EDGE('',*,*,#13361,.T.);
#13527 = ORIENTED_EDGE('',*,*,#13513,.T.);
#13528 = ORIENTED_EDGE('',*,*,#13529,.T.);
#13529 = EDGE_CURVE('',#13506,#13530,#13532,.T.);
#13530 = VERTEX_POINT('',#13531);
#13531 = CARTESIAN_POINT('',(160.2,7.260407640086,5.288719803599));
#13532 = LINE('',#13533,#13534);
#13533 = CARTESIAN_POINT('',(160.2,7.260407640086,6.732095476573));
#13534 = VECTOR('',#13535,1.);
#13535 = DIRECTION('',(0.,0.,-1.));
#13536 = ORIENTED_EDGE('',*,*,#13537,.F.);
#13537 = EDGE_CURVE('',#13354,#13530,#13538,.T.);
#13538 = LINE('',#13539,#13540);
#13539 = CARTESIAN_POINT('',(162.1,7.260407640086,5.288719803599));
#13540 = VECTOR('',#13541,1.);
#13541 = DIRECTION('',(-1.,0.,0.));
#13542 = PLANE('',#13543);
#13543 = AXIS2_PLACEMENT_3D('',#13544,#13545,#13546);
#13544 = CARTESIAN_POINT('',(162.1,7.260407640086,6.732095476573));
#13545 = DIRECTION('',(-0.,-1.,-0.));
#13546 = DIRECTION('',(0.,0.,-1.));
#13547 = ADVANCED_FACE('',(#13548),#13559,.T.);
#13548 = FACE_BOUND('',#13549,.T.);
#13549 = EDGE_LOOP('',(#13550,#13551,#13552,#13558));
#13550 = ORIENTED_EDGE('',*,*,#13353,.T.);
#13551 = ORIENTED_EDGE('',*,*,#13537,.T.);
#13552 = ORIENTED_EDGE('',*,*,#13553,.T.);
#13553 = EDGE_CURVE('',#13530,#13426,#13554,.T.);
#13554 = LINE('',#13555,#13556);
#13555 = CARTESIAN_POINT('',(160.2,7.260407640086,5.288719803599));
#13556 = VECTOR('',#13557,1.);
#13557 = DIRECTION('',(0.,-0.866025403784,-0.5));
#13558 = ORIENTED_EDGE('',*,*,#13425,.F.);
#13559 = PLANE('',#13560);
#13560 = AXIS2_PLACEMENT_3D('',#13561,#13562,#13563);
#13561 = CARTESIAN_POINT('',(162.1,7.260407640086,5.288719803599));
#13562 = DIRECTION('',(0.,-0.5,0.866025403784));
#13563 = DIRECTION('',(0.,-0.866025403784,-0.5));
#13564 = ADVANCED_FACE('',(#13565),#13568,.T.);
#13565 = FACE_BOUND('',#13566,.T.);
#13566 = EDGE_LOOP('',(#13567));
#13567 = ORIENTED_EDGE('',*,*,#13399,.T.);
#13568 = PLANE('',#13569);
#13569 = AXIS2_PLACEMENT_3D('',#13570,#13571,#13572);
#13570 = CARTESIAN_POINT('',(147.,6.010407640086,6.010407640086));
#13571 = DIRECTION('',(-1.,0.,0.));
#13572 = DIRECTION('',(0.,0.,-1.));
#13573 = ADVANCED_FACE('',(#13574),#13582,.F.);
#13574 = FACE_BOUND('',#13575,.F.);
#13575 = EDGE_LOOP('',(#13576,#13577,#13578,#13579,#13580,#13581));
#13576 = ORIENTED_EDGE('',*,*,#13553,.T.);
#13577 = ORIENTED_EDGE('',*,*,#13433,.T.);
#13578 = ORIENTED_EDGE('',*,*,#13457,.T.);
#13579 = ORIENTED_EDGE('',*,*,#13481,.T.);
#13580 = ORIENTED_EDGE('',*,*,#13505,.T.);
#13581 = ORIENTED_EDGE('',*,*,#13529,.T.);
#13582 = PLANE('',#13583);
#13583 = AXIS2_PLACEMENT_3D('',#13584,#13585,#13586);
#13584 = CARTESIAN_POINT('',(160.2,6.010407640086,6.010407640086));
#13585 = DIRECTION('',(-1.,-0.,-0.));
#13586 = DIRECTION('',(0.,0.,-1.));
#13587 = MANIFOLD_SOLID_BREP('',#13588);
#13588 = CLOSED_SHELL('',(#13589,#13622,#13642,#13701,#13726,#13757,
    #13781,#13805,#13829,#13853,#13870,#13879));
#13589 = ADVANCED_FACE('',(#13590),#13617,.T.);
#13590 = FACE_BOUND('',#13591,.T.);
#13591 = EDGE_LOOP('',(#13592,#13601,#13609,#13616));
#13592 = ORIENTED_EDGE('',*,*,#13593,.F.);
#13593 = EDGE_CURVE('',#13594,#13594,#13596,.T.);
#13594 = VERTEX_POINT('',#13595);
#13595 = CARTESIAN_POINT('',(159.,-6.010407640086,3.260407640086));
#13596 = CIRCLE('',#13597,2.75);
#13597 = AXIS2_PLACEMENT_3D('',#13598,#13599,#13600);
#13598 = CARTESIAN_POINT('',(159.,-6.010407640086,6.010407640086));
#13599 = DIRECTION('',(-1.,0.,0.));
#13600 = DIRECTION('',(0.,0.,-1.));
#13601 = ORIENTED_EDGE('',*,*,#13602,.F.);
#13602 = EDGE_CURVE('',#13603,#13594,#13605,.T.);
#13603 = VERTEX_POINT('',#13604);
#13604 = CARTESIAN_POINT('',(162.,-6.010407640086,3.260407640086));
#13605 = LINE('',#13606,#13607);
#13606 = CARTESIAN_POINT('',(162.,-6.010407640086,3.260407640086));
#13607 = VECTOR('',#13608,1.);
#13608 = DIRECTION('',(-1.,0.,0.));
#13609 = ORIENTED_EDGE('',*,*,#13610,.T.);
#13610 = EDGE_CURVE('',#13603,#13603,#13611,.T.);
#13611 = CIRCLE('',#13612,2.75);
#13612 = AXIS2_PLACEMENT_3D('',#13613,#13614,#13615);
#13613 = CARTESIAN_POINT('',(162.,-6.010407640086,6.010407640086));
#13614 = DIRECTION('',(-1.,0.,0.));
#13615 = DIRECTION('',(0.,0.,-1.));
#13616 = ORIENTED_EDGE('',*,*,#13602,.T.);
#13617 = CYLINDRICAL_SURFACE('',#13618,2.75);
#13618 = AXIS2_PLACEMENT_3D('',#13619,#13620,#13621);
#13619 = CARTESIAN_POINT('',(162.,-6.010407640086,6.010407640086));
#13620 = DIRECTION('',(-1.,0.,0.));
#13621 = DIRECTION('',(0.,0.,-1.));
#13622 = ADVANCED_FACE('',(#13623,#13626),#13637,.T.);
#13623 = FACE_BOUND('',#13624,.T.);
#13624 = EDGE_LOOP('',(#13625));
#13625 = ORIENTED_EDGE('',*,*,#13593,.T.);
#13626 = FACE_BOUND('',#13627,.T.);
#13627 = EDGE_LOOP('',(#13628));
#13628 = ORIENTED_EDGE('',*,*,#13629,.F.);
#13629 = EDGE_CURVE('',#13630,#13630,#13632,.T.);
#13630 = VERTEX_POINT('',#13631);
#13631 = CARTESIAN_POINT('',(159.,-6.010407640086,4.510407640086));
#13632 = CIRCLE('',#13633,1.5);
#13633 = AXIS2_PLACEMENT_3D('',#13634,#13635,#13636);
#13634 = CARTESIAN_POINT('',(159.,-6.010407640086,6.010407640086));
#13635 = DIRECTION('',(-1.,0.,0.));
#13636 = DIRECTION('',(0.,0.,-1.));
#13637 = PLANE('',#13638);
#13638 = AXIS2_PLACEMENT_3D('',#13639,#13640,#13641);
#13639 = CARTESIAN_POINT('',(159.,-6.010407640086,6.010407640086));
#13640 = DIRECTION('',(-1.,0.,0.));
#13641 = DIRECTION('',(0.,0.,-1.));
#13642 = ADVANCED_FACE('',(#13643,#13646),#13696,.F.);
#13643 = FACE_BOUND('',#13644,.F.);
#13644 = EDGE_LOOP('',(#13645));
#13645 = ORIENTED_EDGE('',*,*,#13610,.T.);
#13646 = FACE_BOUND('',#13647,.F.);
#13647 = EDGE_LOOP('',(#13648,#13658,#13666,#13674,#13682,#13690));
#13648 = ORIENTED_EDGE('',*,*,#13649,.T.);
#13649 = EDGE_CURVE('',#13650,#13652,#13654,.T.);
#13650 = VERTEX_POINT('',#13651);
#13651 = CARTESIAN_POINT('',(162.,-7.260407640086,5.288719803599));
#13652 = VERTEX_POINT('',#13653);
#13653 = CARTESIAN_POINT('',(162.,-6.010407640086,4.567031967112));
#13654 = LINE('',#13655,#13656);
#13655 = CARTESIAN_POINT('',(162.,-6.322907640086,4.747453926233));
#13656 = VECTOR('',#13657,1.);
#13657 = DIRECTION('',(0.,0.866025403784,-0.5));
#13658 = ORIENTED_EDGE('',*,*,#13659,.T.);
#13659 = EDGE_CURVE('',#13652,#13660,#13662,.T.);
#13660 = VERTEX_POINT('',#13661);
#13661 = CARTESIAN_POINT('',(162.,-4.760407640086,5.288719803599));
#13662 = LINE('',#13663,#13664);
#13663 = CARTESIAN_POINT('',(162.,-5.072907640086,5.108297844477));
#13664 = VECTOR('',#13665,1.);
#13665 = DIRECTION('',(0.,0.866025403784,0.5));
#13666 = ORIENTED_EDGE('',*,*,#13667,.T.);
#13667 = EDGE_CURVE('',#13660,#13668,#13670,.T.);
#13668 = VERTEX_POINT('',#13669);
#13669 = CARTESIAN_POINT('',(162.,-4.760407640086,6.732095476573));
#13670 = LINE('',#13671,#13672);
#13671 = CARTESIAN_POINT('',(162.,-4.760407640086,6.371251558329));
#13672 = VECTOR('',#13673,1.);
#13673 = DIRECTION('',(0.,-0.,1.));
#13674 = ORIENTED_EDGE('',*,*,#13675,.T.);
#13675 = EDGE_CURVE('',#13668,#13676,#13678,.T.);
#13676 = VERTEX_POINT('',#13677);
#13677 = CARTESIAN_POINT('',(162.,-6.010407640086,7.45378331306));
#13678 = LINE('',#13679,#13680);
#13679 = CARTESIAN_POINT('',(162.,-5.697907640086,7.273361353938));
#13680 = VECTOR('',#13681,1.);
#13681 = DIRECTION('',(0.,-0.866025403784,0.5));
#13682 = ORIENTED_EDGE('',*,*,#13683,.T.);
#13683 = EDGE_CURVE('',#13676,#13684,#13686,.T.);
#13684 = VERTEX_POINT('',#13685);
#13685 = CARTESIAN_POINT('',(162.,-7.260407640086,6.732095476573));
#13686 = LINE('',#13687,#13688);
#13687 = CARTESIAN_POINT('',(162.,-6.947907640086,6.912517435694));
#13688 = VECTOR('',#13689,1.);
#13689 = DIRECTION('',(-0.,-0.866025403784,-0.5));
#13690 = ORIENTED_EDGE('',*,*,#13691,.T.);
#13691 = EDGE_CURVE('',#13684,#13650,#13692,.T.);
#13692 = LINE('',#13693,#13694);
#13693 = CARTESIAN_POINT('',(162.,-7.260407640086,5.649563721842));
#13694 = VECTOR('',#13695,1.);
#13695 = DIRECTION('',(-0.,0.,-1.));
#13696 = PLANE('',#13697);
#13697 = AXIS2_PLACEMENT_3D('',#13698,#13699,#13700);
#13698 = CARTESIAN_POINT('',(162.,-6.010407640086,6.010407640086));
#13699 = DIRECTION('',(-1.,0.,0.));
#13700 = DIRECTION('',(0.,0.,-1.));
#13701 = ADVANCED_FACE('',(#13702),#13721,.T.);
#13702 = FACE_BOUND('',#13703,.T.);
#13703 = EDGE_LOOP('',(#13704,#13713,#13719,#13720));
#13704 = ORIENTED_EDGE('',*,*,#13705,.F.);
#13705 = EDGE_CURVE('',#13706,#13706,#13708,.T.);
#13706 = VERTEX_POINT('',#13707);
#13707 = CARTESIAN_POINT('',(147.,-6.010407640086,4.510407640086));
#13708 = CIRCLE('',#13709,1.5);
#13709 = AXIS2_PLACEMENT_3D('',#13710,#13711,#13712);
#13710 = CARTESIAN_POINT('',(147.,-6.010407640086,6.010407640086));
#13711 = DIRECTION('',(-1.,0.,0.));
#13712 = DIRECTION('',(0.,0.,-1.));
#13713 = ORIENTED_EDGE('',*,*,#13714,.F.);
#13714 = EDGE_CURVE('',#13630,#13706,#13715,.T.);
#13715 = LINE('',#13716,#13717);
#13716 = CARTESIAN_POINT('',(159.,-6.010407640086,4.510407640086));
#13717 = VECTOR('',#13718,1.);
#13718 = DIRECTION('',(-1.,0.,0.));
#13719 = ORIENTED_EDGE('',*,*,#13629,.T.);
#13720 = ORIENTED_EDGE('',*,*,#13714,.T.);
#13721 = CYLINDRICAL_SURFACE('',#13722,1.5);
#13722 = AXIS2_PLACEMENT_3D('',#13723,#13724,#13725);
#13723 = CARTESIAN_POINT('',(159.,-6.010407640086,6.010407640086));
#13724 = DIRECTION('',(-1.,0.,0.));
#13725 = DIRECTION('',(0.,0.,-1.));
#13726 = ADVANCED_FACE('',(#13727),#13752,.T.);
#13727 = FACE_BOUND('',#13728,.T.);
#13728 = EDGE_LOOP('',(#13729,#13730,#13738,#13746));
#13729 = ORIENTED_EDGE('',*,*,#13649,.T.);
#13730 = ORIENTED_EDGE('',*,*,#13731,.T.);
#13731 = EDGE_CURVE('',#13652,#13732,#13734,.T.);
#13732 = VERTEX_POINT('',#13733);
#13733 = CARTESIAN_POINT('',(160.2,-6.010407640086,4.567031967112));
#13734 = LINE('',#13735,#13736);
#13735 = CARTESIAN_POINT('',(162.1,-6.010407640086,4.567031967112));
#13736 = VECTOR('',#13737,1.);
#13737 = DIRECTION('',(-1.,0.,0.));
#13738 = ORIENTED_EDGE('',*,*,#13739,.T.);
#13739 = EDGE_CURVE('',#13732,#13740,#13742,.T.);
#13740 = VERTEX_POINT('',#13741);
#13741 = CARTESIAN_POINT('',(160.2,-7.260407640086,5.288719803599));
#13742 = LINE('',#13743,#13744);
#13743 = CARTESIAN_POINT('',(160.2,-6.010407640086,4.567031967112));
#13744 = VECTOR('',#13745,1.);
#13745 = DIRECTION('',(0.,-0.866025403784,0.5));
#13746 = ORIENTED_EDGE('',*,*,#13747,.F.);
#13747 = EDGE_CURVE('',#13650,#13740,#13748,.T.);
#13748 = LINE('',#13749,#13750);
#13749 = CARTESIAN_POINT('',(162.1,-7.260407640086,5.288719803599));
#13750 = VECTOR('',#13751,1.);
#13751 = DIRECTION('',(-1.,0.,0.));
#13752 = PLANE('',#13753);
#13753 = AXIS2_PLACEMENT_3D('',#13754,#13755,#13756);
#13754 = CARTESIAN_POINT('',(162.1,-6.010407640086,4.567031967112));
#13755 = DIRECTION('',(0.,0.5,0.866025403784));
#13756 = DIRECTION('',(0.,-0.866025403784,0.5));
#13757 = ADVANCED_FACE('',(#13758),#13776,.T.);
#13758 = FACE_BOUND('',#13759,.T.);
#13759 = EDGE_LOOP('',(#13760,#13761,#13762,#13770));
#13760 = ORIENTED_EDGE('',*,*,#13691,.T.);
#13761 = ORIENTED_EDGE('',*,*,#13747,.T.);
#13762 = ORIENTED_EDGE('',*,*,#13763,.T.);
#13763 = EDGE_CURVE('',#13740,#13764,#13766,.T.);
#13764 = VERTEX_POINT('',#13765);
#13765 = CARTESIAN_POINT('',(160.2,-7.260407640086,6.732095476573));
#13766 = LINE('',#13767,#13768);
#13767 = CARTESIAN_POINT('',(160.2,-7.260407640086,5.288719803599));
#13768 = VECTOR('',#13769,1.);
#13769 = DIRECTION('',(0.,0.,1.));
#13770 = ORIENTED_EDGE('',*,*,#13771,.F.);
#13771 = EDGE_CURVE('',#13684,#13764,#13772,.T.);
#13772 = LINE('',#13773,#13774);
#13773 = CARTESIAN_POINT('',(162.1,-7.260407640086,6.732095476573));
#13774 = VECTOR('',#13775,1.);
#13775 = DIRECTION('',(-1.,0.,0.));
#13776 = PLANE('',#13777);
#13777 = AXIS2_PLACEMENT_3D('',#13778,#13779,#13780);
#13778 = CARTESIAN_POINT('',(162.1,-7.260407640086,5.288719803599));
#13779 = DIRECTION('',(0.,1.,-0.));
#13780 = DIRECTION('',(0.,0.,1.));
#13781 = ADVANCED_FACE('',(#13782),#13800,.T.);
#13782 = FACE_BOUND('',#13783,.T.);
#13783 = EDGE_LOOP('',(#13784,#13785,#13786,#13794));
#13784 = ORIENTED_EDGE('',*,*,#13683,.T.);
#13785 = ORIENTED_EDGE('',*,*,#13771,.T.);
#13786 = ORIENTED_EDGE('',*,*,#13787,.T.);
#13787 = EDGE_CURVE('',#13764,#13788,#13790,.T.);
#13788 = VERTEX_POINT('',#13789);
#13789 = CARTESIAN_POINT('',(160.2,-6.010407640086,7.45378331306));
#13790 = LINE('',#13791,#13792);
#13791 = CARTESIAN_POINT('',(160.2,-7.260407640086,6.732095476573));
#13792 = VECTOR('',#13793,1.);
#13793 = DIRECTION('',(0.,0.866025403784,0.5));
#13794 = ORIENTED_EDGE('',*,*,#13795,.F.);
#13795 = EDGE_CURVE('',#13676,#13788,#13796,.T.);
#13796 = LINE('',#13797,#13798);
#13797 = CARTESIAN_POINT('',(162.1,-6.010407640086,7.45378331306));
#13798 = VECTOR('',#13799,1.);
#13799 = DIRECTION('',(-1.,0.,0.));
#13800 = PLANE('',#13801);
#13801 = AXIS2_PLACEMENT_3D('',#13802,#13803,#13804);
#13802 = CARTESIAN_POINT('',(162.1,-7.260407640086,6.732095476573));
#13803 = DIRECTION('',(0.,0.5,-0.866025403784));
#13804 = DIRECTION('',(0.,0.866025403784,0.5));
#13805 = ADVANCED_FACE('',(#13806),#13824,.T.);
#13806 = FACE_BOUND('',#13807,.T.);
#13807 = EDGE_LOOP('',(#13808,#13809,#13810,#13818));
#13808 = ORIENTED_EDGE('',*,*,#13675,.T.);
#13809 = ORIENTED_EDGE('',*,*,#13795,.T.);
#13810 = ORIENTED_EDGE('',*,*,#13811,.T.);
#13811 = EDGE_CURVE('',#13788,#13812,#13814,.T.);
#13812 = VERTEX_POINT('',#13813);
#13813 = CARTESIAN_POINT('',(160.2,-4.760407640086,6.732095476573));
#13814 = LINE('',#13815,#13816);
#13815 = CARTESIAN_POINT('',(160.2,-6.010407640086,7.45378331306));
#13816 = VECTOR('',#13817,1.);
#13817 = DIRECTION('',(0.,0.866025403784,-0.5));
#13818 = ORIENTED_EDGE('',*,*,#13819,.F.);
#13819 = EDGE_CURVE('',#13668,#13812,#13820,.T.);
#13820 = LINE('',#13821,#13822);
#13821 = CARTESIAN_POINT('',(162.1,-4.760407640086,6.732095476573));
#13822 = VECTOR('',#13823,1.);
#13823 = DIRECTION('',(-1.,0.,0.));
#13824 = PLANE('',#13825);
#13825 = AXIS2_PLACEMENT_3D('',#13826,#13827,#13828);
#13826 = CARTESIAN_POINT('',(162.1,-6.010407640086,7.45378331306));
#13827 = DIRECTION('',(-0.,-0.5,-0.866025403784));
#13828 = DIRECTION('',(0.,0.866025403784,-0.5));
#13829 = ADVANCED_FACE('',(#13830),#13848,.T.);
#13830 = FACE_BOUND('',#13831,.T.);
#13831 = EDGE_LOOP('',(#13832,#13833,#13834,#13842));
#13832 = ORIENTED_EDGE('',*,*,#13667,.T.);
#13833 = ORIENTED_EDGE('',*,*,#13819,.T.);
#13834 = ORIENTED_EDGE('',*,*,#13835,.T.);
#13835 = EDGE_CURVE('',#13812,#13836,#13838,.T.);
#13836 = VERTEX_POINT('',#13837);
#13837 = CARTESIAN_POINT('',(160.2,-4.760407640086,5.288719803599));
#13838 = LINE('',#13839,#13840);
#13839 = CARTESIAN_POINT('',(160.2,-4.760407640086,6.732095476573));
#13840 = VECTOR('',#13841,1.);
#13841 = DIRECTION('',(0.,0.,-1.));
#13842 = ORIENTED_EDGE('',*,*,#13843,.F.);
#13843 = EDGE_CURVE('',#13660,#13836,#13844,.T.);
#13844 = LINE('',#13845,#13846);
#13845 = CARTESIAN_POINT('',(162.1,-4.760407640086,5.288719803599));
#13846 = VECTOR('',#13847,1.);
#13847 = DIRECTION('',(-1.,0.,0.));
#13848 = PLANE('',#13849);
#13849 = AXIS2_PLACEMENT_3D('',#13850,#13851,#13852);
#13850 = CARTESIAN_POINT('',(162.1,-4.760407640086,6.732095476573));
#13851 = DIRECTION('',(-0.,-1.,-0.));
#13852 = DIRECTION('',(0.,0.,-1.));
#13853 = ADVANCED_FACE('',(#13854),#13865,.T.);
#13854 = FACE_BOUND('',#13855,.T.);
#13855 = EDGE_LOOP('',(#13856,#13857,#13858,#13864));
#13856 = ORIENTED_EDGE('',*,*,#13659,.T.);
#13857 = ORIENTED_EDGE('',*,*,#13843,.T.);
#13858 = ORIENTED_EDGE('',*,*,#13859,.T.);
#13859 = EDGE_CURVE('',#13836,#13732,#13860,.T.);
#13860 = LINE('',#13861,#13862);
#13861 = CARTESIAN_POINT('',(160.2,-4.760407640086,5.288719803599));
#13862 = VECTOR('',#13863,1.);
#13863 = DIRECTION('',(0.,-0.866025403784,-0.5));
#13864 = ORIENTED_EDGE('',*,*,#13731,.F.);
#13865 = PLANE('',#13866);
#13866 = AXIS2_PLACEMENT_3D('',#13867,#13868,#13869);
#13867 = CARTESIAN_POINT('',(162.1,-4.760407640086,5.288719803599));
#13868 = DIRECTION('',(0.,-0.5,0.866025403784));
#13869 = DIRECTION('',(0.,-0.866025403784,-0.5));
#13870 = ADVANCED_FACE('',(#13871),#13874,.T.);
#13871 = FACE_BOUND('',#13872,.T.);
#13872 = EDGE_LOOP('',(#13873));
#13873 = ORIENTED_EDGE('',*,*,#13705,.T.);
#13874 = PLANE('',#13875);
#13875 = AXIS2_PLACEMENT_3D('',#13876,#13877,#13878);
#13876 = CARTESIAN_POINT('',(147.,-6.010407640086,6.010407640086));
#13877 = DIRECTION('',(-1.,0.,0.));
#13878 = DIRECTION('',(0.,0.,-1.));
#13879 = ADVANCED_FACE('',(#13880),#13888,.F.);
#13880 = FACE_BOUND('',#13881,.F.);
#13881 = EDGE_LOOP('',(#13882,#13883,#13884,#13885,#13886,#13887));
#13882 = ORIENTED_EDGE('',*,*,#13859,.T.);
#13883 = ORIENTED_EDGE('',*,*,#13739,.T.);
#13884 = ORIENTED_EDGE('',*,*,#13763,.T.);
#13885 = ORIENTED_EDGE('',*,*,#13787,.T.);
#13886 = ORIENTED_EDGE('',*,*,#13811,.T.);
#13887 = ORIENTED_EDGE('',*,*,#13835,.T.);
#13888 = PLANE('',#13889);
#13889 = AXIS2_PLACEMENT_3D('',#13890,#13891,#13892);
#13890 = CARTESIAN_POINT('',(160.2,-6.010407640086,6.010407640086));
#13891 = DIRECTION('',(-1.,-0.,-0.));
#13892 = DIRECTION('',(0.,0.,-1.));
#13893 = MANIFOLD_SOLID_BREP('',#13894);
#13894 = CLOSED_SHELL('',(#13895,#13928,#13948,#14007,#14032,#14063,
    #14087,#14111,#14135,#14159,#14176,#14185));
#13895 = ADVANCED_FACE('',(#13896),#13923,.T.);
#13896 = FACE_BOUND('',#13897,.T.);
#13897 = EDGE_LOOP('',(#13898,#13907,#13915,#13922));
#13898 = ORIENTED_EDGE('',*,*,#13899,.F.);
#13899 = EDGE_CURVE('',#13900,#13900,#13902,.T.);
#13900 = VERTEX_POINT('',#13901);
#13901 = CARTESIAN_POINT('',(159.,-6.010407640086,-8.760407640086));
#13902 = CIRCLE('',#13903,2.75);
#13903 = AXIS2_PLACEMENT_3D('',#13904,#13905,#13906);
#13904 = CARTESIAN_POINT('',(159.,-6.010407640086,-6.010407640086));
#13905 = DIRECTION('',(-1.,0.,0.));
#13906 = DIRECTION('',(0.,0.,-1.));
#13907 = ORIENTED_EDGE('',*,*,#13908,.F.);
#13908 = EDGE_CURVE('',#13909,#13900,#13911,.T.);
#13909 = VERTEX_POINT('',#13910);
#13910 = CARTESIAN_POINT('',(162.,-6.010407640086,-8.760407640086));
#13911 = LINE('',#13912,#13913);
#13912 = CARTESIAN_POINT('',(162.,-6.010407640086,-8.760407640086));
#13913 = VECTOR('',#13914,1.);
#13914 = DIRECTION('',(-1.,0.,0.));
#13915 = ORIENTED_EDGE('',*,*,#13916,.T.);
#13916 = EDGE_CURVE('',#13909,#13909,#13917,.T.);
#13917 = CIRCLE('',#13918,2.75);
#13918 = AXIS2_PLACEMENT_3D('',#13919,#13920,#13921);
#13919 = CARTESIAN_POINT('',(162.,-6.010407640086,-6.010407640086));
#13920 = DIRECTION('',(-1.,0.,0.));
#13921 = DIRECTION('',(0.,0.,-1.));
#13922 = ORIENTED_EDGE('',*,*,#13908,.T.);
#13923 = CYLINDRICAL_SURFACE('',#13924,2.75);
#13924 = AXIS2_PLACEMENT_3D('',#13925,#13926,#13927);
#13925 = CARTESIAN_POINT('',(162.,-6.010407640086,-6.010407640086));
#13926 = DIRECTION('',(-1.,0.,0.));
#13927 = DIRECTION('',(0.,0.,-1.));
#13928 = ADVANCED_FACE('',(#13929,#13932),#13943,.T.);
#13929 = FACE_BOUND('',#13930,.T.);
#13930 = EDGE_LOOP('',(#13931));
#13931 = ORIENTED_EDGE('',*,*,#13899,.T.);
#13932 = FACE_BOUND('',#13933,.T.);
#13933 = EDGE_LOOP('',(#13934));
#13934 = ORIENTED_EDGE('',*,*,#13935,.F.);
#13935 = EDGE_CURVE('',#13936,#13936,#13938,.T.);
#13936 = VERTEX_POINT('',#13937);
#13937 = CARTESIAN_POINT('',(159.,-6.010407640086,-7.510407640086));
#13938 = CIRCLE('',#13939,1.5);
#13939 = AXIS2_PLACEMENT_3D('',#13940,#13941,#13942);
#13940 = CARTESIAN_POINT('',(159.,-6.010407640086,-6.010407640086));
#13941 = DIRECTION('',(-1.,0.,0.));
#13942 = DIRECTION('',(0.,0.,-1.));
#13943 = PLANE('',#13944);
#13944 = AXIS2_PLACEMENT_3D('',#13945,#13946,#13947);
#13945 = CARTESIAN_POINT('',(159.,-6.010407640086,-6.010407640086));
#13946 = DIRECTION('',(-1.,0.,0.));
#13947 = DIRECTION('',(0.,0.,-1.));
#13948 = ADVANCED_FACE('',(#13949,#13952),#14002,.F.);
#13949 = FACE_BOUND('',#13950,.F.);
#13950 = EDGE_LOOP('',(#13951));
#13951 = ORIENTED_EDGE('',*,*,#13916,.T.);
#13952 = FACE_BOUND('',#13953,.F.);
#13953 = EDGE_LOOP('',(#13954,#13964,#13972,#13980,#13988,#13996));
#13954 = ORIENTED_EDGE('',*,*,#13955,.T.);
#13955 = EDGE_CURVE('',#13956,#13958,#13960,.T.);
#13956 = VERTEX_POINT('',#13957);
#13957 = CARTESIAN_POINT('',(162.,-7.260407640086,-6.732095476573));
#13958 = VERTEX_POINT('',#13959);
#13959 = CARTESIAN_POINT('',(162.,-6.010407640086,-7.45378331306));
#13960 = LINE('',#13961,#13962);
#13961 = CARTESIAN_POINT('',(162.,-6.322907640086,-7.273361353938));
#13962 = VECTOR('',#13963,1.);
#13963 = DIRECTION('',(0.,0.866025403784,-0.5));
#13964 = ORIENTED_EDGE('',*,*,#13965,.T.);
#13965 = EDGE_CURVE('',#13958,#13966,#13968,.T.);
#13966 = VERTEX_POINT('',#13967);
#13967 = CARTESIAN_POINT('',(162.,-4.760407640086,-6.732095476573));
#13968 = LINE('',#13969,#13970);
#13969 = CARTESIAN_POINT('',(162.,-5.072907640086,-6.912517435694));
#13970 = VECTOR('',#13971,1.);
#13971 = DIRECTION('',(0.,0.866025403784,0.5));
#13972 = ORIENTED_EDGE('',*,*,#13973,.T.);
#13973 = EDGE_CURVE('',#13966,#13974,#13976,.T.);
#13974 = VERTEX_POINT('',#13975);
#13975 = CARTESIAN_POINT('',(162.,-4.760407640086,-5.288719803599));
#13976 = LINE('',#13977,#13978);
#13977 = CARTESIAN_POINT('',(162.,-4.760407640086,-5.649563721842));
#13978 = VECTOR('',#13979,1.);
#13979 = DIRECTION('',(0.,-0.,1.));
#13980 = ORIENTED_EDGE('',*,*,#13981,.T.);
#13981 = EDGE_CURVE('',#13974,#13982,#13984,.T.);
#13982 = VERTEX_POINT('',#13983);
#13983 = CARTESIAN_POINT('',(162.,-6.010407640086,-4.567031967112));
#13984 = LINE('',#13985,#13986);
#13985 = CARTESIAN_POINT('',(162.,-5.697907640086,-4.747453926233));
#13986 = VECTOR('',#13987,1.);
#13987 = DIRECTION('',(0.,-0.866025403784,0.5));
#13988 = ORIENTED_EDGE('',*,*,#13989,.T.);
#13989 = EDGE_CURVE('',#13982,#13990,#13992,.T.);
#13990 = VERTEX_POINT('',#13991);
#13991 = CARTESIAN_POINT('',(162.,-7.260407640086,-5.288719803599));
#13992 = LINE('',#13993,#13994);
#13993 = CARTESIAN_POINT('',(162.,-6.947907640086,-5.108297844477));
#13994 = VECTOR('',#13995,1.);
#13995 = DIRECTION('',(-0.,-0.866025403784,-0.5));
#13996 = ORIENTED_EDGE('',*,*,#13997,.T.);
#13997 = EDGE_CURVE('',#13990,#13956,#13998,.T.);
#13998 = LINE('',#13999,#14000);
#13999 = CARTESIAN_POINT('',(162.,-7.260407640086,-6.371251558329));
#14000 = VECTOR('',#14001,1.);
#14001 = DIRECTION('',(-0.,0.,-1.));
#14002 = PLANE('',#14003);
#14003 = AXIS2_PLACEMENT_3D('',#14004,#14005,#14006);
#14004 = CARTESIAN_POINT('',(162.,-6.010407640086,-6.010407640086));
#14005 = DIRECTION('',(-1.,0.,0.));
#14006 = DIRECTION('',(0.,0.,-1.));
#14007 = ADVANCED_FACE('',(#14008),#14027,.T.);
#14008 = FACE_BOUND('',#14009,.T.);
#14009 = EDGE_LOOP('',(#14010,#14019,#14025,#14026));
#14010 = ORIENTED_EDGE('',*,*,#14011,.F.);
#14011 = EDGE_CURVE('',#14012,#14012,#14014,.T.);
#14012 = VERTEX_POINT('',#14013);
#14013 = CARTESIAN_POINT('',(147.,-6.010407640086,-7.510407640086));
#14014 = CIRCLE('',#14015,1.5);
#14015 = AXIS2_PLACEMENT_3D('',#14016,#14017,#14018);
#14016 = CARTESIAN_POINT('',(147.,-6.010407640086,-6.010407640086));
#14017 = DIRECTION('',(-1.,0.,0.));
#14018 = DIRECTION('',(0.,0.,-1.));
#14019 = ORIENTED_EDGE('',*,*,#14020,.F.);
#14020 = EDGE_CURVE('',#13936,#14012,#14021,.T.);
#14021 = LINE('',#14022,#14023);
#14022 = CARTESIAN_POINT('',(159.,-6.010407640086,-7.510407640086));
#14023 = VECTOR('',#14024,1.);
#14024 = DIRECTION('',(-1.,0.,0.));
#14025 = ORIENTED_EDGE('',*,*,#13935,.T.);
#14026 = ORIENTED_EDGE('',*,*,#14020,.T.);
#14027 = CYLINDRICAL_SURFACE('',#14028,1.5);
#14028 = AXIS2_PLACEMENT_3D('',#14029,#14030,#14031);
#14029 = CARTESIAN_POINT('',(159.,-6.010407640086,-6.010407640086));
#14030 = DIRECTION('',(-1.,0.,0.));
#14031 = DIRECTION('',(0.,0.,-1.));
#14032 = ADVANCED_FACE('',(#14033),#14058,.T.);
#14033 = FACE_BOUND('',#14034,.T.);
#14034 = EDGE_LOOP('',(#14035,#14036,#14044,#14052));
#14035 = ORIENTED_EDGE('',*,*,#13955,.T.);
#14036 = ORIENTED_EDGE('',*,*,#14037,.T.);
#14037 = EDGE_CURVE('',#13958,#14038,#14040,.T.);
#14038 = VERTEX_POINT('',#14039);
#14039 = CARTESIAN_POINT('',(160.2,-6.010407640086,-7.45378331306));
#14040 = LINE('',#14041,#14042);
#14041 = CARTESIAN_POINT('',(162.1,-6.010407640086,-7.45378331306));
#14042 = VECTOR('',#14043,1.);
#14043 = DIRECTION('',(-1.,0.,0.));
#14044 = ORIENTED_EDGE('',*,*,#14045,.T.);
#14045 = EDGE_CURVE('',#14038,#14046,#14048,.T.);
#14046 = VERTEX_POINT('',#14047);
#14047 = CARTESIAN_POINT('',(160.2,-7.260407640086,-6.732095476573));
#14048 = LINE('',#14049,#14050);
#14049 = CARTESIAN_POINT('',(160.2,-6.010407640086,-7.45378331306));
#14050 = VECTOR('',#14051,1.);
#14051 = DIRECTION('',(0.,-0.866025403784,0.5));
#14052 = ORIENTED_EDGE('',*,*,#14053,.F.);
#14053 = EDGE_CURVE('',#13956,#14046,#14054,.T.);
#14054 = LINE('',#14055,#14056);
#14055 = CARTESIAN_POINT('',(162.1,-7.260407640086,-6.732095476573));
#14056 = VECTOR('',#14057,1.);
#14057 = DIRECTION('',(-1.,0.,0.));
#14058 = PLANE('',#14059);
#14059 = AXIS2_PLACEMENT_3D('',#14060,#14061,#14062);
#14060 = CARTESIAN_POINT('',(162.1,-6.010407640086,-7.45378331306));
#14061 = DIRECTION('',(0.,0.5,0.866025403784));
#14062 = DIRECTION('',(0.,-0.866025403784,0.5));
#14063 = ADVANCED_FACE('',(#14064),#14082,.T.);
#14064 = FACE_BOUND('',#14065,.T.);
#14065 = EDGE_LOOP('',(#14066,#14067,#14068,#14076));
#14066 = ORIENTED_EDGE('',*,*,#13997,.T.);
#14067 = ORIENTED_EDGE('',*,*,#14053,.T.);
#14068 = ORIENTED_EDGE('',*,*,#14069,.T.);
#14069 = EDGE_CURVE('',#14046,#14070,#14072,.T.);
#14070 = VERTEX_POINT('',#14071);
#14071 = CARTESIAN_POINT('',(160.2,-7.260407640086,-5.288719803599));
#14072 = LINE('',#14073,#14074);
#14073 = CARTESIAN_POINT('',(160.2,-7.260407640086,-6.732095476573));
#14074 = VECTOR('',#14075,1.);
#14075 = DIRECTION('',(0.,0.,1.));
#14076 = ORIENTED_EDGE('',*,*,#14077,.F.);
#14077 = EDGE_CURVE('',#13990,#14070,#14078,.T.);
#14078 = LINE('',#14079,#14080);
#14079 = CARTESIAN_POINT('',(162.1,-7.260407640086,-5.288719803599));
#14080 = VECTOR('',#14081,1.);
#14081 = DIRECTION('',(-1.,0.,0.));
#14082 = PLANE('',#14083);
#14083 = AXIS2_PLACEMENT_3D('',#14084,#14085,#14086);
#14084 = CARTESIAN_POINT('',(162.1,-7.260407640086,-6.732095476573));
#14085 = DIRECTION('',(0.,1.,-0.));
#14086 = DIRECTION('',(0.,0.,1.));
#14087 = ADVANCED_FACE('',(#14088),#14106,.T.);
#14088 = FACE_BOUND('',#14089,.T.);
#14089 = EDGE_LOOP('',(#14090,#14091,#14092,#14100));
#14090 = ORIENTED_EDGE('',*,*,#13989,.T.);
#14091 = ORIENTED_EDGE('',*,*,#14077,.T.);
#14092 = ORIENTED_EDGE('',*,*,#14093,.T.);
#14093 = EDGE_CURVE('',#14070,#14094,#14096,.T.);
#14094 = VERTEX_POINT('',#14095);
#14095 = CARTESIAN_POINT('',(160.2,-6.010407640086,-4.567031967112));
#14096 = LINE('',#14097,#14098);
#14097 = CARTESIAN_POINT('',(160.2,-7.260407640086,-5.288719803599));
#14098 = VECTOR('',#14099,1.);
#14099 = DIRECTION('',(0.,0.866025403784,0.5));
#14100 = ORIENTED_EDGE('',*,*,#14101,.F.);
#14101 = EDGE_CURVE('',#13982,#14094,#14102,.T.);
#14102 = LINE('',#14103,#14104);
#14103 = CARTESIAN_POINT('',(162.1,-6.010407640086,-4.567031967112));
#14104 = VECTOR('',#14105,1.);
#14105 = DIRECTION('',(-1.,0.,0.));
#14106 = PLANE('',#14107);
#14107 = AXIS2_PLACEMENT_3D('',#14108,#14109,#14110);
#14108 = CARTESIAN_POINT('',(162.1,-7.260407640086,-5.288719803599));
#14109 = DIRECTION('',(0.,0.5,-0.866025403784));
#14110 = DIRECTION('',(0.,0.866025403784,0.5));
#14111 = ADVANCED_FACE('',(#14112),#14130,.T.);
#14112 = FACE_BOUND('',#14113,.T.);
#14113 = EDGE_LOOP('',(#14114,#14115,#14116,#14124));
#14114 = ORIENTED_EDGE('',*,*,#13981,.T.);
#14115 = ORIENTED_EDGE('',*,*,#14101,.T.);
#14116 = ORIENTED_EDGE('',*,*,#14117,.T.);
#14117 = EDGE_CURVE('',#14094,#14118,#14120,.T.);
#14118 = VERTEX_POINT('',#14119);
#14119 = CARTESIAN_POINT('',(160.2,-4.760407640086,-5.288719803599));
#14120 = LINE('',#14121,#14122);
#14121 = CARTESIAN_POINT('',(160.2,-6.010407640086,-4.567031967112));
#14122 = VECTOR('',#14123,1.);
#14123 = DIRECTION('',(0.,0.866025403784,-0.5));
#14124 = ORIENTED_EDGE('',*,*,#14125,.F.);
#14125 = EDGE_CURVE('',#13974,#14118,#14126,.T.);
#14126 = LINE('',#14127,#14128);
#14127 = CARTESIAN_POINT('',(162.1,-4.760407640086,-5.288719803599));
#14128 = VECTOR('',#14129,1.);
#14129 = DIRECTION('',(-1.,0.,0.));
#14130 = PLANE('',#14131);
#14131 = AXIS2_PLACEMENT_3D('',#14132,#14133,#14134);
#14132 = CARTESIAN_POINT('',(162.1,-6.010407640086,-4.567031967112));
#14133 = DIRECTION('',(-0.,-0.5,-0.866025403784));
#14134 = DIRECTION('',(0.,0.866025403784,-0.5));
#14135 = ADVANCED_FACE('',(#14136),#14154,.T.);
#14136 = FACE_BOUND('',#14137,.T.);
#14137 = EDGE_LOOP('',(#14138,#14139,#14140,#14148));
#14138 = ORIENTED_EDGE('',*,*,#13973,.T.);
#14139 = ORIENTED_EDGE('',*,*,#14125,.T.);
#14140 = ORIENTED_EDGE('',*,*,#14141,.T.);
#14141 = EDGE_CURVE('',#14118,#14142,#14144,.T.);
#14142 = VERTEX_POINT('',#14143);
#14143 = CARTESIAN_POINT('',(160.2,-4.760407640086,-6.732095476573));
#14144 = LINE('',#14145,#14146);
#14145 = CARTESIAN_POINT('',(160.2,-4.760407640086,-5.288719803599));
#14146 = VECTOR('',#14147,1.);
#14147 = DIRECTION('',(0.,0.,-1.));
#14148 = ORIENTED_EDGE('',*,*,#14149,.F.);
#14149 = EDGE_CURVE('',#13966,#14142,#14150,.T.);
#14150 = LINE('',#14151,#14152);
#14151 = CARTESIAN_POINT('',(162.1,-4.760407640086,-6.732095476573));
#14152 = VECTOR('',#14153,1.);
#14153 = DIRECTION('',(-1.,0.,0.));
#14154 = PLANE('',#14155);
#14155 = AXIS2_PLACEMENT_3D('',#14156,#14157,#14158);
#14156 = CARTESIAN_POINT('',(162.1,-4.760407640086,-5.288719803599));
#14157 = DIRECTION('',(-0.,-1.,-0.));
#14158 = DIRECTION('',(0.,0.,-1.));
#14159 = ADVANCED_FACE('',(#14160),#14171,.T.);
#14160 = FACE_BOUND('',#14161,.T.);
#14161 = EDGE_LOOP('',(#14162,#14163,#14164,#14170));
#14162 = ORIENTED_EDGE('',*,*,#13965,.T.);
#14163 = ORIENTED_EDGE('',*,*,#14149,.T.);
#14164 = ORIENTED_EDGE('',*,*,#14165,.T.);
#14165 = EDGE_CURVE('',#14142,#14038,#14166,.T.);
#14166 = LINE('',#14167,#14168);
#14167 = CARTESIAN_POINT('',(160.2,-4.760407640086,-6.732095476573));
#14168 = VECTOR('',#14169,1.);
#14169 = DIRECTION('',(0.,-0.866025403784,-0.5));
#14170 = ORIENTED_EDGE('',*,*,#14037,.F.);
#14171 = PLANE('',#14172);
#14172 = AXIS2_PLACEMENT_3D('',#14173,#14174,#14175);
#14173 = CARTESIAN_POINT('',(162.1,-4.760407640086,-6.732095476573));
#14174 = DIRECTION('',(0.,-0.5,0.866025403784));
#14175 = DIRECTION('',(0.,-0.866025403784,-0.5));
#14176 = ADVANCED_FACE('',(#14177),#14180,.T.);
#14177 = FACE_BOUND('',#14178,.T.);
#14178 = EDGE_LOOP('',(#14179));
#14179 = ORIENTED_EDGE('',*,*,#14011,.T.);
#14180 = PLANE('',#14181);
#14181 = AXIS2_PLACEMENT_3D('',#14182,#14183,#14184);
#14182 = CARTESIAN_POINT('',(147.,-6.010407640086,-6.010407640086));
#14183 = DIRECTION('',(-1.,0.,0.));
#14184 = DIRECTION('',(0.,0.,-1.));
#14185 = ADVANCED_FACE('',(#14186),#14194,.F.);
#14186 = FACE_BOUND('',#14187,.F.);
#14187 = EDGE_LOOP('',(#14188,#14189,#14190,#14191,#14192,#14193));
#14188 = ORIENTED_EDGE('',*,*,#14165,.T.);
#14189 = ORIENTED_EDGE('',*,*,#14045,.T.);
#14190 = ORIENTED_EDGE('',*,*,#14069,.T.);
#14191 = ORIENTED_EDGE('',*,*,#14093,.T.);
#14192 = ORIENTED_EDGE('',*,*,#14117,.T.);
#14193 = ORIENTED_EDGE('',*,*,#14141,.T.);
#14194 = PLANE('',#14195);
#14195 = AXIS2_PLACEMENT_3D('',#14196,#14197,#14198);
#14196 = CARTESIAN_POINT('',(160.2,-6.010407640086,-6.010407640086));
#14197 = DIRECTION('',(-1.,-0.,-0.));
#14198 = DIRECTION('',(0.,0.,-1.));
#14199 = MANIFOLD_SOLID_BREP('',#14200);
#14200 = CLOSED_SHELL('',(#14201,#14241,#14272,#14303,#14356,#14409,
    #14440,#14465,#14490,#14527,#14558,#14589,#14620,#14673,#14695,
    #14712,#14729,#14749));
#14201 = ADVANCED_FACE('',(#14202),#14236,.T.);
#14202 = FACE_BOUND('',#14203,.T.);
#14203 = EDGE_LOOP('',(#14204,#14214,#14222,#14230));
#14204 = ORIENTED_EDGE('',*,*,#14205,.F.);
#14205 = EDGE_CURVE('',#14206,#14208,#14210,.T.);
#14206 = VERTEX_POINT('',#14207);
#14207 = CARTESIAN_POINT('',(175.,-10.,-20.2));
#14208 = VERTEX_POINT('',#14209);
#14209 = CARTESIAN_POINT('',(175.,-10.,7.5));
#14210 = LINE('',#14211,#14212);
#14211 = CARTESIAN_POINT('',(175.,-10.,-20.2));
#14212 = VECTOR('',#14213,1.);
#14213 = DIRECTION('',(0.,0.,1.));
#14214 = ORIENTED_EDGE('',*,*,#14215,.F.);
#14215 = EDGE_CURVE('',#14216,#14206,#14218,.T.);
#14216 = VERTEX_POINT('',#14217);
#14217 = CARTESIAN_POINT('',(195.,-10.,-20.2));
#14218 = LINE('',#14219,#14220);
#14219 = CARTESIAN_POINT('',(195.,-10.,-20.2));
#14220 = VECTOR('',#14221,1.);
#14221 = DIRECTION('',(-1.,1.224646799147E-16,0.));
#14222 = ORIENTED_EDGE('',*,*,#14223,.T.);
#14223 = EDGE_CURVE('',#14216,#14224,#14226,.T.);
#14224 = VERTEX_POINT('',#14225);
#14225 = CARTESIAN_POINT('',(195.,-10.,7.5));
#14226 = LINE('',#14227,#14228);
#14227 = CARTESIAN_POINT('',(195.,-10.,-20.2));
#14228 = VECTOR('',#14229,1.);
#14229 = DIRECTION('',(0.,0.,1.));
#14230 = ORIENTED_EDGE('',*,*,#14231,.T.);
#14231 = EDGE_CURVE('',#14224,#14208,#14232,.T.);
#14232 = LINE('',#14233,#14234);
#14233 = CARTESIAN_POINT('',(195.,-10.,7.5));
#14234 = VECTOR('',#14235,1.);
#14235 = DIRECTION('',(-1.,1.224646799147E-16,0.));
#14236 = PLANE('',#14237);
#14237 = AXIS2_PLACEMENT_3D('',#14238,#14239,#14240);
#14238 = CARTESIAN_POINT('',(195.,-10.,-20.2));
#14239 = DIRECTION('',(-1.224646799147E-16,-1.,0.));
#14240 = DIRECTION('',(0.,0.,1.));
#14241 = ADVANCED_FACE('',(#14242),#14267,.F.);
#14242 = FACE_BOUND('',#14243,.F.);
#14243 = EDGE_LOOP('',(#14244,#14252,#14260,#14266));
#14244 = ORIENTED_EDGE('',*,*,#14245,.F.);
#14245 = EDGE_CURVE('',#14246,#14216,#14248,.T.);
#14246 = VERTEX_POINT('',#14247);
#14247 = CARTESIAN_POINT('',(195.,30.,-20.2));
#14248 = LINE('',#14249,#14250);
#14249 = CARTESIAN_POINT('',(195.,30.,-20.2));
#14250 = VECTOR('',#14251,1.);
#14251 = DIRECTION('',(-1.224646799147E-16,-1.,0.));
#14252 = ORIENTED_EDGE('',*,*,#14253,.T.);
#14253 = EDGE_CURVE('',#14246,#14254,#14256,.T.);
#14254 = VERTEX_POINT('',#14255);
#14255 = CARTESIAN_POINT('',(175.,30.,-20.2));
#14256 = LINE('',#14257,#14258);
#14257 = CARTESIAN_POINT('',(195.,30.,-20.2));
#14258 = VECTOR('',#14259,1.);
#14259 = DIRECTION('',(-1.,1.224646799147E-16,0.));
#14260 = ORIENTED_EDGE('',*,*,#14261,.T.);
#14261 = EDGE_CURVE('',#14254,#14206,#14262,.T.);
#14262 = LINE('',#14263,#14264);
#14263 = CARTESIAN_POINT('',(175.,30.,-20.2));
#14264 = VECTOR('',#14265,1.);
#14265 = DIRECTION('',(-1.224646799147E-16,-1.,0.));
#14266 = ORIENTED_EDGE('',*,*,#14215,.F.);
#14267 = PLANE('',#14268);
#14268 = AXIS2_PLACEMENT_3D('',#14269,#14270,#14271);
#14269 = CARTESIAN_POINT('',(195.,30.,-20.2));
#14270 = DIRECTION('',(0.,0.,1.));
#14271 = DIRECTION('',(-1.,1.224646799147E-16,0.));
#14272 = ADVANCED_FACE('',(#14273),#14298,.F.);
#14273 = FACE_BOUND('',#14274,.F.);
#14274 = EDGE_LOOP('',(#14275,#14283,#14284,#14292));
#14275 = ORIENTED_EDGE('',*,*,#14276,.F.);
#14276 = EDGE_CURVE('',#14254,#14277,#14279,.T.);
#14277 = VERTEX_POINT('',#14278);
#14278 = CARTESIAN_POINT('',(175.,30.,7.5));
#14279 = LINE('',#14280,#14281);
#14280 = CARTESIAN_POINT('',(175.,30.,-20.2));
#14281 = VECTOR('',#14282,1.);
#14282 = DIRECTION('',(0.,0.,1.));
#14283 = ORIENTED_EDGE('',*,*,#14253,.F.);
#14284 = ORIENTED_EDGE('',*,*,#14285,.T.);
#14285 = EDGE_CURVE('',#14246,#14286,#14288,.T.);
#14286 = VERTEX_POINT('',#14287);
#14287 = CARTESIAN_POINT('',(195.,30.,7.5));
#14288 = LINE('',#14289,#14290);
#14289 = CARTESIAN_POINT('',(195.,30.,-20.2));
#14290 = VECTOR('',#14291,1.);
#14291 = DIRECTION('',(0.,0.,1.));
#14292 = ORIENTED_EDGE('',*,*,#14293,.T.);
#14293 = EDGE_CURVE('',#14286,#14277,#14294,.T.);
#14294 = LINE('',#14295,#14296);
#14295 = CARTESIAN_POINT('',(195.,30.,7.5));
#14296 = VECTOR('',#14297,1.);
#14297 = DIRECTION('',(-1.,1.224646799147E-16,0.));
#14298 = PLANE('',#14299);
#14299 = AXIS2_PLACEMENT_3D('',#14300,#14301,#14302);
#14300 = CARTESIAN_POINT('',(195.,30.,-20.2));
#14301 = DIRECTION('',(-1.224646799147E-16,-1.,0.));
#14302 = DIRECTION('',(0.,0.,1.));
#14303 = ADVANCED_FACE('',(#14304,#14329,#14340),#14351,.F.);
#14304 = FACE_BOUND('',#14305,.F.);
#14305 = EDGE_LOOP('',(#14306,#14314,#14322,#14328));
#14306 = ORIENTED_EDGE('',*,*,#14307,.F.);
#14307 = EDGE_CURVE('',#14308,#14286,#14310,.T.);
#14308 = VERTEX_POINT('',#14309);
#14309 = CARTESIAN_POINT('',(195.,37.25,7.5));
#14310 = LINE('',#14311,#14312);
#14311 = CARTESIAN_POINT('',(195.,37.25,7.5));
#14312 = VECTOR('',#14313,1.);
#14313 = DIRECTION('',(-1.224646799147E-16,-1.,0.));
#14314 = ORIENTED_EDGE('',*,*,#14315,.T.);
#14315 = EDGE_CURVE('',#14308,#14316,#14318,.T.);
#14316 = VERTEX_POINT('',#14317);
#14317 = CARTESIAN_POINT('',(175.,37.25,7.5));
#14318 = LINE('',#14319,#14320);
#14319 = CARTESIAN_POINT('',(195.,37.25,7.5));
#14320 = VECTOR('',#14321,1.);
#14321 = DIRECTION('',(-1.,1.224646799147E-16,0.));
#14322 = ORIENTED_EDGE('',*,*,#14323,.T.);
#14323 = EDGE_CURVE('',#14316,#14277,#14324,.T.);
#14324 = LINE('',#14325,#14326);
#14325 = CARTESIAN_POINT('',(175.,37.25,7.5));
#14326 = VECTOR('',#14327,1.);
#14327 = DIRECTION('',(-1.224646799147E-16,-1.,0.));
#14328 = ORIENTED_EDGE('',*,*,#14293,.F.);
#14329 = FACE_BOUND('',#14330,.F.);
#14330 = EDGE_LOOP('',(#14331));
#14331 = ORIENTED_EDGE('',*,*,#14332,.F.);
#14332 = EDGE_CURVE('',#14333,#14333,#14335,.T.);
#14333 = VERTEX_POINT('',#14334);
#14334 = CARTESIAN_POINT('',(187.7,34.75,7.5));
#14335 = CIRCLE('',#14336,2.3);
#14336 = AXIS2_PLACEMENT_3D('',#14337,#14338,#14339);
#14337 = CARTESIAN_POINT('',(190.,34.75,7.5));
#14338 = DIRECTION('',(0.,0.,1.));
#14339 = DIRECTION('',(-1.,1.224646799147E-16,0.));
#14340 = FACE_BOUND('',#14341,.F.);
#14341 = EDGE_LOOP('',(#14342));
#14342 = ORIENTED_EDGE('',*,*,#14343,.F.);
#14343 = EDGE_CURVE('',#14344,#14344,#14346,.T.);
#14344 = VERTEX_POINT('',#14345);
#14345 = CARTESIAN_POINT('',(177.7,34.75,7.5));
#14346 = CIRCLE('',#14347,2.3);
#14347 = AXIS2_PLACEMENT_3D('',#14348,#14349,#14350);
#14348 = CARTESIAN_POINT('',(180.,34.75,7.5));
#14349 = DIRECTION('',(0.,0.,1.));
#14350 = DIRECTION('',(-1.,1.224646799147E-16,0.));
#14351 = PLANE('',#14352);
#14352 = AXIS2_PLACEMENT_3D('',#14353,#14354,#14355);
#14353 = CARTESIAN_POINT('',(195.,37.25,7.5));
#14354 = DIRECTION('',(0.,0.,1.));
#14355 = DIRECTION('',(-1.,1.224646799147E-16,0.));
#14356 = ADVANCED_FACE('',(#14357,#14382,#14393),#14404,.F.);
#14357 = FACE_BOUND('',#14358,.F.);
#14358 = EDGE_LOOP('',(#14359,#14367,#14368,#14376));
#14359 = ORIENTED_EDGE('',*,*,#14360,.F.);
#14360 = EDGE_CURVE('',#14224,#14361,#14363,.T.);
#14361 = VERTEX_POINT('',#14362);
#14362 = CARTESIAN_POINT('',(195.,-17.25,7.5));
#14363 = LINE('',#14364,#14365);
#14364 = CARTESIAN_POINT('',(195.,37.25,7.5));
#14365 = VECTOR('',#14366,1.);
#14366 = DIRECTION('',(-1.224646799147E-16,-1.,0.));
#14367 = ORIENTED_EDGE('',*,*,#14231,.T.);
#14368 = ORIENTED_EDGE('',*,*,#14369,.T.);
#14369 = EDGE_CURVE('',#14208,#14370,#14372,.T.);
#14370 = VERTEX_POINT('',#14371);
#14371 = CARTESIAN_POINT('',(175.,-17.25,7.5));
#14372 = LINE('',#14373,#14374);
#14373 = CARTESIAN_POINT('',(175.,37.25,7.5));
#14374 = VECTOR('',#14375,1.);
#14375 = DIRECTION('',(-1.224646799147E-16,-1.,0.));
#14376 = ORIENTED_EDGE('',*,*,#14377,.F.);
#14377 = EDGE_CURVE('',#14361,#14370,#14378,.T.);
#14378 = LINE('',#14379,#14380);
#14379 = CARTESIAN_POINT('',(195.,-17.25,7.5));
#14380 = VECTOR('',#14381,1.);
#14381 = DIRECTION('',(-1.,1.224646799147E-16,0.));
#14382 = FACE_BOUND('',#14383,.F.);
#14383 = EDGE_LOOP('',(#14384));
#14384 = ORIENTED_EDGE('',*,*,#14385,.F.);
#14385 = EDGE_CURVE('',#14386,#14386,#14388,.T.);
#14386 = VERTEX_POINT('',#14387);
#14387 = CARTESIAN_POINT('',(187.7,-14.75,7.5));
#14388 = CIRCLE('',#14389,2.3);
#14389 = AXIS2_PLACEMENT_3D('',#14390,#14391,#14392);
#14390 = CARTESIAN_POINT('',(190.,-14.75,7.5));
#14391 = DIRECTION('',(0.,0.,1.));
#14392 = DIRECTION('',(-1.,1.224646799147E-16,0.));
#14393 = FACE_BOUND('',#14394,.F.);
#14394 = EDGE_LOOP('',(#14395));
#14395 = ORIENTED_EDGE('',*,*,#14396,.F.);
#14396 = EDGE_CURVE('',#14397,#14397,#14399,.T.);
#14397 = VERTEX_POINT('',#14398);
#14398 = CARTESIAN_POINT('',(177.7,-14.75,7.5));
#14399 = CIRCLE('',#14400,2.3);
#14400 = AXIS2_PLACEMENT_3D('',#14401,#14402,#14403);
#14401 = CARTESIAN_POINT('',(180.,-14.75,7.5));
#14402 = DIRECTION('',(0.,0.,1.));
#14403 = DIRECTION('',(-1.,1.224646799147E-16,0.));
#14404 = PLANE('',#14405);
#14405 = AXIS2_PLACEMENT_3D('',#14406,#14407,#14408);
#14406 = CARTESIAN_POINT('',(195.,37.25,7.5));
#14407 = DIRECTION('',(0.,0.,1.));
#14408 = DIRECTION('',(-1.,1.224646799147E-16,0.));
#14409 = ADVANCED_FACE('',(#14410),#14435,.F.);
#14410 = FACE_BOUND('',#14411,.F.);
#14411 = EDGE_LOOP('',(#14412,#14413,#14421,#14429));
#14412 = ORIENTED_EDGE('',*,*,#14315,.F.);
#14413 = ORIENTED_EDGE('',*,*,#14414,.T.);
#14414 = EDGE_CURVE('',#14308,#14415,#14417,.T.);
#14415 = VERTEX_POINT('',#14416);
#14416 = CARTESIAN_POINT('',(195.,37.25,10.));
#14417 = LINE('',#14418,#14419);
#14418 = CARTESIAN_POINT('',(195.,37.25,7.5));
#14419 = VECTOR('',#14420,1.);
#14420 = DIRECTION('',(0.,0.,1.));
#14421 = ORIENTED_EDGE('',*,*,#14422,.T.);
#14422 = EDGE_CURVE('',#14415,#14423,#14425,.T.);
#14423 = VERTEX_POINT('',#14424);
#14424 = CARTESIAN_POINT('',(175.,37.25,10.));
#14425 = LINE('',#14426,#14427);
#14426 = CARTESIAN_POINT('',(195.,37.25,10.));
#14427 = VECTOR('',#14428,1.);
#14428 = DIRECTION('',(-1.,1.224646799147E-16,0.));
#14429 = ORIENTED_EDGE('',*,*,#14430,.F.);
#14430 = EDGE_CURVE('',#14316,#14423,#14431,.T.);
#14431 = LINE('',#14432,#14433);
#14432 = CARTESIAN_POINT('',(175.,37.25,7.5));
#14433 = VECTOR('',#14434,1.);
#14434 = DIRECTION('',(0.,0.,1.));
#14435 = PLANE('',#14436);
#14436 = AXIS2_PLACEMENT_3D('',#14437,#14438,#14439);
#14437 = CARTESIAN_POINT('',(195.,37.25,7.5));
#14438 = DIRECTION('',(-1.224646799147E-16,-1.,0.));
#14439 = DIRECTION('',(0.,0.,1.));
#14440 = ADVANCED_FACE('',(#14441),#14460,.F.);
#14441 = FACE_BOUND('',#14442,.F.);
#14442 = EDGE_LOOP('',(#14443,#14452,#14458,#14459));
#14443 = ORIENTED_EDGE('',*,*,#14444,.F.);
#14444 = EDGE_CURVE('',#14445,#14445,#14447,.T.);
#14445 = VERTEX_POINT('',#14446);
#14446 = CARTESIAN_POINT('',(187.7,34.75,10.));
#14447 = CIRCLE('',#14448,2.3);
#14448 = AXIS2_PLACEMENT_3D('',#14449,#14450,#14451);
#14449 = CARTESIAN_POINT('',(190.,34.75,10.));
#14450 = DIRECTION('',(0.,0.,1.));
#14451 = DIRECTION('',(-1.,1.224646799147E-16,0.));
#14452 = ORIENTED_EDGE('',*,*,#14453,.F.);
#14453 = EDGE_CURVE('',#14333,#14445,#14454,.T.);
#14454 = LINE('',#14455,#14456);
#14455 = CARTESIAN_POINT('',(187.7,34.75,6.5));
#14456 = VECTOR('',#14457,1.);
#14457 = DIRECTION('',(0.,0.,1.));
#14458 = ORIENTED_EDGE('',*,*,#14332,.T.);
#14459 = ORIENTED_EDGE('',*,*,#14453,.T.);
#14460 = CYLINDRICAL_SURFACE('',#14461,2.3);
#14461 = AXIS2_PLACEMENT_3D('',#14462,#14463,#14464);
#14462 = CARTESIAN_POINT('',(190.,34.75,6.5));
#14463 = DIRECTION('',(0.,0.,1.));
#14464 = DIRECTION('',(-1.,1.224646799147E-16,0.));
#14465 = ADVANCED_FACE('',(#14466),#14485,.F.);
#14466 = FACE_BOUND('',#14467,.F.);
#14467 = EDGE_LOOP('',(#14468,#14477,#14483,#14484));
#14468 = ORIENTED_EDGE('',*,*,#14469,.F.);
#14469 = EDGE_CURVE('',#14470,#14470,#14472,.T.);
#14470 = VERTEX_POINT('',#14471);
#14471 = CARTESIAN_POINT('',(177.7,34.75,10.));
#14472 = CIRCLE('',#14473,2.3);
#14473 = AXIS2_PLACEMENT_3D('',#14474,#14475,#14476);
#14474 = CARTESIAN_POINT('',(180.,34.75,10.));
#14475 = DIRECTION('',(0.,0.,1.));
#14476 = DIRECTION('',(-1.,1.224646799147E-16,0.));
#14477 = ORIENTED_EDGE('',*,*,#14478,.F.);
#14478 = EDGE_CURVE('',#14344,#14470,#14479,.T.);
#14479 = LINE('',#14480,#14481);
#14480 = CARTESIAN_POINT('',(177.7,34.75,6.5));
#14481 = VECTOR('',#14482,1.);
#14482 = DIRECTION('',(0.,0.,1.));
#14483 = ORIENTED_EDGE('',*,*,#14343,.T.);
#14484 = ORIENTED_EDGE('',*,*,#14478,.T.);
#14485 = CYLINDRICAL_SURFACE('',#14486,2.3);
#14486 = AXIS2_PLACEMENT_3D('',#14487,#14488,#14489);
#14487 = CARTESIAN_POINT('',(180.,34.75,6.5));
#14488 = DIRECTION('',(0.,0.,1.));
#14489 = DIRECTION('',(-1.,1.224646799147E-16,0.));
#14490 = ADVANCED_FACE('',(#14491,#14516,#14519),#14522,.T.);
#14491 = FACE_BOUND('',#14492,.T.);
#14492 = EDGE_LOOP('',(#14493,#14501,#14502,#14510));
#14493 = ORIENTED_EDGE('',*,*,#14494,.F.);
#14494 = EDGE_CURVE('',#14415,#14495,#14497,.T.);
#14495 = VERTEX_POINT('',#14496);
#14496 = CARTESIAN_POINT('',(195.,30.,10.));
#14497 = LINE('',#14498,#14499);
#14498 = CARTESIAN_POINT('',(195.,37.25,10.));
#14499 = VECTOR('',#14500,1.);
#14500 = DIRECTION('',(-1.224646799147E-16,-1.,0.));
#14501 = ORIENTED_EDGE('',*,*,#14422,.T.);
#14502 = ORIENTED_EDGE('',*,*,#14503,.T.);
#14503 = EDGE_CURVE('',#14423,#14504,#14506,.T.);
#14504 = VERTEX_POINT('',#14505);
#14505 = CARTESIAN_POINT('',(175.,30.,10.));
#14506 = LINE('',#14507,#14508);
#14507 = CARTESIAN_POINT('',(175.,37.25,10.));
#14508 = VECTOR('',#14509,1.);
#14509 = DIRECTION('',(-1.224646799147E-16,-1.,0.));
#14510 = ORIENTED_EDGE('',*,*,#14511,.F.);
#14511 = EDGE_CURVE('',#14495,#14504,#14512,.T.);
#14512 = LINE('',#14513,#14514);
#14513 = CARTESIAN_POINT('',(195.,30.,10.));
#14514 = VECTOR('',#14515,1.);
#14515 = DIRECTION('',(-1.,1.224646799147E-16,0.));
#14516 = FACE_BOUND('',#14517,.T.);
#14517 = EDGE_LOOP('',(#14518));
#14518 = ORIENTED_EDGE('',*,*,#14444,.F.);
#14519 = FACE_BOUND('',#14520,.T.);
#14520 = EDGE_LOOP('',(#14521));
#14521 = ORIENTED_EDGE('',*,*,#14469,.F.);
#14522 = PLANE('',#14523);
#14523 = AXIS2_PLACEMENT_3D('',#14524,#14525,#14526);
#14524 = CARTESIAN_POINT('',(195.,37.25,10.));
#14525 = DIRECTION('',(0.,0.,1.));
#14526 = DIRECTION('',(-1.,1.224646799147E-16,0.));
#14527 = ADVANCED_FACE('',(#14528),#14553,.F.);
#14528 = FACE_BOUND('',#14529,.F.);
#14529 = EDGE_LOOP('',(#14530,#14538,#14539,#14547));
#14530 = ORIENTED_EDGE('',*,*,#14531,.F.);
#14531 = EDGE_CURVE('',#14504,#14532,#14534,.T.);
#14532 = VERTEX_POINT('',#14533);
#14533 = CARTESIAN_POINT('',(175.,30.,20.2));
#14534 = LINE('',#14535,#14536);
#14535 = CARTESIAN_POINT('',(175.,30.,-20.2));
#14536 = VECTOR('',#14537,1.);
#14537 = DIRECTION('',(0.,0.,1.));
#14538 = ORIENTED_EDGE('',*,*,#14511,.F.);
#14539 = ORIENTED_EDGE('',*,*,#14540,.T.);
#14540 = EDGE_CURVE('',#14495,#14541,#14543,.T.);
#14541 = VERTEX_POINT('',#14542);
#14542 = CARTESIAN_POINT('',(195.,30.,20.2));
#14543 = LINE('',#14544,#14545);
#14544 = CARTESIAN_POINT('',(195.,30.,-20.2));
#14545 = VECTOR('',#14546,1.);
#14546 = DIRECTION('',(0.,0.,1.));
#14547 = ORIENTED_EDGE('',*,*,#14548,.T.);
#14548 = EDGE_CURVE('',#14541,#14532,#14549,.T.);
#14549 = LINE('',#14550,#14551);
#14550 = CARTESIAN_POINT('',(195.,30.,20.2));
#14551 = VECTOR('',#14552,1.);
#14552 = DIRECTION('',(-1.,1.224646799147E-16,0.));
#14553 = PLANE('',#14554);
#14554 = AXIS2_PLACEMENT_3D('',#14555,#14556,#14557);
#14555 = CARTESIAN_POINT('',(195.,30.,-20.2));
#14556 = DIRECTION('',(-1.224646799147E-16,-1.,0.));
#14557 = DIRECTION('',(0.,0.,1.));
#14558 = ADVANCED_FACE('',(#14559),#14584,.T.);
#14559 = FACE_BOUND('',#14560,.T.);
#14560 = EDGE_LOOP('',(#14561,#14569,#14570,#14578));
#14561 = ORIENTED_EDGE('',*,*,#14562,.F.);
#14562 = EDGE_CURVE('',#14541,#14563,#14565,.T.);
#14563 = VERTEX_POINT('',#14564);
#14564 = CARTESIAN_POINT('',(195.,-10.,20.2));
#14565 = LINE('',#14566,#14567);
#14566 = CARTESIAN_POINT('',(195.,30.,20.2));
#14567 = VECTOR('',#14568,1.);
#14568 = DIRECTION('',(-1.224646799147E-16,-1.,0.));
#14569 = ORIENTED_EDGE('',*,*,#14548,.T.);
#14570 = ORIENTED_EDGE('',*,*,#14571,.T.);
#14571 = EDGE_CURVE('',#14532,#14572,#14574,.T.);
#14572 = VERTEX_POINT('',#14573);
#14573 = CARTESIAN_POINT('',(175.,-10.,20.2));
#14574 = LINE('',#14575,#14576);
#14575 = CARTESIAN_POINT('',(175.,30.,20.2));
#14576 = VECTOR('',#14577,1.);
#14577 = DIRECTION('',(-1.224646799147E-16,-1.,0.));
#14578 = ORIENTED_EDGE('',*,*,#14579,.F.);
#14579 = EDGE_CURVE('',#14563,#14572,#14580,.T.);
#14580 = LINE('',#14581,#14582);
#14581 = CARTESIAN_POINT('',(195.,-10.,20.2));
#14582 = VECTOR('',#14583,1.);
#14583 = DIRECTION('',(-1.,1.224646799147E-16,0.));
#14584 = PLANE('',#14585);
#14585 = AXIS2_PLACEMENT_3D('',#14586,#14587,#14588);
#14586 = CARTESIAN_POINT('',(195.,30.,20.2));
#14587 = DIRECTION('',(0.,0.,1.));
#14588 = DIRECTION('',(-1.,1.224646799147E-16,0.));
#14589 = ADVANCED_FACE('',(#14590),#14615,.T.);
#14590 = FACE_BOUND('',#14591,.T.);
#14591 = EDGE_LOOP('',(#14592,#14600,#14608,#14614));
#14592 = ORIENTED_EDGE('',*,*,#14593,.F.);
#14593 = EDGE_CURVE('',#14594,#14572,#14596,.T.);
#14594 = VERTEX_POINT('',#14595);
#14595 = CARTESIAN_POINT('',(175.,-10.,10.));
#14596 = LINE('',#14597,#14598);
#14597 = CARTESIAN_POINT('',(175.,-10.,-20.2));
#14598 = VECTOR('',#14599,1.);
#14599 = DIRECTION('',(0.,0.,1.));
#14600 = ORIENTED_EDGE('',*,*,#14601,.F.);
#14601 = EDGE_CURVE('',#14602,#14594,#14604,.T.);
#14602 = VERTEX_POINT('',#14603);
#14603 = CARTESIAN_POINT('',(195.,-10.,10.));
#14604 = LINE('',#14605,#14606);
#14605 = CARTESIAN_POINT('',(195.,-10.,10.));
#14606 = VECTOR('',#14607,1.);
#14607 = DIRECTION('',(-1.,1.224646799147E-16,0.));
#14608 = ORIENTED_EDGE('',*,*,#14609,.T.);
#14609 = EDGE_CURVE('',#14602,#14563,#14610,.T.);
#14610 = LINE('',#14611,#14612);
#14611 = CARTESIAN_POINT('',(195.,-10.,-20.2));
#14612 = VECTOR('',#14613,1.);
#14613 = DIRECTION('',(0.,0.,1.));
#14614 = ORIENTED_EDGE('',*,*,#14579,.T.);
#14615 = PLANE('',#14616);
#14616 = AXIS2_PLACEMENT_3D('',#14617,#14618,#14619);
#14617 = CARTESIAN_POINT('',(195.,-10.,-20.2));
#14618 = DIRECTION('',(-1.224646799147E-16,-1.,0.));
#14619 = DIRECTION('',(0.,0.,1.));
#14620 = ADVANCED_FACE('',(#14621,#14646,#14657),#14668,.T.);
#14621 = FACE_BOUND('',#14622,.T.);
#14622 = EDGE_LOOP('',(#14623,#14631,#14632,#14640));
#14623 = ORIENTED_EDGE('',*,*,#14624,.F.);
#14624 = EDGE_CURVE('',#14602,#14625,#14627,.T.);
#14625 = VERTEX_POINT('',#14626);
#14626 = CARTESIAN_POINT('',(195.,-17.25,10.));
#14627 = LINE('',#14628,#14629);
#14628 = CARTESIAN_POINT('',(195.,37.25,10.));
#14629 = VECTOR('',#14630,1.);
#14630 = DIRECTION('',(-1.224646799147E-16,-1.,0.));
#14631 = ORIENTED_EDGE('',*,*,#14601,.T.);
#14632 = ORIENTED_EDGE('',*,*,#14633,.T.);
#14633 = EDGE_CURVE('',#14594,#14634,#14636,.T.);
#14634 = VERTEX_POINT('',#14635);
#14635 = CARTESIAN_POINT('',(175.,-17.25,10.));
#14636 = LINE('',#14637,#14638);
#14637 = CARTESIAN_POINT('',(175.,37.25,10.));
#14638 = VECTOR('',#14639,1.);
#14639 = DIRECTION('',(-1.224646799147E-16,-1.,0.));
#14640 = ORIENTED_EDGE('',*,*,#14641,.F.);
#14641 = EDGE_CURVE('',#14625,#14634,#14642,.T.);
#14642 = LINE('',#14643,#14644);
#14643 = CARTESIAN_POINT('',(195.,-17.25,10.));
#14644 = VECTOR('',#14645,1.);
#14645 = DIRECTION('',(-1.,1.224646799147E-16,0.));
#14646 = FACE_BOUND('',#14647,.T.);
#14647 = EDGE_LOOP('',(#14648));
#14648 = ORIENTED_EDGE('',*,*,#14649,.F.);
#14649 = EDGE_CURVE('',#14650,#14650,#14652,.T.);
#14650 = VERTEX_POINT('',#14651);
#14651 = CARTESIAN_POINT('',(187.7,-14.75,10.));
#14652 = CIRCLE('',#14653,2.3);
#14653 = AXIS2_PLACEMENT_3D('',#14654,#14655,#14656);
#14654 = CARTESIAN_POINT('',(190.,-14.75,10.));
#14655 = DIRECTION('',(0.,0.,1.));
#14656 = DIRECTION('',(-1.,1.224646799147E-16,0.));
#14657 = FACE_BOUND('',#14658,.T.);
#14658 = EDGE_LOOP('',(#14659));
#14659 = ORIENTED_EDGE('',*,*,#14660,.F.);
#14660 = EDGE_CURVE('',#14661,#14661,#14663,.T.);
#14661 = VERTEX_POINT('',#14662);
#14662 = CARTESIAN_POINT('',(177.7,-14.75,10.));
#14663 = CIRCLE('',#14664,2.3);
#14664 = AXIS2_PLACEMENT_3D('',#14665,#14666,#14667);
#14665 = CARTESIAN_POINT('',(180.,-14.75,10.));
#14666 = DIRECTION('',(0.,0.,1.));
#14667 = DIRECTION('',(-1.,1.224646799147E-16,0.));
#14668 = PLANE('',#14669);
#14669 = AXIS2_PLACEMENT_3D('',#14670,#14671,#14672);
#14670 = CARTESIAN_POINT('',(195.,37.25,10.));
#14671 = DIRECTION('',(0.,0.,1.));
#14672 = DIRECTION('',(-1.,1.224646799147E-16,0.));
#14673 = ADVANCED_FACE('',(#14674),#14690,.T.);
#14674 = FACE_BOUND('',#14675,.T.);
#14675 = EDGE_LOOP('',(#14676,#14677,#14683,#14684));
#14676 = ORIENTED_EDGE('',*,*,#14377,.F.);
#14677 = ORIENTED_EDGE('',*,*,#14678,.T.);
#14678 = EDGE_CURVE('',#14361,#14625,#14679,.T.);
#14679 = LINE('',#14680,#14681);
#14680 = CARTESIAN_POINT('',(195.,-17.25,7.5));
#14681 = VECTOR('',#14682,1.);
#14682 = DIRECTION('',(0.,0.,1.));
#14683 = ORIENTED_EDGE('',*,*,#14641,.T.);
#14684 = ORIENTED_EDGE('',*,*,#14685,.F.);
#14685 = EDGE_CURVE('',#14370,#14634,#14686,.T.);
#14686 = LINE('',#14687,#14688);
#14687 = CARTESIAN_POINT('',(175.,-17.25,7.5));
#14688 = VECTOR('',#14689,1.);
#14689 = DIRECTION('',(0.,0.,1.));
#14690 = PLANE('',#14691);
#14691 = AXIS2_PLACEMENT_3D('',#14692,#14693,#14694);
#14692 = CARTESIAN_POINT('',(195.,-17.25,7.5));
#14693 = DIRECTION('',(-1.224646799147E-16,-1.,0.));
#14694 = DIRECTION('',(0.,0.,1.));
#14695 = ADVANCED_FACE('',(#14696),#14707,.F.);
#14696 = FACE_BOUND('',#14697,.F.);
#14697 = EDGE_LOOP('',(#14698,#14699,#14705,#14706));
#14698 = ORIENTED_EDGE('',*,*,#14649,.F.);
#14699 = ORIENTED_EDGE('',*,*,#14700,.F.);
#14700 = EDGE_CURVE('',#14386,#14650,#14701,.T.);
#14701 = LINE('',#14702,#14703);
#14702 = CARTESIAN_POINT('',(187.7,-14.75,6.5));
#14703 = VECTOR('',#14704,1.);
#14704 = DIRECTION('',(0.,0.,1.));
#14705 = ORIENTED_EDGE('',*,*,#14385,.T.);
#14706 = ORIENTED_EDGE('',*,*,#14700,.T.);
#14707 = CYLINDRICAL_SURFACE('',#14708,2.3);
#14708 = AXIS2_PLACEMENT_3D('',#14709,#14710,#14711);
#14709 = CARTESIAN_POINT('',(190.,-14.75,6.5));
#14710 = DIRECTION('',(0.,0.,1.));
#14711 = DIRECTION('',(-1.,1.224646799147E-16,0.));
#14712 = ADVANCED_FACE('',(#14713),#14724,.F.);
#14713 = FACE_BOUND('',#14714,.F.);
#14714 = EDGE_LOOP('',(#14715,#14716,#14722,#14723));
#14715 = ORIENTED_EDGE('',*,*,#14660,.F.);
#14716 = ORIENTED_EDGE('',*,*,#14717,.F.);
#14717 = EDGE_CURVE('',#14397,#14661,#14718,.T.);
#14718 = LINE('',#14719,#14720);
#14719 = CARTESIAN_POINT('',(177.7,-14.75,6.5));
#14720 = VECTOR('',#14721,1.);
#14721 = DIRECTION('',(0.,0.,1.));
#14722 = ORIENTED_EDGE('',*,*,#14396,.T.);
#14723 = ORIENTED_EDGE('',*,*,#14717,.T.);
#14724 = CYLINDRICAL_SURFACE('',#14725,2.3);
#14725 = AXIS2_PLACEMENT_3D('',#14726,#14727,#14728);
#14726 = CARTESIAN_POINT('',(180.,-14.75,6.5));
#14727 = DIRECTION('',(0.,0.,1.));
#14728 = DIRECTION('',(-1.,1.224646799147E-16,0.));
#14729 = ADVANCED_FACE('',(#14730),#14744,.T.);
#14730 = FACE_BOUND('',#14731,.T.);
#14731 = EDGE_LOOP('',(#14732,#14733,#14734,#14735,#14736,#14737,#14738,
    #14739,#14740,#14741,#14742,#14743));
#14732 = ORIENTED_EDGE('',*,*,#14285,.T.);
#14733 = ORIENTED_EDGE('',*,*,#14307,.F.);
#14734 = ORIENTED_EDGE('',*,*,#14414,.T.);
#14735 = ORIENTED_EDGE('',*,*,#14494,.T.);
#14736 = ORIENTED_EDGE('',*,*,#14540,.T.);
#14737 = ORIENTED_EDGE('',*,*,#14562,.T.);
#14738 = ORIENTED_EDGE('',*,*,#14609,.F.);
#14739 = ORIENTED_EDGE('',*,*,#14624,.T.);
#14740 = ORIENTED_EDGE('',*,*,#14678,.F.);
#14741 = ORIENTED_EDGE('',*,*,#14360,.F.);
#14742 = ORIENTED_EDGE('',*,*,#14223,.F.);
#14743 = ORIENTED_EDGE('',*,*,#14245,.F.);
#14744 = PLANE('',#14745);
#14745 = AXIS2_PLACEMENT_3D('',#14746,#14747,#14748);
#14746 = CARTESIAN_POINT('',(195.,10.,1.336933614331));
#14747 = DIRECTION('',(1.,-1.224646799147E-16,-0.));
#14748 = DIRECTION('',(-0.,0.,-1.));
#14749 = ADVANCED_FACE('',(#14750),#14764,.T.);
#14750 = FACE_BOUND('',#14751,.T.);
#14751 = EDGE_LOOP('',(#14752,#14753,#14754,#14755,#14756,#14757,#14758,
    #14759,#14760,#14761,#14762,#14763));
#14752 = ORIENTED_EDGE('',*,*,#14276,.F.);
#14753 = ORIENTED_EDGE('',*,*,#14261,.T.);
#14754 = ORIENTED_EDGE('',*,*,#14205,.T.);
#14755 = ORIENTED_EDGE('',*,*,#14369,.T.);
#14756 = ORIENTED_EDGE('',*,*,#14685,.T.);
#14757 = ORIENTED_EDGE('',*,*,#14633,.F.);
#14758 = ORIENTED_EDGE('',*,*,#14593,.T.);
#14759 = ORIENTED_EDGE('',*,*,#14571,.F.);
#14760 = ORIENTED_EDGE('',*,*,#14531,.F.);
#14761 = ORIENTED_EDGE('',*,*,#14503,.F.);
#14762 = ORIENTED_EDGE('',*,*,#14430,.F.);
#14763 = ORIENTED_EDGE('',*,*,#14323,.T.);
#14764 = PLANE('',#14765);
#14765 = AXIS2_PLACEMENT_3D('',#14766,#14767,#14768);
#14766 = CARTESIAN_POINT('',(175.,10.,1.336933614331));
#14767 = DIRECTION('',(-1.,1.224646799147E-16,0.));
#14768 = DIRECTION('',(0.,0.,1.));
#14769 = MANIFOLD_SOLID_BREP('',#14770);
#14770 = CLOSED_SHELL('',(#14771,#14804,#14824,#14844,#14869,#14894));
#14771 = ADVANCED_FACE('',(#14772),#14799,.T.);
#14772 = FACE_BOUND('',#14773,.T.);
#14773 = EDGE_LOOP('',(#14774,#14783,#14791,#14798));
#14774 = ORIENTED_EDGE('',*,*,#14775,.F.);
#14775 = EDGE_CURVE('',#14776,#14776,#14778,.T.);
#14776 = VERTEX_POINT('',#14777);
#14777 = CARTESIAN_POINT('',(178.5,2.388061258337E-15,22.2));
#14778 = CIRCLE('',#14779,6.5);
#14779 = AXIS2_PLACEMENT_3D('',#14780,#14781,#14782);
#14780 = CARTESIAN_POINT('',(185.,0.,22.2));
#14781 = DIRECTION('',(0.,0.,1.));
#14782 = DIRECTION('',(-1.,1.224646799147E-16,0.));
#14783 = ORIENTED_EDGE('',*,*,#14784,.F.);
#14784 = EDGE_CURVE('',#14785,#14776,#14787,.T.);
#14785 = VERTEX_POINT('',#14786);
#14786 = CARTESIAN_POINT('',(178.5,2.388061258337E-15,20.2));
#14787 = LINE('',#14788,#14789);
#14788 = CARTESIAN_POINT('',(178.5,2.388061258337E-15,20.2));
#14789 = VECTOR('',#14790,1.);
#14790 = DIRECTION('',(0.,0.,1.));
#14791 = ORIENTED_EDGE('',*,*,#14792,.T.);
#14792 = EDGE_CURVE('',#14785,#14785,#14793,.T.);
#14793 = CIRCLE('',#14794,6.5);
#14794 = AXIS2_PLACEMENT_3D('',#14795,#14796,#14797);
#14795 = CARTESIAN_POINT('',(185.,0.,20.2));
#14796 = DIRECTION('',(0.,0.,1.));
#14797 = DIRECTION('',(-1.,1.224646799147E-16,0.));
#14798 = ORIENTED_EDGE('',*,*,#14784,.T.);
#14799 = CYLINDRICAL_SURFACE('',#14800,6.5);
#14800 = AXIS2_PLACEMENT_3D('',#14801,#14802,#14803);
#14801 = CARTESIAN_POINT('',(185.,0.,20.2));
#14802 = DIRECTION('',(0.,0.,1.));
#14803 = DIRECTION('',(-1.,1.224646799147E-16,0.));
#14804 = ADVANCED_FACE('',(#14805,#14808),#14819,.T.);
#14805 = FACE_BOUND('',#14806,.T.);
#14806 = EDGE_LOOP('',(#14807));
#14807 = ORIENTED_EDGE('',*,*,#14775,.T.);
#14808 = FACE_BOUND('',#14809,.T.);
#14809 = EDGE_LOOP('',(#14810));
#14810 = ORIENTED_EDGE('',*,*,#14811,.F.);
#14811 = EDGE_CURVE('',#14812,#14812,#14814,.T.);
#14812 = VERTEX_POINT('',#14813);
#14813 = CARTESIAN_POINT('',(182.1,1.065442715258E-15,22.2));
#14814 = CIRCLE('',#14815,2.9);
#14815 = AXIS2_PLACEMENT_3D('',#14816,#14817,#14818);
#14816 = CARTESIAN_POINT('',(185.,0.,22.2));
#14817 = DIRECTION('',(0.,0.,1.));
#14818 = DIRECTION('',(-1.,1.224646799147E-16,0.));
#14819 = PLANE('',#14820);
#14820 = AXIS2_PLACEMENT_3D('',#14821,#14822,#14823);
#14821 = CARTESIAN_POINT('',(185.,0.,22.2));
#14822 = DIRECTION('',(0.,0.,1.));
#14823 = DIRECTION('',(-1.,1.224646799147E-16,0.));
#14824 = ADVANCED_FACE('',(#14825,#14828),#14839,.F.);
#14825 = FACE_BOUND('',#14826,.F.);
#14826 = EDGE_LOOP('',(#14827));
#14827 = ORIENTED_EDGE('',*,*,#14792,.T.);
#14828 = FACE_BOUND('',#14829,.F.);
#14829 = EDGE_LOOP('',(#14830));
#14830 = ORIENTED_EDGE('',*,*,#14831,.F.);
#14831 = EDGE_CURVE('',#14832,#14832,#14834,.T.);
#14832 = VERTEX_POINT('',#14833);
#14833 = CARTESIAN_POINT('',(183.5,5.510910596163E-16,20.2));
#14834 = CIRCLE('',#14835,1.5);
#14835 = AXIS2_PLACEMENT_3D('',#14836,#14837,#14838);
#14836 = CARTESIAN_POINT('',(185.,0.,20.2));
#14837 = DIRECTION('',(0.,0.,1.));
#14838 = DIRECTION('',(-1.,1.224646799147E-16,0.));
#14839 = PLANE('',#14840);
#14840 = AXIS2_PLACEMENT_3D('',#14841,#14842,#14843);
#14841 = CARTESIAN_POINT('',(185.,0.,20.2));
#14842 = DIRECTION('',(0.,0.,1.));
#14843 = DIRECTION('',(-1.,1.224646799147E-16,0.));
#14844 = ADVANCED_FACE('',(#14845),#14864,.T.);
#14845 = FACE_BOUND('',#14846,.T.);
#14846 = EDGE_LOOP('',(#14847,#14856,#14862,#14863));
#14847 = ORIENTED_EDGE('',*,*,#14848,.F.);
#14848 = EDGE_CURVE('',#14849,#14849,#14851,.T.);
#14849 = VERTEX_POINT('',#14850);
#14850 = CARTESIAN_POINT('',(182.1,1.065442715258E-15,25.5));
#14851 = CIRCLE('',#14852,2.9);
#14852 = AXIS2_PLACEMENT_3D('',#14853,#14854,#14855);
#14853 = CARTESIAN_POINT('',(185.,0.,25.5));
#14854 = DIRECTION('',(0.,0.,1.));
#14855 = DIRECTION('',(-1.,1.224646799147E-16,0.));
#14856 = ORIENTED_EDGE('',*,*,#14857,.F.);
#14857 = EDGE_CURVE('',#14812,#14849,#14858,.T.);
#14858 = LINE('',#14859,#14860);
#14859 = CARTESIAN_POINT('',(182.1,1.065442715258E-15,22.2));
#14860 = VECTOR('',#14861,1.);
#14861 = DIRECTION('',(0.,0.,1.));
#14862 = ORIENTED_EDGE('',*,*,#14811,.T.);
#14863 = ORIENTED_EDGE('',*,*,#14857,.T.);
#14864 = CYLINDRICAL_SURFACE('',#14865,2.9);
#14865 = AXIS2_PLACEMENT_3D('',#14866,#14867,#14868);
#14866 = CARTESIAN_POINT('',(185.,0.,22.2));
#14867 = DIRECTION('',(0.,0.,1.));
#14868 = DIRECTION('',(-1.,1.224646799147E-16,0.));
#14869 = ADVANCED_FACE('',(#14870),#14889,.F.);
#14870 = FACE_BOUND('',#14871,.F.);
#14871 = EDGE_LOOP('',(#14872,#14881,#14887,#14888));
#14872 = ORIENTED_EDGE('',*,*,#14873,.F.);
#14873 = EDGE_CURVE('',#14874,#14874,#14876,.T.);
#14874 = VERTEX_POINT('',#14875);
#14875 = CARTESIAN_POINT('',(183.5,5.510910596163E-16,25.5));
#14876 = CIRCLE('',#14877,1.5);
#14877 = AXIS2_PLACEMENT_3D('',#14878,#14879,#14880);
#14878 = CARTESIAN_POINT('',(185.,0.,25.5));
#14879 = DIRECTION('',(0.,0.,1.));
#14880 = DIRECTION('',(-1.,1.224646799147E-16,0.));
#14881 = ORIENTED_EDGE('',*,*,#14882,.F.);
#14882 = EDGE_CURVE('',#14832,#14874,#14883,.T.);
#14883 = LINE('',#14884,#14885);
#14884 = CARTESIAN_POINT('',(183.5,5.510910596163E-16,19.2));
#14885 = VECTOR('',#14886,1.);
#14886 = DIRECTION('',(0.,0.,1.));
#14887 = ORIENTED_EDGE('',*,*,#14831,.T.);
#14888 = ORIENTED_EDGE('',*,*,#14882,.T.);
#14889 = CYLINDRICAL_SURFACE('',#14890,1.5);
#14890 = AXIS2_PLACEMENT_3D('',#14891,#14892,#14893);
#14891 = CARTESIAN_POINT('',(185.,0.,19.2));
#14892 = DIRECTION('',(0.,0.,1.));
#14893 = DIRECTION('',(-1.,1.224646799147E-16,0.));
#14894 = ADVANCED_FACE('',(#14895,#14898),#14901,.T.);
#14895 = FACE_BOUND('',#14896,.T.);
#14896 = EDGE_LOOP('',(#14897));
#14897 = ORIENTED_EDGE('',*,*,#14848,.T.);
#14898 = FACE_BOUND('',#14899,.T.);
#14899 = EDGE_LOOP('',(#14900));
#14900 = ORIENTED_EDGE('',*,*,#14873,.F.);
#14901 = PLANE('',#14902);
#14902 = AXIS2_PLACEMENT_3D('',#14903,#14904,#14905);
#14903 = CARTESIAN_POINT('',(185.,0.,25.5));
#14904 = DIRECTION('',(0.,0.,1.));
#14905 = DIRECTION('',(-1.,1.224646799147E-16,0.));
#14906 = MANIFOLD_SOLID_BREP('',#14907);
#14907 = CLOSED_SHELL('',(#14908,#14941,#14961,#15020,#15045,#15076,
    #15100,#15124,#15148,#15172,#15189,#15198));
#14908 = ADVANCED_FACE('',(#14909),#14936,.T.);
#14909 = FACE_BOUND('',#14910,.T.);
#14910 = EDGE_LOOP('',(#14911,#14920,#14928,#14935));
#14911 = ORIENTED_EDGE('',*,*,#14912,.F.);
#14912 = EDGE_CURVE('',#14913,#14913,#14915,.T.);
#14913 = VERTEX_POINT('',#14914);
#14914 = CARTESIAN_POINT('',(176.5,-14.75,10.));
#14915 = CIRCLE('',#14916,3.5);
#14916 = AXIS2_PLACEMENT_3D('',#14917,#14918,#14919);
#14917 = CARTESIAN_POINT('',(180.,-14.75,10.));
#14918 = DIRECTION('',(0.,0.,-1.));
#14919 = DIRECTION('',(-1.,0.,-0.));
#14920 = ORIENTED_EDGE('',*,*,#14921,.F.);
#14921 = EDGE_CURVE('',#14922,#14913,#14924,.T.);
#14922 = VERTEX_POINT('',#14923);
#14923 = CARTESIAN_POINT('',(176.5,-14.75,14.));
#14924 = LINE('',#14925,#14926);
#14925 = CARTESIAN_POINT('',(176.5,-14.75,14.));
#14926 = VECTOR('',#14927,1.);
#14927 = DIRECTION('',(0.,0.,-1.));
#14928 = ORIENTED_EDGE('',*,*,#14929,.T.);
#14929 = EDGE_CURVE('',#14922,#14922,#14930,.T.);
#14930 = CIRCLE('',#14931,3.5);
#14931 = AXIS2_PLACEMENT_3D('',#14932,#14933,#14934);
#14932 = CARTESIAN_POINT('',(180.,-14.75,14.));
#14933 = DIRECTION('',(0.,0.,-1.));
#14934 = DIRECTION('',(-1.,0.,-0.));
#14935 = ORIENTED_EDGE('',*,*,#14921,.T.);
#14936 = CYLINDRICAL_SURFACE('',#14937,3.5);
#14937 = AXIS2_PLACEMENT_3D('',#14938,#14939,#14940);
#14938 = CARTESIAN_POINT('',(180.,-14.75,14.));
#14939 = DIRECTION('',(0.,0.,-1.));
#14940 = DIRECTION('',(-1.,0.,-0.));
#14941 = ADVANCED_FACE('',(#14942,#14945),#14956,.T.);
#14942 = FACE_BOUND('',#14943,.T.);
#14943 = EDGE_LOOP('',(#14944));
#14944 = ORIENTED_EDGE('',*,*,#14912,.T.);
#14945 = FACE_BOUND('',#14946,.T.);
#14946 = EDGE_LOOP('',(#14947));
#14947 = ORIENTED_EDGE('',*,*,#14948,.F.);
#14948 = EDGE_CURVE('',#14949,#14949,#14951,.T.);
#14949 = VERTEX_POINT('',#14950);
#14950 = CARTESIAN_POINT('',(178.,-14.75,10.));
#14951 = CIRCLE('',#14952,2.);
#14952 = AXIS2_PLACEMENT_3D('',#14953,#14954,#14955);
#14953 = CARTESIAN_POINT('',(180.,-14.75,10.));
#14954 = DIRECTION('',(0.,0.,-1.));
#14955 = DIRECTION('',(-1.,0.,-0.));
#14956 = PLANE('',#14957);
#14957 = AXIS2_PLACEMENT_3D('',#14958,#14959,#14960);
#14958 = CARTESIAN_POINT('',(180.,-14.75,10.));
#14959 = DIRECTION('',(0.,0.,-1.));
#14960 = DIRECTION('',(-1.,0.,-0.));
#14961 = ADVANCED_FACE('',(#14962,#14965),#15015,.F.);
#14962 = FACE_BOUND('',#14963,.F.);
#14963 = EDGE_LOOP('',(#14964));
#14964 = ORIENTED_EDGE('',*,*,#14929,.T.);
#14965 = FACE_BOUND('',#14966,.F.);
#14966 = EDGE_LOOP('',(#14967,#14977,#14985,#14993,#15001,#15009));
#14967 = ORIENTED_EDGE('',*,*,#14968,.T.);
#14968 = EDGE_CURVE('',#14969,#14971,#14973,.T.);
#14969 = VERTEX_POINT('',#14970);
#14970 = CARTESIAN_POINT('',(178.5,-15.61602540378,14.));
#14971 = VERTEX_POINT('',#14972);
#14972 = CARTESIAN_POINT('',(180.,-16.48205080756,14.));
#14973 = LINE('',#14974,#14975);
#14974 = CARTESIAN_POINT('',(179.625,-16.26554445662,14.));
#14975 = VECTOR('',#14976,1.);
#14976 = DIRECTION('',(0.866025403784,-0.5,0.));
#14977 = ORIENTED_EDGE('',*,*,#14978,.T.);
#14978 = EDGE_CURVE('',#14971,#14979,#14981,.T.);
#14979 = VERTEX_POINT('',#14980);
#14980 = CARTESIAN_POINT('',(181.5,-15.61602540378,14.));
#14981 = LINE('',#14982,#14983);
#14982 = CARTESIAN_POINT('',(181.125,-15.83253175473,14.));
#14983 = VECTOR('',#14984,1.);
#14984 = DIRECTION('',(0.866025403784,0.5,0.));
#14985 = ORIENTED_EDGE('',*,*,#14986,.T.);
#14986 = EDGE_CURVE('',#14979,#14987,#14989,.T.);
#14987 = VERTEX_POINT('',#14988);
#14988 = CARTESIAN_POINT('',(181.5,-13.88397459621,14.));
#14989 = LINE('',#14990,#14991);
#14990 = CARTESIAN_POINT('',(181.5,-14.3169872981,14.));
#14991 = VECTOR('',#14992,1.);
#14992 = DIRECTION('',(-0.,1.,0.));
#14993 = ORIENTED_EDGE('',*,*,#14994,.T.);
#14994 = EDGE_CURVE('',#14987,#14995,#14997,.T.);
#14995 = VERTEX_POINT('',#14996);
#14996 = CARTESIAN_POINT('',(180.,-13.01794919243,14.));
#14997 = LINE('',#14998,#14999);
#14998 = CARTESIAN_POINT('',(180.375,-13.23445554337,14.));
#14999 = VECTOR('',#15000,1.);
#15000 = DIRECTION('',(-0.866025403784,0.5,0.));
#15001 = ORIENTED_EDGE('',*,*,#15002,.T.);
#15002 = EDGE_CURVE('',#14995,#15003,#15005,.T.);
#15003 = VERTEX_POINT('',#15004);
#15004 = CARTESIAN_POINT('',(178.5,-13.88397459621,14.));
#15005 = LINE('',#15006,#15007);
#15006 = CARTESIAN_POINT('',(178.875,-13.66746824526,14.));
#15007 = VECTOR('',#15008,1.);
#15008 = DIRECTION('',(-0.866025403784,-0.5,-0.));
#15009 = ORIENTED_EDGE('',*,*,#15010,.T.);
#15010 = EDGE_CURVE('',#15003,#14969,#15011,.T.);
#15011 = LINE('',#15012,#15013);
#15012 = CARTESIAN_POINT('',(178.5,-15.18301270189,14.));
#15013 = VECTOR('',#15014,1.);
#15014 = DIRECTION('',(0.,-1.,-0.));
#15015 = PLANE('',#15016);
#15016 = AXIS2_PLACEMENT_3D('',#15017,#15018,#15019);
#15017 = CARTESIAN_POINT('',(180.,-14.75,14.));
#15018 = DIRECTION('',(0.,0.,-1.));
#15019 = DIRECTION('',(-1.,0.,-0.));
#15020 = ADVANCED_FACE('',(#15021),#15040,.T.);
#15021 = FACE_BOUND('',#15022,.T.);
#15022 = EDGE_LOOP('',(#15023,#15032,#15038,#15039));
#15023 = ORIENTED_EDGE('',*,*,#15024,.F.);
#15024 = EDGE_CURVE('',#15025,#15025,#15027,.T.);
#15025 = VERTEX_POINT('',#15026);
#15026 = CARTESIAN_POINT('',(178.,-14.75,-6.));
#15027 = CIRCLE('',#15028,2.);
#15028 = AXIS2_PLACEMENT_3D('',#15029,#15030,#15031);
#15029 = CARTESIAN_POINT('',(180.,-14.75,-6.));
#15030 = DIRECTION('',(0.,0.,-1.));
#15031 = DIRECTION('',(-1.,0.,-0.));
#15032 = ORIENTED_EDGE('',*,*,#15033,.F.);
#15033 = EDGE_CURVE('',#14949,#15025,#15034,.T.);
#15034 = LINE('',#15035,#15036);
#15035 = CARTESIAN_POINT('',(178.,-14.75,10.));
#15036 = VECTOR('',#15037,1.);
#15037 = DIRECTION('',(0.,0.,-1.));
#15038 = ORIENTED_EDGE('',*,*,#14948,.T.);
#15039 = ORIENTED_EDGE('',*,*,#15033,.T.);
#15040 = CYLINDRICAL_SURFACE('',#15041,2.);
#15041 = AXIS2_PLACEMENT_3D('',#15042,#15043,#15044);
#15042 = CARTESIAN_POINT('',(180.,-14.75,10.));
#15043 = DIRECTION('',(0.,0.,-1.));
#15044 = DIRECTION('',(-1.,0.,-0.));
#15045 = ADVANCED_FACE('',(#15046),#15071,.T.);
#15046 = FACE_BOUND('',#15047,.T.);
#15047 = EDGE_LOOP('',(#15048,#15049,#15057,#15065));
#15048 = ORIENTED_EDGE('',*,*,#14968,.T.);
#15049 = ORIENTED_EDGE('',*,*,#15050,.T.);
#15050 = EDGE_CURVE('',#14971,#15051,#15053,.T.);
#15051 = VERTEX_POINT('',#15052);
#15052 = CARTESIAN_POINT('',(180.,-16.48205080756,11.6));
#15053 = LINE('',#15054,#15055);
#15054 = CARTESIAN_POINT('',(180.,-16.48205080756,14.1));
#15055 = VECTOR('',#15056,1.);
#15056 = DIRECTION('',(0.,0.,-1.));
#15057 = ORIENTED_EDGE('',*,*,#15058,.T.);
#15058 = EDGE_CURVE('',#15051,#15059,#15061,.T.);
#15059 = VERTEX_POINT('',#15060);
#15060 = CARTESIAN_POINT('',(178.5,-15.61602540378,11.6));
#15061 = LINE('',#15062,#15063);
#15062 = CARTESIAN_POINT('',(180.,-16.48205080756,11.6));
#15063 = VECTOR('',#15064,1.);
#15064 = DIRECTION('',(-0.866025403784,0.5,0.));
#15065 = ORIENTED_EDGE('',*,*,#15066,.F.);
#15066 = EDGE_CURVE('',#14969,#15059,#15067,.T.);
#15067 = LINE('',#15068,#15069);
#15068 = CARTESIAN_POINT('',(178.5,-15.61602540378,14.1));
#15069 = VECTOR('',#15070,1.);
#15070 = DIRECTION('',(0.,0.,-1.));
#15071 = PLANE('',#15072);
#15072 = AXIS2_PLACEMENT_3D('',#15073,#15074,#15075);
#15073 = CARTESIAN_POINT('',(180.,-16.48205080756,14.1));
#15074 = DIRECTION('',(0.5,0.866025403784,0.));
#15075 = DIRECTION('',(-0.866025403784,0.5,0.));
#15076 = ADVANCED_FACE('',(#15077),#15095,.T.);
#15077 = FACE_BOUND('',#15078,.T.);
#15078 = EDGE_LOOP('',(#15079,#15080,#15081,#15089));
#15079 = ORIENTED_EDGE('',*,*,#15010,.T.);
#15080 = ORIENTED_EDGE('',*,*,#15066,.T.);
#15081 = ORIENTED_EDGE('',*,*,#15082,.T.);
#15082 = EDGE_CURVE('',#15059,#15083,#15085,.T.);
#15083 = VERTEX_POINT('',#15084);
#15084 = CARTESIAN_POINT('',(178.5,-13.88397459621,11.6));
#15085 = LINE('',#15086,#15087);
#15086 = CARTESIAN_POINT('',(178.5,-15.61602540378,11.6));
#15087 = VECTOR('',#15088,1.);
#15088 = DIRECTION('',(0.,1.,0.));
#15089 = ORIENTED_EDGE('',*,*,#15090,.F.);
#15090 = EDGE_CURVE('',#15003,#15083,#15091,.T.);
#15091 = LINE('',#15092,#15093);
#15092 = CARTESIAN_POINT('',(178.5,-13.88397459621,14.1));
#15093 = VECTOR('',#15094,1.);
#15094 = DIRECTION('',(0.,0.,-1.));
#15095 = PLANE('',#15096);
#15096 = AXIS2_PLACEMENT_3D('',#15097,#15098,#15099);
#15097 = CARTESIAN_POINT('',(178.5,-15.61602540378,14.1));
#15098 = DIRECTION('',(1.,-0.,0.));
#15099 = DIRECTION('',(0.,1.,0.));
#15100 = ADVANCED_FACE('',(#15101),#15119,.T.);
#15101 = FACE_BOUND('',#15102,.T.);
#15102 = EDGE_LOOP('',(#15103,#15104,#15105,#15113));
#15103 = ORIENTED_EDGE('',*,*,#15002,.T.);
#15104 = ORIENTED_EDGE('',*,*,#15090,.T.);
#15105 = ORIENTED_EDGE('',*,*,#15106,.T.);
#15106 = EDGE_CURVE('',#15083,#15107,#15109,.T.);
#15107 = VERTEX_POINT('',#15108);
#15108 = CARTESIAN_POINT('',(180.,-13.01794919243,11.6));
#15109 = LINE('',#15110,#15111);
#15110 = CARTESIAN_POINT('',(178.5,-13.88397459621,11.6));
#15111 = VECTOR('',#15112,1.);
#15112 = DIRECTION('',(0.866025403784,0.5,0.));
#15113 = ORIENTED_EDGE('',*,*,#15114,.F.);
#15114 = EDGE_CURVE('',#14995,#15107,#15115,.T.);
#15115 = LINE('',#15116,#15117);
#15116 = CARTESIAN_POINT('',(180.,-13.01794919243,14.1));
#15117 = VECTOR('',#15118,1.);
#15118 = DIRECTION('',(0.,0.,-1.));
#15119 = PLANE('',#15120);
#15120 = AXIS2_PLACEMENT_3D('',#15121,#15122,#15123);
#15121 = CARTESIAN_POINT('',(178.5,-13.88397459621,14.1));
#15122 = DIRECTION('',(0.5,-0.866025403784,0.));
#15123 = DIRECTION('',(0.866025403784,0.5,0.));
#15124 = ADVANCED_FACE('',(#15125),#15143,.T.);
#15125 = FACE_BOUND('',#15126,.T.);
#15126 = EDGE_LOOP('',(#15127,#15128,#15129,#15137));
#15127 = ORIENTED_EDGE('',*,*,#14994,.T.);
#15128 = ORIENTED_EDGE('',*,*,#15114,.T.);
#15129 = ORIENTED_EDGE('',*,*,#15130,.T.);
#15130 = EDGE_CURVE('',#15107,#15131,#15133,.T.);
#15131 = VERTEX_POINT('',#15132);
#15132 = CARTESIAN_POINT('',(181.5,-13.88397459621,11.6));
#15133 = LINE('',#15134,#15135);
#15134 = CARTESIAN_POINT('',(180.,-13.01794919243,11.6));
#15135 = VECTOR('',#15136,1.);
#15136 = DIRECTION('',(0.866025403784,-0.5,0.));
#15137 = ORIENTED_EDGE('',*,*,#15138,.F.);
#15138 = EDGE_CURVE('',#14987,#15131,#15139,.T.);
#15139 = LINE('',#15140,#15141);
#15140 = CARTESIAN_POINT('',(181.5,-13.88397459621,14.1));
#15141 = VECTOR('',#15142,1.);
#15142 = DIRECTION('',(0.,0.,-1.));
#15143 = PLANE('',#15144);
#15144 = AXIS2_PLACEMENT_3D('',#15145,#15146,#15147);
#15145 = CARTESIAN_POINT('',(180.,-13.01794919243,14.1));
#15146 = DIRECTION('',(-0.5,-0.866025403784,-0.));
#15147 = DIRECTION('',(0.866025403784,-0.5,0.));
#15148 = ADVANCED_FACE('',(#15149),#15167,.T.);
#15149 = FACE_BOUND('',#15150,.T.);
#15150 = EDGE_LOOP('',(#15151,#15152,#15153,#15161));
#15151 = ORIENTED_EDGE('',*,*,#14986,.T.);
#15152 = ORIENTED_EDGE('',*,*,#15138,.T.);
#15153 = ORIENTED_EDGE('',*,*,#15154,.T.);
#15154 = EDGE_CURVE('',#15131,#15155,#15157,.T.);
#15155 = VERTEX_POINT('',#15156);
#15156 = CARTESIAN_POINT('',(181.5,-15.61602540378,11.6));
#15157 = LINE('',#15158,#15159);
#15158 = CARTESIAN_POINT('',(181.5,-13.88397459621,11.6));
#15159 = VECTOR('',#15160,1.);
#15160 = DIRECTION('',(0.,-1.,0.));
#15161 = ORIENTED_EDGE('',*,*,#15162,.F.);
#15162 = EDGE_CURVE('',#14979,#15155,#15163,.T.);
#15163 = LINE('',#15164,#15165);
#15164 = CARTESIAN_POINT('',(181.5,-15.61602540378,14.1));
#15165 = VECTOR('',#15166,1.);
#15166 = DIRECTION('',(0.,0.,-1.));
#15167 = PLANE('',#15168);
#15168 = AXIS2_PLACEMENT_3D('',#15169,#15170,#15171);
#15169 = CARTESIAN_POINT('',(181.5,-13.88397459621,14.1));
#15170 = DIRECTION('',(-1.,-0.,-0.));
#15171 = DIRECTION('',(0.,-1.,0.));
#15172 = ADVANCED_FACE('',(#15173),#15184,.T.);
#15173 = FACE_BOUND('',#15174,.T.);
#15174 = EDGE_LOOP('',(#15175,#15176,#15177,#15183));
#15175 = ORIENTED_EDGE('',*,*,#14978,.T.);
#15176 = ORIENTED_EDGE('',*,*,#15162,.T.);
#15177 = ORIENTED_EDGE('',*,*,#15178,.T.);
#15178 = EDGE_CURVE('',#15155,#15051,#15179,.T.);
#15179 = LINE('',#15180,#15181);
#15180 = CARTESIAN_POINT('',(181.5,-15.61602540378,11.6));
#15181 = VECTOR('',#15182,1.);
#15182 = DIRECTION('',(-0.866025403784,-0.5,0.));
#15183 = ORIENTED_EDGE('',*,*,#15050,.F.);
#15184 = PLANE('',#15185);
#15185 = AXIS2_PLACEMENT_3D('',#15186,#15187,#15188);
#15186 = CARTESIAN_POINT('',(181.5,-15.61602540378,14.1));
#15187 = DIRECTION('',(-0.5,0.866025403784,0.));
#15188 = DIRECTION('',(-0.866025403784,-0.5,0.));
#15189 = ADVANCED_FACE('',(#15190),#15193,.T.);
#15190 = FACE_BOUND('',#15191,.T.);
#15191 = EDGE_LOOP('',(#15192));
#15192 = ORIENTED_EDGE('',*,*,#15024,.T.);
#15193 = PLANE('',#15194);
#15194 = AXIS2_PLACEMENT_3D('',#15195,#15196,#15197);
#15195 = CARTESIAN_POINT('',(180.,-14.75,-6.));
#15196 = DIRECTION('',(0.,0.,-1.));
#15197 = DIRECTION('',(-1.,0.,-0.));
#15198 = ADVANCED_FACE('',(#15199),#15207,.F.);
#15199 = FACE_BOUND('',#15200,.F.);
#15200 = EDGE_LOOP('',(#15201,#15202,#15203,#15204,#15205,#15206));
#15201 = ORIENTED_EDGE('',*,*,#15178,.T.);
#15202 = ORIENTED_EDGE('',*,*,#15058,.T.);
#15203 = ORIENTED_EDGE('',*,*,#15082,.T.);
#15204 = ORIENTED_EDGE('',*,*,#15106,.T.);
#15205 = ORIENTED_EDGE('',*,*,#15130,.T.);
#15206 = ORIENTED_EDGE('',*,*,#15154,.T.);
#15207 = PLANE('',#15208);
#15208 = AXIS2_PLACEMENT_3D('',#15209,#15210,#15211);
#15209 = CARTESIAN_POINT('',(180.,-14.75,11.6));
#15210 = DIRECTION('',(-0.,-0.,-1.));
#15211 = DIRECTION('',(-1.,0.,0.));
#15212 = MANIFOLD_SOLID_BREP('',#15213);
#15213 = CLOSED_SHELL('',(#15214,#15254,#15285,#15316,#15360,#15404,
    #15421,#15438,#15450));
#15214 = ADVANCED_FACE('',(#15215),#15249,.F.);
#15215 = FACE_BOUND('',#15216,.F.);
#15216 = EDGE_LOOP('',(#15217,#15227,#15235,#15243));
#15217 = ORIENTED_EDGE('',*,*,#15218,.T.);
#15218 = EDGE_CURVE('',#15219,#15221,#15223,.T.);
#15219 = VERTEX_POINT('',#15220);
#15220 = CARTESIAN_POINT('',(182.02072594216,-11.25,2.5));
#15221 = VERTEX_POINT('',#15222);
#15222 = CARTESIAN_POINT('',(182.02072594216,-11.25,-2.5));
#15223 = LINE('',#15224,#15225);
#15224 = CARTESIAN_POINT('',(182.02072594216,-11.25,2.5));
#15225 = VECTOR('',#15226,1.);
#15226 = DIRECTION('',(0.,0.,-1.));
#15227 = ORIENTED_EDGE('',*,*,#15228,.T.);
#15228 = EDGE_CURVE('',#15221,#15229,#15231,.T.);
#15229 = VERTEX_POINT('',#15230);
#15230 = CARTESIAN_POINT('',(184.04145188432,-14.75,-2.5));
#15231 = LINE('',#15232,#15233);
#15232 = CARTESIAN_POINT('',(182.02072594216,-11.25,-2.5));
#15233 = VECTOR('',#15234,1.);
#15234 = DIRECTION('',(0.5,-0.866025403784,0.));
#15235 = ORIENTED_EDGE('',*,*,#15236,.F.);
#15236 = EDGE_CURVE('',#15237,#15229,#15239,.T.);
#15237 = VERTEX_POINT('',#15238);
#15238 = CARTESIAN_POINT('',(184.04145188432,-14.75,2.5));
#15239 = LINE('',#15240,#15241);
#15240 = CARTESIAN_POINT('',(184.04145188432,-14.75,2.5));
#15241 = VECTOR('',#15242,1.);
#15242 = DIRECTION('',(0.,0.,-1.));
#15243 = ORIENTED_EDGE('',*,*,#15244,.F.);
#15244 = EDGE_CURVE('',#15219,#15237,#15245,.T.);
#15245 = LINE('',#15246,#15247);
#15246 = CARTESIAN_POINT('',(182.02072594216,-11.25,2.5));
#15247 = VECTOR('',#15248,1.);
#15248 = DIRECTION('',(0.5,-0.866025403784,0.));
#15249 = PLANE('',#15250);
#15250 = AXIS2_PLACEMENT_3D('',#15251,#15252,#15253);
#15251 = CARTESIAN_POINT('',(182.02072594216,-11.25,2.5));
#15252 = DIRECTION('',(-0.866025403784,-0.5,-0.));
#15253 = DIRECTION('',(0.5,-0.866025403784,0.));
#15254 = ADVANCED_FACE('',(#15255),#15280,.F.);
#15255 = FACE_BOUND('',#15256,.F.);
#15256 = EDGE_LOOP('',(#15257,#15267,#15273,#15274));
#15257 = ORIENTED_EDGE('',*,*,#15258,.T.);
#15258 = EDGE_CURVE('',#15259,#15261,#15263,.T.);
#15259 = VERTEX_POINT('',#15260);
#15260 = CARTESIAN_POINT('',(177.97927405783,-11.25,2.5));
#15261 = VERTEX_POINT('',#15262);
#15262 = CARTESIAN_POINT('',(177.97927405783,-11.25,-2.5));
#15263 = LINE('',#15264,#15265);
#15264 = CARTESIAN_POINT('',(177.97927405783,-11.25,2.5));
#15265 = VECTOR('',#15266,1.);
#15266 = DIRECTION('',(0.,0.,-1.));
#15267 = ORIENTED_EDGE('',*,*,#15268,.T.);
#15268 = EDGE_CURVE('',#15261,#15221,#15269,.T.);
#15269 = LINE('',#15270,#15271);
#15270 = CARTESIAN_POINT('',(177.97927405783,-11.25,-2.5));
#15271 = VECTOR('',#15272,1.);
#15272 = DIRECTION('',(1.,0.,0.));
#15273 = ORIENTED_EDGE('',*,*,#15218,.F.);
#15274 = ORIENTED_EDGE('',*,*,#15275,.F.);
#15275 = EDGE_CURVE('',#15259,#15219,#15276,.T.);
#15276 = LINE('',#15277,#15278);
#15277 = CARTESIAN_POINT('',(177.97927405783,-11.25,2.5));
#15278 = VECTOR('',#15279,1.);
#15279 = DIRECTION('',(1.,0.,0.));
#15280 = PLANE('',#15281);
#15281 = AXIS2_PLACEMENT_3D('',#15282,#15283,#15284);
#15282 = CARTESIAN_POINT('',(177.97927405783,-11.25,2.5));
#15283 = DIRECTION('',(0.,-1.,0.));
#15284 = DIRECTION('',(1.,0.,0.));
#15285 = ADVANCED_FACE('',(#15286),#15311,.F.);
#15286 = FACE_BOUND('',#15287,.F.);
#15287 = EDGE_LOOP('',(#15288,#15289,#15297,#15305));
#15288 = ORIENTED_EDGE('',*,*,#15236,.T.);
#15289 = ORIENTED_EDGE('',*,*,#15290,.T.);
#15290 = EDGE_CURVE('',#15229,#15291,#15293,.T.);
#15291 = VERTEX_POINT('',#15292);
#15292 = CARTESIAN_POINT('',(182.02072594216,-18.25,-2.5));
#15293 = LINE('',#15294,#15295);
#15294 = CARTESIAN_POINT('',(184.04145188432,-14.75,-2.5));
#15295 = VECTOR('',#15296,1.);
#15296 = DIRECTION('',(-0.5,-0.866025403784,0.));
#15297 = ORIENTED_EDGE('',*,*,#15298,.F.);
#15298 = EDGE_CURVE('',#15299,#15291,#15301,.T.);
#15299 = VERTEX_POINT('',#15300);
#15300 = CARTESIAN_POINT('',(182.02072594216,-18.25,2.5));
#15301 = LINE('',#15302,#15303);
#15302 = CARTESIAN_POINT('',(182.02072594216,-18.25,2.5));
#15303 = VECTOR('',#15304,1.);
#15304 = DIRECTION('',(0.,0.,-1.));
#15305 = ORIENTED_EDGE('',*,*,#15306,.F.);
#15306 = EDGE_CURVE('',#15237,#15299,#15307,.T.);
#15307 = LINE('',#15308,#15309);
#15308 = CARTESIAN_POINT('',(184.04145188432,-14.75,2.5));
#15309 = VECTOR('',#15310,1.);
#15310 = DIRECTION('',(-0.5,-0.866025403784,0.));
#15311 = PLANE('',#15312);
#15312 = AXIS2_PLACEMENT_3D('',#15313,#15314,#15315);
#15313 = CARTESIAN_POINT('',(184.04145188432,-14.75,2.5));
#15314 = DIRECTION('',(-0.866025403784,0.5,0.));
#15315 = DIRECTION('',(-0.5,-0.866025403784,0.));
#15316 = ADVANCED_FACE('',(#15317,#15344),#15355,.F.);
#15317 = FACE_BOUND('',#15318,.F.);
#15318 = EDGE_LOOP('',(#15319,#15320,#15321,#15329,#15337,#15343));
#15319 = ORIENTED_EDGE('',*,*,#15244,.T.);
#15320 = ORIENTED_EDGE('',*,*,#15306,.T.);
#15321 = ORIENTED_EDGE('',*,*,#15322,.T.);
#15322 = EDGE_CURVE('',#15299,#15323,#15325,.T.);
#15323 = VERTEX_POINT('',#15324);
#15324 = CARTESIAN_POINT('',(177.97927405783,-18.25,2.5));
#15325 = LINE('',#15326,#15327);
#15326 = CARTESIAN_POINT('',(182.02072594216,-18.25,2.5));
#15327 = VECTOR('',#15328,1.);
#15328 = DIRECTION('',(-1.,0.,0.));
#15329 = ORIENTED_EDGE('',*,*,#15330,.T.);
#15330 = EDGE_CURVE('',#15323,#15331,#15333,.T.);
#15331 = VERTEX_POINT('',#15332);
#15332 = CARTESIAN_POINT('',(175.95854811567,-14.75,2.5));
#15333 = LINE('',#15334,#15335);
#15334 = CARTESIAN_POINT('',(177.97927405783,-18.25,2.5));
#15335 = VECTOR('',#15336,1.);
#15336 = DIRECTION('',(-0.5,0.866025403784,0.));
#15337 = ORIENTED_EDGE('',*,*,#15338,.T.);
#15338 = EDGE_CURVE('',#15331,#15259,#15339,.T.);
#15339 = LINE('',#15340,#15341);
#15340 = CARTESIAN_POINT('',(175.95854811567,-14.75,2.5));
#15341 = VECTOR('',#15342,1.);
#15342 = DIRECTION('',(0.5,0.866025403784,0.));
#15343 = ORIENTED_EDGE('',*,*,#15275,.T.);
#15344 = FACE_BOUND('',#15345,.F.);
#15345 = EDGE_LOOP('',(#15346));
#15346 = ORIENTED_EDGE('',*,*,#15347,.F.);
#15347 = EDGE_CURVE('',#15348,#15348,#15350,.T.);
#15348 = VERTEX_POINT('',#15349);
#15349 = CARTESIAN_POINT('',(178.,-14.75,2.5));
#15350 = CIRCLE('',#15351,2.);
#15351 = AXIS2_PLACEMENT_3D('',#15352,#15353,#15354);
#15352 = CARTESIAN_POINT('',(180.,-14.75,2.5));
#15353 = DIRECTION('',(0.,0.,-1.));
#15354 = DIRECTION('',(-1.,0.,-0.));
#15355 = PLANE('',#15356);
#15356 = AXIS2_PLACEMENT_3D('',#15357,#15358,#15359);
#15357 = CARTESIAN_POINT('',(180.,-14.75,2.5));
#15358 = DIRECTION('',(-0.,-0.,-1.));
#15359 = DIRECTION('',(-1.,0.,0.));
#15360 = ADVANCED_FACE('',(#15361,#15388),#15399,.T.);
#15361 = FACE_BOUND('',#15362,.T.);
#15362 = EDGE_LOOP('',(#15363,#15364,#15365,#15373,#15381,#15387));
#15363 = ORIENTED_EDGE('',*,*,#15228,.T.);
#15364 = ORIENTED_EDGE('',*,*,#15290,.T.);
#15365 = ORIENTED_EDGE('',*,*,#15366,.T.);
#15366 = EDGE_CURVE('',#15291,#15367,#15369,.T.);
#15367 = VERTEX_POINT('',#15368);
#15368 = CARTESIAN_POINT('',(177.97927405783,-18.25,-2.5));
#15369 = LINE('',#15370,#15371);
#15370 = CARTESIAN_POINT('',(182.02072594216,-18.25,-2.5));
#15371 = VECTOR('',#15372,1.);
#15372 = DIRECTION('',(-1.,0.,0.));
#15373 = ORIENTED_EDGE('',*,*,#15374,.T.);
#15374 = EDGE_CURVE('',#15367,#15375,#15377,.T.);
#15375 = VERTEX_POINT('',#15376);
#15376 = CARTESIAN_POINT('',(175.95854811567,-14.75,-2.5));
#15377 = LINE('',#15378,#15379);
#15378 = CARTESIAN_POINT('',(177.97927405783,-18.25,-2.5));
#15379 = VECTOR('',#15380,1.);
#15380 = DIRECTION('',(-0.5,0.866025403784,0.));
#15381 = ORIENTED_EDGE('',*,*,#15382,.T.);
#15382 = EDGE_CURVE('',#15375,#15261,#15383,.T.);
#15383 = LINE('',#15384,#15385);
#15384 = CARTESIAN_POINT('',(175.95854811567,-14.75,-2.5));
#15385 = VECTOR('',#15386,1.);
#15386 = DIRECTION('',(0.5,0.866025403784,0.));
#15387 = ORIENTED_EDGE('',*,*,#15268,.T.);
#15388 = FACE_BOUND('',#15389,.T.);
#15389 = EDGE_LOOP('',(#15390));
#15390 = ORIENTED_EDGE('',*,*,#15391,.F.);
#15391 = EDGE_CURVE('',#15392,#15392,#15394,.T.);
#15392 = VERTEX_POINT('',#15393);
#15393 = CARTESIAN_POINT('',(178.,-14.75,-2.5));
#15394 = CIRCLE('',#15395,2.);
#15395 = AXIS2_PLACEMENT_3D('',#15396,#15397,#15398);
#15396 = CARTESIAN_POINT('',(180.,-14.75,-2.5));
#15397 = DIRECTION('',(0.,0.,-1.));
#15398 = DIRECTION('',(-1.,0.,-0.));
#15399 = PLANE('',#15400);
#15400 = AXIS2_PLACEMENT_3D('',#15401,#15402,#15403);
#15401 = CARTESIAN_POINT('',(180.,-14.75,-2.5));
#15402 = DIRECTION('',(-0.,-0.,-1.));
#15403 = DIRECTION('',(-1.,0.,0.));
#15404 = ADVANCED_FACE('',(#15405),#15416,.F.);
#15405 = FACE_BOUND('',#15406,.F.);
#15406 = EDGE_LOOP('',(#15407,#15413,#15414,#15415));
#15407 = ORIENTED_EDGE('',*,*,#15408,.T.);
#15408 = EDGE_CURVE('',#15331,#15375,#15409,.T.);
#15409 = LINE('',#15410,#15411);
#15410 = CARTESIAN_POINT('',(175.95854811567,-14.75,2.5));
#15411 = VECTOR('',#15412,1.);
#15412 = DIRECTION('',(0.,0.,-1.));
#15413 = ORIENTED_EDGE('',*,*,#15382,.T.);
#15414 = ORIENTED_EDGE('',*,*,#15258,.F.);
#15415 = ORIENTED_EDGE('',*,*,#15338,.F.);
#15416 = PLANE('',#15417);
#15417 = AXIS2_PLACEMENT_3D('',#15418,#15419,#15420);
#15418 = CARTESIAN_POINT('',(175.95854811567,-14.75,2.5));
#15419 = DIRECTION('',(0.866025403784,-0.5,0.));
#15420 = DIRECTION('',(0.5,0.866025403784,0.));
#15421 = ADVANCED_FACE('',(#15422),#15433,.F.);
#15422 = FACE_BOUND('',#15423,.F.);
#15423 = EDGE_LOOP('',(#15424,#15425,#15426,#15432));
#15424 = ORIENTED_EDGE('',*,*,#15298,.T.);
#15425 = ORIENTED_EDGE('',*,*,#15366,.T.);
#15426 = ORIENTED_EDGE('',*,*,#15427,.F.);
#15427 = EDGE_CURVE('',#15323,#15367,#15428,.T.);
#15428 = LINE('',#15429,#15430);
#15429 = CARTESIAN_POINT('',(177.97927405783,-18.25,2.5));
#15430 = VECTOR('',#15431,1.);
#15431 = DIRECTION('',(0.,0.,-1.));
#15432 = ORIENTED_EDGE('',*,*,#15322,.F.);
#15433 = PLANE('',#15434);
#15434 = AXIS2_PLACEMENT_3D('',#15435,#15436,#15437);
#15435 = CARTESIAN_POINT('',(182.02072594216,-18.25,2.5));
#15436 = DIRECTION('',(0.,1.,0.));
#15437 = DIRECTION('',(-1.,0.,0.));
#15438 = ADVANCED_FACE('',(#15439),#15445,.F.);
#15439 = FACE_BOUND('',#15440,.F.);
#15440 = EDGE_LOOP('',(#15441,#15442,#15443,#15444));
#15441 = ORIENTED_EDGE('',*,*,#15427,.T.);
#15442 = ORIENTED_EDGE('',*,*,#15374,.T.);
#15443 = ORIENTED_EDGE('',*,*,#15408,.F.);
#15444 = ORIENTED_EDGE('',*,*,#15330,.F.);
#15445 = PLANE('',#15446);
#15446 = AXIS2_PLACEMENT_3D('',#15447,#15448,#15449);
#15447 = CARTESIAN_POINT('',(177.97927405783,-18.25,2.5));
#15448 = DIRECTION('',(0.866025403784,0.5,0.));
#15449 = DIRECTION('',(-0.5,0.866025403784,0.));
#15450 = ADVANCED_FACE('',(#15451),#15462,.F.);
#15451 = FACE_BOUND('',#15452,.F.);
#15452 = EDGE_LOOP('',(#15453,#15454,#15460,#15461));
#15453 = ORIENTED_EDGE('',*,*,#15391,.F.);
#15454 = ORIENTED_EDGE('',*,*,#15455,.F.);
#15455 = EDGE_CURVE('',#15348,#15392,#15456,.T.);
#15456 = LINE('',#15457,#15458);
#15457 = CARTESIAN_POINT('',(178.,-14.75,3.5));
#15458 = VECTOR('',#15459,1.);
#15459 = DIRECTION('',(0.,0.,-1.));
#15460 = ORIENTED_EDGE('',*,*,#15347,.T.);
#15461 = ORIENTED_EDGE('',*,*,#15455,.T.);
#15462 = CYLINDRICAL_SURFACE('',#15463,2.);
#15463 = AXIS2_PLACEMENT_3D('',#15464,#15465,#15466);
#15464 = CARTESIAN_POINT('',(180.,-14.75,3.5));
#15465 = DIRECTION('',(0.,0.,-1.));
#15466 = DIRECTION('',(-1.,0.,-0.));
#15467 = MANIFOLD_SOLID_BREP('',#15468);
#15468 = CLOSED_SHELL('',(#15469,#15502,#15522,#15581,#15606,#15637,
    #15661,#15685,#15709,#15733,#15750,#15759));
#15469 = ADVANCED_FACE('',(#15470),#15497,.T.);
#15470 = FACE_BOUND('',#15471,.T.);
#15471 = EDGE_LOOP('',(#15472,#15481,#15489,#15496));
#15472 = ORIENTED_EDGE('',*,*,#15473,.F.);
#15473 = EDGE_CURVE('',#15474,#15474,#15476,.T.);
#15474 = VERTEX_POINT('',#15475);
#15475 = CARTESIAN_POINT('',(186.5,-14.75,10.));
#15476 = CIRCLE('',#15477,3.5);
#15477 = AXIS2_PLACEMENT_3D('',#15478,#15479,#15480);
#15478 = CARTESIAN_POINT('',(190.,-14.75,10.));
#15479 = DIRECTION('',(0.,0.,-1.));
#15480 = DIRECTION('',(-1.,0.,-0.));
#15481 = ORIENTED_EDGE('',*,*,#15482,.F.);
#15482 = EDGE_CURVE('',#15483,#15474,#15485,.T.);
#15483 = VERTEX_POINT('',#15484);
#15484 = CARTESIAN_POINT('',(186.5,-14.75,14.));
#15485 = LINE('',#15486,#15487);
#15486 = CARTESIAN_POINT('',(186.5,-14.75,14.));
#15487 = VECTOR('',#15488,1.);
#15488 = DIRECTION('',(0.,0.,-1.));
#15489 = ORIENTED_EDGE('',*,*,#15490,.T.);
#15490 = EDGE_CURVE('',#15483,#15483,#15491,.T.);
#15491 = CIRCLE('',#15492,3.5);
#15492 = AXIS2_PLACEMENT_3D('',#15493,#15494,#15495);
#15493 = CARTESIAN_POINT('',(190.,-14.75,14.));
#15494 = DIRECTION('',(0.,0.,-1.));
#15495 = DIRECTION('',(-1.,0.,-0.));
#15496 = ORIENTED_EDGE('',*,*,#15482,.T.);
#15497 = CYLINDRICAL_SURFACE('',#15498,3.5);
#15498 = AXIS2_PLACEMENT_3D('',#15499,#15500,#15501);
#15499 = CARTESIAN_POINT('',(190.,-14.75,14.));
#15500 = DIRECTION('',(0.,0.,-1.));
#15501 = DIRECTION('',(-1.,0.,-0.));
#15502 = ADVANCED_FACE('',(#15503,#15506),#15517,.T.);
#15503 = FACE_BOUND('',#15504,.T.);
#15504 = EDGE_LOOP('',(#15505));
#15505 = ORIENTED_EDGE('',*,*,#15473,.T.);
#15506 = FACE_BOUND('',#15507,.T.);
#15507 = EDGE_LOOP('',(#15508));
#15508 = ORIENTED_EDGE('',*,*,#15509,.F.);
#15509 = EDGE_CURVE('',#15510,#15510,#15512,.T.);
#15510 = VERTEX_POINT('',#15511);
#15511 = CARTESIAN_POINT('',(188.,-14.75,10.));
#15512 = CIRCLE('',#15513,2.);
#15513 = AXIS2_PLACEMENT_3D('',#15514,#15515,#15516);
#15514 = CARTESIAN_POINT('',(190.,-14.75,10.));
#15515 = DIRECTION('',(0.,0.,-1.));
#15516 = DIRECTION('',(-1.,0.,-0.));
#15517 = PLANE('',#15518);
#15518 = AXIS2_PLACEMENT_3D('',#15519,#15520,#15521);
#15519 = CARTESIAN_POINT('',(190.,-14.75,10.));
#15520 = DIRECTION('',(0.,0.,-1.));
#15521 = DIRECTION('',(-1.,0.,-0.));
#15522 = ADVANCED_FACE('',(#15523,#15526),#15576,.F.);
#15523 = FACE_BOUND('',#15524,.F.);
#15524 = EDGE_LOOP('',(#15525));
#15525 = ORIENTED_EDGE('',*,*,#15490,.T.);
#15526 = FACE_BOUND('',#15527,.F.);
#15527 = EDGE_LOOP('',(#15528,#15538,#15546,#15554,#15562,#15570));
#15528 = ORIENTED_EDGE('',*,*,#15529,.T.);
#15529 = EDGE_CURVE('',#15530,#15532,#15534,.T.);
#15530 = VERTEX_POINT('',#15531);
#15531 = CARTESIAN_POINT('',(188.5,-15.61602540378,14.));
#15532 = VERTEX_POINT('',#15533);
#15533 = CARTESIAN_POINT('',(190.,-16.48205080756,14.));
#15534 = LINE('',#15535,#15536);
#15535 = CARTESIAN_POINT('',(189.625,-16.26554445662,14.));
#15536 = VECTOR('',#15537,1.);
#15537 = DIRECTION('',(0.866025403784,-0.5,0.));
#15538 = ORIENTED_EDGE('',*,*,#15539,.T.);
#15539 = EDGE_CURVE('',#15532,#15540,#15542,.T.);
#15540 = VERTEX_POINT('',#15541);
#15541 = CARTESIAN_POINT('',(191.5,-15.61602540378,14.));
#15542 = LINE('',#15543,#15544);
#15543 = CARTESIAN_POINT('',(191.125,-15.83253175473,14.));
#15544 = VECTOR('',#15545,1.);
#15545 = DIRECTION('',(0.866025403784,0.5,0.));
#15546 = ORIENTED_EDGE('',*,*,#15547,.T.);
#15547 = EDGE_CURVE('',#15540,#15548,#15550,.T.);
#15548 = VERTEX_POINT('',#15549);
#15549 = CARTESIAN_POINT('',(191.5,-13.88397459621,14.));
#15550 = LINE('',#15551,#15552);
#15551 = CARTESIAN_POINT('',(191.5,-14.3169872981,14.));
#15552 = VECTOR('',#15553,1.);
#15553 = DIRECTION('',(-0.,1.,0.));
#15554 = ORIENTED_EDGE('',*,*,#15555,.T.);
#15555 = EDGE_CURVE('',#15548,#15556,#15558,.T.);
#15556 = VERTEX_POINT('',#15557);
#15557 = CARTESIAN_POINT('',(190.,-13.01794919243,14.));
#15558 = LINE('',#15559,#15560);
#15559 = CARTESIAN_POINT('',(190.375,-13.23445554337,14.));
#15560 = VECTOR('',#15561,1.);
#15561 = DIRECTION('',(-0.866025403784,0.5,0.));
#15562 = ORIENTED_EDGE('',*,*,#15563,.T.);
#15563 = EDGE_CURVE('',#15556,#15564,#15566,.T.);
#15564 = VERTEX_POINT('',#15565);
#15565 = CARTESIAN_POINT('',(188.5,-13.88397459621,14.));
#15566 = LINE('',#15567,#15568);
#15567 = CARTESIAN_POINT('',(188.875,-13.66746824526,14.));
#15568 = VECTOR('',#15569,1.);
#15569 = DIRECTION('',(-0.866025403784,-0.5,-0.));
#15570 = ORIENTED_EDGE('',*,*,#15571,.T.);
#15571 = EDGE_CURVE('',#15564,#15530,#15572,.T.);
#15572 = LINE('',#15573,#15574);
#15573 = CARTESIAN_POINT('',(188.5,-15.18301270189,14.));
#15574 = VECTOR('',#15575,1.);
#15575 = DIRECTION('',(0.,-1.,-0.));
#15576 = PLANE('',#15577);
#15577 = AXIS2_PLACEMENT_3D('',#15578,#15579,#15580);
#15578 = CARTESIAN_POINT('',(190.,-14.75,14.));
#15579 = DIRECTION('',(0.,0.,-1.));
#15580 = DIRECTION('',(-1.,0.,-0.));
#15581 = ADVANCED_FACE('',(#15582),#15601,.T.);
#15582 = FACE_BOUND('',#15583,.T.);
#15583 = EDGE_LOOP('',(#15584,#15593,#15599,#15600));
#15584 = ORIENTED_EDGE('',*,*,#15585,.F.);
#15585 = EDGE_CURVE('',#15586,#15586,#15588,.T.);
#15586 = VERTEX_POINT('',#15587);
#15587 = CARTESIAN_POINT('',(188.,-14.75,-6.));
#15588 = CIRCLE('',#15589,2.);
#15589 = AXIS2_PLACEMENT_3D('',#15590,#15591,#15592);
#15590 = CARTESIAN_POINT('',(190.,-14.75,-6.));
#15591 = DIRECTION('',(0.,0.,-1.));
#15592 = DIRECTION('',(-1.,0.,-0.));
#15593 = ORIENTED_EDGE('',*,*,#15594,.F.);
#15594 = EDGE_CURVE('',#15510,#15586,#15595,.T.);
#15595 = LINE('',#15596,#15597);
#15596 = CARTESIAN_POINT('',(188.,-14.75,10.));
#15597 = VECTOR('',#15598,1.);
#15598 = DIRECTION('',(0.,0.,-1.));
#15599 = ORIENTED_EDGE('',*,*,#15509,.T.);
#15600 = ORIENTED_EDGE('',*,*,#15594,.T.);
#15601 = CYLINDRICAL_SURFACE('',#15602,2.);
#15602 = AXIS2_PLACEMENT_3D('',#15603,#15604,#15605);
#15603 = CARTESIAN_POINT('',(190.,-14.75,10.));
#15604 = DIRECTION('',(0.,0.,-1.));
#15605 = DIRECTION('',(-1.,0.,-0.));
#15606 = ADVANCED_FACE('',(#15607),#15632,.T.);
#15607 = FACE_BOUND('',#15608,.T.);
#15608 = EDGE_LOOP('',(#15609,#15610,#15618,#15626));
#15609 = ORIENTED_EDGE('',*,*,#15529,.T.);
#15610 = ORIENTED_EDGE('',*,*,#15611,.T.);
#15611 = EDGE_CURVE('',#15532,#15612,#15614,.T.);
#15612 = VERTEX_POINT('',#15613);
#15613 = CARTESIAN_POINT('',(190.,-16.48205080756,11.6));
#15614 = LINE('',#15615,#15616);
#15615 = CARTESIAN_POINT('',(190.,-16.48205080756,14.1));
#15616 = VECTOR('',#15617,1.);
#15617 = DIRECTION('',(0.,0.,-1.));
#15618 = ORIENTED_EDGE('',*,*,#15619,.T.);
#15619 = EDGE_CURVE('',#15612,#15620,#15622,.T.);
#15620 = VERTEX_POINT('',#15621);
#15621 = CARTESIAN_POINT('',(188.5,-15.61602540378,11.6));
#15622 = LINE('',#15623,#15624);
#15623 = CARTESIAN_POINT('',(190.,-16.48205080756,11.6));
#15624 = VECTOR('',#15625,1.);
#15625 = DIRECTION('',(-0.866025403784,0.5,0.));
#15626 = ORIENTED_EDGE('',*,*,#15627,.F.);
#15627 = EDGE_CURVE('',#15530,#15620,#15628,.T.);
#15628 = LINE('',#15629,#15630);
#15629 = CARTESIAN_POINT('',(188.5,-15.61602540378,14.1));
#15630 = VECTOR('',#15631,1.);
#15631 = DIRECTION('',(0.,0.,-1.));
#15632 = PLANE('',#15633);
#15633 = AXIS2_PLACEMENT_3D('',#15634,#15635,#15636);
#15634 = CARTESIAN_POINT('',(190.,-16.48205080756,14.1));
#15635 = DIRECTION('',(0.5,0.866025403784,0.));
#15636 = DIRECTION('',(-0.866025403784,0.5,0.));
#15637 = ADVANCED_FACE('',(#15638),#15656,.T.);
#15638 = FACE_BOUND('',#15639,.T.);
#15639 = EDGE_LOOP('',(#15640,#15641,#15642,#15650));
#15640 = ORIENTED_EDGE('',*,*,#15571,.T.);
#15641 = ORIENTED_EDGE('',*,*,#15627,.T.);
#15642 = ORIENTED_EDGE('',*,*,#15643,.T.);
#15643 = EDGE_CURVE('',#15620,#15644,#15646,.T.);
#15644 = VERTEX_POINT('',#15645);
#15645 = CARTESIAN_POINT('',(188.5,-13.88397459621,11.6));
#15646 = LINE('',#15647,#15648);
#15647 = CARTESIAN_POINT('',(188.5,-15.61602540378,11.6));
#15648 = VECTOR('',#15649,1.);
#15649 = DIRECTION('',(0.,1.,0.));
#15650 = ORIENTED_EDGE('',*,*,#15651,.F.);
#15651 = EDGE_CURVE('',#15564,#15644,#15652,.T.);
#15652 = LINE('',#15653,#15654);
#15653 = CARTESIAN_POINT('',(188.5,-13.88397459621,14.1));
#15654 = VECTOR('',#15655,1.);
#15655 = DIRECTION('',(0.,0.,-1.));
#15656 = PLANE('',#15657);
#15657 = AXIS2_PLACEMENT_3D('',#15658,#15659,#15660);
#15658 = CARTESIAN_POINT('',(188.5,-15.61602540378,14.1));
#15659 = DIRECTION('',(1.,-0.,0.));
#15660 = DIRECTION('',(0.,1.,0.));
#15661 = ADVANCED_FACE('',(#15662),#15680,.T.);
#15662 = FACE_BOUND('',#15663,.T.);
#15663 = EDGE_LOOP('',(#15664,#15665,#15666,#15674));
#15664 = ORIENTED_EDGE('',*,*,#15563,.T.);
#15665 = ORIENTED_EDGE('',*,*,#15651,.T.);
#15666 = ORIENTED_EDGE('',*,*,#15667,.T.);
#15667 = EDGE_CURVE('',#15644,#15668,#15670,.T.);
#15668 = VERTEX_POINT('',#15669);
#15669 = CARTESIAN_POINT('',(190.,-13.01794919243,11.6));
#15670 = LINE('',#15671,#15672);
#15671 = CARTESIAN_POINT('',(188.5,-13.88397459621,11.6));
#15672 = VECTOR('',#15673,1.);
#15673 = DIRECTION('',(0.866025403784,0.5,0.));
#15674 = ORIENTED_EDGE('',*,*,#15675,.F.);
#15675 = EDGE_CURVE('',#15556,#15668,#15676,.T.);
#15676 = LINE('',#15677,#15678);
#15677 = CARTESIAN_POINT('',(190.,-13.01794919243,14.1));
#15678 = VECTOR('',#15679,1.);
#15679 = DIRECTION('',(0.,0.,-1.));
#15680 = PLANE('',#15681);
#15681 = AXIS2_PLACEMENT_3D('',#15682,#15683,#15684);
#15682 = CARTESIAN_POINT('',(188.5,-13.88397459621,14.1));
#15683 = DIRECTION('',(0.5,-0.866025403784,0.));
#15684 = DIRECTION('',(0.866025403784,0.5,0.));
#15685 = ADVANCED_FACE('',(#15686),#15704,.T.);
#15686 = FACE_BOUND('',#15687,.T.);
#15687 = EDGE_LOOP('',(#15688,#15689,#15690,#15698));
#15688 = ORIENTED_EDGE('',*,*,#15555,.T.);
#15689 = ORIENTED_EDGE('',*,*,#15675,.T.);
#15690 = ORIENTED_EDGE('',*,*,#15691,.T.);
#15691 = EDGE_CURVE('',#15668,#15692,#15694,.T.);
#15692 = VERTEX_POINT('',#15693);
#15693 = CARTESIAN_POINT('',(191.5,-13.88397459621,11.6));
#15694 = LINE('',#15695,#15696);
#15695 = CARTESIAN_POINT('',(190.,-13.01794919243,11.6));
#15696 = VECTOR('',#15697,1.);
#15697 = DIRECTION('',(0.866025403784,-0.5,0.));
#15698 = ORIENTED_EDGE('',*,*,#15699,.F.);
#15699 = EDGE_CURVE('',#15548,#15692,#15700,.T.);
#15700 = LINE('',#15701,#15702);
#15701 = CARTESIAN_POINT('',(191.5,-13.88397459621,14.1));
#15702 = VECTOR('',#15703,1.);
#15703 = DIRECTION('',(0.,0.,-1.));
#15704 = PLANE('',#15705);
#15705 = AXIS2_PLACEMENT_3D('',#15706,#15707,#15708);
#15706 = CARTESIAN_POINT('',(190.,-13.01794919243,14.1));
#15707 = DIRECTION('',(-0.5,-0.866025403784,-0.));
#15708 = DIRECTION('',(0.866025403784,-0.5,0.));
#15709 = ADVANCED_FACE('',(#15710),#15728,.T.);
#15710 = FACE_BOUND('',#15711,.T.);
#15711 = EDGE_LOOP('',(#15712,#15713,#15714,#15722));
#15712 = ORIENTED_EDGE('',*,*,#15547,.T.);
#15713 = ORIENTED_EDGE('',*,*,#15699,.T.);
#15714 = ORIENTED_EDGE('',*,*,#15715,.T.);
#15715 = EDGE_CURVE('',#15692,#15716,#15718,.T.);
#15716 = VERTEX_POINT('',#15717);
#15717 = CARTESIAN_POINT('',(191.5,-15.61602540378,11.6));
#15718 = LINE('',#15719,#15720);
#15719 = CARTESIAN_POINT('',(191.5,-13.88397459621,11.6));
#15720 = VECTOR('',#15721,1.);
#15721 = DIRECTION('',(0.,-1.,0.));
#15722 = ORIENTED_EDGE('',*,*,#15723,.F.);
#15723 = EDGE_CURVE('',#15540,#15716,#15724,.T.);
#15724 = LINE('',#15725,#15726);
#15725 = CARTESIAN_POINT('',(191.5,-15.61602540378,14.1));
#15726 = VECTOR('',#15727,1.);
#15727 = DIRECTION('',(0.,0.,-1.));
#15728 = PLANE('',#15729);
#15729 = AXIS2_PLACEMENT_3D('',#15730,#15731,#15732);
#15730 = CARTESIAN_POINT('',(191.5,-13.88397459621,14.1));
#15731 = DIRECTION('',(-1.,-0.,-0.));
#15732 = DIRECTION('',(0.,-1.,0.));
#15733 = ADVANCED_FACE('',(#15734),#15745,.T.);
#15734 = FACE_BOUND('',#15735,.T.);
#15735 = EDGE_LOOP('',(#15736,#15737,#15738,#15744));
#15736 = ORIENTED_EDGE('',*,*,#15539,.T.);
#15737 = ORIENTED_EDGE('',*,*,#15723,.T.);
#15738 = ORIENTED_EDGE('',*,*,#15739,.T.);
#15739 = EDGE_CURVE('',#15716,#15612,#15740,.T.);
#15740 = LINE('',#15741,#15742);
#15741 = CARTESIAN_POINT('',(191.5,-15.61602540378,11.6));
#15742 = VECTOR('',#15743,1.);
#15743 = DIRECTION('',(-0.866025403784,-0.5,0.));
#15744 = ORIENTED_EDGE('',*,*,#15611,.F.);
#15745 = PLANE('',#15746);
#15746 = AXIS2_PLACEMENT_3D('',#15747,#15748,#15749);
#15747 = CARTESIAN_POINT('',(191.5,-15.61602540378,14.1));
#15748 = DIRECTION('',(-0.5,0.866025403784,0.));
#15749 = DIRECTION('',(-0.866025403784,-0.5,0.));
#15750 = ADVANCED_FACE('',(#15751),#15754,.T.);
#15751 = FACE_BOUND('',#15752,.T.);
#15752 = EDGE_LOOP('',(#15753));
#15753 = ORIENTED_EDGE('',*,*,#15585,.T.);
#15754 = PLANE('',#15755);
#15755 = AXIS2_PLACEMENT_3D('',#15756,#15757,#15758);
#15756 = CARTESIAN_POINT('',(190.,-14.75,-6.));
#15757 = DIRECTION('',(0.,0.,-1.));
#15758 = DIRECTION('',(-1.,0.,-0.));
#15759 = ADVANCED_FACE('',(#15760),#15768,.F.);
#15760 = FACE_BOUND('',#15761,.F.);
#15761 = EDGE_LOOP('',(#15762,#15763,#15764,#15765,#15766,#15767));
#15762 = ORIENTED_EDGE('',*,*,#15739,.T.);
#15763 = ORIENTED_EDGE('',*,*,#15619,.T.);
#15764 = ORIENTED_EDGE('',*,*,#15643,.T.);
#15765 = ORIENTED_EDGE('',*,*,#15667,.T.);
#15766 = ORIENTED_EDGE('',*,*,#15691,.T.);
#15767 = ORIENTED_EDGE('',*,*,#15715,.T.);
#15768 = PLANE('',#15769);
#15769 = AXIS2_PLACEMENT_3D('',#15770,#15771,#15772);
#15770 = CARTESIAN_POINT('',(190.,-14.75,11.6));
#15771 = DIRECTION('',(-0.,-0.,-1.));
#15772 = DIRECTION('',(-1.,0.,0.));
#15773 = MANIFOLD_SOLID_BREP('',#15774);
#15774 = CLOSED_SHELL('',(#15775,#15815,#15846,#15877,#15921,#15965,
    #15982,#15999,#16011));
#15775 = ADVANCED_FACE('',(#15776),#15810,.F.);
#15776 = FACE_BOUND('',#15777,.F.);
#15777 = EDGE_LOOP('',(#15778,#15788,#15796,#15804));
#15778 = ORIENTED_EDGE('',*,*,#15779,.T.);
#15779 = EDGE_CURVE('',#15780,#15782,#15784,.T.);
#15780 = VERTEX_POINT('',#15781);
#15781 = CARTESIAN_POINT('',(192.02072594216,-11.25,2.5));
#15782 = VERTEX_POINT('',#15783);
#15783 = CARTESIAN_POINT('',(192.02072594216,-11.25,-2.5));
#15784 = LINE('',#15785,#15786);
#15785 = CARTESIAN_POINT('',(192.02072594216,-11.25,2.5));
#15786 = VECTOR('',#15787,1.);
#15787 = DIRECTION('',(0.,0.,-1.));
#15788 = ORIENTED_EDGE('',*,*,#15789,.T.);
#15789 = EDGE_CURVE('',#15782,#15790,#15792,.T.);
#15790 = VERTEX_POINT('',#15791);
#15791 = CARTESIAN_POINT('',(194.04145188432,-14.75,-2.5));
#15792 = LINE('',#15793,#15794);
#15793 = CARTESIAN_POINT('',(192.02072594216,-11.25,-2.5));
#15794 = VECTOR('',#15795,1.);
#15795 = DIRECTION('',(0.5,-0.866025403784,0.));
#15796 = ORIENTED_EDGE('',*,*,#15797,.F.);
#15797 = EDGE_CURVE('',#15798,#15790,#15800,.T.);
#15798 = VERTEX_POINT('',#15799);
#15799 = CARTESIAN_POINT('',(194.04145188432,-14.75,2.5));
#15800 = LINE('',#15801,#15802);
#15801 = CARTESIAN_POINT('',(194.04145188432,-14.75,2.5));
#15802 = VECTOR('',#15803,1.);
#15803 = DIRECTION('',(0.,0.,-1.));
#15804 = ORIENTED_EDGE('',*,*,#15805,.F.);
#15805 = EDGE_CURVE('',#15780,#15798,#15806,.T.);
#15806 = LINE('',#15807,#15808);
#15807 = CARTESIAN_POINT('',(192.02072594216,-11.25,2.5));
#15808 = VECTOR('',#15809,1.);
#15809 = DIRECTION('',(0.5,-0.866025403784,0.));
#15810 = PLANE('',#15811);
#15811 = AXIS2_PLACEMENT_3D('',#15812,#15813,#15814);
#15812 = CARTESIAN_POINT('',(192.02072594216,-11.25,2.5));
#15813 = DIRECTION('',(-0.866025403784,-0.5,-0.));
#15814 = DIRECTION('',(0.5,-0.866025403784,0.));
#15815 = ADVANCED_FACE('',(#15816),#15841,.F.);
#15816 = FACE_BOUND('',#15817,.F.);
#15817 = EDGE_LOOP('',(#15818,#15828,#15834,#15835));
#15818 = ORIENTED_EDGE('',*,*,#15819,.T.);
#15819 = EDGE_CURVE('',#15820,#15822,#15824,.T.);
#15820 = VERTEX_POINT('',#15821);
#15821 = CARTESIAN_POINT('',(187.97927405783,-11.25,2.5));
#15822 = VERTEX_POINT('',#15823);
#15823 = CARTESIAN_POINT('',(187.97927405783,-11.25,-2.5));
#15824 = LINE('',#15825,#15826);
#15825 = CARTESIAN_POINT('',(187.97927405783,-11.25,2.5));
#15826 = VECTOR('',#15827,1.);
#15827 = DIRECTION('',(0.,0.,-1.));
#15828 = ORIENTED_EDGE('',*,*,#15829,.T.);
#15829 = EDGE_CURVE('',#15822,#15782,#15830,.T.);
#15830 = LINE('',#15831,#15832);
#15831 = CARTESIAN_POINT('',(187.97927405783,-11.25,-2.5));
#15832 = VECTOR('',#15833,1.);
#15833 = DIRECTION('',(1.,0.,0.));
#15834 = ORIENTED_EDGE('',*,*,#15779,.F.);
#15835 = ORIENTED_EDGE('',*,*,#15836,.F.);
#15836 = EDGE_CURVE('',#15820,#15780,#15837,.T.);
#15837 = LINE('',#15838,#15839);
#15838 = CARTESIAN_POINT('',(187.97927405783,-11.25,2.5));
#15839 = VECTOR('',#15840,1.);
#15840 = DIRECTION('',(1.,0.,0.));
#15841 = PLANE('',#15842);
#15842 = AXIS2_PLACEMENT_3D('',#15843,#15844,#15845);
#15843 = CARTESIAN_POINT('',(187.97927405783,-11.25,2.5));
#15844 = DIRECTION('',(0.,-1.,0.));
#15845 = DIRECTION('',(1.,0.,0.));
#15846 = ADVANCED_FACE('',(#15847),#15872,.F.);
#15847 = FACE_BOUND('',#15848,.F.);
#15848 = EDGE_LOOP('',(#15849,#15850,#15858,#15866));
#15849 = ORIENTED_EDGE('',*,*,#15797,.T.);
#15850 = ORIENTED_EDGE('',*,*,#15851,.T.);
#15851 = EDGE_CURVE('',#15790,#15852,#15854,.T.);
#15852 = VERTEX_POINT('',#15853);
#15853 = CARTESIAN_POINT('',(192.02072594216,-18.25,-2.5));
#15854 = LINE('',#15855,#15856);
#15855 = CARTESIAN_POINT('',(194.04145188432,-14.75,-2.5));
#15856 = VECTOR('',#15857,1.);
#15857 = DIRECTION('',(-0.5,-0.866025403784,0.));
#15858 = ORIENTED_EDGE('',*,*,#15859,.F.);
#15859 = EDGE_CURVE('',#15860,#15852,#15862,.T.);
#15860 = VERTEX_POINT('',#15861);
#15861 = CARTESIAN_POINT('',(192.02072594216,-18.25,2.5));
#15862 = LINE('',#15863,#15864);
#15863 = CARTESIAN_POINT('',(192.02072594216,-18.25,2.5));
#15864 = VECTOR('',#15865,1.);
#15865 = DIRECTION('',(0.,0.,-1.));
#15866 = ORIENTED_EDGE('',*,*,#15867,.F.);
#15867 = EDGE_CURVE('',#15798,#15860,#15868,.T.);
#15868 = LINE('',#15869,#15870);
#15869 = CARTESIAN_POINT('',(194.04145188432,-14.75,2.5));
#15870 = VECTOR('',#15871,1.);
#15871 = DIRECTION('',(-0.5,-0.866025403784,0.));
#15872 = PLANE('',#15873);
#15873 = AXIS2_PLACEMENT_3D('',#15874,#15875,#15876);
#15874 = CARTESIAN_POINT('',(194.04145188432,-14.75,2.5));
#15875 = DIRECTION('',(-0.866025403784,0.5,0.));
#15876 = DIRECTION('',(-0.5,-0.866025403784,0.));
#15877 = ADVANCED_FACE('',(#15878,#15905),#15916,.F.);
#15878 = FACE_BOUND('',#15879,.F.);
#15879 = EDGE_LOOP('',(#15880,#15881,#15882,#15890,#15898,#15904));
#15880 = ORIENTED_EDGE('',*,*,#15805,.T.);
#15881 = ORIENTED_EDGE('',*,*,#15867,.T.);
#15882 = ORIENTED_EDGE('',*,*,#15883,.T.);
#15883 = EDGE_CURVE('',#15860,#15884,#15886,.T.);
#15884 = VERTEX_POINT('',#15885);
#15885 = CARTESIAN_POINT('',(187.97927405783,-18.25,2.5));
#15886 = LINE('',#15887,#15888);
#15887 = CARTESIAN_POINT('',(192.02072594216,-18.25,2.5));
#15888 = VECTOR('',#15889,1.);
#15889 = DIRECTION('',(-1.,0.,0.));
#15890 = ORIENTED_EDGE('',*,*,#15891,.T.);
#15891 = EDGE_CURVE('',#15884,#15892,#15894,.T.);
#15892 = VERTEX_POINT('',#15893);
#15893 = CARTESIAN_POINT('',(185.95854811567,-14.75,2.5));
#15894 = LINE('',#15895,#15896);
#15895 = CARTESIAN_POINT('',(187.97927405783,-18.25,2.5));
#15896 = VECTOR('',#15897,1.);
#15897 = DIRECTION('',(-0.5,0.866025403784,0.));
#15898 = ORIENTED_EDGE('',*,*,#15899,.T.);
#15899 = EDGE_CURVE('',#15892,#15820,#15900,.T.);
#15900 = LINE('',#15901,#15902);
#15901 = CARTESIAN_POINT('',(185.95854811567,-14.75,2.5));
#15902 = VECTOR('',#15903,1.);
#15903 = DIRECTION('',(0.5,0.866025403784,0.));
#15904 = ORIENTED_EDGE('',*,*,#15836,.T.);
#15905 = FACE_BOUND('',#15906,.F.);
#15906 = EDGE_LOOP('',(#15907));
#15907 = ORIENTED_EDGE('',*,*,#15908,.F.);
#15908 = EDGE_CURVE('',#15909,#15909,#15911,.T.);
#15909 = VERTEX_POINT('',#15910);
#15910 = CARTESIAN_POINT('',(188.,-14.75,2.5));
#15911 = CIRCLE('',#15912,2.);
#15912 = AXIS2_PLACEMENT_3D('',#15913,#15914,#15915);
#15913 = CARTESIAN_POINT('',(190.,-14.75,2.5));
#15914 = DIRECTION('',(0.,0.,-1.));
#15915 = DIRECTION('',(-1.,0.,-0.));
#15916 = PLANE('',#15917);
#15917 = AXIS2_PLACEMENT_3D('',#15918,#15919,#15920);
#15918 = CARTESIAN_POINT('',(190.,-14.75,2.5));
#15919 = DIRECTION('',(-0.,-0.,-1.));
#15920 = DIRECTION('',(-1.,0.,0.));
#15921 = ADVANCED_FACE('',(#15922,#15949),#15960,.T.);
#15922 = FACE_BOUND('',#15923,.T.);
#15923 = EDGE_LOOP('',(#15924,#15925,#15926,#15934,#15942,#15948));
#15924 = ORIENTED_EDGE('',*,*,#15789,.T.);
#15925 = ORIENTED_EDGE('',*,*,#15851,.T.);
#15926 = ORIENTED_EDGE('',*,*,#15927,.T.);
#15927 = EDGE_CURVE('',#15852,#15928,#15930,.T.);
#15928 = VERTEX_POINT('',#15929);
#15929 = CARTESIAN_POINT('',(187.97927405783,-18.25,-2.5));
#15930 = LINE('',#15931,#15932);
#15931 = CARTESIAN_POINT('',(192.02072594216,-18.25,-2.5));
#15932 = VECTOR('',#15933,1.);
#15933 = DIRECTION('',(-1.,0.,0.));
#15934 = ORIENTED_EDGE('',*,*,#15935,.T.);
#15935 = EDGE_CURVE('',#15928,#15936,#15938,.T.);
#15936 = VERTEX_POINT('',#15937);
#15937 = CARTESIAN_POINT('',(185.95854811567,-14.75,-2.5));
#15938 = LINE('',#15939,#15940);
#15939 = CARTESIAN_POINT('',(187.97927405783,-18.25,-2.5));
#15940 = VECTOR('',#15941,1.);
#15941 = DIRECTION('',(-0.5,0.866025403784,0.));
#15942 = ORIENTED_EDGE('',*,*,#15943,.T.);
#15943 = EDGE_CURVE('',#15936,#15822,#15944,.T.);
#15944 = LINE('',#15945,#15946);
#15945 = CARTESIAN_POINT('',(185.95854811567,-14.75,-2.5));
#15946 = VECTOR('',#15947,1.);
#15947 = DIRECTION('',(0.5,0.866025403784,0.));
#15948 = ORIENTED_EDGE('',*,*,#15829,.T.);
#15949 = FACE_BOUND('',#15950,.T.);
#15950 = EDGE_LOOP('',(#15951));
#15951 = ORIENTED_EDGE('',*,*,#15952,.F.);
#15952 = EDGE_CURVE('',#15953,#15953,#15955,.T.);
#15953 = VERTEX_POINT('',#15954);
#15954 = CARTESIAN_POINT('',(188.,-14.75,-2.5));
#15955 = CIRCLE('',#15956,2.);
#15956 = AXIS2_PLACEMENT_3D('',#15957,#15958,#15959);
#15957 = CARTESIAN_POINT('',(190.,-14.75,-2.5));
#15958 = DIRECTION('',(0.,0.,-1.));
#15959 = DIRECTION('',(-1.,0.,-0.));
#15960 = PLANE('',#15961);
#15961 = AXIS2_PLACEMENT_3D('',#15962,#15963,#15964);
#15962 = CARTESIAN_POINT('',(190.,-14.75,-2.5));
#15963 = DIRECTION('',(-0.,-0.,-1.));
#15964 = DIRECTION('',(-1.,0.,0.));
#15965 = ADVANCED_FACE('',(#15966),#15977,.F.);
#15966 = FACE_BOUND('',#15967,.F.);
#15967 = EDGE_LOOP('',(#15968,#15974,#15975,#15976));
#15968 = ORIENTED_EDGE('',*,*,#15969,.T.);
#15969 = EDGE_CURVE('',#15892,#15936,#15970,.T.);
#15970 = LINE('',#15971,#15972);
#15971 = CARTESIAN_POINT('',(185.95854811567,-14.75,2.5));
#15972 = VECTOR('',#15973,1.);
#15973 = DIRECTION('',(0.,0.,-1.));
#15974 = ORIENTED_EDGE('',*,*,#15943,.T.);
#15975 = ORIENTED_EDGE('',*,*,#15819,.F.);
#15976 = ORIENTED_EDGE('',*,*,#15899,.F.);
#15977 = PLANE('',#15978);
#15978 = AXIS2_PLACEMENT_3D('',#15979,#15980,#15981);
#15979 = CARTESIAN_POINT('',(185.95854811567,-14.75,2.5));
#15980 = DIRECTION('',(0.866025403784,-0.5,0.));
#15981 = DIRECTION('',(0.5,0.866025403784,0.));
#15982 = ADVANCED_FACE('',(#15983),#15994,.F.);
#15983 = FACE_BOUND('',#15984,.F.);
#15984 = EDGE_LOOP('',(#15985,#15986,#15987,#15993));
#15985 = ORIENTED_EDGE('',*,*,#15859,.T.);
#15986 = ORIENTED_EDGE('',*,*,#15927,.T.);
#15987 = ORIENTED_EDGE('',*,*,#15988,.F.);
#15988 = EDGE_CURVE('',#15884,#15928,#15989,.T.);
#15989 = LINE('',#15990,#15991);
#15990 = CARTESIAN_POINT('',(187.97927405783,-18.25,2.5));
#15991 = VECTOR('',#15992,1.);
#15992 = DIRECTION('',(0.,0.,-1.));
#15993 = ORIENTED_EDGE('',*,*,#15883,.F.);
#15994 = PLANE('',#15995);
#15995 = AXIS2_PLACEMENT_3D('',#15996,#15997,#15998);
#15996 = CARTESIAN_POINT('',(192.02072594216,-18.25,2.5));
#15997 = DIRECTION('',(0.,1.,0.));
#15998 = DIRECTION('',(-1.,0.,0.));
#15999 = ADVANCED_FACE('',(#16000),#16006,.F.);
#16000 = FACE_BOUND('',#16001,.F.);
#16001 = EDGE_LOOP('',(#16002,#16003,#16004,#16005));
#16002 = ORIENTED_EDGE('',*,*,#15988,.T.);
#16003 = ORIENTED_EDGE('',*,*,#15935,.T.);
#16004 = ORIENTED_EDGE('',*,*,#15969,.F.);
#16005 = ORIENTED_EDGE('',*,*,#15891,.F.);
#16006 = PLANE('',#16007);
#16007 = AXIS2_PLACEMENT_3D('',#16008,#16009,#16010);
#16008 = CARTESIAN_POINT('',(187.97927405783,-18.25,2.5));
#16009 = DIRECTION('',(0.866025403784,0.5,0.));
#16010 = DIRECTION('',(-0.5,0.866025403784,0.));
#16011 = ADVANCED_FACE('',(#16012),#16023,.F.);
#16012 = FACE_BOUND('',#16013,.F.);
#16013 = EDGE_LOOP('',(#16014,#16015,#16021,#16022));
#16014 = ORIENTED_EDGE('',*,*,#15952,.F.);
#16015 = ORIENTED_EDGE('',*,*,#16016,.F.);
#16016 = EDGE_CURVE('',#15909,#15953,#16017,.T.);
#16017 = LINE('',#16018,#16019);
#16018 = CARTESIAN_POINT('',(188.,-14.75,3.5));
#16019 = VECTOR('',#16020,1.);
#16020 = DIRECTION('',(0.,0.,-1.));
#16021 = ORIENTED_EDGE('',*,*,#15908,.T.);
#16022 = ORIENTED_EDGE('',*,*,#16016,.T.);
#16023 = CYLINDRICAL_SURFACE('',#16024,2.);
#16024 = AXIS2_PLACEMENT_3D('',#16025,#16026,#16027);
#16025 = CARTESIAN_POINT('',(190.,-14.75,3.5));
#16026 = DIRECTION('',(0.,0.,-1.));
#16027 = DIRECTION('',(-1.,0.,-0.));
#16028 = MANIFOLD_SOLID_BREP('',#16029);
#16029 = CLOSED_SHELL('',(#16030,#16063,#16083,#16142,#16167,#16198,
    #16222,#16246,#16270,#16294,#16311,#16320));
#16030 = ADVANCED_FACE('',(#16031),#16058,.T.);
#16031 = FACE_BOUND('',#16032,.T.);
#16032 = EDGE_LOOP('',(#16033,#16042,#16050,#16057));
#16033 = ORIENTED_EDGE('',*,*,#16034,.F.);
#16034 = EDGE_CURVE('',#16035,#16035,#16037,.T.);
#16035 = VERTEX_POINT('',#16036);
#16036 = CARTESIAN_POINT('',(176.5,34.75,10.));
#16037 = CIRCLE('',#16038,3.5);
#16038 = AXIS2_PLACEMENT_3D('',#16039,#16040,#16041);
#16039 = CARTESIAN_POINT('',(180.,34.75,10.));
#16040 = DIRECTION('',(0.,0.,-1.));
#16041 = DIRECTION('',(-1.,0.,-0.));
#16042 = ORIENTED_EDGE('',*,*,#16043,.F.);
#16043 = EDGE_CURVE('',#16044,#16035,#16046,.T.);
#16044 = VERTEX_POINT('',#16045);
#16045 = CARTESIAN_POINT('',(176.5,34.75,14.));
#16046 = LINE('',#16047,#16048);
#16047 = CARTESIAN_POINT('',(176.5,34.75,14.));
#16048 = VECTOR('',#16049,1.);
#16049 = DIRECTION('',(0.,0.,-1.));
#16050 = ORIENTED_EDGE('',*,*,#16051,.T.);
#16051 = EDGE_CURVE('',#16044,#16044,#16052,.T.);
#16052 = CIRCLE('',#16053,3.5);
#16053 = AXIS2_PLACEMENT_3D('',#16054,#16055,#16056);
#16054 = CARTESIAN_POINT('',(180.,34.75,14.));
#16055 = DIRECTION('',(0.,0.,-1.));
#16056 = DIRECTION('',(-1.,0.,-0.));
#16057 = ORIENTED_EDGE('',*,*,#16043,.T.);
#16058 = CYLINDRICAL_SURFACE('',#16059,3.5);
#16059 = AXIS2_PLACEMENT_3D('',#16060,#16061,#16062);
#16060 = CARTESIAN_POINT('',(180.,34.75,14.));
#16061 = DIRECTION('',(0.,0.,-1.));
#16062 = DIRECTION('',(-1.,0.,-0.));
#16063 = ADVANCED_FACE('',(#16064,#16067),#16078,.T.);
#16064 = FACE_BOUND('',#16065,.T.);
#16065 = EDGE_LOOP('',(#16066));
#16066 = ORIENTED_EDGE('',*,*,#16034,.T.);
#16067 = FACE_BOUND('',#16068,.T.);
#16068 = EDGE_LOOP('',(#16069));
#16069 = ORIENTED_EDGE('',*,*,#16070,.F.);
#16070 = EDGE_CURVE('',#16071,#16071,#16073,.T.);
#16071 = VERTEX_POINT('',#16072);
#16072 = CARTESIAN_POINT('',(178.,34.75,10.));
#16073 = CIRCLE('',#16074,2.);
#16074 = AXIS2_PLACEMENT_3D('',#16075,#16076,#16077);
#16075 = CARTESIAN_POINT('',(180.,34.75,10.));
#16076 = DIRECTION('',(0.,0.,-1.));
#16077 = DIRECTION('',(-1.,0.,-0.));
#16078 = PLANE('',#16079);
#16079 = AXIS2_PLACEMENT_3D('',#16080,#16081,#16082);
#16080 = CARTESIAN_POINT('',(180.,34.75,10.));
#16081 = DIRECTION('',(0.,0.,-1.));
#16082 = DIRECTION('',(-1.,0.,-0.));
#16083 = ADVANCED_FACE('',(#16084,#16087),#16137,.F.);
#16084 = FACE_BOUND('',#16085,.F.);
#16085 = EDGE_LOOP('',(#16086));
#16086 = ORIENTED_EDGE('',*,*,#16051,.T.);
#16087 = FACE_BOUND('',#16088,.F.);
#16088 = EDGE_LOOP('',(#16089,#16099,#16107,#16115,#16123,#16131));
#16089 = ORIENTED_EDGE('',*,*,#16090,.T.);
#16090 = EDGE_CURVE('',#16091,#16093,#16095,.T.);
#16091 = VERTEX_POINT('',#16092);
#16092 = CARTESIAN_POINT('',(178.5,33.883974596216,14.));
#16093 = VERTEX_POINT('',#16094);
#16094 = CARTESIAN_POINT('',(180.,33.017949192431,14.));
#16095 = LINE('',#16096,#16097);
#16096 = CARTESIAN_POINT('',(179.625,33.234455543377,14.));
#16097 = VECTOR('',#16098,1.);
#16098 = DIRECTION('',(0.866025403784,-0.5,0.));
#16099 = ORIENTED_EDGE('',*,*,#16100,.T.);
#16100 = EDGE_CURVE('',#16093,#16101,#16103,.T.);
#16101 = VERTEX_POINT('',#16102);
#16102 = CARTESIAN_POINT('',(181.5,33.883974596216,14.));
#16103 = LINE('',#16104,#16105);
#16104 = CARTESIAN_POINT('',(181.125,33.667468245269,14.));
#16105 = VECTOR('',#16106,1.);
#16106 = DIRECTION('',(0.866025403784,0.5,0.));
#16107 = ORIENTED_EDGE('',*,*,#16108,.T.);
#16108 = EDGE_CURVE('',#16101,#16109,#16111,.T.);
#16109 = VERTEX_POINT('',#16110);
#16110 = CARTESIAN_POINT('',(181.5,35.616025403784,14.));
#16111 = LINE('',#16112,#16113);
#16112 = CARTESIAN_POINT('',(181.5,35.183012701892,14.));
#16113 = VECTOR('',#16114,1.);
#16114 = DIRECTION('',(-0.,1.,0.));
#16115 = ORIENTED_EDGE('',*,*,#16116,.T.);
#16116 = EDGE_CURVE('',#16109,#16117,#16119,.T.);
#16117 = VERTEX_POINT('',#16118);
#16118 = CARTESIAN_POINT('',(180.,36.482050807569,14.));
#16119 = LINE('',#16120,#16121);
#16120 = CARTESIAN_POINT('',(180.375,36.265544456623,14.));
#16121 = VECTOR('',#16122,1.);
#16122 = DIRECTION('',(-0.866025403784,0.5,0.));
#16123 = ORIENTED_EDGE('',*,*,#16124,.T.);
#16124 = EDGE_CURVE('',#16117,#16125,#16127,.T.);
#16125 = VERTEX_POINT('',#16126);
#16126 = CARTESIAN_POINT('',(178.5,35.616025403784,14.));
#16127 = LINE('',#16128,#16129);
#16128 = CARTESIAN_POINT('',(178.875,35.832531754731,14.));
#16129 = VECTOR('',#16130,1.);
#16130 = DIRECTION('',(-0.866025403784,-0.5,-0.));
#16131 = ORIENTED_EDGE('',*,*,#16132,.T.);
#16132 = EDGE_CURVE('',#16125,#16091,#16133,.T.);
#16133 = LINE('',#16134,#16135);
#16134 = CARTESIAN_POINT('',(178.5,34.316987298108,14.));
#16135 = VECTOR('',#16136,1.);
#16136 = DIRECTION('',(0.,-1.,-0.));
#16137 = PLANE('',#16138);
#16138 = AXIS2_PLACEMENT_3D('',#16139,#16140,#16141);
#16139 = CARTESIAN_POINT('',(180.,34.75,14.));
#16140 = DIRECTION('',(0.,0.,-1.));
#16141 = DIRECTION('',(-1.,0.,-0.));
#16142 = ADVANCED_FACE('',(#16143),#16162,.T.);
#16143 = FACE_BOUND('',#16144,.T.);
#16144 = EDGE_LOOP('',(#16145,#16154,#16160,#16161));
#16145 = ORIENTED_EDGE('',*,*,#16146,.F.);
#16146 = EDGE_CURVE('',#16147,#16147,#16149,.T.);
#16147 = VERTEX_POINT('',#16148);
#16148 = CARTESIAN_POINT('',(178.,34.75,-6.));
#16149 = CIRCLE('',#16150,2.);
#16150 = AXIS2_PLACEMENT_3D('',#16151,#16152,#16153);
#16151 = CARTESIAN_POINT('',(180.,34.75,-6.));
#16152 = DIRECTION('',(0.,0.,-1.));
#16153 = DIRECTION('',(-1.,0.,-0.));
#16154 = ORIENTED_EDGE('',*,*,#16155,.F.);
#16155 = EDGE_CURVE('',#16071,#16147,#16156,.T.);
#16156 = LINE('',#16157,#16158);
#16157 = CARTESIAN_POINT('',(178.,34.75,10.));
#16158 = VECTOR('',#16159,1.);
#16159 = DIRECTION('',(0.,0.,-1.));
#16160 = ORIENTED_EDGE('',*,*,#16070,.T.);
#16161 = ORIENTED_EDGE('',*,*,#16155,.T.);
#16162 = CYLINDRICAL_SURFACE('',#16163,2.);
#16163 = AXIS2_PLACEMENT_3D('',#16164,#16165,#16166);
#16164 = CARTESIAN_POINT('',(180.,34.75,10.));
#16165 = DIRECTION('',(0.,0.,-1.));
#16166 = DIRECTION('',(-1.,0.,-0.));
#16167 = ADVANCED_FACE('',(#16168),#16193,.T.);
#16168 = FACE_BOUND('',#16169,.T.);
#16169 = EDGE_LOOP('',(#16170,#16171,#16179,#16187));
#16170 = ORIENTED_EDGE('',*,*,#16090,.T.);
#16171 = ORIENTED_EDGE('',*,*,#16172,.T.);
#16172 = EDGE_CURVE('',#16093,#16173,#16175,.T.);
#16173 = VERTEX_POINT('',#16174);
#16174 = CARTESIAN_POINT('',(180.,33.017949192431,11.6));
#16175 = LINE('',#16176,#16177);
#16176 = CARTESIAN_POINT('',(180.,33.017949192431,14.1));
#16177 = VECTOR('',#16178,1.);
#16178 = DIRECTION('',(0.,0.,-1.));
#16179 = ORIENTED_EDGE('',*,*,#16180,.T.);
#16180 = EDGE_CURVE('',#16173,#16181,#16183,.T.);
#16181 = VERTEX_POINT('',#16182);
#16182 = CARTESIAN_POINT('',(178.5,33.883974596216,11.6));
#16183 = LINE('',#16184,#16185);
#16184 = CARTESIAN_POINT('',(180.,33.017949192431,11.6));
#16185 = VECTOR('',#16186,1.);
#16186 = DIRECTION('',(-0.866025403784,0.5,0.));
#16187 = ORIENTED_EDGE('',*,*,#16188,.F.);
#16188 = EDGE_CURVE('',#16091,#16181,#16189,.T.);
#16189 = LINE('',#16190,#16191);
#16190 = CARTESIAN_POINT('',(178.5,33.883974596216,14.1));
#16191 = VECTOR('',#16192,1.);
#16192 = DIRECTION('',(0.,0.,-1.));
#16193 = PLANE('',#16194);
#16194 = AXIS2_PLACEMENT_3D('',#16195,#16196,#16197);
#16195 = CARTESIAN_POINT('',(180.,33.017949192431,14.1));
#16196 = DIRECTION('',(0.5,0.866025403784,0.));
#16197 = DIRECTION('',(-0.866025403784,0.5,0.));
#16198 = ADVANCED_FACE('',(#16199),#16217,.T.);
#16199 = FACE_BOUND('',#16200,.T.);
#16200 = EDGE_LOOP('',(#16201,#16202,#16203,#16211));
#16201 = ORIENTED_EDGE('',*,*,#16132,.T.);
#16202 = ORIENTED_EDGE('',*,*,#16188,.T.);
#16203 = ORIENTED_EDGE('',*,*,#16204,.T.);
#16204 = EDGE_CURVE('',#16181,#16205,#16207,.T.);
#16205 = VERTEX_POINT('',#16206);
#16206 = CARTESIAN_POINT('',(178.5,35.616025403784,11.6));
#16207 = LINE('',#16208,#16209);
#16208 = CARTESIAN_POINT('',(178.5,33.883974596216,11.6));
#16209 = VECTOR('',#16210,1.);
#16210 = DIRECTION('',(0.,1.,0.));
#16211 = ORIENTED_EDGE('',*,*,#16212,.F.);
#16212 = EDGE_CURVE('',#16125,#16205,#16213,.T.);
#16213 = LINE('',#16214,#16215);
#16214 = CARTESIAN_POINT('',(178.5,35.616025403784,14.1));
#16215 = VECTOR('',#16216,1.);
#16216 = DIRECTION('',(0.,0.,-1.));
#16217 = PLANE('',#16218);
#16218 = AXIS2_PLACEMENT_3D('',#16219,#16220,#16221);
#16219 = CARTESIAN_POINT('',(178.5,33.883974596216,14.1));
#16220 = DIRECTION('',(1.,-0.,0.));
#16221 = DIRECTION('',(0.,1.,0.));
#16222 = ADVANCED_FACE('',(#16223),#16241,.T.);
#16223 = FACE_BOUND('',#16224,.T.);
#16224 = EDGE_LOOP('',(#16225,#16226,#16227,#16235));
#16225 = ORIENTED_EDGE('',*,*,#16124,.T.);
#16226 = ORIENTED_EDGE('',*,*,#16212,.T.);
#16227 = ORIENTED_EDGE('',*,*,#16228,.T.);
#16228 = EDGE_CURVE('',#16205,#16229,#16231,.T.);
#16229 = VERTEX_POINT('',#16230);
#16230 = CARTESIAN_POINT('',(180.,36.482050807569,11.6));
#16231 = LINE('',#16232,#16233);
#16232 = CARTESIAN_POINT('',(178.5,35.616025403784,11.6));
#16233 = VECTOR('',#16234,1.);
#16234 = DIRECTION('',(0.866025403784,0.5,0.));
#16235 = ORIENTED_EDGE('',*,*,#16236,.F.);
#16236 = EDGE_CURVE('',#16117,#16229,#16237,.T.);
#16237 = LINE('',#16238,#16239);
#16238 = CARTESIAN_POINT('',(180.,36.482050807569,14.1));
#16239 = VECTOR('',#16240,1.);
#16240 = DIRECTION('',(0.,0.,-1.));
#16241 = PLANE('',#16242);
#16242 = AXIS2_PLACEMENT_3D('',#16243,#16244,#16245);
#16243 = CARTESIAN_POINT('',(178.5,35.616025403784,14.1));
#16244 = DIRECTION('',(0.5,-0.866025403784,0.));
#16245 = DIRECTION('',(0.866025403784,0.5,0.));
#16246 = ADVANCED_FACE('',(#16247),#16265,.T.);
#16247 = FACE_BOUND('',#16248,.T.);
#16248 = EDGE_LOOP('',(#16249,#16250,#16251,#16259));
#16249 = ORIENTED_EDGE('',*,*,#16116,.T.);
#16250 = ORIENTED_EDGE('',*,*,#16236,.T.);
#16251 = ORIENTED_EDGE('',*,*,#16252,.T.);
#16252 = EDGE_CURVE('',#16229,#16253,#16255,.T.);
#16253 = VERTEX_POINT('',#16254);
#16254 = CARTESIAN_POINT('',(181.5,35.616025403784,11.6));
#16255 = LINE('',#16256,#16257);
#16256 = CARTESIAN_POINT('',(180.,36.482050807569,11.6));
#16257 = VECTOR('',#16258,1.);
#16258 = DIRECTION('',(0.866025403784,-0.5,0.));
#16259 = ORIENTED_EDGE('',*,*,#16260,.F.);
#16260 = EDGE_CURVE('',#16109,#16253,#16261,.T.);
#16261 = LINE('',#16262,#16263);
#16262 = CARTESIAN_POINT('',(181.5,35.616025403784,14.1));
#16263 = VECTOR('',#16264,1.);
#16264 = DIRECTION('',(0.,0.,-1.));
#16265 = PLANE('',#16266);
#16266 = AXIS2_PLACEMENT_3D('',#16267,#16268,#16269);
#16267 = CARTESIAN_POINT('',(180.,36.482050807569,14.1));
#16268 = DIRECTION('',(-0.5,-0.866025403784,-0.));
#16269 = DIRECTION('',(0.866025403784,-0.5,0.));
#16270 = ADVANCED_FACE('',(#16271),#16289,.T.);
#16271 = FACE_BOUND('',#16272,.T.);
#16272 = EDGE_LOOP('',(#16273,#16274,#16275,#16283));
#16273 = ORIENTED_EDGE('',*,*,#16108,.T.);
#16274 = ORIENTED_EDGE('',*,*,#16260,.T.);
#16275 = ORIENTED_EDGE('',*,*,#16276,.T.);
#16276 = EDGE_CURVE('',#16253,#16277,#16279,.T.);
#16277 = VERTEX_POINT('',#16278);
#16278 = CARTESIAN_POINT('',(181.5,33.883974596216,11.6));
#16279 = LINE('',#16280,#16281);
#16280 = CARTESIAN_POINT('',(181.5,35.616025403784,11.6));
#16281 = VECTOR('',#16282,1.);
#16282 = DIRECTION('',(0.,-1.,0.));
#16283 = ORIENTED_EDGE('',*,*,#16284,.F.);
#16284 = EDGE_CURVE('',#16101,#16277,#16285,.T.);
#16285 = LINE('',#16286,#16287);
#16286 = CARTESIAN_POINT('',(181.5,33.883974596216,14.1));
#16287 = VECTOR('',#16288,1.);
#16288 = DIRECTION('',(0.,0.,-1.));
#16289 = PLANE('',#16290);
#16290 = AXIS2_PLACEMENT_3D('',#16291,#16292,#16293);
#16291 = CARTESIAN_POINT('',(181.5,35.616025403784,14.1));
#16292 = DIRECTION('',(-1.,-0.,-0.));
#16293 = DIRECTION('',(0.,-1.,0.));
#16294 = ADVANCED_FACE('',(#16295),#16306,.T.);
#16295 = FACE_BOUND('',#16296,.T.);
#16296 = EDGE_LOOP('',(#16297,#16298,#16299,#16305));
#16297 = ORIENTED_EDGE('',*,*,#16100,.T.);
#16298 = ORIENTED_EDGE('',*,*,#16284,.T.);
#16299 = ORIENTED_EDGE('',*,*,#16300,.T.);
#16300 = EDGE_CURVE('',#16277,#16173,#16301,.T.);
#16301 = LINE('',#16302,#16303);
#16302 = CARTESIAN_POINT('',(181.5,33.883974596216,11.6));
#16303 = VECTOR('',#16304,1.);
#16304 = DIRECTION('',(-0.866025403784,-0.5,0.));
#16305 = ORIENTED_EDGE('',*,*,#16172,.F.);
#16306 = PLANE('',#16307);
#16307 = AXIS2_PLACEMENT_3D('',#16308,#16309,#16310);
#16308 = CARTESIAN_POINT('',(181.5,33.883974596216,14.1));
#16309 = DIRECTION('',(-0.5,0.866025403784,0.));
#16310 = DIRECTION('',(-0.866025403784,-0.5,0.));
#16311 = ADVANCED_FACE('',(#16312),#16315,.T.);
#16312 = FACE_BOUND('',#16313,.T.);
#16313 = EDGE_LOOP('',(#16314));
#16314 = ORIENTED_EDGE('',*,*,#16146,.T.);
#16315 = PLANE('',#16316);
#16316 = AXIS2_PLACEMENT_3D('',#16317,#16318,#16319);
#16317 = CARTESIAN_POINT('',(180.,34.75,-6.));
#16318 = DIRECTION('',(0.,0.,-1.));
#16319 = DIRECTION('',(-1.,0.,-0.));
#16320 = ADVANCED_FACE('',(#16321),#16329,.F.);
#16321 = FACE_BOUND('',#16322,.F.);
#16322 = EDGE_LOOP('',(#16323,#16324,#16325,#16326,#16327,#16328));
#16323 = ORIENTED_EDGE('',*,*,#16300,.T.);
#16324 = ORIENTED_EDGE('',*,*,#16180,.T.);
#16325 = ORIENTED_EDGE('',*,*,#16204,.T.);
#16326 = ORIENTED_EDGE('',*,*,#16228,.T.);
#16327 = ORIENTED_EDGE('',*,*,#16252,.T.);
#16328 = ORIENTED_EDGE('',*,*,#16276,.T.);
#16329 = PLANE('',#16330);
#16330 = AXIS2_PLACEMENT_3D('',#16331,#16332,#16333);
#16331 = CARTESIAN_POINT('',(180.,34.75,11.6));
#16332 = DIRECTION('',(-0.,-0.,-1.));
#16333 = DIRECTION('',(-1.,0.,0.));
#16334 = MANIFOLD_SOLID_BREP('',#16335);
#16335 = CLOSED_SHELL('',(#16336,#16376,#16407,#16438,#16482,#16526,
    #16543,#16560,#16572));
#16336 = ADVANCED_FACE('',(#16337),#16371,.F.);
#16337 = FACE_BOUND('',#16338,.F.);
#16338 = EDGE_LOOP('',(#16339,#16349,#16357,#16365));
#16339 = ORIENTED_EDGE('',*,*,#16340,.T.);
#16340 = EDGE_CURVE('',#16341,#16343,#16345,.T.);
#16341 = VERTEX_POINT('',#16342);
#16342 = CARTESIAN_POINT('',(177.97927405783,31.25,2.5));
#16343 = VERTEX_POINT('',#16344);
#16344 = CARTESIAN_POINT('',(177.97927405783,31.25,-2.5));
#16345 = LINE('',#16346,#16347);
#16346 = CARTESIAN_POINT('',(177.97927405783,31.25,2.5));
#16347 = VECTOR('',#16348,1.);
#16348 = DIRECTION('',(0.,0.,-1.));
#16349 = ORIENTED_EDGE('',*,*,#16350,.T.);
#16350 = EDGE_CURVE('',#16343,#16351,#16353,.T.);
#16351 = VERTEX_POINT('',#16352);
#16352 = CARTESIAN_POINT('',(175.95854811567,34.75,-2.5));
#16353 = LINE('',#16354,#16355);
#16354 = CARTESIAN_POINT('',(177.97927405783,31.25,-2.5));
#16355 = VECTOR('',#16356,1.);
#16356 = DIRECTION('',(-0.5,0.866025403784,0.));
#16357 = ORIENTED_EDGE('',*,*,#16358,.F.);
#16358 = EDGE_CURVE('',#16359,#16351,#16361,.T.);
#16359 = VERTEX_POINT('',#16360);
#16360 = CARTESIAN_POINT('',(175.95854811567,34.75,2.5));
#16361 = LINE('',#16362,#16363);
#16362 = CARTESIAN_POINT('',(175.95854811567,34.75,2.5));
#16363 = VECTOR('',#16364,1.);
#16364 = DIRECTION('',(0.,0.,-1.));
#16365 = ORIENTED_EDGE('',*,*,#16366,.F.);
#16366 = EDGE_CURVE('',#16341,#16359,#16367,.T.);
#16367 = LINE('',#16368,#16369);
#16368 = CARTESIAN_POINT('',(177.97927405783,31.25,2.5));
#16369 = VECTOR('',#16370,1.);
#16370 = DIRECTION('',(-0.5,0.866025403784,0.));
#16371 = PLANE('',#16372);
#16372 = AXIS2_PLACEMENT_3D('',#16373,#16374,#16375);
#16373 = CARTESIAN_POINT('',(177.97927405783,31.25,2.5));
#16374 = DIRECTION('',(0.866025403784,0.5,0.));
#16375 = DIRECTION('',(-0.5,0.866025403784,0.));
#16376 = ADVANCED_FACE('',(#16377),#16402,.F.);
#16377 = FACE_BOUND('',#16378,.F.);
#16378 = EDGE_LOOP('',(#16379,#16389,#16395,#16396));
#16379 = ORIENTED_EDGE('',*,*,#16380,.T.);
#16380 = EDGE_CURVE('',#16381,#16383,#16385,.T.);
#16381 = VERTEX_POINT('',#16382);
#16382 = CARTESIAN_POINT('',(182.02072594216,31.25,2.5));
#16383 = VERTEX_POINT('',#16384);
#16384 = CARTESIAN_POINT('',(182.02072594216,31.25,-2.5));
#16385 = LINE('',#16386,#16387);
#16386 = CARTESIAN_POINT('',(182.02072594216,31.25,2.5));
#16387 = VECTOR('',#16388,1.);
#16388 = DIRECTION('',(0.,0.,-1.));
#16389 = ORIENTED_EDGE('',*,*,#16390,.T.);
#16390 = EDGE_CURVE('',#16383,#16343,#16391,.T.);
#16391 = LINE('',#16392,#16393);
#16392 = CARTESIAN_POINT('',(182.02072594216,31.25,-2.5));
#16393 = VECTOR('',#16394,1.);
#16394 = DIRECTION('',(-1.,0.,0.));
#16395 = ORIENTED_EDGE('',*,*,#16340,.F.);
#16396 = ORIENTED_EDGE('',*,*,#16397,.F.);
#16397 = EDGE_CURVE('',#16381,#16341,#16398,.T.);
#16398 = LINE('',#16399,#16400);
#16399 = CARTESIAN_POINT('',(182.02072594216,31.25,2.5));
#16400 = VECTOR('',#16401,1.);
#16401 = DIRECTION('',(-1.,0.,0.));
#16402 = PLANE('',#16403);
#16403 = AXIS2_PLACEMENT_3D('',#16404,#16405,#16406);
#16404 = CARTESIAN_POINT('',(182.02072594216,31.25,2.5));
#16405 = DIRECTION('',(0.,1.,0.));
#16406 = DIRECTION('',(-1.,0.,0.));
#16407 = ADVANCED_FACE('',(#16408),#16433,.F.);
#16408 = FACE_BOUND('',#16409,.F.);
#16409 = EDGE_LOOP('',(#16410,#16411,#16419,#16427));
#16410 = ORIENTED_EDGE('',*,*,#16358,.T.);
#16411 = ORIENTED_EDGE('',*,*,#16412,.T.);
#16412 = EDGE_CURVE('',#16351,#16413,#16415,.T.);
#16413 = VERTEX_POINT('',#16414);
#16414 = CARTESIAN_POINT('',(177.97927405783,38.25,-2.5));
#16415 = LINE('',#16416,#16417);
#16416 = CARTESIAN_POINT('',(175.95854811567,34.75,-2.5));
#16417 = VECTOR('',#16418,1.);
#16418 = DIRECTION('',(0.5,0.866025403784,0.));
#16419 = ORIENTED_EDGE('',*,*,#16420,.F.);
#16420 = EDGE_CURVE('',#16421,#16413,#16423,.T.);
#16421 = VERTEX_POINT('',#16422);
#16422 = CARTESIAN_POINT('',(177.97927405783,38.25,2.5));
#16423 = LINE('',#16424,#16425);
#16424 = CARTESIAN_POINT('',(177.97927405783,38.25,2.5));
#16425 = VECTOR('',#16426,1.);
#16426 = DIRECTION('',(0.,0.,-1.));
#16427 = ORIENTED_EDGE('',*,*,#16428,.F.);
#16428 = EDGE_CURVE('',#16359,#16421,#16429,.T.);
#16429 = LINE('',#16430,#16431);
#16430 = CARTESIAN_POINT('',(175.95854811567,34.75,2.5));
#16431 = VECTOR('',#16432,1.);
#16432 = DIRECTION('',(0.5,0.866025403784,0.));
#16433 = PLANE('',#16434);
#16434 = AXIS2_PLACEMENT_3D('',#16435,#16436,#16437);
#16435 = CARTESIAN_POINT('',(175.95854811567,34.75,2.5));
#16436 = DIRECTION('',(0.866025403784,-0.5,0.));
#16437 = DIRECTION('',(0.5,0.866025403784,0.));
#16438 = ADVANCED_FACE('',(#16439,#16466),#16477,.F.);
#16439 = FACE_BOUND('',#16440,.F.);
#16440 = EDGE_LOOP('',(#16441,#16442,#16443,#16451,#16459,#16465));
#16441 = ORIENTED_EDGE('',*,*,#16366,.T.);
#16442 = ORIENTED_EDGE('',*,*,#16428,.T.);
#16443 = ORIENTED_EDGE('',*,*,#16444,.T.);
#16444 = EDGE_CURVE('',#16421,#16445,#16447,.T.);
#16445 = VERTEX_POINT('',#16446);
#16446 = CARTESIAN_POINT('',(182.02072594216,38.25,2.5));
#16447 = LINE('',#16448,#16449);
#16448 = CARTESIAN_POINT('',(177.97927405783,38.25,2.5));
#16449 = VECTOR('',#16450,1.);
#16450 = DIRECTION('',(1.,0.,0.));
#16451 = ORIENTED_EDGE('',*,*,#16452,.T.);
#16452 = EDGE_CURVE('',#16445,#16453,#16455,.T.);
#16453 = VERTEX_POINT('',#16454);
#16454 = CARTESIAN_POINT('',(184.04145188432,34.75,2.5));
#16455 = LINE('',#16456,#16457);
#16456 = CARTESIAN_POINT('',(182.02072594216,38.25,2.5));
#16457 = VECTOR('',#16458,1.);
#16458 = DIRECTION('',(0.5,-0.866025403784,0.));
#16459 = ORIENTED_EDGE('',*,*,#16460,.T.);
#16460 = EDGE_CURVE('',#16453,#16381,#16461,.T.);
#16461 = LINE('',#16462,#16463);
#16462 = CARTESIAN_POINT('',(184.04145188432,34.75,2.5));
#16463 = VECTOR('',#16464,1.);
#16464 = DIRECTION('',(-0.5,-0.866025403784,0.));
#16465 = ORIENTED_EDGE('',*,*,#16397,.T.);
#16466 = FACE_BOUND('',#16467,.F.);
#16467 = EDGE_LOOP('',(#16468));
#16468 = ORIENTED_EDGE('',*,*,#16469,.F.);
#16469 = EDGE_CURVE('',#16470,#16470,#16472,.T.);
#16470 = VERTEX_POINT('',#16471);
#16471 = CARTESIAN_POINT('',(178.,34.75,2.5));
#16472 = CIRCLE('',#16473,2.);
#16473 = AXIS2_PLACEMENT_3D('',#16474,#16475,#16476);
#16474 = CARTESIAN_POINT('',(180.,34.75,2.5));
#16475 = DIRECTION('',(0.,0.,-1.));
#16476 = DIRECTION('',(-1.,0.,-0.));
#16477 = PLANE('',#16478);
#16478 = AXIS2_PLACEMENT_3D('',#16479,#16480,#16481);
#16479 = CARTESIAN_POINT('',(180.,34.75,2.5));
#16480 = DIRECTION('',(-0.,-0.,-1.));
#16481 = DIRECTION('',(-1.,0.,0.));
#16482 = ADVANCED_FACE('',(#16483,#16510),#16521,.T.);
#16483 = FACE_BOUND('',#16484,.T.);
#16484 = EDGE_LOOP('',(#16485,#16486,#16487,#16495,#16503,#16509));
#16485 = ORIENTED_EDGE('',*,*,#16350,.T.);
#16486 = ORIENTED_EDGE('',*,*,#16412,.T.);
#16487 = ORIENTED_EDGE('',*,*,#16488,.T.);
#16488 = EDGE_CURVE('',#16413,#16489,#16491,.T.);
#16489 = VERTEX_POINT('',#16490);
#16490 = CARTESIAN_POINT('',(182.02072594216,38.25,-2.5));
#16491 = LINE('',#16492,#16493);
#16492 = CARTESIAN_POINT('',(177.97927405783,38.25,-2.5));
#16493 = VECTOR('',#16494,1.);
#16494 = DIRECTION('',(1.,0.,0.));
#16495 = ORIENTED_EDGE('',*,*,#16496,.T.);
#16496 = EDGE_CURVE('',#16489,#16497,#16499,.T.);
#16497 = VERTEX_POINT('',#16498);
#16498 = CARTESIAN_POINT('',(184.04145188432,34.75,-2.5));
#16499 = LINE('',#16500,#16501);
#16500 = CARTESIAN_POINT('',(182.02072594216,38.25,-2.5));
#16501 = VECTOR('',#16502,1.);
#16502 = DIRECTION('',(0.5,-0.866025403784,0.));
#16503 = ORIENTED_EDGE('',*,*,#16504,.T.);
#16504 = EDGE_CURVE('',#16497,#16383,#16505,.T.);
#16505 = LINE('',#16506,#16507);
#16506 = CARTESIAN_POINT('',(184.04145188432,34.75,-2.5));
#16507 = VECTOR('',#16508,1.);
#16508 = DIRECTION('',(-0.5,-0.866025403784,0.));
#16509 = ORIENTED_EDGE('',*,*,#16390,.T.);
#16510 = FACE_BOUND('',#16511,.T.);
#16511 = EDGE_LOOP('',(#16512));
#16512 = ORIENTED_EDGE('',*,*,#16513,.F.);
#16513 = EDGE_CURVE('',#16514,#16514,#16516,.T.);
#16514 = VERTEX_POINT('',#16515);
#16515 = CARTESIAN_POINT('',(178.,34.75,-2.5));
#16516 = CIRCLE('',#16517,2.);
#16517 = AXIS2_PLACEMENT_3D('',#16518,#16519,#16520);
#16518 = CARTESIAN_POINT('',(180.,34.75,-2.5));
#16519 = DIRECTION('',(0.,0.,-1.));
#16520 = DIRECTION('',(-1.,0.,-0.));
#16521 = PLANE('',#16522);
#16522 = AXIS2_PLACEMENT_3D('',#16523,#16524,#16525);
#16523 = CARTESIAN_POINT('',(180.,34.75,-2.5));
#16524 = DIRECTION('',(-0.,-0.,-1.));
#16525 = DIRECTION('',(-1.,0.,0.));
#16526 = ADVANCED_FACE('',(#16527),#16538,.F.);
#16527 = FACE_BOUND('',#16528,.F.);
#16528 = EDGE_LOOP('',(#16529,#16535,#16536,#16537));
#16529 = ORIENTED_EDGE('',*,*,#16530,.T.);
#16530 = EDGE_CURVE('',#16453,#16497,#16531,.T.);
#16531 = LINE('',#16532,#16533);
#16532 = CARTESIAN_POINT('',(184.04145188432,34.75,2.5));
#16533 = VECTOR('',#16534,1.);
#16534 = DIRECTION('',(0.,0.,-1.));
#16535 = ORIENTED_EDGE('',*,*,#16504,.T.);
#16536 = ORIENTED_EDGE('',*,*,#16380,.F.);
#16537 = ORIENTED_EDGE('',*,*,#16460,.F.);
#16538 = PLANE('',#16539);
#16539 = AXIS2_PLACEMENT_3D('',#16540,#16541,#16542);
#16540 = CARTESIAN_POINT('',(184.04145188432,34.75,2.5));
#16541 = DIRECTION('',(-0.866025403784,0.5,0.));
#16542 = DIRECTION('',(-0.5,-0.866025403784,0.));
#16543 = ADVANCED_FACE('',(#16544),#16555,.F.);
#16544 = FACE_BOUND('',#16545,.F.);
#16545 = EDGE_LOOP('',(#16546,#16547,#16548,#16554));
#16546 = ORIENTED_EDGE('',*,*,#16420,.T.);
#16547 = ORIENTED_EDGE('',*,*,#16488,.T.);
#16548 = ORIENTED_EDGE('',*,*,#16549,.F.);
#16549 = EDGE_CURVE('',#16445,#16489,#16550,.T.);
#16550 = LINE('',#16551,#16552);
#16551 = CARTESIAN_POINT('',(182.02072594216,38.25,2.5));
#16552 = VECTOR('',#16553,1.);
#16553 = DIRECTION('',(0.,0.,-1.));
#16554 = ORIENTED_EDGE('',*,*,#16444,.F.);
#16555 = PLANE('',#16556);
#16556 = AXIS2_PLACEMENT_3D('',#16557,#16558,#16559);
#16557 = CARTESIAN_POINT('',(177.97927405783,38.25,2.5));
#16558 = DIRECTION('',(0.,-1.,0.));
#16559 = DIRECTION('',(1.,0.,0.));
#16560 = ADVANCED_FACE('',(#16561),#16567,.F.);
#16561 = FACE_BOUND('',#16562,.F.);
#16562 = EDGE_LOOP('',(#16563,#16564,#16565,#16566));
#16563 = ORIENTED_EDGE('',*,*,#16549,.T.);
#16564 = ORIENTED_EDGE('',*,*,#16496,.T.);
#16565 = ORIENTED_EDGE('',*,*,#16530,.F.);
#16566 = ORIENTED_EDGE('',*,*,#16452,.F.);
#16567 = PLANE('',#16568);
#16568 = AXIS2_PLACEMENT_3D('',#16569,#16570,#16571);
#16569 = CARTESIAN_POINT('',(182.02072594216,38.25,2.5));
#16570 = DIRECTION('',(-0.866025403784,-0.5,-0.));
#16571 = DIRECTION('',(0.5,-0.866025403784,0.));
#16572 = ADVANCED_FACE('',(#16573),#16584,.F.);
#16573 = FACE_BOUND('',#16574,.F.);
#16574 = EDGE_LOOP('',(#16575,#16576,#16582,#16583));
#16575 = ORIENTED_EDGE('',*,*,#16513,.F.);
#16576 = ORIENTED_EDGE('',*,*,#16577,.F.);
#16577 = EDGE_CURVE('',#16470,#16514,#16578,.T.);
#16578 = LINE('',#16579,#16580);
#16579 = CARTESIAN_POINT('',(178.,34.75,3.5));
#16580 = VECTOR('',#16581,1.);
#16581 = DIRECTION('',(0.,0.,-1.));
#16582 = ORIENTED_EDGE('',*,*,#16469,.T.);
#16583 = ORIENTED_EDGE('',*,*,#16577,.T.);
#16584 = CYLINDRICAL_SURFACE('',#16585,2.);
#16585 = AXIS2_PLACEMENT_3D('',#16586,#16587,#16588);
#16586 = CARTESIAN_POINT('',(180.,34.75,3.5));
#16587 = DIRECTION('',(0.,0.,-1.));
#16588 = DIRECTION('',(-1.,0.,-0.));
#16589 = MANIFOLD_SOLID_BREP('',#16590);
#16590 = CLOSED_SHELL('',(#16591,#16624,#16644,#16703,#16728,#16759,
    #16783,#16807,#16831,#16855,#16872,#16881));
#16591 = ADVANCED_FACE('',(#16592),#16619,.T.);
#16592 = FACE_BOUND('',#16593,.T.);
#16593 = EDGE_LOOP('',(#16594,#16603,#16611,#16618));
#16594 = ORIENTED_EDGE('',*,*,#16595,.F.);
#16595 = EDGE_CURVE('',#16596,#16596,#16598,.T.);
#16596 = VERTEX_POINT('',#16597);
#16597 = CARTESIAN_POINT('',(186.5,34.75,10.));
#16598 = CIRCLE('',#16599,3.5);
#16599 = AXIS2_PLACEMENT_3D('',#16600,#16601,#16602);
#16600 = CARTESIAN_POINT('',(190.,34.75,10.));
#16601 = DIRECTION('',(0.,0.,-1.));
#16602 = DIRECTION('',(-1.,0.,-0.));
#16603 = ORIENTED_EDGE('',*,*,#16604,.F.);
#16604 = EDGE_CURVE('',#16605,#16596,#16607,.T.);
#16605 = VERTEX_POINT('',#16606);
#16606 = CARTESIAN_POINT('',(186.5,34.75,14.));
#16607 = LINE('',#16608,#16609);
#16608 = CARTESIAN_POINT('',(186.5,34.75,14.));
#16609 = VECTOR('',#16610,1.);
#16610 = DIRECTION('',(0.,0.,-1.));
#16611 = ORIENTED_EDGE('',*,*,#16612,.T.);
#16612 = EDGE_CURVE('',#16605,#16605,#16613,.T.);
#16613 = CIRCLE('',#16614,3.5);
#16614 = AXIS2_PLACEMENT_3D('',#16615,#16616,#16617);
#16615 = CARTESIAN_POINT('',(190.,34.75,14.));
#16616 = DIRECTION('',(0.,0.,-1.));
#16617 = DIRECTION('',(-1.,0.,-0.));
#16618 = ORIENTED_EDGE('',*,*,#16604,.T.);
#16619 = CYLINDRICAL_SURFACE('',#16620,3.5);
#16620 = AXIS2_PLACEMENT_3D('',#16621,#16622,#16623);
#16621 = CARTESIAN_POINT('',(190.,34.75,14.));
#16622 = DIRECTION('',(0.,0.,-1.));
#16623 = DIRECTION('',(-1.,0.,-0.));
#16624 = ADVANCED_FACE('',(#16625,#16628),#16639,.T.);
#16625 = FACE_BOUND('',#16626,.T.);
#16626 = EDGE_LOOP('',(#16627));
#16627 = ORIENTED_EDGE('',*,*,#16595,.T.);
#16628 = FACE_BOUND('',#16629,.T.);
#16629 = EDGE_LOOP('',(#16630));
#16630 = ORIENTED_EDGE('',*,*,#16631,.F.);
#16631 = EDGE_CURVE('',#16632,#16632,#16634,.T.);
#16632 = VERTEX_POINT('',#16633);
#16633 = CARTESIAN_POINT('',(188.,34.75,10.));
#16634 = CIRCLE('',#16635,2.);
#16635 = AXIS2_PLACEMENT_3D('',#16636,#16637,#16638);
#16636 = CARTESIAN_POINT('',(190.,34.75,10.));
#16637 = DIRECTION('',(0.,0.,-1.));
#16638 = DIRECTION('',(-1.,0.,-0.));
#16639 = PLANE('',#16640);
#16640 = AXIS2_PLACEMENT_3D('',#16641,#16642,#16643);
#16641 = CARTESIAN_POINT('',(190.,34.75,10.));
#16642 = DIRECTION('',(0.,0.,-1.));
#16643 = DIRECTION('',(-1.,0.,-0.));
#16644 = ADVANCED_FACE('',(#16645,#16648),#16698,.F.);
#16645 = FACE_BOUND('',#16646,.F.);
#16646 = EDGE_LOOP('',(#16647));
#16647 = ORIENTED_EDGE('',*,*,#16612,.T.);
#16648 = FACE_BOUND('',#16649,.F.);
#16649 = EDGE_LOOP('',(#16650,#16660,#16668,#16676,#16684,#16692));
#16650 = ORIENTED_EDGE('',*,*,#16651,.T.);
#16651 = EDGE_CURVE('',#16652,#16654,#16656,.T.);
#16652 = VERTEX_POINT('',#16653);
#16653 = CARTESIAN_POINT('',(188.5,33.883974596216,14.));
#16654 = VERTEX_POINT('',#16655);
#16655 = CARTESIAN_POINT('',(190.,33.017949192431,14.));
#16656 = LINE('',#16657,#16658);
#16657 = CARTESIAN_POINT('',(189.625,33.234455543377,14.));
#16658 = VECTOR('',#16659,1.);
#16659 = DIRECTION('',(0.866025403784,-0.5,0.));
#16660 = ORIENTED_EDGE('',*,*,#16661,.T.);
#16661 = EDGE_CURVE('',#16654,#16662,#16664,.T.);
#16662 = VERTEX_POINT('',#16663);
#16663 = CARTESIAN_POINT('',(191.5,33.883974596216,14.));
#16664 = LINE('',#16665,#16666);
#16665 = CARTESIAN_POINT('',(191.125,33.667468245269,14.));
#16666 = VECTOR('',#16667,1.);
#16667 = DIRECTION('',(0.866025403784,0.5,0.));
#16668 = ORIENTED_EDGE('',*,*,#16669,.T.);
#16669 = EDGE_CURVE('',#16662,#16670,#16672,.T.);
#16670 = VERTEX_POINT('',#16671);
#16671 = CARTESIAN_POINT('',(191.5,35.616025403784,14.));
#16672 = LINE('',#16673,#16674);
#16673 = CARTESIAN_POINT('',(191.5,35.183012701892,14.));
#16674 = VECTOR('',#16675,1.);
#16675 = DIRECTION('',(-0.,1.,0.));
#16676 = ORIENTED_EDGE('',*,*,#16677,.T.);
#16677 = EDGE_CURVE('',#16670,#16678,#16680,.T.);
#16678 = VERTEX_POINT('',#16679);
#16679 = CARTESIAN_POINT('',(190.,36.482050807569,14.));
#16680 = LINE('',#16681,#16682);
#16681 = CARTESIAN_POINT('',(190.375,36.265544456623,14.));
#16682 = VECTOR('',#16683,1.);
#16683 = DIRECTION('',(-0.866025403784,0.5,0.));
#16684 = ORIENTED_EDGE('',*,*,#16685,.T.);
#16685 = EDGE_CURVE('',#16678,#16686,#16688,.T.);
#16686 = VERTEX_POINT('',#16687);
#16687 = CARTESIAN_POINT('',(188.5,35.616025403784,14.));
#16688 = LINE('',#16689,#16690);
#16689 = CARTESIAN_POINT('',(188.875,35.832531754731,14.));
#16690 = VECTOR('',#16691,1.);
#16691 = DIRECTION('',(-0.866025403784,-0.5,-0.));
#16692 = ORIENTED_EDGE('',*,*,#16693,.T.);
#16693 = EDGE_CURVE('',#16686,#16652,#16694,.T.);
#16694 = LINE('',#16695,#16696);
#16695 = CARTESIAN_POINT('',(188.5,34.316987298108,14.));
#16696 = VECTOR('',#16697,1.);
#16697 = DIRECTION('',(0.,-1.,-0.));
#16698 = PLANE('',#16699);
#16699 = AXIS2_PLACEMENT_3D('',#16700,#16701,#16702);
#16700 = CARTESIAN_POINT('',(190.,34.75,14.));
#16701 = DIRECTION('',(0.,0.,-1.));
#16702 = DIRECTION('',(-1.,0.,-0.));
#16703 = ADVANCED_FACE('',(#16704),#16723,.T.);
#16704 = FACE_BOUND('',#16705,.T.);
#16705 = EDGE_LOOP('',(#16706,#16715,#16721,#16722));
#16706 = ORIENTED_EDGE('',*,*,#16707,.F.);
#16707 = EDGE_CURVE('',#16708,#16708,#16710,.T.);
#16708 = VERTEX_POINT('',#16709);
#16709 = CARTESIAN_POINT('',(188.,34.75,-6.));
#16710 = CIRCLE('',#16711,2.);
#16711 = AXIS2_PLACEMENT_3D('',#16712,#16713,#16714);
#16712 = CARTESIAN_POINT('',(190.,34.75,-6.));
#16713 = DIRECTION('',(0.,0.,-1.));
#16714 = DIRECTION('',(-1.,0.,-0.));
#16715 = ORIENTED_EDGE('',*,*,#16716,.F.);
#16716 = EDGE_CURVE('',#16632,#16708,#16717,.T.);
#16717 = LINE('',#16718,#16719);
#16718 = CARTESIAN_POINT('',(188.,34.75,10.));
#16719 = VECTOR('',#16720,1.);
#16720 = DIRECTION('',(0.,0.,-1.));
#16721 = ORIENTED_EDGE('',*,*,#16631,.T.);
#16722 = ORIENTED_EDGE('',*,*,#16716,.T.);
#16723 = CYLINDRICAL_SURFACE('',#16724,2.);
#16724 = AXIS2_PLACEMENT_3D('',#16725,#16726,#16727);
#16725 = CARTESIAN_POINT('',(190.,34.75,10.));
#16726 = DIRECTION('',(0.,0.,-1.));
#16727 = DIRECTION('',(-1.,0.,-0.));
#16728 = ADVANCED_FACE('',(#16729),#16754,.T.);
#16729 = FACE_BOUND('',#16730,.T.);
#16730 = EDGE_LOOP('',(#16731,#16732,#16740,#16748));
#16731 = ORIENTED_EDGE('',*,*,#16651,.T.);
#16732 = ORIENTED_EDGE('',*,*,#16733,.T.);
#16733 = EDGE_CURVE('',#16654,#16734,#16736,.T.);
#16734 = VERTEX_POINT('',#16735);
#16735 = CARTESIAN_POINT('',(190.,33.017949192431,11.6));
#16736 = LINE('',#16737,#16738);
#16737 = CARTESIAN_POINT('',(190.,33.017949192431,14.1));
#16738 = VECTOR('',#16739,1.);
#16739 = DIRECTION('',(0.,0.,-1.));
#16740 = ORIENTED_EDGE('',*,*,#16741,.T.);
#16741 = EDGE_CURVE('',#16734,#16742,#16744,.T.);
#16742 = VERTEX_POINT('',#16743);
#16743 = CARTESIAN_POINT('',(188.5,33.883974596216,11.6));
#16744 = LINE('',#16745,#16746);
#16745 = CARTESIAN_POINT('',(190.,33.017949192431,11.6));
#16746 = VECTOR('',#16747,1.);
#16747 = DIRECTION('',(-0.866025403784,0.5,0.));
#16748 = ORIENTED_EDGE('',*,*,#16749,.F.);
#16749 = EDGE_CURVE('',#16652,#16742,#16750,.T.);
#16750 = LINE('',#16751,#16752);
#16751 = CARTESIAN_POINT('',(188.5,33.883974596216,14.1));
#16752 = VECTOR('',#16753,1.);
#16753 = DIRECTION('',(0.,0.,-1.));
#16754 = PLANE('',#16755);
#16755 = AXIS2_PLACEMENT_3D('',#16756,#16757,#16758);
#16756 = CARTESIAN_POINT('',(190.,33.017949192431,14.1));
#16757 = DIRECTION('',(0.5,0.866025403784,0.));
#16758 = DIRECTION('',(-0.866025403784,0.5,0.));
#16759 = ADVANCED_FACE('',(#16760),#16778,.T.);
#16760 = FACE_BOUND('',#16761,.T.);
#16761 = EDGE_LOOP('',(#16762,#16763,#16764,#16772));
#16762 = ORIENTED_EDGE('',*,*,#16693,.T.);
#16763 = ORIENTED_EDGE('',*,*,#16749,.T.);
#16764 = ORIENTED_EDGE('',*,*,#16765,.T.);
#16765 = EDGE_CURVE('',#16742,#16766,#16768,.T.);
#16766 = VERTEX_POINT('',#16767);
#16767 = CARTESIAN_POINT('',(188.5,35.616025403784,11.6));
#16768 = LINE('',#16769,#16770);
#16769 = CARTESIAN_POINT('',(188.5,33.883974596216,11.6));
#16770 = VECTOR('',#16771,1.);
#16771 = DIRECTION('',(0.,1.,0.));
#16772 = ORIENTED_EDGE('',*,*,#16773,.F.);
#16773 = EDGE_CURVE('',#16686,#16766,#16774,.T.);
#16774 = LINE('',#16775,#16776);
#16775 = CARTESIAN_POINT('',(188.5,35.616025403784,14.1));
#16776 = VECTOR('',#16777,1.);
#16777 = DIRECTION('',(0.,0.,-1.));
#16778 = PLANE('',#16779);
#16779 = AXIS2_PLACEMENT_3D('',#16780,#16781,#16782);
#16780 = CARTESIAN_POINT('',(188.5,33.883974596216,14.1));
#16781 = DIRECTION('',(1.,-0.,0.));
#16782 = DIRECTION('',(0.,1.,0.));
#16783 = ADVANCED_FACE('',(#16784),#16802,.T.);
#16784 = FACE_BOUND('',#16785,.T.);
#16785 = EDGE_LOOP('',(#16786,#16787,#16788,#16796));
#16786 = ORIENTED_EDGE('',*,*,#16685,.T.);
#16787 = ORIENTED_EDGE('',*,*,#16773,.T.);
#16788 = ORIENTED_EDGE('',*,*,#16789,.T.);
#16789 = EDGE_CURVE('',#16766,#16790,#16792,.T.);
#16790 = VERTEX_POINT('',#16791);
#16791 = CARTESIAN_POINT('',(190.,36.482050807569,11.6));
#16792 = LINE('',#16793,#16794);
#16793 = CARTESIAN_POINT('',(188.5,35.616025403784,11.6));
#16794 = VECTOR('',#16795,1.);
#16795 = DIRECTION('',(0.866025403784,0.5,0.));
#16796 = ORIENTED_EDGE('',*,*,#16797,.F.);
#16797 = EDGE_CURVE('',#16678,#16790,#16798,.T.);
#16798 = LINE('',#16799,#16800);
#16799 = CARTESIAN_POINT('',(190.,36.482050807569,14.1));
#16800 = VECTOR('',#16801,1.);
#16801 = DIRECTION('',(0.,0.,-1.));
#16802 = PLANE('',#16803);
#16803 = AXIS2_PLACEMENT_3D('',#16804,#16805,#16806);
#16804 = CARTESIAN_POINT('',(188.5,35.616025403784,14.1));
#16805 = DIRECTION('',(0.5,-0.866025403784,0.));
#16806 = DIRECTION('',(0.866025403784,0.5,0.));
#16807 = ADVANCED_FACE('',(#16808),#16826,.T.);
#16808 = FACE_BOUND('',#16809,.T.);
#16809 = EDGE_LOOP('',(#16810,#16811,#16812,#16820));
#16810 = ORIENTED_EDGE('',*,*,#16677,.T.);
#16811 = ORIENTED_EDGE('',*,*,#16797,.T.);
#16812 = ORIENTED_EDGE('',*,*,#16813,.T.);
#16813 = EDGE_CURVE('',#16790,#16814,#16816,.T.);
#16814 = VERTEX_POINT('',#16815);
#16815 = CARTESIAN_POINT('',(191.5,35.616025403784,11.6));
#16816 = LINE('',#16817,#16818);
#16817 = CARTESIAN_POINT('',(190.,36.482050807569,11.6));
#16818 = VECTOR('',#16819,1.);
#16819 = DIRECTION('',(0.866025403784,-0.5,0.));
#16820 = ORIENTED_EDGE('',*,*,#16821,.F.);
#16821 = EDGE_CURVE('',#16670,#16814,#16822,.T.);
#16822 = LINE('',#16823,#16824);
#16823 = CARTESIAN_POINT('',(191.5,35.616025403784,14.1));
#16824 = VECTOR('',#16825,1.);
#16825 = DIRECTION('',(0.,0.,-1.));
#16826 = PLANE('',#16827);
#16827 = AXIS2_PLACEMENT_3D('',#16828,#16829,#16830);
#16828 = CARTESIAN_POINT('',(190.,36.482050807569,14.1));
#16829 = DIRECTION('',(-0.5,-0.866025403784,-0.));
#16830 = DIRECTION('',(0.866025403784,-0.5,0.));
#16831 = ADVANCED_FACE('',(#16832),#16850,.T.);
#16832 = FACE_BOUND('',#16833,.T.);
#16833 = EDGE_LOOP('',(#16834,#16835,#16836,#16844));
#16834 = ORIENTED_EDGE('',*,*,#16669,.T.);
#16835 = ORIENTED_EDGE('',*,*,#16821,.T.);
#16836 = ORIENTED_EDGE('',*,*,#16837,.T.);
#16837 = EDGE_CURVE('',#16814,#16838,#16840,.T.);
#16838 = VERTEX_POINT('',#16839);
#16839 = CARTESIAN_POINT('',(191.5,33.883974596216,11.6));
#16840 = LINE('',#16841,#16842);
#16841 = CARTESIAN_POINT('',(191.5,35.616025403784,11.6));
#16842 = VECTOR('',#16843,1.);
#16843 = DIRECTION('',(0.,-1.,0.));
#16844 = ORIENTED_EDGE('',*,*,#16845,.F.);
#16845 = EDGE_CURVE('',#16662,#16838,#16846,.T.);
#16846 = LINE('',#16847,#16848);
#16847 = CARTESIAN_POINT('',(191.5,33.883974596216,14.1));
#16848 = VECTOR('',#16849,1.);
#16849 = DIRECTION('',(0.,0.,-1.));
#16850 = PLANE('',#16851);
#16851 = AXIS2_PLACEMENT_3D('',#16852,#16853,#16854);
#16852 = CARTESIAN_POINT('',(191.5,35.616025403784,14.1));
#16853 = DIRECTION('',(-1.,-0.,-0.));
#16854 = DIRECTION('',(0.,-1.,0.));
#16855 = ADVANCED_FACE('',(#16856),#16867,.T.);
#16856 = FACE_BOUND('',#16857,.T.);
#16857 = EDGE_LOOP('',(#16858,#16859,#16860,#16866));
#16858 = ORIENTED_EDGE('',*,*,#16661,.T.);
#16859 = ORIENTED_EDGE('',*,*,#16845,.T.);
#16860 = ORIENTED_EDGE('',*,*,#16861,.T.);
#16861 = EDGE_CURVE('',#16838,#16734,#16862,.T.);
#16862 = LINE('',#16863,#16864);
#16863 = CARTESIAN_POINT('',(191.5,33.883974596216,11.6));
#16864 = VECTOR('',#16865,1.);
#16865 = DIRECTION('',(-0.866025403784,-0.5,0.));
#16866 = ORIENTED_EDGE('',*,*,#16733,.F.);
#16867 = PLANE('',#16868);
#16868 = AXIS2_PLACEMENT_3D('',#16869,#16870,#16871);
#16869 = CARTESIAN_POINT('',(191.5,33.883974596216,14.1));
#16870 = DIRECTION('',(-0.5,0.866025403784,0.));
#16871 = DIRECTION('',(-0.866025403784,-0.5,0.));
#16872 = ADVANCED_FACE('',(#16873),#16876,.T.);
#16873 = FACE_BOUND('',#16874,.T.);
#16874 = EDGE_LOOP('',(#16875));
#16875 = ORIENTED_EDGE('',*,*,#16707,.T.);
#16876 = PLANE('',#16877);
#16877 = AXIS2_PLACEMENT_3D('',#16878,#16879,#16880);
#16878 = CARTESIAN_POINT('',(190.,34.75,-6.));
#16879 = DIRECTION('',(0.,0.,-1.));
#16880 = DIRECTION('',(-1.,0.,-0.));
#16881 = ADVANCED_FACE('',(#16882),#16890,.F.);
#16882 = FACE_BOUND('',#16883,.F.);
#16883 = EDGE_LOOP('',(#16884,#16885,#16886,#16887,#16888,#16889));
#16884 = ORIENTED_EDGE('',*,*,#16861,.T.);
#16885 = ORIENTED_EDGE('',*,*,#16741,.T.);
#16886 = ORIENTED_EDGE('',*,*,#16765,.T.);
#16887 = ORIENTED_EDGE('',*,*,#16789,.T.);
#16888 = ORIENTED_EDGE('',*,*,#16813,.T.);
#16889 = ORIENTED_EDGE('',*,*,#16837,.T.);
#16890 = PLANE('',#16891);
#16891 = AXIS2_PLACEMENT_3D('',#16892,#16893,#16894);
#16892 = CARTESIAN_POINT('',(190.,34.75,11.6));
#16893 = DIRECTION('',(-0.,-0.,-1.));
#16894 = DIRECTION('',(-1.,0.,0.));
#16895 = MANIFOLD_SOLID_BREP('',#16896);
#16896 = CLOSED_SHELL('',(#16897,#16937,#16968,#16999,#17043,#17087,
    #17104,#17121,#17133));
#16897 = ADVANCED_FACE('',(#16898),#16932,.F.);
#16898 = FACE_BOUND('',#16899,.F.);
#16899 = EDGE_LOOP('',(#16900,#16910,#16918,#16926));
#16900 = ORIENTED_EDGE('',*,*,#16901,.T.);
#16901 = EDGE_CURVE('',#16902,#16904,#16906,.T.);
#16902 = VERTEX_POINT('',#16903);
#16903 = CARTESIAN_POINT('',(187.97927405783,31.25,2.5));
#16904 = VERTEX_POINT('',#16905);
#16905 = CARTESIAN_POINT('',(187.97927405783,31.25,-2.5));
#16906 = LINE('',#16907,#16908);
#16907 = CARTESIAN_POINT('',(187.97927405783,31.25,2.5));
#16908 = VECTOR('',#16909,1.);
#16909 = DIRECTION('',(0.,0.,-1.));
#16910 = ORIENTED_EDGE('',*,*,#16911,.T.);
#16911 = EDGE_CURVE('',#16904,#16912,#16914,.T.);
#16912 = VERTEX_POINT('',#16913);
#16913 = CARTESIAN_POINT('',(185.95854811567,34.75,-2.5));
#16914 = LINE('',#16915,#16916);
#16915 = CARTESIAN_POINT('',(187.97927405783,31.25,-2.5));
#16916 = VECTOR('',#16917,1.);
#16917 = DIRECTION('',(-0.5,0.866025403784,0.));
#16918 = ORIENTED_EDGE('',*,*,#16919,.F.);
#16919 = EDGE_CURVE('',#16920,#16912,#16922,.T.);
#16920 = VERTEX_POINT('',#16921);
#16921 = CARTESIAN_POINT('',(185.95854811567,34.75,2.5));
#16922 = LINE('',#16923,#16924);
#16923 = CARTESIAN_POINT('',(185.95854811567,34.75,2.5));
#16924 = VECTOR('',#16925,1.);
#16925 = DIRECTION('',(0.,0.,-1.));
#16926 = ORIENTED_EDGE('',*,*,#16927,.F.);
#16927 = EDGE_CURVE('',#16902,#16920,#16928,.T.);
#16928 = LINE('',#16929,#16930);
#16929 = CARTESIAN_POINT('',(187.97927405783,31.25,2.5));
#16930 = VECTOR('',#16931,1.);
#16931 = DIRECTION('',(-0.5,0.866025403784,0.));
#16932 = PLANE('',#16933);
#16933 = AXIS2_PLACEMENT_3D('',#16934,#16935,#16936);
#16934 = CARTESIAN_POINT('',(187.97927405783,31.25,2.5));
#16935 = DIRECTION('',(0.866025403784,0.5,0.));
#16936 = DIRECTION('',(-0.5,0.866025403784,0.));
#16937 = ADVANCED_FACE('',(#16938),#16963,.F.);
#16938 = FACE_BOUND('',#16939,.F.);
#16939 = EDGE_LOOP('',(#16940,#16950,#16956,#16957));
#16940 = ORIENTED_EDGE('',*,*,#16941,.T.);
#16941 = EDGE_CURVE('',#16942,#16944,#16946,.T.);
#16942 = VERTEX_POINT('',#16943);
#16943 = CARTESIAN_POINT('',(192.02072594216,31.25,2.5));
#16944 = VERTEX_POINT('',#16945);
#16945 = CARTESIAN_POINT('',(192.02072594216,31.25,-2.5));
#16946 = LINE('',#16947,#16948);
#16947 = CARTESIAN_POINT('',(192.02072594216,31.25,2.5));
#16948 = VECTOR('',#16949,1.);
#16949 = DIRECTION('',(0.,0.,-1.));
#16950 = ORIENTED_EDGE('',*,*,#16951,.T.);
#16951 = EDGE_CURVE('',#16944,#16904,#16952,.T.);
#16952 = LINE('',#16953,#16954);
#16953 = CARTESIAN_POINT('',(192.02072594216,31.25,-2.5));
#16954 = VECTOR('',#16955,1.);
#16955 = DIRECTION('',(-1.,0.,0.));
#16956 = ORIENTED_EDGE('',*,*,#16901,.F.);
#16957 = ORIENTED_EDGE('',*,*,#16958,.F.);
#16958 = EDGE_CURVE('',#16942,#16902,#16959,.T.);
#16959 = LINE('',#16960,#16961);
#16960 = CARTESIAN_POINT('',(192.02072594216,31.25,2.5));
#16961 = VECTOR('',#16962,1.);
#16962 = DIRECTION('',(-1.,0.,0.));
#16963 = PLANE('',#16964);
#16964 = AXIS2_PLACEMENT_3D('',#16965,#16966,#16967);
#16965 = CARTESIAN_POINT('',(192.02072594216,31.25,2.5));
#16966 = DIRECTION('',(0.,1.,0.));
#16967 = DIRECTION('',(-1.,0.,0.));
#16968 = ADVANCED_FACE('',(#16969),#16994,.F.);
#16969 = FACE_BOUND('',#16970,.F.);
#16970 = EDGE_LOOP('',(#16971,#16972,#16980,#16988));
#16971 = ORIENTED_EDGE('',*,*,#16919,.T.);
#16972 = ORIENTED_EDGE('',*,*,#16973,.T.);
#16973 = EDGE_CURVE('',#16912,#16974,#16976,.T.);
#16974 = VERTEX_POINT('',#16975);
#16975 = CARTESIAN_POINT('',(187.97927405783,38.25,-2.5));
#16976 = LINE('',#16977,#16978);
#16977 = CARTESIAN_POINT('',(185.95854811567,34.75,-2.5));
#16978 = VECTOR('',#16979,1.);
#16979 = DIRECTION('',(0.5,0.866025403784,0.));
#16980 = ORIENTED_EDGE('',*,*,#16981,.F.);
#16981 = EDGE_CURVE('',#16982,#16974,#16984,.T.);
#16982 = VERTEX_POINT('',#16983);
#16983 = CARTESIAN_POINT('',(187.97927405783,38.25,2.5));
#16984 = LINE('',#16985,#16986);
#16985 = CARTESIAN_POINT('',(187.97927405783,38.25,2.5));
#16986 = VECTOR('',#16987,1.);
#16987 = DIRECTION('',(0.,0.,-1.));
#16988 = ORIENTED_EDGE('',*,*,#16989,.F.);
#16989 = EDGE_CURVE('',#16920,#16982,#16990,.T.);
#16990 = LINE('',#16991,#16992);
#16991 = CARTESIAN_POINT('',(185.95854811567,34.75,2.5));
#16992 = VECTOR('',#16993,1.);
#16993 = DIRECTION('',(0.5,0.866025403784,0.));
#16994 = PLANE('',#16995);
#16995 = AXIS2_PLACEMENT_3D('',#16996,#16997,#16998);
#16996 = CARTESIAN_POINT('',(185.95854811567,34.75,2.5));
#16997 = DIRECTION('',(0.866025403784,-0.5,0.));
#16998 = DIRECTION('',(0.5,0.866025403784,0.));
#16999 = ADVANCED_FACE('',(#17000,#17027),#17038,.F.);
#17000 = FACE_BOUND('',#17001,.F.);
#17001 = EDGE_LOOP('',(#17002,#17003,#17004,#17012,#17020,#17026));
#17002 = ORIENTED_EDGE('',*,*,#16927,.T.);
#17003 = ORIENTED_EDGE('',*,*,#16989,.T.);
#17004 = ORIENTED_EDGE('',*,*,#17005,.T.);
#17005 = EDGE_CURVE('',#16982,#17006,#17008,.T.);
#17006 = VERTEX_POINT('',#17007);
#17007 = CARTESIAN_POINT('',(192.02072594216,38.25,2.5));
#17008 = LINE('',#17009,#17010);
#17009 = CARTESIAN_POINT('',(187.97927405783,38.25,2.5));
#17010 = VECTOR('',#17011,1.);
#17011 = DIRECTION('',(1.,0.,0.));
#17012 = ORIENTED_EDGE('',*,*,#17013,.T.);
#17013 = EDGE_CURVE('',#17006,#17014,#17016,.T.);
#17014 = VERTEX_POINT('',#17015);
#17015 = CARTESIAN_POINT('',(194.04145188432,34.75,2.5));
#17016 = LINE('',#17017,#17018);
#17017 = CARTESIAN_POINT('',(192.02072594216,38.25,2.5));
#17018 = VECTOR('',#17019,1.);
#17019 = DIRECTION('',(0.5,-0.866025403784,0.));
#17020 = ORIENTED_EDGE('',*,*,#17021,.T.);
#17021 = EDGE_CURVE('',#17014,#16942,#17022,.T.);
#17022 = LINE('',#17023,#17024);
#17023 = CARTESIAN_POINT('',(194.04145188432,34.75,2.5));
#17024 = VECTOR('',#17025,1.);
#17025 = DIRECTION('',(-0.5,-0.866025403784,0.));
#17026 = ORIENTED_EDGE('',*,*,#16958,.T.);
#17027 = FACE_BOUND('',#17028,.F.);
#17028 = EDGE_LOOP('',(#17029));
#17029 = ORIENTED_EDGE('',*,*,#17030,.F.);
#17030 = EDGE_CURVE('',#17031,#17031,#17033,.T.);
#17031 = VERTEX_POINT('',#17032);
#17032 = CARTESIAN_POINT('',(188.,34.75,2.5));
#17033 = CIRCLE('',#17034,2.);
#17034 = AXIS2_PLACEMENT_3D('',#17035,#17036,#17037);
#17035 = CARTESIAN_POINT('',(190.,34.75,2.5));
#17036 = DIRECTION('',(0.,0.,-1.));
#17037 = DIRECTION('',(-1.,0.,-0.));
#17038 = PLANE('',#17039);
#17039 = AXIS2_PLACEMENT_3D('',#17040,#17041,#17042);
#17040 = CARTESIAN_POINT('',(190.,34.75,2.5));
#17041 = DIRECTION('',(-0.,-0.,-1.));
#17042 = DIRECTION('',(-1.,0.,0.));
#17043 = ADVANCED_FACE('',(#17044,#17071),#17082,.T.);
#17044 = FACE_BOUND('',#17045,.T.);
#17045 = EDGE_LOOP('',(#17046,#17047,#17048,#17056,#17064,#17070));
#17046 = ORIENTED_EDGE('',*,*,#16911,.T.);
#17047 = ORIENTED_EDGE('',*,*,#16973,.T.);
#17048 = ORIENTED_EDGE('',*,*,#17049,.T.);
#17049 = EDGE_CURVE('',#16974,#17050,#17052,.T.);
#17050 = VERTEX_POINT('',#17051);
#17051 = CARTESIAN_POINT('',(192.02072594216,38.25,-2.5));
#17052 = LINE('',#17053,#17054);
#17053 = CARTESIAN_POINT('',(187.97927405783,38.25,-2.5));
#17054 = VECTOR('',#17055,1.);
#17055 = DIRECTION('',(1.,0.,0.));
#17056 = ORIENTED_EDGE('',*,*,#17057,.T.);
#17057 = EDGE_CURVE('',#17050,#17058,#17060,.T.);
#17058 = VERTEX_POINT('',#17059);
#17059 = CARTESIAN_POINT('',(194.04145188432,34.75,-2.5));
#17060 = LINE('',#17061,#17062);
#17061 = CARTESIAN_POINT('',(192.02072594216,38.25,-2.5));
#17062 = VECTOR('',#17063,1.);
#17063 = DIRECTION('',(0.5,-0.866025403784,0.));
#17064 = ORIENTED_EDGE('',*,*,#17065,.T.);
#17065 = EDGE_CURVE('',#17058,#16944,#17066,.T.);
#17066 = LINE('',#17067,#17068);
#17067 = CARTESIAN_POINT('',(194.04145188432,34.75,-2.5));
#17068 = VECTOR('',#17069,1.);
#17069 = DIRECTION('',(-0.5,-0.866025403784,0.));
#17070 = ORIENTED_EDGE('',*,*,#16951,.T.);
#17071 = FACE_BOUND('',#17072,.T.);
#17072 = EDGE_LOOP('',(#17073));
#17073 = ORIENTED_EDGE('',*,*,#17074,.F.);
#17074 = EDGE_CURVE('',#17075,#17075,#17077,.T.);
#17075 = VERTEX_POINT('',#17076);
#17076 = CARTESIAN_POINT('',(188.,34.75,-2.5));
#17077 = CIRCLE('',#17078,2.);
#17078 = AXIS2_PLACEMENT_3D('',#17079,#17080,#17081);
#17079 = CARTESIAN_POINT('',(190.,34.75,-2.5));
#17080 = DIRECTION('',(0.,0.,-1.));
#17081 = DIRECTION('',(-1.,0.,-0.));
#17082 = PLANE('',#17083);
#17083 = AXIS2_PLACEMENT_3D('',#17084,#17085,#17086);
#17084 = CARTESIAN_POINT('',(190.,34.75,-2.5));
#17085 = DIRECTION('',(-0.,-0.,-1.));
#17086 = DIRECTION('',(-1.,0.,0.));
#17087 = ADVANCED_FACE('',(#17088),#17099,.F.);
#17088 = FACE_BOUND('',#17089,.F.);
#17089 = EDGE_LOOP('',(#17090,#17096,#17097,#17098));
#17090 = ORIENTED_EDGE('',*,*,#17091,.T.);
#17091 = EDGE_CURVE('',#17014,#17058,#17092,.T.);
#17092 = LINE('',#17093,#17094);
#17093 = CARTESIAN_POINT('',(194.04145188432,34.75,2.5));
#17094 = VECTOR('',#17095,1.);
#17095 = DIRECTION('',(0.,0.,-1.));
#17096 = ORIENTED_EDGE('',*,*,#17065,.T.);
#17097 = ORIENTED_EDGE('',*,*,#16941,.F.);
#17098 = ORIENTED_EDGE('',*,*,#17021,.F.);
#17099 = PLANE('',#17100);
#17100 = AXIS2_PLACEMENT_3D('',#17101,#17102,#17103);
#17101 = CARTESIAN_POINT('',(194.04145188432,34.75,2.5));
#17102 = DIRECTION('',(-0.866025403784,0.5,0.));
#17103 = DIRECTION('',(-0.5,-0.866025403784,0.));
#17104 = ADVANCED_FACE('',(#17105),#17116,.F.);
#17105 = FACE_BOUND('',#17106,.F.);
#17106 = EDGE_LOOP('',(#17107,#17108,#17109,#17115));
#17107 = ORIENTED_EDGE('',*,*,#16981,.T.);
#17108 = ORIENTED_EDGE('',*,*,#17049,.T.);
#17109 = ORIENTED_EDGE('',*,*,#17110,.F.);
#17110 = EDGE_CURVE('',#17006,#17050,#17111,.T.);
#17111 = LINE('',#17112,#17113);
#17112 = CARTESIAN_POINT('',(192.02072594216,38.25,2.5));
#17113 = VECTOR('',#17114,1.);
#17114 = DIRECTION('',(0.,0.,-1.));
#17115 = ORIENTED_EDGE('',*,*,#17005,.F.);
#17116 = PLANE('',#17117);
#17117 = AXIS2_PLACEMENT_3D('',#17118,#17119,#17120);
#17118 = CARTESIAN_POINT('',(187.97927405783,38.25,2.5));
#17119 = DIRECTION('',(0.,-1.,0.));
#17120 = DIRECTION('',(1.,0.,0.));
#17121 = ADVANCED_FACE('',(#17122),#17128,.F.);
#17122 = FACE_BOUND('',#17123,.F.);
#17123 = EDGE_LOOP('',(#17124,#17125,#17126,#17127));
#17124 = ORIENTED_EDGE('',*,*,#17110,.T.);
#17125 = ORIENTED_EDGE('',*,*,#17057,.T.);
#17126 = ORIENTED_EDGE('',*,*,#17091,.F.);
#17127 = ORIENTED_EDGE('',*,*,#17013,.F.);
#17128 = PLANE('',#17129);
#17129 = AXIS2_PLACEMENT_3D('',#17130,#17131,#17132);
#17130 = CARTESIAN_POINT('',(192.02072594216,38.25,2.5));
#17131 = DIRECTION('',(-0.866025403784,-0.5,-0.));
#17132 = DIRECTION('',(0.5,-0.866025403784,0.));
#17133 = ADVANCED_FACE('',(#17134),#17145,.F.);
#17134 = FACE_BOUND('',#17135,.F.);
#17135 = EDGE_LOOP('',(#17136,#17137,#17143,#17144));
#17136 = ORIENTED_EDGE('',*,*,#17074,.F.);
#17137 = ORIENTED_EDGE('',*,*,#17138,.F.);
#17138 = EDGE_CURVE('',#17031,#17075,#17139,.T.);
#17139 = LINE('',#17140,#17141);
#17140 = CARTESIAN_POINT('',(188.,34.75,3.5));
#17141 = VECTOR('',#17142,1.);
#17142 = DIRECTION('',(0.,0.,-1.));
#17143 = ORIENTED_EDGE('',*,*,#17030,.T.);
#17144 = ORIENTED_EDGE('',*,*,#17138,.T.);
#17145 = CYLINDRICAL_SURFACE('',#17146,2.);
#17146 = AXIS2_PLACEMENT_3D('',#17147,#17148,#17149);
#17147 = CARTESIAN_POINT('',(190.,34.75,3.5));
#17148 = DIRECTION('',(0.,0.,-1.));
#17149 = DIRECTION('',(-1.,0.,-0.));
#17150 = MANIFOLD_SOLID_BREP('',#17151);
#17151 = CLOSED_SHELL('',(#17152,#17185,#17205,#17225));
#17152 = ADVANCED_FACE('',(#17153),#17180,.T.);
#17153 = FACE_BOUND('',#17154,.T.);
#17154 = EDGE_LOOP('',(#17155,#17164,#17172,#17179));
#17155 = ORIENTED_EDGE('',*,*,#17156,.F.);
#17156 = EDGE_CURVE('',#17157,#17157,#17159,.T.);
#17157 = VERTEX_POINT('',#17158);
#17158 = CARTESIAN_POINT('',(188.5,-8.572527594031E-16,-21.));
#17159 = CIRCLE('',#17160,3.5);
#17160 = AXIS2_PLACEMENT_3D('',#17161,#17162,#17163);
#17161 = CARTESIAN_POINT('',(185.,0.,-21.));
#17162 = DIRECTION('',(0.,0.,1.));
#17163 = DIRECTION('',(1.,0.,-0.));
#17164 = ORIENTED_EDGE('',*,*,#17165,.F.);
#17165 = EDGE_CURVE('',#17166,#17157,#17168,.T.);
#17166 = VERTEX_POINT('',#17167);
#17167 = CARTESIAN_POINT('',(188.5,-8.572527594031E-16,-28.));
#17168 = LINE('',#17169,#17170);
#17169 = CARTESIAN_POINT('',(188.5,-8.572527594031E-16,-28.));
#17170 = VECTOR('',#17171,1.);
#17171 = DIRECTION('',(0.,0.,1.));
#17172 = ORIENTED_EDGE('',*,*,#17173,.T.);
#17173 = EDGE_CURVE('',#17166,#17166,#17174,.T.);
#17174 = CIRCLE('',#17175,3.5);
#17175 = AXIS2_PLACEMENT_3D('',#17176,#17177,#17178);
#17176 = CARTESIAN_POINT('',(185.,0.,-28.));
#17177 = DIRECTION('',(0.,0.,1.));
#17178 = DIRECTION('',(1.,0.,-0.));
#17179 = ORIENTED_EDGE('',*,*,#17165,.T.);
#17180 = CYLINDRICAL_SURFACE('',#17181,3.5);
#17181 = AXIS2_PLACEMENT_3D('',#17182,#17183,#17184);
#17182 = CARTESIAN_POINT('',(185.,0.,-28.));
#17183 = DIRECTION('',(0.,0.,1.));
#17184 = DIRECTION('',(1.,0.,-0.));
#17185 = ADVANCED_FACE('',(#17186,#17189),#17200,.T.);
#17186 = FACE_BOUND('',#17187,.T.);
#17187 = EDGE_LOOP('',(#17188));
#17188 = ORIENTED_EDGE('',*,*,#17156,.T.);
#17189 = FACE_BOUND('',#17190,.T.);
#17190 = EDGE_LOOP('',(#17191));
#17191 = ORIENTED_EDGE('',*,*,#17192,.F.);
#17192 = EDGE_CURVE('',#17193,#17193,#17195,.T.);
#17193 = VERTEX_POINT('',#17194);
#17194 = CARTESIAN_POINT('',(187.5,-6.123233995737E-16,-21.));
#17195 = CIRCLE('',#17196,2.5);
#17196 = AXIS2_PLACEMENT_3D('',#17197,#17198,#17199);
#17197 = CARTESIAN_POINT('',(185.,0.,-21.));
#17198 = DIRECTION('',(0.,0.,1.));
#17199 = DIRECTION('',(1.,0.,-0.));
#17200 = PLANE('',#17201);
#17201 = AXIS2_PLACEMENT_3D('',#17202,#17203,#17204);
#17202 = CARTESIAN_POINT('',(185.,0.,-21.));
#17203 = DIRECTION('',(0.,0.,1.));
#17204 = DIRECTION('',(1.,0.,-0.));
#17205 = ADVANCED_FACE('',(#17206,#17209),#17220,.F.);
#17206 = FACE_BOUND('',#17207,.F.);
#17207 = EDGE_LOOP('',(#17208));
#17208 = ORIENTED_EDGE('',*,*,#17173,.T.);
#17209 = FACE_BOUND('',#17210,.F.);
#17210 = EDGE_LOOP('',(#17211));
#17211 = ORIENTED_EDGE('',*,*,#17212,.F.);
#17212 = EDGE_CURVE('',#17213,#17213,#17215,.T.);
#17213 = VERTEX_POINT('',#17214);
#17214 = CARTESIAN_POINT('',(187.5,-6.123233995737E-16,-28.));
#17215 = CIRCLE('',#17216,2.5);
#17216 = AXIS2_PLACEMENT_3D('',#17217,#17218,#17219);
#17217 = CARTESIAN_POINT('',(185.,0.,-28.));
#17218 = DIRECTION('',(0.,0.,1.));
#17219 = DIRECTION('',(1.,0.,-0.));
#17220 = PLANE('',#17221);
#17221 = AXIS2_PLACEMENT_3D('',#17222,#17223,#17224);
#17222 = CARTESIAN_POINT('',(185.,0.,-28.));
#17223 = DIRECTION('',(0.,0.,1.));
#17224 = DIRECTION('',(1.,0.,-0.));
#17225 = ADVANCED_FACE('',(#17226),#17237,.F.);
#17226 = FACE_BOUND('',#17227,.F.);
#17227 = EDGE_LOOP('',(#17228,#17229,#17235,#17236));
#17228 = ORIENTED_EDGE('',*,*,#17192,.F.);
#17229 = ORIENTED_EDGE('',*,*,#17230,.F.);
#17230 = EDGE_CURVE('',#17213,#17193,#17231,.T.);
#17231 = LINE('',#17232,#17233);
#17232 = CARTESIAN_POINT('',(187.5,-6.123233995737E-16,-29.));
#17233 = VECTOR('',#17234,1.);
#17234 = DIRECTION('',(0.,0.,1.));
#17235 = ORIENTED_EDGE('',*,*,#17212,.T.);
#17236 = ORIENTED_EDGE('',*,*,#17230,.T.);
#17237 = CYLINDRICAL_SURFACE('',#17238,2.5);
#17238 = AXIS2_PLACEMENT_3D('',#17239,#17240,#17241);
#17239 = CARTESIAN_POINT('',(185.,0.,-29.));
#17240 = DIRECTION('',(0.,0.,1.));
#17241 = DIRECTION('',(1.,0.,-0.));
#17242 = MANIFOLD_SOLID_BREP('',#17243);
#17243 = CLOSED_SHELL('',(#17244,#17277,#17297,#17317));
#17244 = ADVANCED_FACE('',(#17245),#17272,.T.);
#17245 = FACE_BOUND('',#17246,.T.);
#17246 = EDGE_LOOP('',(#17247,#17256,#17264,#17271));
#17247 = ORIENTED_EDGE('',*,*,#17248,.F.);
#17248 = EDGE_CURVE('',#17249,#17249,#17251,.T.);
#17249 = VERTEX_POINT('',#17250);
#17250 = CARTESIAN_POINT('',(189.1,-1.004210375301E-15,-28.));
#17251 = CIRCLE('',#17252,4.1);
#17252 = AXIS2_PLACEMENT_3D('',#17253,#17254,#17255);
#17253 = CARTESIAN_POINT('',(185.,0.,-28.));
#17254 = DIRECTION('',(0.,0.,1.));
#17255 = DIRECTION('',(1.,0.,-0.));
#17256 = ORIENTED_EDGE('',*,*,#17257,.F.);
#17257 = EDGE_CURVE('',#17258,#17249,#17260,.T.);
#17258 = VERTEX_POINT('',#17259);
#17259 = CARTESIAN_POINT('',(189.1,-1.004210375301E-15,-33.));
#17260 = LINE('',#17261,#17262);
#17261 = CARTESIAN_POINT('',(189.1,-1.004210375301E-15,-33.));
#17262 = VECTOR('',#17263,1.);
#17263 = DIRECTION('',(0.,0.,1.));
#17264 = ORIENTED_EDGE('',*,*,#17265,.T.);
#17265 = EDGE_CURVE('',#17258,#17258,#17266,.T.);
#17266 = CIRCLE('',#17267,4.1);
#17267 = AXIS2_PLACEMENT_3D('',#17268,#17269,#17270);
#17268 = CARTESIAN_POINT('',(185.,0.,-33.));
#17269 = DIRECTION('',(0.,0.,1.));
#17270 = DIRECTION('',(1.,0.,-0.));
#17271 = ORIENTED_EDGE('',*,*,#17257,.T.);
#17272 = CYLINDRICAL_SURFACE('',#17273,4.1);
#17273 = AXIS2_PLACEMENT_3D('',#17274,#17275,#17276);
#17274 = CARTESIAN_POINT('',(185.,0.,-33.));
#17275 = DIRECTION('',(0.,0.,1.));
#17276 = DIRECTION('',(1.,0.,-0.));
#17277 = ADVANCED_FACE('',(#17278,#17281),#17292,.T.);
#17278 = FACE_BOUND('',#17279,.T.);
#17279 = EDGE_LOOP('',(#17280));
#17280 = ORIENTED_EDGE('',*,*,#17248,.T.);
#17281 = FACE_BOUND('',#17282,.T.);
#17282 = EDGE_LOOP('',(#17283));
#17283 = ORIENTED_EDGE('',*,*,#17284,.F.);
#17284 = EDGE_CURVE('',#17285,#17285,#17287,.T.);
#17285 = VERTEX_POINT('',#17286);
#17286 = CARTESIAN_POINT('',(187.5,-6.123233995737E-16,-28.));
#17287 = CIRCLE('',#17288,2.5);
#17288 = AXIS2_PLACEMENT_3D('',#17289,#17290,#17291);
#17289 = CARTESIAN_POINT('',(185.,0.,-28.));
#17290 = DIRECTION('',(0.,0.,1.));
#17291 = DIRECTION('',(1.,0.,-0.));
#17292 = PLANE('',#17293);
#17293 = AXIS2_PLACEMENT_3D('',#17294,#17295,#17296);
#17294 = CARTESIAN_POINT('',(185.,0.,-28.));
#17295 = DIRECTION('',(0.,0.,1.));
#17296 = DIRECTION('',(1.,0.,-0.));
#17297 = ADVANCED_FACE('',(#17298,#17301),#17312,.F.);
#17298 = FACE_BOUND('',#17299,.F.);
#17299 = EDGE_LOOP('',(#17300));
#17300 = ORIENTED_EDGE('',*,*,#17265,.T.);
#17301 = FACE_BOUND('',#17302,.F.);
#17302 = EDGE_LOOP('',(#17303));
#17303 = ORIENTED_EDGE('',*,*,#17304,.F.);
#17304 = EDGE_CURVE('',#17305,#17305,#17307,.T.);
#17305 = VERTEX_POINT('',#17306);
#17306 = CARTESIAN_POINT('',(187.5,-6.123233995737E-16,-33.));
#17307 = CIRCLE('',#17308,2.5);
#17308 = AXIS2_PLACEMENT_3D('',#17309,#17310,#17311);
#17309 = CARTESIAN_POINT('',(185.,0.,-33.));
#17310 = DIRECTION('',(0.,0.,1.));
#17311 = DIRECTION('',(1.,0.,-0.));
#17312 = PLANE('',#17313);
#17313 = AXIS2_PLACEMENT_3D('',#17314,#17315,#17316);
#17314 = CARTESIAN_POINT('',(185.,0.,-33.));
#17315 = DIRECTION('',(0.,0.,1.));
#17316 = DIRECTION('',(1.,0.,-0.));
#17317 = ADVANCED_FACE('',(#17318),#17329,.F.);
#17318 = FACE_BOUND('',#17319,.F.);
#17319 = EDGE_LOOP('',(#17320,#17321,#17327,#17328));
#17320 = ORIENTED_EDGE('',*,*,#17284,.F.);
#17321 = ORIENTED_EDGE('',*,*,#17322,.F.);
#17322 = EDGE_CURVE('',#17305,#17285,#17323,.T.);
#17323 = LINE('',#17324,#17325);
#17324 = CARTESIAN_POINT('',(187.5,-6.123233995737E-16,-34.));
#17325 = VECTOR('',#17326,1.);
#17326 = DIRECTION('',(0.,0.,1.));
#17327 = ORIENTED_EDGE('',*,*,#17304,.T.);
#17328 = ORIENTED_EDGE('',*,*,#17322,.T.);
#17329 = CYLINDRICAL_SURFACE('',#17330,2.5);
#17330 = AXIS2_PLACEMENT_3D('',#17331,#17332,#17333);
#17331 = CARTESIAN_POINT('',(185.,0.,-34.));
#17332 = DIRECTION('',(0.,0.,1.));
#17333 = DIRECTION('',(1.,0.,-0.));
#17334 = MANIFOLD_SOLID_BREP('',#17335);
#17335 = CLOSED_SHELL('',(#17336,#17369,#17389,#17409));
#17336 = ADVANCED_FACE('',(#17337),#17364,.T.);
#17337 = FACE_BOUND('',#17338,.T.);
#17338 = EDGE_LOOP('',(#17339,#17348,#17356,#17363));
#17339 = ORIENTED_EDGE('',*,*,#17340,.F.);
#17340 = EDGE_CURVE('',#17341,#17341,#17343,.T.);
#17341 = VERTEX_POINT('',#17342);
#17342 = CARTESIAN_POINT('',(180.,-1.224646799147E-15,-34.));
#17343 = CIRCLE('',#17344,5.);
#17344 = AXIS2_PLACEMENT_3D('',#17345,#17346,#17347);
#17345 = CARTESIAN_POINT('',(185.,0.,-34.));
#17346 = DIRECTION('',(0.,0.,-1.));
#17347 = DIRECTION('',(-1.,0.,-0.));
#17348 = ORIENTED_EDGE('',*,*,#17349,.F.);
#17349 = EDGE_CURVE('',#17350,#17341,#17352,.T.);
#17350 = VERTEX_POINT('',#17351);
#17351 = CARTESIAN_POINT('',(180.,-1.224646799147E-15,-33.));
#17352 = LINE('',#17353,#17354);
#17353 = CARTESIAN_POINT('',(180.,-1.224646799147E-15,-33.));
#17354 = VECTOR('',#17355,1.);
#17355 = DIRECTION('',(0.,0.,-1.));
#17356 = ORIENTED_EDGE('',*,*,#17357,.T.);
#17357 = EDGE_CURVE('',#17350,#17350,#17358,.T.);
#17358 = CIRCLE('',#17359,5.);
#17359 = AXIS2_PLACEMENT_3D('',#17360,#17361,#17362);
#17360 = CARTESIAN_POINT('',(185.,0.,-33.));
#17361 = DIRECTION('',(0.,0.,-1.));
#17362 = DIRECTION('',(-1.,0.,-0.));
#17363 = ORIENTED_EDGE('',*,*,#17349,.T.);
#17364 = CYLINDRICAL_SURFACE('',#17365,5.);
#17365 = AXIS2_PLACEMENT_3D('',#17366,#17367,#17368);
#17366 = CARTESIAN_POINT('',(185.,0.,-33.));
#17367 = DIRECTION('',(0.,0.,-1.));
#17368 = DIRECTION('',(-1.,0.,-0.));
#17369 = ADVANCED_FACE('',(#17370,#17373),#17384,.T.);
#17370 = FACE_BOUND('',#17371,.T.);
#17371 = EDGE_LOOP('',(#17372));
#17372 = ORIENTED_EDGE('',*,*,#17340,.T.);
#17373 = FACE_BOUND('',#17374,.T.);
#17374 = EDGE_LOOP('',(#17375));
#17375 = ORIENTED_EDGE('',*,*,#17376,.F.);
#17376 = EDGE_CURVE('',#17377,#17377,#17379,.T.);
#17377 = VERTEX_POINT('',#17378);
#17378 = CARTESIAN_POINT('',(182.35,-6.490628035481E-16,-34.));
#17379 = CIRCLE('',#17380,2.65);
#17380 = AXIS2_PLACEMENT_3D('',#17381,#17382,#17383);
#17381 = CARTESIAN_POINT('',(185.,0.,-34.));
#17382 = DIRECTION('',(0.,0.,-1.));
#17383 = DIRECTION('',(-1.,0.,-0.));
#17384 = PLANE('',#17385);
#17385 = AXIS2_PLACEMENT_3D('',#17386,#17387,#17388);
#17386 = CARTESIAN_POINT('',(185.,0.,-34.));
#17387 = DIRECTION('',(0.,0.,-1.));
#17388 = DIRECTION('',(-1.,0.,-0.));
#17389 = ADVANCED_FACE('',(#17390,#17393),#17404,.F.);
#17390 = FACE_BOUND('',#17391,.F.);
#17391 = EDGE_LOOP('',(#17392));
#17392 = ORIENTED_EDGE('',*,*,#17357,.T.);
#17393 = FACE_BOUND('',#17394,.F.);
#17394 = EDGE_LOOP('',(#17395));
#17395 = ORIENTED_EDGE('',*,*,#17396,.F.);
#17396 = EDGE_CURVE('',#17397,#17397,#17399,.T.);
#17397 = VERTEX_POINT('',#17398);
#17398 = CARTESIAN_POINT('',(182.35,-6.490628035481E-16,-33.));
#17399 = CIRCLE('',#17400,2.65);
#17400 = AXIS2_PLACEMENT_3D('',#17401,#17402,#17403);
#17401 = CARTESIAN_POINT('',(185.,0.,-33.));
#17402 = DIRECTION('',(0.,0.,-1.));
#17403 = DIRECTION('',(-1.,0.,-0.));
#17404 = PLANE('',#17405);
#17405 = AXIS2_PLACEMENT_3D('',#17406,#17407,#17408);
#17406 = CARTESIAN_POINT('',(185.,0.,-33.));
#17407 = DIRECTION('',(0.,0.,-1.));
#17408 = DIRECTION('',(-1.,0.,-0.));
#17409 = ADVANCED_FACE('',(#17410),#17421,.F.);
#17410 = FACE_BOUND('',#17411,.F.);
#17411 = EDGE_LOOP('',(#17412,#17413,#17419,#17420));
#17412 = ORIENTED_EDGE('',*,*,#17376,.F.);
#17413 = ORIENTED_EDGE('',*,*,#17414,.F.);
#17414 = EDGE_CURVE('',#17397,#17377,#17415,.T.);
#17415 = LINE('',#17416,#17417);
#17416 = CARTESIAN_POINT('',(182.35,-6.490628035481E-16,-32.));
#17417 = VECTOR('',#17418,1.);
#17418 = DIRECTION('',(0.,0.,-1.));
#17419 = ORIENTED_EDGE('',*,*,#17396,.T.);
#17420 = ORIENTED_EDGE('',*,*,#17414,.T.);
#17421 = CYLINDRICAL_SURFACE('',#17422,2.65);
#17422 = AXIS2_PLACEMENT_3D('',#17423,#17424,#17425);
#17423 = CARTESIAN_POINT('',(185.,0.,-32.));
#17424 = DIRECTION('',(0.,0.,-1.));
#17425 = DIRECTION('',(-1.,0.,-0.));
#17426 = MANIFOLD_SOLID_BREP('',#17427);
#17427 = CLOSED_SHELL('',(#17428,#17461,#17481,#17540,#17565,#17596,
    #17620,#17644,#17668,#17692,#17709,#17718));
#17428 = ADVANCED_FACE('',(#17429),#17456,.T.);
#17429 = FACE_BOUND('',#17430,.T.);
#17430 = EDGE_LOOP('',(#17431,#17440,#17448,#17455));
#17431 = ORIENTED_EDGE('',*,*,#17432,.F.);
#17432 = EDGE_CURVE('',#17433,#17433,#17435,.T.);
#17433 = VERTEX_POINT('',#17434);
#17434 = CARTESIAN_POINT('',(189.25,-1.040949779275E-15,-34.));
#17435 = CIRCLE('',#17436,4.25);
#17436 = AXIS2_PLACEMENT_3D('',#17437,#17438,#17439);
#17437 = CARTESIAN_POINT('',(185.,0.,-34.));
#17438 = DIRECTION('',(0.,0.,1.));
#17439 = DIRECTION('',(1.,0.,-0.));
#17440 = ORIENTED_EDGE('',*,*,#17441,.F.);
#17441 = EDGE_CURVE('',#17442,#17433,#17444,.T.);
#17442 = VERTEX_POINT('',#17443);
#17443 = CARTESIAN_POINT('',(189.25,-1.040949779275E-15,-39.));
#17444 = LINE('',#17445,#17446);
#17445 = CARTESIAN_POINT('',(189.25,-1.040949779275E-15,-39.));
#17446 = VECTOR('',#17447,1.);
#17447 = DIRECTION('',(0.,0.,1.));
#17448 = ORIENTED_EDGE('',*,*,#17449,.T.);
#17449 = EDGE_CURVE('',#17442,#17442,#17450,.T.);
#17450 = CIRCLE('',#17451,4.25);
#17451 = AXIS2_PLACEMENT_3D('',#17452,#17453,#17454);
#17452 = CARTESIAN_POINT('',(185.,0.,-39.));
#17453 = DIRECTION('',(0.,0.,1.));
#17454 = DIRECTION('',(1.,0.,-0.));
#17455 = ORIENTED_EDGE('',*,*,#17441,.T.);
#17456 = CYLINDRICAL_SURFACE('',#17457,4.25);
#17457 = AXIS2_PLACEMENT_3D('',#17458,#17459,#17460);
#17458 = CARTESIAN_POINT('',(185.,0.,-39.));
#17459 = DIRECTION('',(0.,0.,1.));
#17460 = DIRECTION('',(1.,0.,-0.));
#17461 = ADVANCED_FACE('',(#17462,#17465),#17476,.T.);
#17462 = FACE_BOUND('',#17463,.T.);
#17463 = EDGE_LOOP('',(#17464));
#17464 = ORIENTED_EDGE('',*,*,#17432,.T.);
#17465 = FACE_BOUND('',#17466,.T.);
#17466 = EDGE_LOOP('',(#17467));
#17467 = ORIENTED_EDGE('',*,*,#17468,.F.);
#17468 = EDGE_CURVE('',#17469,#17469,#17471,.T.);
#17469 = VERTEX_POINT('',#17470);
#17470 = CARTESIAN_POINT('',(187.5,-6.123233995737E-16,-34.));
#17471 = CIRCLE('',#17472,2.5);
#17472 = AXIS2_PLACEMENT_3D('',#17473,#17474,#17475);
#17473 = CARTESIAN_POINT('',(185.,0.,-34.));
#17474 = DIRECTION('',(0.,0.,1.));
#17475 = DIRECTION('',(1.,0.,-0.));
#17476 = PLANE('',#17477);
#17477 = AXIS2_PLACEMENT_3D('',#17478,#17479,#17480);
#17478 = CARTESIAN_POINT('',(185.,0.,-34.));
#17479 = DIRECTION('',(0.,0.,1.));
#17480 = DIRECTION('',(1.,0.,-0.));
#17481 = ADVANCED_FACE('',(#17482,#17485),#17535,.F.);
#17482 = FACE_BOUND('',#17483,.F.);
#17483 = EDGE_LOOP('',(#17484));
#17484 = ORIENTED_EDGE('',*,*,#17449,.T.);
#17485 = FACE_BOUND('',#17486,.F.);
#17486 = EDGE_LOOP('',(#17487,#17497,#17505,#17513,#17521,#17529));
#17487 = ORIENTED_EDGE('',*,*,#17488,.T.);
#17488 = EDGE_CURVE('',#17489,#17491,#17493,.T.);
#17489 = VERTEX_POINT('',#17490);
#17490 = CARTESIAN_POINT('',(183.,1.154700538379,-39.));
#17491 = VERTEX_POINT('',#17492);
#17492 = CARTESIAN_POINT('',(185.,2.309401076759,-39.));
#17493 = LINE('',#17494,#17495);
#17494 = CARTESIAN_POINT('',(184.5,2.020725942164,-39.));
#17495 = VECTOR('',#17496,1.);
#17496 = DIRECTION('',(0.866025403784,0.5,-0.));
#17497 = ORIENTED_EDGE('',*,*,#17498,.T.);
#17498 = EDGE_CURVE('',#17491,#17499,#17501,.T.);
#17499 = VERTEX_POINT('',#17500);
#17500 = CARTESIAN_POINT('',(187.,1.154700538379,-39.));
#17501 = LINE('',#17502,#17503);
#17502 = CARTESIAN_POINT('',(186.5,1.443375672974,-39.));
#17503 = VECTOR('',#17504,1.);
#17504 = DIRECTION('',(0.866025403784,-0.5,0.));
#17505 = ORIENTED_EDGE('',*,*,#17506,.T.);
#17506 = EDGE_CURVE('',#17499,#17507,#17509,.T.);
#17507 = VERTEX_POINT('',#17508);
#17508 = CARTESIAN_POINT('',(187.,-1.154700538379,-39.));
#17509 = LINE('',#17510,#17511);
#17510 = CARTESIAN_POINT('',(187.,-0.57735026919,-39.));
#17511 = VECTOR('',#17512,1.);
#17512 = DIRECTION('',(0.,-1.,0.));
#17513 = ORIENTED_EDGE('',*,*,#17514,.T.);
#17514 = EDGE_CURVE('',#17507,#17515,#17517,.T.);
#17515 = VERTEX_POINT('',#17516);
#17516 = CARTESIAN_POINT('',(185.,-2.309401076759,-39.));
#17517 = LINE('',#17518,#17519);
#17518 = CARTESIAN_POINT('',(185.5,-2.020725942164,-39.));
#17519 = VECTOR('',#17520,1.);
#17520 = DIRECTION('',(-0.866025403784,-0.5,0.));
#17521 = ORIENTED_EDGE('',*,*,#17522,.T.);
#17522 = EDGE_CURVE('',#17515,#17523,#17525,.T.);
#17523 = VERTEX_POINT('',#17524);
#17524 = CARTESIAN_POINT('',(183.,-1.154700538379,-39.));
#17525 = LINE('',#17526,#17527);
#17526 = CARTESIAN_POINT('',(183.5,-1.443375672974,-39.));
#17527 = VECTOR('',#17528,1.);
#17528 = DIRECTION('',(-0.866025403784,0.5,0.));
#17529 = ORIENTED_EDGE('',*,*,#17530,.T.);
#17530 = EDGE_CURVE('',#17523,#17489,#17531,.T.);
#17531 = LINE('',#17532,#17533);
#17532 = CARTESIAN_POINT('',(183.,0.57735026919,-39.));
#17533 = VECTOR('',#17534,1.);
#17534 = DIRECTION('',(-0.,1.,0.));
#17535 = PLANE('',#17536);
#17536 = AXIS2_PLACEMENT_3D('',#17537,#17538,#17539);
#17537 = CARTESIAN_POINT('',(185.,0.,-39.));
#17538 = DIRECTION('',(0.,0.,1.));
#17539 = DIRECTION('',(1.,0.,-0.));
#17540 = ADVANCED_FACE('',(#17541),#17560,.T.);
#17541 = FACE_BOUND('',#17542,.T.);
#17542 = EDGE_LOOP('',(#17543,#17552,#17558,#17559));
#17543 = ORIENTED_EDGE('',*,*,#17544,.F.);
#17544 = EDGE_CURVE('',#17545,#17545,#17547,.T.);
#17545 = VERTEX_POINT('',#17546);
#17546 = CARTESIAN_POINT('',(187.5,-6.123233995737E-16,-22.));
#17547 = CIRCLE('',#17548,2.5);
#17548 = AXIS2_PLACEMENT_3D('',#17549,#17550,#17551);
#17549 = CARTESIAN_POINT('',(185.,0.,-22.));
#17550 = DIRECTION('',(0.,0.,1.));
#17551 = DIRECTION('',(1.,0.,-0.));
#17552 = ORIENTED_EDGE('',*,*,#17553,.F.);
#17553 = EDGE_CURVE('',#17469,#17545,#17554,.T.);
#17554 = LINE('',#17555,#17556);
#17555 = CARTESIAN_POINT('',(187.5,-6.123233995737E-16,-34.));
#17556 = VECTOR('',#17557,1.);
#17557 = DIRECTION('',(0.,0.,1.));
#17558 = ORIENTED_EDGE('',*,*,#17468,.T.);
#17559 = ORIENTED_EDGE('',*,*,#17553,.T.);
#17560 = CYLINDRICAL_SURFACE('',#17561,2.5);
#17561 = AXIS2_PLACEMENT_3D('',#17562,#17563,#17564);
#17562 = CARTESIAN_POINT('',(185.,0.,-34.));
#17563 = DIRECTION('',(0.,0.,1.));
#17564 = DIRECTION('',(1.,0.,-0.));
#17565 = ADVANCED_FACE('',(#17566),#17591,.T.);
#17566 = FACE_BOUND('',#17567,.T.);
#17567 = EDGE_LOOP('',(#17568,#17569,#17577,#17585));
#17568 = ORIENTED_EDGE('',*,*,#17488,.T.);
#17569 = ORIENTED_EDGE('',*,*,#17570,.T.);
#17570 = EDGE_CURVE('',#17491,#17571,#17573,.T.);
#17571 = VERTEX_POINT('',#17572);
#17572 = CARTESIAN_POINT('',(185.,2.309401076759,-36.));
#17573 = LINE('',#17574,#17575);
#17574 = CARTESIAN_POINT('',(185.,2.309401076759,-39.1));
#17575 = VECTOR('',#17576,1.);
#17576 = DIRECTION('',(0.,0.,1.));
#17577 = ORIENTED_EDGE('',*,*,#17578,.T.);
#17578 = EDGE_CURVE('',#17571,#17579,#17581,.T.);
#17579 = VERTEX_POINT('',#17580);
#17580 = CARTESIAN_POINT('',(183.,1.154700538379,-36.));
#17581 = LINE('',#17582,#17583);
#17582 = CARTESIAN_POINT('',(185.,2.309401076759,-36.));
#17583 = VECTOR('',#17584,1.);
#17584 = DIRECTION('',(-0.866025403784,-0.5,0.));
#17585 = ORIENTED_EDGE('',*,*,#17586,.F.);
#17586 = EDGE_CURVE('',#17489,#17579,#17587,.T.);
#17587 = LINE('',#17588,#17589);
#17588 = CARTESIAN_POINT('',(183.,1.154700538379,-39.1));
#17589 = VECTOR('',#17590,1.);
#17590 = DIRECTION('',(0.,0.,1.));
#17591 = PLANE('',#17592);
#17592 = AXIS2_PLACEMENT_3D('',#17593,#17594,#17595);
#17593 = CARTESIAN_POINT('',(185.,2.309401076759,-39.1));
#17594 = DIRECTION('',(0.5,-0.866025403784,0.));
#17595 = DIRECTION('',(-0.866025403784,-0.5,0.));
#17596 = ADVANCED_FACE('',(#17597),#17615,.T.);
#17597 = FACE_BOUND('',#17598,.T.);
#17598 = EDGE_LOOP('',(#17599,#17600,#17601,#17609));
#17599 = ORIENTED_EDGE('',*,*,#17530,.T.);
#17600 = ORIENTED_EDGE('',*,*,#17586,.T.);
#17601 = ORIENTED_EDGE('',*,*,#17602,.T.);
#17602 = EDGE_CURVE('',#17579,#17603,#17605,.T.);
#17603 = VERTEX_POINT('',#17604);
#17604 = CARTESIAN_POINT('',(183.,-1.154700538379,-36.));
#17605 = LINE('',#17606,#17607);
#17606 = CARTESIAN_POINT('',(183.,1.154700538379,-36.));
#17607 = VECTOR('',#17608,1.);
#17608 = DIRECTION('',(0.,-1.,0.));
#17609 = ORIENTED_EDGE('',*,*,#17610,.F.);
#17610 = EDGE_CURVE('',#17523,#17603,#17611,.T.);
#17611 = LINE('',#17612,#17613);
#17612 = CARTESIAN_POINT('',(183.,-1.154700538379,-39.1));
#17613 = VECTOR('',#17614,1.);
#17614 = DIRECTION('',(0.,0.,1.));
#17615 = PLANE('',#17616);
#17616 = AXIS2_PLACEMENT_3D('',#17617,#17618,#17619);
#17617 = CARTESIAN_POINT('',(183.,1.154700538379,-39.1));
#17618 = DIRECTION('',(1.,0.,-0.));
#17619 = DIRECTION('',(0.,-1.,0.));
#17620 = ADVANCED_FACE('',(#17621),#17639,.T.);
#17621 = FACE_BOUND('',#17622,.T.);
#17622 = EDGE_LOOP('',(#17623,#17624,#17625,#17633));
#17623 = ORIENTED_EDGE('',*,*,#17522,.T.);
#17624 = ORIENTED_EDGE('',*,*,#17610,.T.);
#17625 = ORIENTED_EDGE('',*,*,#17626,.T.);
#17626 = EDGE_CURVE('',#17603,#17627,#17629,.T.);
#17627 = VERTEX_POINT('',#17628);
#17628 = CARTESIAN_POINT('',(185.,-2.309401076759,-36.));
#17629 = LINE('',#17630,#17631);
#17630 = CARTESIAN_POINT('',(183.,-1.154700538379,-36.));
#17631 = VECTOR('',#17632,1.);
#17632 = DIRECTION('',(0.866025403784,-0.5,0.));
#17633 = ORIENTED_EDGE('',*,*,#17634,.F.);
#17634 = EDGE_CURVE('',#17515,#17627,#17635,.T.);
#17635 = LINE('',#17636,#17637);
#17636 = CARTESIAN_POINT('',(185.,-2.309401076759,-39.1));
#17637 = VECTOR('',#17638,1.);
#17638 = DIRECTION('',(0.,0.,1.));
#17639 = PLANE('',#17640);
#17640 = AXIS2_PLACEMENT_3D('',#17641,#17642,#17643);
#17641 = CARTESIAN_POINT('',(183.,-1.154700538379,-39.1));
#17642 = DIRECTION('',(0.5,0.866025403784,-0.));
#17643 = DIRECTION('',(0.866025403784,-0.5,0.));
#17644 = ADVANCED_FACE('',(#17645),#17663,.T.);
#17645 = FACE_BOUND('',#17646,.T.);
#17646 = EDGE_LOOP('',(#17647,#17648,#17649,#17657));
#17647 = ORIENTED_EDGE('',*,*,#17514,.T.);
#17648 = ORIENTED_EDGE('',*,*,#17634,.T.);
#17649 = ORIENTED_EDGE('',*,*,#17650,.T.);
#17650 = EDGE_CURVE('',#17627,#17651,#17653,.T.);
#17651 = VERTEX_POINT('',#17652);
#17652 = CARTESIAN_POINT('',(187.,-1.154700538379,-36.));
#17653 = LINE('',#17654,#17655);
#17654 = CARTESIAN_POINT('',(185.,-2.309401076759,-36.));
#17655 = VECTOR('',#17656,1.);
#17656 = DIRECTION('',(0.866025403784,0.5,0.));
#17657 = ORIENTED_EDGE('',*,*,#17658,.F.);
#17658 = EDGE_CURVE('',#17507,#17651,#17659,.T.);
#17659 = LINE('',#17660,#17661);
#17660 = CARTESIAN_POINT('',(187.,-1.154700538379,-39.1));
#17661 = VECTOR('',#17662,1.);
#17662 = DIRECTION('',(0.,0.,1.));
#17663 = PLANE('',#17664);
#17664 = AXIS2_PLACEMENT_3D('',#17665,#17666,#17667);
#17665 = CARTESIAN_POINT('',(185.,-2.309401076759,-39.1));
#17666 = DIRECTION('',(-0.5,0.866025403784,0.));
#17667 = DIRECTION('',(0.866025403784,0.5,0.));
#17668 = ADVANCED_FACE('',(#17669),#17687,.T.);
#17669 = FACE_BOUND('',#17670,.T.);
#17670 = EDGE_LOOP('',(#17671,#17672,#17673,#17681));
#17671 = ORIENTED_EDGE('',*,*,#17506,.T.);
#17672 = ORIENTED_EDGE('',*,*,#17658,.T.);
#17673 = ORIENTED_EDGE('',*,*,#17674,.T.);
#17674 = EDGE_CURVE('',#17651,#17675,#17677,.T.);
#17675 = VERTEX_POINT('',#17676);
#17676 = CARTESIAN_POINT('',(187.,1.154700538379,-36.));
#17677 = LINE('',#17678,#17679);
#17678 = CARTESIAN_POINT('',(187.,-1.154700538379,-36.));
#17679 = VECTOR('',#17680,1.);
#17680 = DIRECTION('',(0.,1.,0.));
#17681 = ORIENTED_EDGE('',*,*,#17682,.F.);
#17682 = EDGE_CURVE('',#17499,#17675,#17683,.T.);
#17683 = LINE('',#17684,#17685);
#17684 = CARTESIAN_POINT('',(187.,1.154700538379,-39.1));
#17685 = VECTOR('',#17686,1.);
#17686 = DIRECTION('',(0.,0.,1.));
#17687 = PLANE('',#17688);
#17688 = AXIS2_PLACEMENT_3D('',#17689,#17690,#17691);
#17689 = CARTESIAN_POINT('',(187.,-1.154700538379,-39.1));
#17690 = DIRECTION('',(-1.,0.,0.));
#17691 = DIRECTION('',(0.,1.,0.));
#17692 = ADVANCED_FACE('',(#17693),#17704,.T.);
#17693 = FACE_BOUND('',#17694,.T.);
#17694 = EDGE_LOOP('',(#17695,#17696,#17697,#17703));
#17695 = ORIENTED_EDGE('',*,*,#17498,.T.);
#17696 = ORIENTED_EDGE('',*,*,#17682,.T.);
#17697 = ORIENTED_EDGE('',*,*,#17698,.T.);
#17698 = EDGE_CURVE('',#17675,#17571,#17699,.T.);
#17699 = LINE('',#17700,#17701);
#17700 = CARTESIAN_POINT('',(187.,1.154700538379,-36.));
#17701 = VECTOR('',#17702,1.);
#17702 = DIRECTION('',(-0.866025403784,0.5,0.));
#17703 = ORIENTED_EDGE('',*,*,#17570,.F.);
#17704 = PLANE('',#17705);
#17705 = AXIS2_PLACEMENT_3D('',#17706,#17707,#17708);
#17706 = CARTESIAN_POINT('',(187.,1.154700538379,-39.1));
#17707 = DIRECTION('',(-0.5,-0.866025403784,0.));
#17708 = DIRECTION('',(-0.866025403784,0.5,0.));
#17709 = ADVANCED_FACE('',(#17710),#17713,.T.);
#17710 = FACE_BOUND('',#17711,.T.);
#17711 = EDGE_LOOP('',(#17712));
#17712 = ORIENTED_EDGE('',*,*,#17544,.T.);
#17713 = PLANE('',#17714);
#17714 = AXIS2_PLACEMENT_3D('',#17715,#17716,#17717);
#17715 = CARTESIAN_POINT('',(185.,0.,-22.));
#17716 = DIRECTION('',(0.,0.,1.));
#17717 = DIRECTION('',(1.,0.,-0.));
#17718 = ADVANCED_FACE('',(#17719),#17727,.F.);
#17719 = FACE_BOUND('',#17720,.F.);
#17720 = EDGE_LOOP('',(#17721,#17722,#17723,#17724,#17725,#17726));
#17721 = ORIENTED_EDGE('',*,*,#17698,.T.);
#17722 = ORIENTED_EDGE('',*,*,#17578,.T.);
#17723 = ORIENTED_EDGE('',*,*,#17602,.T.);
#17724 = ORIENTED_EDGE('',*,*,#17626,.T.);
#17725 = ORIENTED_EDGE('',*,*,#17650,.T.);
#17726 = ORIENTED_EDGE('',*,*,#17674,.T.);
#17727 = PLANE('',#17728);
#17728 = AXIS2_PLACEMENT_3D('',#17729,#17730,#17731);
#17729 = CARTESIAN_POINT('',(185.,-1.121728233724E-16,-36.));
#17730 = DIRECTION('',(0.,0.,1.));
#17731 = DIRECTION('',(1.,0.,-0.));
#17732 = MANIFOLD_SOLID_BREP('',#17733);
#17733 = CLOSED_SHELL('',(#17734,#17767,#17831,#17895,#17912,#17929,
    #17946,#17963));
#17734 = ADVANCED_FACE('',(#17735),#17762,.T.);
#17735 = FACE_BOUND('',#17736,.T.);
#17736 = EDGE_LOOP('',(#17737,#17746,#17754,#17761));
#17737 = ORIENTED_EDGE('',*,*,#17738,.F.);
#17738 = EDGE_CURVE('',#17739,#17739,#17741,.T.);
#17739 = VERTEX_POINT('',#17740);
#17740 = CARTESIAN_POINT('',(172.5,4.592425496803E-15,25.5));
#17741 = CIRCLE('',#17742,12.5);
#17742 = AXIS2_PLACEMENT_3D('',#17743,#17744,#17745);
#17743 = CARTESIAN_POINT('',(185.,0.,25.5));
#17744 = DIRECTION('',(0.,0.,1.));
#17745 = DIRECTION('',(-1.,1.224646799147E-16,0.));
#17746 = ORIENTED_EDGE('',*,*,#17747,.F.);
#17747 = EDGE_CURVE('',#17748,#17739,#17750,.T.);
#17748 = VERTEX_POINT('',#17749);
#17749 = CARTESIAN_POINT('',(172.5,4.592425496803E-15,22.2));
#17750 = LINE('',#17751,#17752);
#17751 = CARTESIAN_POINT('',(172.5,4.592425496803E-15,22.2));
#17752 = VECTOR('',#17753,1.);
#17753 = DIRECTION('',(0.,0.,1.));
#17754 = ORIENTED_EDGE('',*,*,#17755,.T.);
#17755 = EDGE_CURVE('',#17748,#17748,#17756,.T.);
#17756 = CIRCLE('',#17757,12.5);
#17757 = AXIS2_PLACEMENT_3D('',#17758,#17759,#17760);
#17758 = CARTESIAN_POINT('',(185.,0.,22.2));
#17759 = DIRECTION('',(0.,0.,1.));
#17760 = DIRECTION('',(-1.,1.224646799147E-16,0.));
#17761 = ORIENTED_EDGE('',*,*,#17747,.T.);
#17762 = CYLINDRICAL_SURFACE('',#17763,12.5);
#17763 = AXIS2_PLACEMENT_3D('',#17764,#17765,#17766);
#17764 = CARTESIAN_POINT('',(185.,0.,22.2));
#17765 = DIRECTION('',(0.,0.,1.));
#17766 = DIRECTION('',(-1.,1.224646799147E-16,0.));
#17767 = ADVANCED_FACE('',(#17768,#17771,#17782,#17793,#17804,#17815),
  #17826,.T.);
#17768 = FACE_BOUND('',#17769,.T.);
#17769 = EDGE_LOOP('',(#17770));
#17770 = ORIENTED_EDGE('',*,*,#17738,.T.);
#17771 = FACE_BOUND('',#17772,.T.);
#17772 = EDGE_LOOP('',(#17773));
#17773 = ORIENTED_EDGE('',*,*,#17774,.F.);
#17774 = EDGE_CURVE('',#17775,#17775,#17777,.T.);
#17775 = VERTEX_POINT('',#17776);
#17776 = CARTESIAN_POINT('',(189.51040764008,6.010407640086,25.5));
#17777 = CIRCLE('',#17778,1.5);
#17778 = AXIS2_PLACEMENT_3D('',#17779,#17780,#17781);
#17779 = CARTESIAN_POINT('',(191.01040764008,6.010407640086,25.5));
#17780 = DIRECTION('',(0.,0.,1.));
#17781 = DIRECTION('',(-1.,1.224646799147E-16,0.));
#17782 = FACE_BOUND('',#17783,.T.);
#17783 = EDGE_LOOP('',(#17784));
#17784 = ORIENTED_EDGE('',*,*,#17785,.F.);
#17785 = EDGE_CURVE('',#17786,#17786,#17788,.T.);
#17786 = VERTEX_POINT('',#17787);
#17787 = CARTESIAN_POINT('',(177.48959235991,6.010407640086,25.5));
#17788 = CIRCLE('',#17789,1.5);
#17789 = AXIS2_PLACEMENT_3D('',#17790,#17791,#17792);
#17790 = CARTESIAN_POINT('',(178.98959235991,6.010407640086,25.5));
#17791 = DIRECTION('',(0.,0.,1.));
#17792 = DIRECTION('',(-1.,1.224646799147E-16,0.));
#17793 = FACE_BOUND('',#17794,.T.);
#17794 = EDGE_LOOP('',(#17795));
#17795 = ORIENTED_EDGE('',*,*,#17796,.F.);
#17796 = EDGE_CURVE('',#17797,#17797,#17799,.T.);
#17797 = VERTEX_POINT('',#17798);
#17798 = CARTESIAN_POINT('',(189.51040764008,-6.010407640086,25.5));
#17799 = CIRCLE('',#17800,1.5);
#17800 = AXIS2_PLACEMENT_3D('',#17801,#17802,#17803);
#17801 = CARTESIAN_POINT('',(191.01040764008,-6.010407640086,25.5));
#17802 = DIRECTION('',(0.,0.,1.));
#17803 = DIRECTION('',(-1.,1.224646799147E-16,0.));
#17804 = FACE_BOUND('',#17805,.T.);
#17805 = EDGE_LOOP('',(#17806));
#17806 = ORIENTED_EDGE('',*,*,#17807,.F.);
#17807 = EDGE_CURVE('',#17808,#17808,#17810,.T.);
#17808 = VERTEX_POINT('',#17809);
#17809 = CARTESIAN_POINT('',(182.,1.102182119233E-15,25.5));
#17810 = CIRCLE('',#17811,3.);
#17811 = AXIS2_PLACEMENT_3D('',#17812,#17813,#17814);
#17812 = CARTESIAN_POINT('',(185.,0.,25.5));
#17813 = DIRECTION('',(0.,0.,1.));
#17814 = DIRECTION('',(-1.,1.224646799147E-16,0.));
#17815 = FACE_BOUND('',#17816,.T.);
#17816 = EDGE_LOOP('',(#17817));
#17817 = ORIENTED_EDGE('',*,*,#17818,.F.);
#17818 = EDGE_CURVE('',#17819,#17819,#17821,.T.);
#17819 = VERTEX_POINT('',#17820);
#17820 = CARTESIAN_POINT('',(177.48959235991,-6.010407640086,25.5));
#17821 = CIRCLE('',#17822,1.5);
#17822 = AXIS2_PLACEMENT_3D('',#17823,#17824,#17825);
#17823 = CARTESIAN_POINT('',(178.98959235991,-6.010407640086,25.5));
#17824 = DIRECTION('',(0.,0.,1.));
#17825 = DIRECTION('',(-1.,1.224646799147E-16,0.));
#17826 = PLANE('',#17827);
#17827 = AXIS2_PLACEMENT_3D('',#17828,#17829,#17830);
#17828 = CARTESIAN_POINT('',(185.,0.,25.5));
#17829 = DIRECTION('',(0.,0.,1.));
#17830 = DIRECTION('',(-1.,1.224646799147E-16,0.));
#17831 = ADVANCED_FACE('',(#17832,#17835,#17846,#17857,#17868,#17879),
  #17890,.F.);
#17832 = FACE_BOUND('',#17833,.F.);
#17833 = EDGE_LOOP('',(#17834));
#17834 = ORIENTED_EDGE('',*,*,#17755,.T.);
#17835 = FACE_BOUND('',#17836,.F.);
#17836 = EDGE_LOOP('',(#17837));
#17837 = ORIENTED_EDGE('',*,*,#17838,.F.);
#17838 = EDGE_CURVE('',#17839,#17839,#17841,.T.);
#17839 = VERTEX_POINT('',#17840);
#17840 = CARTESIAN_POINT('',(189.51040764008,6.010407640086,22.2));
#17841 = CIRCLE('',#17842,1.5);
#17842 = AXIS2_PLACEMENT_3D('',#17843,#17844,#17845);
#17843 = CARTESIAN_POINT('',(191.01040764008,6.010407640086,22.2));
#17844 = DIRECTION('',(0.,0.,1.));
#17845 = DIRECTION('',(-1.,1.224646799147E-16,0.));
#17846 = FACE_BOUND('',#17847,.F.);
#17847 = EDGE_LOOP('',(#17848));
#17848 = ORIENTED_EDGE('',*,*,#17849,.F.);
#17849 = EDGE_CURVE('',#17850,#17850,#17852,.T.);
#17850 = VERTEX_POINT('',#17851);
#17851 = CARTESIAN_POINT('',(177.48959235991,6.010407640086,22.2));
#17852 = CIRCLE('',#17853,1.5);
#17853 = AXIS2_PLACEMENT_3D('',#17854,#17855,#17856);
#17854 = CARTESIAN_POINT('',(178.98959235991,6.010407640086,22.2));
#17855 = DIRECTION('',(0.,0.,1.));
#17856 = DIRECTION('',(-1.,1.224646799147E-16,0.));
#17857 = FACE_BOUND('',#17858,.F.);
#17858 = EDGE_LOOP('',(#17859));
#17859 = ORIENTED_EDGE('',*,*,#17860,.F.);
#17860 = EDGE_CURVE('',#17861,#17861,#17863,.T.);
#17861 = VERTEX_POINT('',#17862);
#17862 = CARTESIAN_POINT('',(189.51040764008,-6.010407640086,22.2));
#17863 = CIRCLE('',#17864,1.5);
#17864 = AXIS2_PLACEMENT_3D('',#17865,#17866,#17867);
#17865 = CARTESIAN_POINT('',(191.01040764008,-6.010407640086,22.2));
#17866 = DIRECTION('',(0.,0.,1.));
#17867 = DIRECTION('',(-1.,1.224646799147E-16,0.));
#17868 = FACE_BOUND('',#17869,.F.);
#17869 = EDGE_LOOP('',(#17870));
#17870 = ORIENTED_EDGE('',*,*,#17871,.F.);
#17871 = EDGE_CURVE('',#17872,#17872,#17874,.T.);
#17872 = VERTEX_POINT('',#17873);
#17873 = CARTESIAN_POINT('',(182.,1.102182119233E-15,22.2));
#17874 = CIRCLE('',#17875,3.);
#17875 = AXIS2_PLACEMENT_3D('',#17876,#17877,#17878);
#17876 = CARTESIAN_POINT('',(185.,0.,22.2));
#17877 = DIRECTION('',(0.,0.,1.));
#17878 = DIRECTION('',(-1.,1.224646799147E-16,0.));
#17879 = FACE_BOUND('',#17880,.F.);
#17880 = EDGE_LOOP('',(#17881));
#17881 = ORIENTED_EDGE('',*,*,#17882,.F.);
#17882 = EDGE_CURVE('',#17883,#17883,#17885,.T.);
#17883 = VERTEX_POINT('',#17884);
#17884 = CARTESIAN_POINT('',(177.48959235991,-6.010407640086,22.2));
#17885 = CIRCLE('',#17886,1.5);
#17886 = AXIS2_PLACEMENT_3D('',#17887,#17888,#17889);
#17887 = CARTESIAN_POINT('',(178.98959235991,-6.010407640086,22.2));
#17888 = DIRECTION('',(0.,0.,1.));
#17889 = DIRECTION('',(-1.,1.224646799147E-16,0.));
#17890 = PLANE('',#17891);
#17891 = AXIS2_PLACEMENT_3D('',#17892,#17893,#17894);
#17892 = CARTESIAN_POINT('',(185.,0.,22.2));
#17893 = DIRECTION('',(0.,0.,1.));
#17894 = DIRECTION('',(-1.,1.224646799147E-16,0.));
#17895 = ADVANCED_FACE('',(#17896),#17907,.F.);
#17896 = FACE_BOUND('',#17897,.F.);
#17897 = EDGE_LOOP('',(#17898,#17899,#17905,#17906));
#17898 = ORIENTED_EDGE('',*,*,#17774,.F.);
#17899 = ORIENTED_EDGE('',*,*,#17900,.F.);
#17900 = EDGE_CURVE('',#17839,#17775,#17901,.T.);
#17901 = LINE('',#17902,#17903);
#17902 = CARTESIAN_POINT('',(189.51040764008,6.010407640086,21.2));
#17903 = VECTOR('',#17904,1.);
#17904 = DIRECTION('',(0.,0.,1.));
#17905 = ORIENTED_EDGE('',*,*,#17838,.T.);
#17906 = ORIENTED_EDGE('',*,*,#17900,.T.);
#17907 = CYLINDRICAL_SURFACE('',#17908,1.5);
#17908 = AXIS2_PLACEMENT_3D('',#17909,#17910,#17911);
#17909 = CARTESIAN_POINT('',(191.01040764008,6.010407640086,21.2));
#17910 = DIRECTION('',(0.,0.,1.));
#17911 = DIRECTION('',(-1.,1.224646799147E-16,0.));
#17912 = ADVANCED_FACE('',(#17913),#17924,.F.);
#17913 = FACE_BOUND('',#17914,.F.);
#17914 = EDGE_LOOP('',(#17915,#17916,#17922,#17923));
#17915 = ORIENTED_EDGE('',*,*,#17785,.F.);
#17916 = ORIENTED_EDGE('',*,*,#17917,.F.);
#17917 = EDGE_CURVE('',#17850,#17786,#17918,.T.);
#17918 = LINE('',#17919,#17920);
#17919 = CARTESIAN_POINT('',(177.48959235991,6.010407640086,21.2));
#17920 = VECTOR('',#17921,1.);
#17921 = DIRECTION('',(0.,0.,1.));
#17922 = ORIENTED_EDGE('',*,*,#17849,.T.);
#17923 = ORIENTED_EDGE('',*,*,#17917,.T.);
#17924 = CYLINDRICAL_SURFACE('',#17925,1.5);
#17925 = AXIS2_PLACEMENT_3D('',#17926,#17927,#17928);
#17926 = CARTESIAN_POINT('',(178.98959235991,6.010407640086,21.2));
#17927 = DIRECTION('',(0.,0.,1.));
#17928 = DIRECTION('',(-1.,1.224646799147E-16,0.));
#17929 = ADVANCED_FACE('',(#17930),#17941,.F.);
#17930 = FACE_BOUND('',#17931,.F.);
#17931 = EDGE_LOOP('',(#17932,#17933,#17939,#17940));
#17932 = ORIENTED_EDGE('',*,*,#17796,.F.);
#17933 = ORIENTED_EDGE('',*,*,#17934,.F.);
#17934 = EDGE_CURVE('',#17861,#17797,#17935,.T.);
#17935 = LINE('',#17936,#17937);
#17936 = CARTESIAN_POINT('',(189.51040764008,-6.010407640086,21.2));
#17937 = VECTOR('',#17938,1.);
#17938 = DIRECTION('',(0.,0.,1.));
#17939 = ORIENTED_EDGE('',*,*,#17860,.T.);
#17940 = ORIENTED_EDGE('',*,*,#17934,.T.);
#17941 = CYLINDRICAL_SURFACE('',#17942,1.5);
#17942 = AXIS2_PLACEMENT_3D('',#17943,#17944,#17945);
#17943 = CARTESIAN_POINT('',(191.01040764008,-6.010407640086,21.2));
#17944 = DIRECTION('',(0.,0.,1.));
#17945 = DIRECTION('',(-1.,1.224646799147E-16,0.));
#17946 = ADVANCED_FACE('',(#17947),#17958,.F.);
#17947 = FACE_BOUND('',#17948,.F.);
#17948 = EDGE_LOOP('',(#17949,#17950,#17956,#17957));
#17949 = ORIENTED_EDGE('',*,*,#17807,.F.);
#17950 = ORIENTED_EDGE('',*,*,#17951,.F.);
#17951 = EDGE_CURVE('',#17872,#17808,#17952,.T.);
#17952 = LINE('',#17953,#17954);
#17953 = CARTESIAN_POINT('',(182.,1.102182119233E-15,21.2));
#17954 = VECTOR('',#17955,1.);
#17955 = DIRECTION('',(0.,0.,1.));
#17956 = ORIENTED_EDGE('',*,*,#17871,.T.);
#17957 = ORIENTED_EDGE('',*,*,#17951,.T.);
#17958 = CYLINDRICAL_SURFACE('',#17959,3.);
#17959 = AXIS2_PLACEMENT_3D('',#17960,#17961,#17962);
#17960 = CARTESIAN_POINT('',(185.,0.,21.2));
#17961 = DIRECTION('',(0.,0.,1.));
#17962 = DIRECTION('',(-1.,1.224646799147E-16,0.));
#17963 = ADVANCED_FACE('',(#17964),#17975,.F.);
#17964 = FACE_BOUND('',#17965,.F.);
#17965 = EDGE_LOOP('',(#17966,#17967,#17973,#17974));
#17966 = ORIENTED_EDGE('',*,*,#17818,.F.);
#17967 = ORIENTED_EDGE('',*,*,#17968,.F.);
#17968 = EDGE_CURVE('',#17883,#17819,#17969,.T.);
#17969 = LINE('',#17970,#17971);
#17970 = CARTESIAN_POINT('',(177.48959235991,-6.010407640086,21.2));
#17971 = VECTOR('',#17972,1.);
#17972 = DIRECTION('',(0.,0.,1.));
#17973 = ORIENTED_EDGE('',*,*,#17882,.T.);
#17974 = ORIENTED_EDGE('',*,*,#17968,.T.);
#17975 = CYLINDRICAL_SURFACE('',#17976,1.5);
#17976 = AXIS2_PLACEMENT_3D('',#17977,#17978,#17979);
#17977 = CARTESIAN_POINT('',(178.98959235991,-6.010407640086,21.2));
#17978 = DIRECTION('',(0.,0.,1.));
#17979 = DIRECTION('',(-1.,1.224646799147E-16,0.));
#17980 = MANIFOLD_SOLID_BREP('',#17981);
#17981 = CLOSED_SHELL('',(#17982,#18015,#18035,#18094,#18119,#18150,
    #18174,#18198,#18222,#18246,#18263,#18272));
#17982 = ADVANCED_FACE('',(#17983),#18010,.T.);
#17983 = FACE_BOUND('',#17984,.T.);
#17984 = EDGE_LOOP('',(#17985,#17994,#18002,#18009));
#17985 = ORIENTED_EDGE('',*,*,#17986,.F.);
#17986 = EDGE_CURVE('',#17987,#17987,#17989,.T.);
#17987 = VERTEX_POINT('',#17988);
#17988 = CARTESIAN_POINT('',(187.75,3.367778697655E-16,25.5));
#17989 = CIRCLE('',#17990,2.75);
#17990 = AXIS2_PLACEMENT_3D('',#17991,#17992,#17993);
#17991 = CARTESIAN_POINT('',(185.,0.,25.5));
#17992 = DIRECTION('',(0.,-0.,-1.));
#17993 = DIRECTION('',(1.,-1.224646799147E-16,0.));
#17994 = ORIENTED_EDGE('',*,*,#17995,.F.);
#17995 = EDGE_CURVE('',#17996,#17987,#17998,.T.);
#17996 = VERTEX_POINT('',#17997);
#17997 = CARTESIAN_POINT('',(187.75,3.367778697655E-16,28.5));
#17998 = LINE('',#17999,#18000);
#17999 = CARTESIAN_POINT('',(187.75,3.367778697655E-16,28.5));
#18000 = VECTOR('',#18001,1.);
#18001 = DIRECTION('',(-0.,0.,-1.));
#18002 = ORIENTED_EDGE('',*,*,#18003,.T.);
#18003 = EDGE_CURVE('',#17996,#17996,#18004,.T.);
#18004 = CIRCLE('',#18005,2.75);
#18005 = AXIS2_PLACEMENT_3D('',#18006,#18007,#18008);
#18006 = CARTESIAN_POINT('',(185.,0.,28.5));
#18007 = DIRECTION('',(0.,-0.,-1.));
#18008 = DIRECTION('',(1.,-1.224646799147E-16,0.));
#18009 = ORIENTED_EDGE('',*,*,#17995,.T.);
#18010 = CYLINDRICAL_SURFACE('',#18011,2.75);
#18011 = AXIS2_PLACEMENT_3D('',#18012,#18013,#18014);
#18012 = CARTESIAN_POINT('',(185.,0.,28.5));
#18013 = DIRECTION('',(-0.,0.,-1.));
#18014 = DIRECTION('',(1.,-1.224646799147E-16,0.));
#18015 = ADVANCED_FACE('',(#18016,#18019),#18030,.T.);
#18016 = FACE_BOUND('',#18017,.T.);
#18017 = EDGE_LOOP('',(#18018));
#18018 = ORIENTED_EDGE('',*,*,#17986,.T.);
#18019 = FACE_BOUND('',#18020,.T.);
#18020 = EDGE_LOOP('',(#18021));
#18021 = ORIENTED_EDGE('',*,*,#18022,.F.);
#18022 = EDGE_CURVE('',#18023,#18023,#18025,.T.);
#18023 = VERTEX_POINT('',#18024);
#18024 = CARTESIAN_POINT('',(186.5,1.836970198721E-16,25.5));
#18025 = CIRCLE('',#18026,1.5);
#18026 = AXIS2_PLACEMENT_3D('',#18027,#18028,#18029);
#18027 = CARTESIAN_POINT('',(185.,0.,25.5));
#18028 = DIRECTION('',(0.,-0.,-1.));
#18029 = DIRECTION('',(1.,-1.224646799147E-16,0.));
#18030 = PLANE('',#18031);
#18031 = AXIS2_PLACEMENT_3D('',#18032,#18033,#18034);
#18032 = CARTESIAN_POINT('',(185.,0.,25.5));
#18033 = DIRECTION('',(-0.,0.,-1.));
#18034 = DIRECTION('',(1.,-1.224646799147E-16,0.));
#18035 = ADVANCED_FACE('',(#18036,#18039),#18089,.F.);
#18036 = FACE_BOUND('',#18037,.F.);
#18037 = EDGE_LOOP('',(#18038));
#18038 = ORIENTED_EDGE('',*,*,#18003,.T.);
#18039 = FACE_BOUND('',#18040,.F.);
#18040 = EDGE_LOOP('',(#18041,#18051,#18059,#18067,#18075,#18083));
#18041 = ORIENTED_EDGE('',*,*,#18042,.T.);
#18042 = EDGE_CURVE('',#18043,#18045,#18047,.T.);
#18043 = VERTEX_POINT('',#18044);
#18044 = CARTESIAN_POINT('',(186.25,0.721687836487,28.5));
#18045 = VERTEX_POINT('',#18046);
#18046 = CARTESIAN_POINT('',(185.,1.443375672974,28.5));
#18047 = LINE('',#18048,#18049);
#18048 = CARTESIAN_POINT('',(185.3125,1.262953713852,28.5));
#18049 = VECTOR('',#18050,1.);
#18050 = DIRECTION('',(-0.866025403784,0.5,0.));
#18051 = ORIENTED_EDGE('',*,*,#18052,.T.);
#18052 = EDGE_CURVE('',#18045,#18053,#18055,.T.);
#18053 = VERTEX_POINT('',#18054);
#18054 = CARTESIAN_POINT('',(183.75,0.721687836487,28.5));
#18055 = LINE('',#18056,#18057);
#18056 = CARTESIAN_POINT('',(184.0625,0.902109795609,28.5));
#18057 = VECTOR('',#18058,1.);
#18058 = DIRECTION('',(-0.866025403784,-0.5,0.));
#18059 = ORIENTED_EDGE('',*,*,#18060,.T.);
#18060 = EDGE_CURVE('',#18053,#18061,#18063,.T.);
#18061 = VERTEX_POINT('',#18062);
#18062 = CARTESIAN_POINT('',(183.75,-0.721687836487,28.5));
#18063 = LINE('',#18064,#18065);
#18064 = CARTESIAN_POINT('',(183.75,-0.360843918244,28.5));
#18065 = VECTOR('',#18066,1.);
#18066 = DIRECTION('',(1.852093499066E-16,-1.,0.));
#18067 = ORIENTED_EDGE('',*,*,#18068,.T.);
#18068 = EDGE_CURVE('',#18061,#18069,#18071,.T.);
#18069 = VERTEX_POINT('',#18070);
#18070 = CARTESIAN_POINT('',(185.,-1.443375672974,28.5));
#18071 = LINE('',#18072,#18073);
#18072 = CARTESIAN_POINT('',(184.6875,-1.262953713852,28.5));
#18073 = VECTOR('',#18074,1.);
#18074 = DIRECTION('',(0.866025403784,-0.5,0.));
#18075 = ORIENTED_EDGE('',*,*,#18076,.T.);
#18076 = EDGE_CURVE('',#18069,#18077,#18079,.T.);
#18077 = VERTEX_POINT('',#18078);
#18078 = CARTESIAN_POINT('',(186.25,-0.721687836487,28.5));
#18079 = LINE('',#18080,#18081);
#18080 = CARTESIAN_POINT('',(185.9375,-0.902109795609,28.5));
#18081 = VECTOR('',#18082,1.);
#18082 = DIRECTION('',(0.866025403784,0.5,-0.));
#18083 = ORIENTED_EDGE('',*,*,#18084,.T.);
#18084 = EDGE_CURVE('',#18077,#18043,#18085,.T.);
#18085 = LINE('',#18086,#18087);
#18086 = CARTESIAN_POINT('',(186.25,0.360843918244,28.5));
#18087 = VECTOR('',#18088,1.);
#18088 = DIRECTION('',(2.763016948254E-16,1.,-0.));
#18089 = PLANE('',#18090);
#18090 = AXIS2_PLACEMENT_3D('',#18091,#18092,#18093);
#18091 = CARTESIAN_POINT('',(185.,0.,28.5));
#18092 = DIRECTION('',(-0.,0.,-1.));
#18093 = DIRECTION('',(1.,-1.224646799147E-16,0.));
#18094 = ADVANCED_FACE('',(#18095),#18114,.T.);
#18095 = FACE_BOUND('',#18096,.T.);
#18096 = EDGE_LOOP('',(#18097,#18106,#18112,#18113));
#18097 = ORIENTED_EDGE('',*,*,#18098,.F.);
#18098 = EDGE_CURVE('',#18099,#18099,#18101,.T.);
#18099 = VERTEX_POINT('',#18100);
#18100 = CARTESIAN_POINT('',(186.5,1.836970198721E-16,20.5));
#18101 = CIRCLE('',#18102,1.5);
#18102 = AXIS2_PLACEMENT_3D('',#18103,#18104,#18105);
#18103 = CARTESIAN_POINT('',(185.,0.,20.5));
#18104 = DIRECTION('',(0.,-0.,-1.));
#18105 = DIRECTION('',(1.,-1.224646799147E-16,0.));
#18106 = ORIENTED_EDGE('',*,*,#18107,.F.);
#18107 = EDGE_CURVE('',#18023,#18099,#18108,.T.);
#18108 = LINE('',#18109,#18110);
#18109 = CARTESIAN_POINT('',(186.5,1.836970198721E-16,25.5));
#18110 = VECTOR('',#18111,1.);
#18111 = DIRECTION('',(-0.,0.,-1.));
#18112 = ORIENTED_EDGE('',*,*,#18022,.T.);
#18113 = ORIENTED_EDGE('',*,*,#18107,.T.);
#18114 = CYLINDRICAL_SURFACE('',#18115,1.5);
#18115 = AXIS2_PLACEMENT_3D('',#18116,#18117,#18118);
#18116 = CARTESIAN_POINT('',(185.,0.,25.5));
#18117 = DIRECTION('',(-0.,0.,-1.));
#18118 = DIRECTION('',(1.,-1.224646799147E-16,0.));
#18119 = ADVANCED_FACE('',(#18120),#18145,.T.);
#18120 = FACE_BOUND('',#18121,.T.);
#18121 = EDGE_LOOP('',(#18122,#18123,#18131,#18139));
#18122 = ORIENTED_EDGE('',*,*,#18042,.T.);
#18123 = ORIENTED_EDGE('',*,*,#18124,.T.);
#18124 = EDGE_CURVE('',#18045,#18125,#18127,.T.);
#18125 = VERTEX_POINT('',#18126);
#18126 = CARTESIAN_POINT('',(185.,1.443375672974,26.7));
#18127 = LINE('',#18128,#18129);
#18128 = CARTESIAN_POINT('',(185.,1.443375672974,28.6));
#18129 = VECTOR('',#18130,1.);
#18130 = DIRECTION('',(-0.,0.,-1.));
#18131 = ORIENTED_EDGE('',*,*,#18132,.T.);
#18132 = EDGE_CURVE('',#18125,#18133,#18135,.T.);
#18133 = VERTEX_POINT('',#18134);
#18134 = CARTESIAN_POINT('',(186.25,0.721687836487,26.7));
#18135 = LINE('',#18136,#18137);
#18136 = CARTESIAN_POINT('',(185.,1.443375672974,26.7));
#18137 = VECTOR('',#18138,1.);
#18138 = DIRECTION('',(0.866025403784,-0.5,0.));
#18139 = ORIENTED_EDGE('',*,*,#18140,.F.);
#18140 = EDGE_CURVE('',#18043,#18133,#18141,.T.);
#18141 = LINE('',#18142,#18143);
#18142 = CARTESIAN_POINT('',(186.25,0.721687836487,28.6));
#18143 = VECTOR('',#18144,1.);
#18144 = DIRECTION('',(-0.,0.,-1.));
#18145 = PLANE('',#18146);
#18146 = AXIS2_PLACEMENT_3D('',#18147,#18148,#18149);
#18147 = CARTESIAN_POINT('',(185.,1.443375672974,28.6));
#18148 = DIRECTION('',(-0.5,-0.866025403784,0.));
#18149 = DIRECTION('',(0.866025403784,-0.5,0.));
#18150 = ADVANCED_FACE('',(#18151),#18169,.T.);
#18151 = FACE_BOUND('',#18152,.T.);
#18152 = EDGE_LOOP('',(#18153,#18154,#18155,#18163));
#18153 = ORIENTED_EDGE('',*,*,#18084,.T.);
#18154 = ORIENTED_EDGE('',*,*,#18140,.T.);
#18155 = ORIENTED_EDGE('',*,*,#18156,.T.);
#18156 = EDGE_CURVE('',#18133,#18157,#18159,.T.);
#18157 = VERTEX_POINT('',#18158);
#18158 = CARTESIAN_POINT('',(186.25,-0.721687836487,26.7));
#18159 = LINE('',#18160,#18161);
#18160 = CARTESIAN_POINT('',(186.25,0.721687836487,26.7));
#18161 = VECTOR('',#18162,1.);
#18162 = DIRECTION('',(-2.763016948254E-16,-1.,0.));
#18163 = ORIENTED_EDGE('',*,*,#18164,.F.);
#18164 = EDGE_CURVE('',#18077,#18157,#18165,.T.);
#18165 = LINE('',#18166,#18167);
#18166 = CARTESIAN_POINT('',(186.25,-0.721687836487,28.6));
#18167 = VECTOR('',#18168,1.);
#18168 = DIRECTION('',(-0.,0.,-1.));
#18169 = PLANE('',#18170);
#18170 = AXIS2_PLACEMENT_3D('',#18171,#18172,#18173);
#18171 = CARTESIAN_POINT('',(186.25,0.721687836487,28.6));
#18172 = DIRECTION('',(-1.,2.763016948254E-16,0.));
#18173 = DIRECTION('',(-2.763016948254E-16,-1.,0.));
#18174 = ADVANCED_FACE('',(#18175),#18193,.T.);
#18175 = FACE_BOUND('',#18176,.T.);
#18176 = EDGE_LOOP('',(#18177,#18178,#18179,#18187));
#18177 = ORIENTED_EDGE('',*,*,#18076,.T.);
#18178 = ORIENTED_EDGE('',*,*,#18164,.T.);
#18179 = ORIENTED_EDGE('',*,*,#18180,.T.);
#18180 = EDGE_CURVE('',#18157,#18181,#18183,.T.);
#18181 = VERTEX_POINT('',#18182);
#18182 = CARTESIAN_POINT('',(185.,-1.443375672974,26.7));
#18183 = LINE('',#18184,#18185);
#18184 = CARTESIAN_POINT('',(186.25,-0.721687836487,26.7));
#18185 = VECTOR('',#18186,1.);
#18186 = DIRECTION('',(-0.866025403784,-0.5,0.));
#18187 = ORIENTED_EDGE('',*,*,#18188,.F.);
#18188 = EDGE_CURVE('',#18069,#18181,#18189,.T.);
#18189 = LINE('',#18190,#18191);
#18190 = CARTESIAN_POINT('',(185.,-1.443375672974,28.6));
#18191 = VECTOR('',#18192,1.);
#18192 = DIRECTION('',(-0.,0.,-1.));
#18193 = PLANE('',#18194);
#18194 = AXIS2_PLACEMENT_3D('',#18195,#18196,#18197);
#18195 = CARTESIAN_POINT('',(186.25,-0.721687836487,28.6));
#18196 = DIRECTION('',(-0.5,0.866025403784,0.));
#18197 = DIRECTION('',(-0.866025403784,-0.5,0.));
#18198 = ADVANCED_FACE('',(#18199),#18217,.T.);
#18199 = FACE_BOUND('',#18200,.T.);
#18200 = EDGE_LOOP('',(#18201,#18202,#18203,#18211));
#18201 = ORIENTED_EDGE('',*,*,#18068,.T.);
#18202 = ORIENTED_EDGE('',*,*,#18188,.T.);
#18203 = ORIENTED_EDGE('',*,*,#18204,.T.);
#18204 = EDGE_CURVE('',#18181,#18205,#18207,.T.);
#18205 = VERTEX_POINT('',#18206);
#18206 = CARTESIAN_POINT('',(183.75,-0.721687836487,26.7));
#18207 = LINE('',#18208,#18209);
#18208 = CARTESIAN_POINT('',(185.,-1.443375672974,26.7));
#18209 = VECTOR('',#18210,1.);
#18210 = DIRECTION('',(-0.866025403784,0.5,0.));
#18211 = ORIENTED_EDGE('',*,*,#18212,.F.);
#18212 = EDGE_CURVE('',#18061,#18205,#18213,.T.);
#18213 = LINE('',#18214,#18215);
#18214 = CARTESIAN_POINT('',(183.75,-0.721687836487,28.6));
#18215 = VECTOR('',#18216,1.);
#18216 = DIRECTION('',(-0.,0.,-1.));
#18217 = PLANE('',#18218);
#18218 = AXIS2_PLACEMENT_3D('',#18219,#18220,#18221);
#18219 = CARTESIAN_POINT('',(185.,-1.443375672974,28.6));
#18220 = DIRECTION('',(0.5,0.866025403784,-0.));
#18221 = DIRECTION('',(-0.866025403784,0.5,0.));
#18222 = ADVANCED_FACE('',(#18223),#18241,.T.);
#18223 = FACE_BOUND('',#18224,.T.);
#18224 = EDGE_LOOP('',(#18225,#18226,#18227,#18235));
#18225 = ORIENTED_EDGE('',*,*,#18060,.T.);
#18226 = ORIENTED_EDGE('',*,*,#18212,.T.);
#18227 = ORIENTED_EDGE('',*,*,#18228,.T.);
#18228 = EDGE_CURVE('',#18205,#18229,#18231,.T.);
#18229 = VERTEX_POINT('',#18230);
#18230 = CARTESIAN_POINT('',(183.75,0.721687836487,26.7));
#18231 = LINE('',#18232,#18233);
#18232 = CARTESIAN_POINT('',(183.75,-0.721687836487,26.7));
#18233 = VECTOR('',#18234,1.);
#18234 = DIRECTION('',(-1.852093499066E-16,1.,0.));
#18235 = ORIENTED_EDGE('',*,*,#18236,.F.);
#18236 = EDGE_CURVE('',#18053,#18229,#18237,.T.);
#18237 = LINE('',#18238,#18239);
#18238 = CARTESIAN_POINT('',(183.75,0.721687836487,28.6));
#18239 = VECTOR('',#18240,1.);
#18240 = DIRECTION('',(-0.,0.,-1.));
#18241 = PLANE('',#18242);
#18242 = AXIS2_PLACEMENT_3D('',#18243,#18244,#18245);
#18243 = CARTESIAN_POINT('',(183.75,-0.721687836487,28.6));
#18244 = DIRECTION('',(1.,1.852093499066E-16,-0.));
#18245 = DIRECTION('',(-1.852093499066E-16,1.,0.));
#18246 = ADVANCED_FACE('',(#18247),#18258,.T.);
#18247 = FACE_BOUND('',#18248,.T.);
#18248 = EDGE_LOOP('',(#18249,#18250,#18251,#18257));
#18249 = ORIENTED_EDGE('',*,*,#18052,.T.);
#18250 = ORIENTED_EDGE('',*,*,#18236,.T.);
#18251 = ORIENTED_EDGE('',*,*,#18252,.T.);
#18252 = EDGE_CURVE('',#18229,#18125,#18253,.T.);
#18253 = LINE('',#18254,#18255);
#18254 = CARTESIAN_POINT('',(183.75,0.721687836487,26.7));
#18255 = VECTOR('',#18256,1.);
#18256 = DIRECTION('',(0.866025403784,0.5,0.));
#18257 = ORIENTED_EDGE('',*,*,#18124,.F.);
#18258 = PLANE('',#18259);
#18259 = AXIS2_PLACEMENT_3D('',#18260,#18261,#18262);
#18260 = CARTESIAN_POINT('',(183.75,0.721687836487,28.6));
#18261 = DIRECTION('',(0.5,-0.866025403784,0.));
#18262 = DIRECTION('',(0.866025403784,0.5,0.));
#18263 = ADVANCED_FACE('',(#18264),#18267,.T.);
#18264 = FACE_BOUND('',#18265,.T.);
#18265 = EDGE_LOOP('',(#18266));
#18266 = ORIENTED_EDGE('',*,*,#18098,.T.);
#18267 = PLANE('',#18268);
#18268 = AXIS2_PLACEMENT_3D('',#18269,#18270,#18271);
#18269 = CARTESIAN_POINT('',(185.,0.,20.5));
#18270 = DIRECTION('',(-0.,0.,-1.));
#18271 = DIRECTION('',(1.,-1.224646799147E-16,0.));
#18272 = ADVANCED_FACE('',(#18273),#18281,.F.);
#18273 = FACE_BOUND('',#18274,.F.);
#18274 = EDGE_LOOP('',(#18275,#18276,#18277,#18278,#18279,#18280));
#18275 = ORIENTED_EDGE('',*,*,#18252,.T.);
#18276 = ORIENTED_EDGE('',*,*,#18132,.T.);
#18277 = ORIENTED_EDGE('',*,*,#18156,.T.);
#18278 = ORIENTED_EDGE('',*,*,#18180,.T.);
#18279 = ORIENTED_EDGE('',*,*,#18204,.T.);
#18280 = ORIENTED_EDGE('',*,*,#18228,.T.);
#18281 = PLANE('',#18282);
#18282 = AXIS2_PLACEMENT_3D('',#18283,#18284,#18285);
#18283 = CARTESIAN_POINT('',(185.,-1.281975124256E-17,26.7));
#18284 = DIRECTION('',(0.,0.,-1.));
#18285 = DIRECTION('',(1.,-1.224646799147E-16,0.));
#18286 = MANIFOLD_SOLID_BREP('',#18287);
#18287 = CLOSED_SHELL('',(#18288,#18330,#18361,#18392,#18478,#18525,
    #18556,#18587,#18634,#18650,#18741,#18765,#18775,#18795,#18973,
    #19000,#19009,#19036,#19045,#19054,#19095,#19130,#19146,#19161,
    #19180,#19260,#19295,#19320,#19345,#19370,#19395));
#18288 = ADVANCED_FACE('',(#18289),#18325,.T.);
#18289 = FACE_BOUND('',#18290,.T.);
#18290 = EDGE_LOOP('',(#18291,#18302,#18310,#18319));
#18291 = ORIENTED_EDGE('',*,*,#18292,.F.);
#18292 = EDGE_CURVE('',#18293,#18295,#18297,.T.);
#18293 = VERTEX_POINT('',#18294);
#18294 = CARTESIAN_POINT('',(201.,-1.959434878636E-15,-28.));
#18295 = VERTEX_POINT('',#18296);
#18296 = CARTESIAN_POINT('',(169.,0.,-28.));
#18297 = CIRCLE('',#18298,16.);
#18298 = AXIS2_PLACEMENT_3D('',#18299,#18300,#18301);
#18299 = CARTESIAN_POINT('',(185.,0.,-28.));
#18300 = DIRECTION('',(0.,0.,1.));
#18301 = DIRECTION('',(1.,0.,-0.));
#18302 = ORIENTED_EDGE('',*,*,#18303,.F.);
#18303 = EDGE_CURVE('',#18304,#18293,#18306,.T.);
#18304 = VERTEX_POINT('',#18305);
#18305 = CARTESIAN_POINT('',(201.,-1.959434878636E-15,-33.));
#18306 = LINE('',#18307,#18308);
#18307 = CARTESIAN_POINT('',(201.,-3.918869757272E-15,-33.));
#18308 = VECTOR('',#18309,1.);
#18309 = DIRECTION('',(0.,0.,1.));
#18310 = ORIENTED_EDGE('',*,*,#18311,.T.);
#18311 = EDGE_CURVE('',#18304,#18312,#18314,.T.);
#18312 = VERTEX_POINT('',#18313);
#18313 = CARTESIAN_POINT('',(169.,0.,-33.));
#18314 = CIRCLE('',#18315,16.);
#18315 = AXIS2_PLACEMENT_3D('',#18316,#18317,#18318);
#18316 = CARTESIAN_POINT('',(185.,0.,-33.));
#18317 = DIRECTION('',(0.,0.,1.));
#18318 = DIRECTION('',(1.,0.,-0.));
#18319 = ORIENTED_EDGE('',*,*,#18320,.T.);
#18320 = EDGE_CURVE('',#18312,#18295,#18321,.T.);
#18321 = LINE('',#18322,#18323);
#18322 = CARTESIAN_POINT('',(169.,0.,-33.));
#18323 = VECTOR('',#18324,1.);
#18324 = DIRECTION('',(0.,0.,1.));
#18325 = CYLINDRICAL_SURFACE('',#18326,16.);
#18326 = AXIS2_PLACEMENT_3D('',#18327,#18328,#18329);
#18327 = CARTESIAN_POINT('',(185.,0.,-33.));
#18328 = DIRECTION('',(0.,0.,1.));
#18329 = DIRECTION('',(1.,0.,-0.));
#18330 = ADVANCED_FACE('',(#18331),#18356,.F.);
#18331 = FACE_BOUND('',#18332,.F.);
#18332 = EDGE_LOOP('',(#18333,#18343,#18349,#18350));
#18333 = ORIENTED_EDGE('',*,*,#18334,.F.);
#18334 = EDGE_CURVE('',#18335,#18337,#18339,.T.);
#18335 = VERTEX_POINT('',#18336);
#18336 = CARTESIAN_POINT('',(169.,-28.,-33.));
#18337 = VERTEX_POINT('',#18338);
#18338 = CARTESIAN_POINT('',(169.,-28.,-28.));
#18339 = LINE('',#18340,#18341);
#18340 = CARTESIAN_POINT('',(169.,-28.,-33.));
#18341 = VECTOR('',#18342,1.);
#18342 = DIRECTION('',(0.,0.,1.));
#18343 = ORIENTED_EDGE('',*,*,#18344,.T.);
#18344 = EDGE_CURVE('',#18335,#18312,#18345,.T.);
#18345 = LINE('',#18346,#18347);
#18346 = CARTESIAN_POINT('',(169.,-34.,-33.));
#18347 = VECTOR('',#18348,1.);
#18348 = DIRECTION('',(-0.,1.,0.));
#18349 = ORIENTED_EDGE('',*,*,#18320,.T.);
#18350 = ORIENTED_EDGE('',*,*,#18351,.F.);
#18351 = EDGE_CURVE('',#18337,#18295,#18352,.T.);
#18352 = LINE('',#18353,#18354);
#18353 = CARTESIAN_POINT('',(169.,-34.,-28.));
#18354 = VECTOR('',#18355,1.);
#18355 = DIRECTION('',(-0.,1.,0.));
#18356 = PLANE('',#18357);
#18357 = AXIS2_PLACEMENT_3D('',#18358,#18359,#18360);
#18358 = CARTESIAN_POINT('',(169.,-34.,-33.));
#18359 = DIRECTION('',(1.,0.,-0.));
#18360 = DIRECTION('',(0.,0.,1.));
#18361 = ADVANCED_FACE('',(#18362),#18387,.T.);
#18362 = FACE_BOUND('',#18363,.T.);
#18363 = EDGE_LOOP('',(#18364,#18374,#18380,#18381));
#18364 = ORIENTED_EDGE('',*,*,#18365,.F.);
#18365 = EDGE_CURVE('',#18366,#18368,#18370,.T.);
#18366 = VERTEX_POINT('',#18367);
#18367 = CARTESIAN_POINT('',(201.,-28.,-33.));
#18368 = VERTEX_POINT('',#18369);
#18369 = CARTESIAN_POINT('',(201.,-28.,-28.));
#18370 = LINE('',#18371,#18372);
#18371 = CARTESIAN_POINT('',(201.,-28.,-33.));
#18372 = VECTOR('',#18373,1.);
#18373 = DIRECTION('',(0.,0.,1.));
#18374 = ORIENTED_EDGE('',*,*,#18375,.T.);
#18375 = EDGE_CURVE('',#18366,#18304,#18376,.T.);
#18376 = LINE('',#18377,#18378);
#18377 = CARTESIAN_POINT('',(201.,-34.,-33.));
#18378 = VECTOR('',#18379,1.);
#18379 = DIRECTION('',(-0.,1.,0.));
#18380 = ORIENTED_EDGE('',*,*,#18303,.T.);
#18381 = ORIENTED_EDGE('',*,*,#18382,.F.);
#18382 = EDGE_CURVE('',#18368,#18293,#18383,.T.);
#18383 = LINE('',#18384,#18385);
#18384 = CARTESIAN_POINT('',(201.,-34.,-28.));
#18385 = VECTOR('',#18386,1.);
#18386 = DIRECTION('',(-0.,1.,0.));
#18387 = PLANE('',#18388);
#18388 = AXIS2_PLACEMENT_3D('',#18389,#18390,#18391);
#18389 = CARTESIAN_POINT('',(201.,-34.,-33.));
#18390 = DIRECTION('',(1.,0.,-0.));
#18391 = DIRECTION('',(0.,0.,1.));
#18392 = ADVANCED_FACE('',(#18393),#18473,.T.);
#18393 = FACE_BOUND('',#18394,.T.);
#18394 = EDGE_LOOP('',(#18395,#18403,#18411,#18419,#18427,#18435,#18443,
    #18451,#18459,#18465,#18466,#18472));
#18395 = ORIENTED_EDGE('',*,*,#18396,.F.);
#18396 = EDGE_CURVE('',#18397,#18335,#18399,.T.);
#18397 = VERTEX_POINT('',#18398);
#18398 = CARTESIAN_POINT('',(165.,-28.,-33.));
#18399 = LINE('',#18400,#18401);
#18400 = CARTESIAN_POINT('',(165.,-28.,-33.));
#18401 = VECTOR('',#18402,1.);
#18402 = DIRECTION('',(1.,0.,-0.));
#18403 = ORIENTED_EDGE('',*,*,#18404,.T.);
#18404 = EDGE_CURVE('',#18397,#18405,#18407,.T.);
#18405 = VERTEX_POINT('',#18406);
#18406 = CARTESIAN_POINT('',(165.,-28.,30.5));
#18407 = LINE('',#18408,#18409);
#18408 = CARTESIAN_POINT('',(165.,-28.,-33.));
#18409 = VECTOR('',#18410,1.);
#18410 = DIRECTION('',(0.,0.,1.));
#18411 = ORIENTED_EDGE('',*,*,#18412,.T.);
#18412 = EDGE_CURVE('',#18405,#18413,#18415,.T.);
#18413 = VERTEX_POINT('',#18414);
#18414 = CARTESIAN_POINT('',(169.,-28.,30.5));
#18415 = LINE('',#18416,#18417);
#18416 = CARTESIAN_POINT('',(165.,-28.,30.5));
#18417 = VECTOR('',#18418,1.);
#18418 = DIRECTION('',(1.,0.,-0.));
#18419 = ORIENTED_EDGE('',*,*,#18420,.F.);
#18420 = EDGE_CURVE('',#18421,#18413,#18423,.T.);
#18421 = VERTEX_POINT('',#18422);
#18422 = CARTESIAN_POINT('',(169.,-28.,25.5));
#18423 = LINE('',#18424,#18425);
#18424 = CARTESIAN_POINT('',(169.,-28.,-3.75));
#18425 = VECTOR('',#18426,1.);
#18426 = DIRECTION('',(0.,0.,1.));
#18427 = ORIENTED_EDGE('',*,*,#18428,.F.);
#18428 = EDGE_CURVE('',#18429,#18421,#18431,.T.);
#18429 = VERTEX_POINT('',#18430);
#18430 = CARTESIAN_POINT('',(201.,-28.,25.5));
#18431 = LINE('',#18432,#18433);
#18432 = CARTESIAN_POINT('',(167.,-28.,25.5));
#18433 = VECTOR('',#18434,1.);
#18434 = DIRECTION('',(-1.,-0.,0.));
#18435 = ORIENTED_EDGE('',*,*,#18436,.T.);
#18436 = EDGE_CURVE('',#18429,#18437,#18439,.T.);
#18437 = VERTEX_POINT('',#18438);
#18438 = CARTESIAN_POINT('',(201.,-28.,30.5));
#18439 = LINE('',#18440,#18441);
#18440 = CARTESIAN_POINT('',(201.,-28.,-3.75));
#18441 = VECTOR('',#18442,1.);
#18442 = DIRECTION('',(0.,0.,1.));
#18443 = ORIENTED_EDGE('',*,*,#18444,.T.);
#18444 = EDGE_CURVE('',#18437,#18445,#18447,.T.);
#18445 = VERTEX_POINT('',#18446);
#18446 = CARTESIAN_POINT('',(205.,-28.,30.5));
#18447 = LINE('',#18448,#18449);
#18448 = CARTESIAN_POINT('',(165.,-28.,30.5));
#18449 = VECTOR('',#18450,1.);
#18450 = DIRECTION('',(1.,0.,-0.));
#18451 = ORIENTED_EDGE('',*,*,#18452,.F.);
#18452 = EDGE_CURVE('',#18453,#18445,#18455,.T.);
#18453 = VERTEX_POINT('',#18454);
#18454 = CARTESIAN_POINT('',(205.,-28.,-33.));
#18455 = LINE('',#18456,#18457);
#18456 = CARTESIAN_POINT('',(205.,-28.,-33.));
#18457 = VECTOR('',#18458,1.);
#18458 = DIRECTION('',(0.,0.,1.));
#18459 = ORIENTED_EDGE('',*,*,#18460,.F.);
#18460 = EDGE_CURVE('',#18366,#18453,#18461,.T.);
#18461 = LINE('',#18462,#18463);
#18462 = CARTESIAN_POINT('',(165.,-28.,-33.));
#18463 = VECTOR('',#18464,1.);
#18464 = DIRECTION('',(1.,0.,-0.));
#18465 = ORIENTED_EDGE('',*,*,#18365,.T.);
#18466 = ORIENTED_EDGE('',*,*,#18467,.T.);
#18467 = EDGE_CURVE('',#18368,#18337,#18468,.T.);
#18468 = LINE('',#18469,#18470);
#18469 = CARTESIAN_POINT('',(167.,-28.,-28.));
#18470 = VECTOR('',#18471,1.);
#18471 = DIRECTION('',(-1.,-0.,0.));
#18472 = ORIENTED_EDGE('',*,*,#18334,.F.);
#18473 = PLANE('',#18474);
#18474 = AXIS2_PLACEMENT_3D('',#18475,#18476,#18477);
#18475 = CARTESIAN_POINT('',(165.,-28.,-33.));
#18476 = DIRECTION('',(-0.,1.,0.));
#18477 = DIRECTION('',(0.,0.,1.));
#18478 = ADVANCED_FACE('',(#18479),#18520,.T.);
#18479 = FACE_BOUND('',#18480,.T.);
#18480 = EDGE_LOOP('',(#18481,#18491,#18497,#18498,#18506,#18514));
#18481 = ORIENTED_EDGE('',*,*,#18482,.F.);
#18482 = EDGE_CURVE('',#18483,#18485,#18487,.T.);
#18483 = VERTEX_POINT('',#18484);
#18484 = CARTESIAN_POINT('',(205.,-34.,-33.));
#18485 = VERTEX_POINT('',#18486);
#18486 = CARTESIAN_POINT('',(205.,-34.,-20.84591794226));
#18487 = LINE('',#18488,#18489);
#18488 = CARTESIAN_POINT('',(205.,-34.,-33.));
#18489 = VECTOR('',#18490,1.);
#18490 = DIRECTION('',(0.,0.,1.));
#18491 = ORIENTED_EDGE('',*,*,#18492,.T.);
#18492 = EDGE_CURVE('',#18483,#18453,#18493,.T.);
#18493 = LINE('',#18494,#18495);
#18494 = CARTESIAN_POINT('',(205.,-34.,-33.));
#18495 = VECTOR('',#18496,1.);
#18496 = DIRECTION('',(-0.,1.,0.));
#18497 = ORIENTED_EDGE('',*,*,#18452,.T.);
#18498 = ORIENTED_EDGE('',*,*,#18499,.F.);
#18499 = EDGE_CURVE('',#18500,#18445,#18502,.T.);
#18500 = VERTEX_POINT('',#18501);
#18501 = CARTESIAN_POINT('',(205.,-34.,30.5));
#18502 = LINE('',#18503,#18504);
#18503 = CARTESIAN_POINT('',(205.,-34.,30.5));
#18504 = VECTOR('',#18505,1.);
#18505 = DIRECTION('',(-0.,1.,0.));
#18506 = ORIENTED_EDGE('',*,*,#18507,.F.);
#18507 = EDGE_CURVE('',#18508,#18500,#18510,.T.);
#18508 = VERTEX_POINT('',#18509);
#18509 = CARTESIAN_POINT('',(205.,-34.,18.345917942265));
#18510 = LINE('',#18511,#18512);
#18511 = CARTESIAN_POINT('',(205.,-34.,-33.));
#18512 = VECTOR('',#18513,1.);
#18513 = DIRECTION('',(0.,0.,1.));
#18514 = ORIENTED_EDGE('',*,*,#18515,.F.);
#18515 = EDGE_CURVE('',#18485,#18508,#18516,.T.);
#18516 = LINE('',#18517,#18518);
#18517 = CARTESIAN_POINT('',(205.,-34.,-33.));
#18518 = VECTOR('',#18519,1.);
#18519 = DIRECTION('',(0.,0.,1.));
#18520 = PLANE('',#18521);
#18521 = AXIS2_PLACEMENT_3D('',#18522,#18523,#18524);
#18522 = CARTESIAN_POINT('',(205.,-34.,-33.));
#18523 = DIRECTION('',(1.,0.,-0.));
#18524 = DIRECTION('',(0.,0.,1.));
#18525 = ADVANCED_FACE('',(#18526),#18551,.T.);
#18526 = FACE_BOUND('',#18527,.T.);
#18527 = EDGE_LOOP('',(#18528,#18529,#18537,#18545));
#18528 = ORIENTED_EDGE('',*,*,#18436,.F.);
#18529 = ORIENTED_EDGE('',*,*,#18530,.T.);
#18530 = EDGE_CURVE('',#18429,#18531,#18533,.T.);
#18531 = VERTEX_POINT('',#18532);
#18532 = CARTESIAN_POINT('',(201.,-1.959434878636E-15,25.5));
#18533 = LINE('',#18534,#18535);
#18534 = CARTESIAN_POINT('',(201.,-34.,25.5));
#18535 = VECTOR('',#18536,1.);
#18536 = DIRECTION('',(-0.,1.,0.));
#18537 = ORIENTED_EDGE('',*,*,#18538,.T.);
#18538 = EDGE_CURVE('',#18531,#18539,#18541,.T.);
#18539 = VERTEX_POINT('',#18540);
#18540 = CARTESIAN_POINT('',(201.,-1.959434878636E-15,30.5));
#18541 = LINE('',#18542,#18543);
#18542 = CARTESIAN_POINT('',(201.,-3.918869757272E-15,25.5));
#18543 = VECTOR('',#18544,1.);
#18544 = DIRECTION('',(0.,0.,1.));
#18545 = ORIENTED_EDGE('',*,*,#18546,.F.);
#18546 = EDGE_CURVE('',#18437,#18539,#18547,.T.);
#18547 = LINE('',#18548,#18549);
#18548 = CARTESIAN_POINT('',(201.,-34.,30.5));
#18549 = VECTOR('',#18550,1.);
#18550 = DIRECTION('',(-0.,1.,0.));
#18551 = PLANE('',#18552);
#18552 = AXIS2_PLACEMENT_3D('',#18553,#18554,#18555);
#18553 = CARTESIAN_POINT('',(201.,-34.,25.5));
#18554 = DIRECTION('',(1.,0.,-0.));
#18555 = DIRECTION('',(0.,0.,1.));
#18556 = ADVANCED_FACE('',(#18557),#18582,.F.);
#18557 = FACE_BOUND('',#18558,.F.);
#18558 = EDGE_LOOP('',(#18559,#18560,#18568,#18576));
#18559 = ORIENTED_EDGE('',*,*,#18420,.F.);
#18560 = ORIENTED_EDGE('',*,*,#18561,.T.);
#18561 = EDGE_CURVE('',#18421,#18562,#18564,.T.);
#18562 = VERTEX_POINT('',#18563);
#18563 = CARTESIAN_POINT('',(169.,0.,25.5));
#18564 = LINE('',#18565,#18566);
#18565 = CARTESIAN_POINT('',(169.,-34.,25.5));
#18566 = VECTOR('',#18567,1.);
#18567 = DIRECTION('',(-0.,1.,0.));
#18568 = ORIENTED_EDGE('',*,*,#18569,.T.);
#18569 = EDGE_CURVE('',#18562,#18570,#18572,.T.);
#18570 = VERTEX_POINT('',#18571);
#18571 = CARTESIAN_POINT('',(169.,0.,30.5));
#18572 = LINE('',#18573,#18574);
#18573 = CARTESIAN_POINT('',(169.,0.,25.5));
#18574 = VECTOR('',#18575,1.);
#18575 = DIRECTION('',(0.,0.,1.));
#18576 = ORIENTED_EDGE('',*,*,#18577,.F.);
#18577 = EDGE_CURVE('',#18413,#18570,#18578,.T.);
#18578 = LINE('',#18579,#18580);
#18579 = CARTESIAN_POINT('',(169.,-34.,30.5));
#18580 = VECTOR('',#18581,1.);
#18581 = DIRECTION('',(-0.,1.,0.));
#18582 = PLANE('',#18583);
#18583 = AXIS2_PLACEMENT_3D('',#18584,#18585,#18586);
#18584 = CARTESIAN_POINT('',(169.,-34.,25.5));
#18585 = DIRECTION('',(1.,0.,-0.));
#18586 = DIRECTION('',(0.,0.,1.));
#18587 = ADVANCED_FACE('',(#18588),#18629,.F.);
#18588 = FACE_BOUND('',#18589,.F.);
#18589 = EDGE_LOOP('',(#18590,#18600,#18606,#18607,#18615,#18623));
#18590 = ORIENTED_EDGE('',*,*,#18591,.F.);
#18591 = EDGE_CURVE('',#18592,#18594,#18596,.T.);
#18592 = VERTEX_POINT('',#18593);
#18593 = CARTESIAN_POINT('',(165.,-34.,-33.));
#18594 = VERTEX_POINT('',#18595);
#18595 = CARTESIAN_POINT('',(165.,-34.,-20.84591794226));
#18596 = LINE('',#18597,#18598);
#18597 = CARTESIAN_POINT('',(165.,-34.,-33.));
#18598 = VECTOR('',#18599,1.);
#18599 = DIRECTION('',(0.,0.,1.));
#18600 = ORIENTED_EDGE('',*,*,#18601,.T.);
#18601 = EDGE_CURVE('',#18592,#18397,#18602,.T.);
#18602 = LINE('',#18603,#18604);
#18603 = CARTESIAN_POINT('',(165.,-34.,-33.));
#18604 = VECTOR('',#18605,1.);
#18605 = DIRECTION('',(-0.,1.,0.));
#18606 = ORIENTED_EDGE('',*,*,#18404,.T.);
#18607 = ORIENTED_EDGE('',*,*,#18608,.F.);
#18608 = EDGE_CURVE('',#18609,#18405,#18611,.T.);
#18609 = VERTEX_POINT('',#18610);
#18610 = CARTESIAN_POINT('',(165.,-34.,30.5));
#18611 = LINE('',#18612,#18613);
#18612 = CARTESIAN_POINT('',(165.,-34.,30.5));
#18613 = VECTOR('',#18614,1.);
#18614 = DIRECTION('',(-0.,1.,0.));
#18615 = ORIENTED_EDGE('',*,*,#18616,.F.);
#18616 = EDGE_CURVE('',#18617,#18609,#18619,.T.);
#18617 = VERTEX_POINT('',#18618);
#18618 = CARTESIAN_POINT('',(165.,-34.,18.345917942265));
#18619 = LINE('',#18620,#18621);
#18620 = CARTESIAN_POINT('',(165.,-34.,-33.));
#18621 = VECTOR('',#18622,1.);
#18622 = DIRECTION('',(0.,0.,1.));
#18623 = ORIENTED_EDGE('',*,*,#18624,.F.);
#18624 = EDGE_CURVE('',#18594,#18617,#18625,.T.);
#18625 = LINE('',#18626,#18627);
#18626 = CARTESIAN_POINT('',(165.,-34.,-33.));
#18627 = VECTOR('',#18628,1.);
#18628 = DIRECTION('',(0.,0.,1.));
#18629 = PLANE('',#18630);
#18630 = AXIS2_PLACEMENT_3D('',#18631,#18632,#18633);
#18631 = CARTESIAN_POINT('',(165.,-34.,-33.));
#18632 = DIRECTION('',(1.,0.,-0.));
#18633 = DIRECTION('',(0.,0.,1.));
#18634 = ADVANCED_FACE('',(#18635),#18645,.F.);
#18635 = FACE_BOUND('',#18636,.F.);
#18636 = EDGE_LOOP('',(#18637,#18638));
#18637 = ORIENTED_EDGE('',*,*,#18515,.F.);
#18638 = ORIENTED_EDGE('',*,*,#18639,.T.);
#18639 = EDGE_CURVE('',#18485,#18508,#18640,.T.);
#18640 = CIRCLE('',#18641,28.);
#18641 = AXIS2_PLACEMENT_3D('',#18642,#18643,#18644);
#18642 = CARTESIAN_POINT('',(185.,-34.,-1.25));
#18643 = DIRECTION('',(0.,-1.,0.));
#18644 = DIRECTION('',(0.,-0.,-1.));
#18645 = PLANE('',#18646);
#18646 = AXIS2_PLACEMENT_3D('',#18647,#18648,#18649);
#18647 = CARTESIAN_POINT('',(185.,-34.,-1.25));
#18648 = DIRECTION('',(0.,-1.,0.));
#18649 = DIRECTION('',(0.,-0.,-1.));
#18650 = ADVANCED_FACE('',(#18651),#18736,.T.);
#18651 = FACE_BOUND('',#18652,.T.);
#18652 = EDGE_LOOP('',(#18653,#18663,#18670,#18671,#18680,#18687,#18688,
    #18697,#18706,#18713,#18720,#18729));
#18653 = ORIENTED_EDGE('',*,*,#18654,.T.);
#18654 = EDGE_CURVE('',#18655,#18657,#18659,.T.);
#18655 = VERTEX_POINT('',#18656);
#18656 = CARTESIAN_POINT('',(185.,-34.,-29.25));
#18657 = VERTEX_POINT('',#18658);
#18658 = CARTESIAN_POINT('',(185.,-40.,-29.25));
#18659 = LINE('',#18660,#18661);
#18660 = CARTESIAN_POINT('',(185.,-34.,-29.25));
#18661 = VECTOR('',#18662,1.);
#18662 = DIRECTION('',(0.,-1.,0.));
#18663 = ORIENTED_EDGE('',*,*,#18664,.F.);
#18664 = EDGE_CURVE('',#18657,#18657,#18665,.T.);
#18665 = CIRCLE('',#18666,28.);
#18666 = AXIS2_PLACEMENT_3D('',#18667,#18668,#18669);
#18667 = CARTESIAN_POINT('',(185.,-40.,-1.25));
#18668 = DIRECTION('',(0.,-1.,0.));
#18669 = DIRECTION('',(0.,-0.,-1.));
#18670 = ORIENTED_EDGE('',*,*,#18654,.F.);
#18671 = ORIENTED_EDGE('',*,*,#18672,.T.);
#18672 = EDGE_CURVE('',#18655,#18673,#18675,.T.);
#18673 = VERTEX_POINT('',#18674);
#18674 = CARTESIAN_POINT('',(193.27269605388,-34.,-28.));
#18675 = CIRCLE('',#18676,28.);
#18676 = AXIS2_PLACEMENT_3D('',#18677,#18678,#18679);
#18677 = CARTESIAN_POINT('',(185.,-34.,-1.25));
#18678 = DIRECTION('',(0.,-1.,0.));
#18679 = DIRECTION('',(0.,-0.,-1.));
#18680 = ORIENTED_EDGE('',*,*,#18681,.T.);
#18681 = EDGE_CURVE('',#18673,#18485,#18682,.T.);
#18682 = CIRCLE('',#18683,28.);
#18683 = AXIS2_PLACEMENT_3D('',#18684,#18685,#18686);
#18684 = CARTESIAN_POINT('',(185.,-34.,-1.25));
#18685 = DIRECTION('',(0.,-1.,0.));
#18686 = DIRECTION('',(0.,-0.,-1.));
#18687 = ORIENTED_EDGE('',*,*,#18639,.T.);
#18688 = ORIENTED_EDGE('',*,*,#18689,.T.);
#18689 = EDGE_CURVE('',#18508,#18690,#18692,.T.);
#18690 = VERTEX_POINT('',#18691);
#18691 = CARTESIAN_POINT('',(193.27269605388,-34.,25.5));
#18692 = CIRCLE('',#18693,28.);
#18693 = AXIS2_PLACEMENT_3D('',#18694,#18695,#18696);
#18694 = CARTESIAN_POINT('',(185.,-34.,-1.25));
#18695 = DIRECTION('',(0.,-1.,0.));
#18696 = DIRECTION('',(0.,-0.,-1.));
#18697 = ORIENTED_EDGE('',*,*,#18698,.T.);
#18698 = EDGE_CURVE('',#18690,#18699,#18701,.T.);
#18699 = VERTEX_POINT('',#18700);
#18700 = CARTESIAN_POINT('',(176.72730394611,-34.,25.5));
#18701 = CIRCLE('',#18702,28.);
#18702 = AXIS2_PLACEMENT_3D('',#18703,#18704,#18705);
#18703 = CARTESIAN_POINT('',(185.,-34.,-1.25));
#18704 = DIRECTION('',(0.,-1.,0.));
#18705 = DIRECTION('',(0.,-0.,-1.));
#18706 = ORIENTED_EDGE('',*,*,#18707,.T.);
#18707 = EDGE_CURVE('',#18699,#18617,#18708,.T.);
#18708 = CIRCLE('',#18709,28.);
#18709 = AXIS2_PLACEMENT_3D('',#18710,#18711,#18712);
#18710 = CARTESIAN_POINT('',(185.,-34.,-1.25));
#18711 = DIRECTION('',(0.,-1.,0.));
#18712 = DIRECTION('',(0.,-0.,-1.));
#18713 = ORIENTED_EDGE('',*,*,#18714,.T.);
#18714 = EDGE_CURVE('',#18617,#18594,#18715,.T.);
#18715 = CIRCLE('',#18716,28.);
#18716 = AXIS2_PLACEMENT_3D('',#18717,#18718,#18719);
#18717 = CARTESIAN_POINT('',(185.,-34.,-1.25));
#18718 = DIRECTION('',(0.,-1.,0.));
#18719 = DIRECTION('',(0.,-0.,-1.));
#18720 = ORIENTED_EDGE('',*,*,#18721,.T.);
#18721 = EDGE_CURVE('',#18594,#18722,#18724,.T.);
#18722 = VERTEX_POINT('',#18723);
#18723 = CARTESIAN_POINT('',(176.72730394611,-34.,-28.));
#18724 = CIRCLE('',#18725,28.);
#18725 = AXIS2_PLACEMENT_3D('',#18726,#18727,#18728);
#18726 = CARTESIAN_POINT('',(185.,-34.,-1.25));
#18727 = DIRECTION('',(0.,-1.,0.));
#18728 = DIRECTION('',(0.,-0.,-1.));
#18729 = ORIENTED_EDGE('',*,*,#18730,.T.);
#18730 = EDGE_CURVE('',#18722,#18655,#18731,.T.);
#18731 = CIRCLE('',#18732,28.);
#18732 = AXIS2_PLACEMENT_3D('',#18733,#18734,#18735);
#18733 = CARTESIAN_POINT('',(185.,-34.,-1.25));
#18734 = DIRECTION('',(0.,-1.,0.));
#18735 = DIRECTION('',(0.,-0.,-1.));
#18736 = CYLINDRICAL_SURFACE('',#18737,28.);
#18737 = AXIS2_PLACEMENT_3D('',#18738,#18739,#18740);
#18738 = CARTESIAN_POINT('',(185.,-34.,-1.25));
#18739 = DIRECTION('',(0.,-1.,0.));
#18740 = DIRECTION('',(0.,-0.,-1.));
#18741 = ADVANCED_FACE('',(#18742),#18760,.T.);
#18742 = FACE_BOUND('',#18743,.T.);
#18743 = EDGE_LOOP('',(#18744,#18751,#18752,#18759));
#18744 = ORIENTED_EDGE('',*,*,#18745,.F.);
#18745 = EDGE_CURVE('',#18539,#18570,#18746,.T.);
#18746 = CIRCLE('',#18747,16.);
#18747 = AXIS2_PLACEMENT_3D('',#18748,#18749,#18750);
#18748 = CARTESIAN_POINT('',(185.,0.,30.5));
#18749 = DIRECTION('',(0.,0.,1.));
#18750 = DIRECTION('',(1.,0.,-0.));
#18751 = ORIENTED_EDGE('',*,*,#18538,.F.);
#18752 = ORIENTED_EDGE('',*,*,#18753,.T.);
#18753 = EDGE_CURVE('',#18531,#18562,#18754,.T.);
#18754 = CIRCLE('',#18755,16.);
#18755 = AXIS2_PLACEMENT_3D('',#18756,#18757,#18758);
#18756 = CARTESIAN_POINT('',(185.,0.,25.5));
#18757 = DIRECTION('',(0.,0.,1.));
#18758 = DIRECTION('',(1.,0.,-0.));
#18759 = ORIENTED_EDGE('',*,*,#18569,.T.);
#18760 = CYLINDRICAL_SURFACE('',#18761,16.);
#18761 = AXIS2_PLACEMENT_3D('',#18762,#18763,#18764);
#18762 = CARTESIAN_POINT('',(185.,0.,25.5));
#18763 = DIRECTION('',(0.,0.,1.));
#18764 = DIRECTION('',(1.,0.,-0.));
#18765 = ADVANCED_FACE('',(#18766),#18770,.F.);
#18766 = FACE_BOUND('',#18767,.F.);
#18767 = EDGE_LOOP('',(#18768,#18769));
#18768 = ORIENTED_EDGE('',*,*,#18714,.T.);
#18769 = ORIENTED_EDGE('',*,*,#18624,.T.);
#18770 = PLANE('',#18771);
#18771 = AXIS2_PLACEMENT_3D('',#18772,#18773,#18774);
#18772 = CARTESIAN_POINT('',(185.,-34.,-1.25));
#18773 = DIRECTION('',(0.,-1.,0.));
#18774 = DIRECTION('',(0.,-0.,-1.));
#18775 = ADVANCED_FACE('',(#18776,#18779),#18790,.T.);
#18776 = FACE_BOUND('',#18777,.T.);
#18777 = EDGE_LOOP('',(#18778));
#18778 = ORIENTED_EDGE('',*,*,#18664,.T.);
#18779 = FACE_BOUND('',#18780,.T.);
#18780 = EDGE_LOOP('',(#18781));
#18781 = ORIENTED_EDGE('',*,*,#18782,.F.);
#18782 = EDGE_CURVE('',#18783,#18783,#18785,.T.);
#18783 = VERTEX_POINT('',#18784);
#18784 = CARTESIAN_POINT('',(185.,-40.,-26.65));
#18785 = CIRCLE('',#18786,25.4);
#18786 = AXIS2_PLACEMENT_3D('',#18787,#18788,#18789);
#18787 = CARTESIAN_POINT('',(185.,-40.,-1.25));
#18788 = DIRECTION('',(0.,-1.,0.));
#18789 = DIRECTION('',(0.,-0.,-1.));
#18790 = PLANE('',#18791);
#18791 = AXIS2_PLACEMENT_3D('',#18792,#18793,#18794);
#18792 = CARTESIAN_POINT('',(185.,-40.,-1.25));
#18793 = DIRECTION('',(0.,-1.,0.));
#18794 = DIRECTION('',(0.,-0.,-1.));
#18795 = ADVANCED_FACE('',(#18796,#18897),#18968,.T.);
#18796 = FACE_BOUND('',#18797,.T.);
#18797 = EDGE_LOOP('',(#18798,#18799,#18807,#18838,#18846,#18853,#18854,
    #18873,#18896));
#18798 = ORIENTED_EDGE('',*,*,#18782,.T.);
#18799 = ORIENTED_EDGE('',*,*,#18800,.T.);
#18800 = EDGE_CURVE('',#18783,#18801,#18803,.T.);
#18801 = VERTEX_POINT('',#18802);
#18802 = CARTESIAN_POINT('',(185.,-47.7,-26.65));
#18803 = LINE('',#18804,#18805);
#18804 = CARTESIAN_POINT('',(185.,-40.,-26.65));
#18805 = VECTOR('',#18806,1.);
#18806 = DIRECTION('',(0.,-1.,0.));
#18807 = ORIENTED_EDGE('',*,*,#18808,.T.);
#18808 = EDGE_CURVE('',#18801,#18809,#18811,.T.);
#18809 = VERTEX_POINT('',#18810);
#18810 = CARTESIAN_POINT('',(185.,-52.3,-26.65));
#18811 = B_SPLINE_CURVE_WITH_KNOTS('',7,(#18812,#18813,#18814,#18815,
    #18816,#18817,#18818,#18819,#18820,#18821,#18822,#18823,#18824,
    #18825,#18826,#18827,#18828,#18829,#18830,#18831,#18832,#18833,
    #18834,#18835,#18836,#18837),.UNSPECIFIED.,.F.,.F.,(8,6,6,6,8),(0.,
    0.24477071679,0.500055423401,0.755339096767,1.),.UNSPECIFIED.);
#18812 = CARTESIAN_POINT('',(185.,-47.7,-26.65));
#18813 = CARTESIAN_POINT('',(184.69378986654,-47.7,-26.65));
#18814 = CARTESIAN_POINT('',(184.39601171835,-47.74756127062,
    -26.64569318501));
#18815 = CARTESIAN_POINT('',(184.11525147951,-47.8379725794,
    -26.6375068088));
#18816 = CARTESIAN_POINT('',(183.85859414126,-47.9648956666,
    -26.62656884163));
#18817 = CARTESIAN_POINT('',(183.63137097494,-48.12044699037,
    -26.61440647727));
#18818 = CARTESIAN_POINT('',(183.43665644945,-48.29532969811,
    -26.60236268905));
#18819 = CARTESIAN_POINT('',(183.10587779433,-48.67052443423,
    -26.57984305554));
#18820 = CARTESIAN_POINT('',(182.96801098194,-48.87691618508,
    -26.5691380525));
#18821 = CARTESIAN_POINT('',(182.85972410549,-49.09317611651,
    -26.55999729271));
#18822 = CARTESIAN_POINT('',(182.77960634179,-49.31587679155,
    -26.55289007305));
#18823 = CARTESIAN_POINT('',(182.72656295331,-49.54252583262,
    -26.54806700858));
#18824 = CARTESIAN_POINT('',(182.7,-49.77115931439,-26.54565180026));
#18825 = CARTESIAN_POINT('',(182.7,-50.22883975938,-26.54565180026));
#18826 = CARTESIAN_POINT('',(182.72656271245,-50.45747906289,
    -26.54806698606));
#18827 = CARTESIAN_POINT('',(182.77960856541,-50.68413168819,
    -26.5528902757));
#18828 = CARTESIAN_POINT('',(182.85972778203,-50.90682875478,
    -26.55999763185));
#18829 = CARTESIAN_POINT('',(182.96801116445,-51.12308043072,
    -26.56913797164));
#18830 = CARTESIAN_POINT('',(183.10587175529,-51.32946871581,
    -26.5798426444));
#18831 = CARTESIAN_POINT('',(183.43659025233,-51.70459521598,
    -26.60235818231));
#18832 = CARTESIAN_POINT('',(183.63130943798,-51.87952085799,
    -26.61440327847));
#18833 = CARTESIAN_POINT('',(183.85860080624,-52.03513705715,
    -26.62657071961));
#18834 = CARTESIAN_POINT('',(184.11535250047,-52.16209126151,
    -26.63751260343));
#18835 = CARTESIAN_POINT('',(184.39617807896,-52.25248361221,
    -26.6456972466));
#18836 = CARTESIAN_POINT('',(184.69393436374,-52.3,-26.65));
#18837 = CARTESIAN_POINT('',(185.,-52.3,-26.65));
#18838 = ORIENTED_EDGE('',*,*,#18839,.T.);
#18839 = EDGE_CURVE('',#18809,#18840,#18842,.T.);
#18840 = VERTEX_POINT('',#18841);
#18841 = CARTESIAN_POINT('',(185.,-60.,-26.65));
#18842 = LINE('',#18843,#18844);
#18843 = CARTESIAN_POINT('',(185.,-40.,-26.65));
#18844 = VECTOR('',#18845,1.);
#18845 = DIRECTION('',(0.,-1.,0.));
#18846 = ORIENTED_EDGE('',*,*,#18847,.F.);
#18847 = EDGE_CURVE('',#18840,#18840,#18848,.T.);
#18848 = CIRCLE('',#18849,25.4);
#18849 = AXIS2_PLACEMENT_3D('',#18850,#18851,#18852);
#18850 = CARTESIAN_POINT('',(185.,-60.,-1.25));
#18851 = DIRECTION('',(0.,-1.,0.));
#18852 = DIRECTION('',(0.,-0.,-1.));
#18853 = ORIENTED_EDGE('',*,*,#18839,.F.);
#18854 = ORIENTED_EDGE('',*,*,#18855,.T.);
#18855 = EDGE_CURVE('',#18809,#18856,#18858,.T.);
#18856 = VERTEX_POINT('',#18857);
#18857 = CARTESIAN_POINT('',(187.3,-50.,-26.54565180026));
#18858 = B_SPLINE_CURVE_WITH_KNOTS('',7,(#18859,#18860,#18861,#18862,
    #18863,#18864,#18865,#18866,#18867,#18868,#18869,#18870,#18871,
    #18872),.UNSPECIFIED.,.F.,.F.,(8,6,8),(0.,0.449391274621,1.),
  .UNSPECIFIED.);
#18859 = CARTESIAN_POINT('',(185.,-52.3,-26.65));
#18860 = CARTESIAN_POINT('',(185.2801827979,-52.3,-26.65));
#18861 = CARTESIAN_POINT('',(185.55419865276,-52.26018021843,
    -26.64639420423));
#18862 = CARTESIAN_POINT('',(185.81501872026,-52.18369399211,
    -26.63946865694));
#18863 = CARTESIAN_POINT('',(186.05655053507,-52.07524887507,
    -26.63003780368));
#18864 = CARTESIAN_POINT('',(186.27398575645,-51.94100260001,
    -26.61927281259));
#18865 = CARTESIAN_POINT('',(186.46423576692,-51.78845542653,
    -26.6082807264));
#18866 = CARTESIAN_POINT('',(186.8249678037,-51.42772338975,
    -26.58513579401));
#18867 = CARTESIAN_POINT('',(186.98680212956,-51.20929054675,
    -26.57292902097));
#18868 = CARTESIAN_POINT('',(187.11356711174,-50.97802198367,
    -26.56236142295));
#18869 = CARTESIAN_POINT('',(187.20713604328,-50.73854320447,
    -26.55409565321));
#18870 = CARTESIAN_POINT('',(187.26900460085,-50.49411003492,
    -26.54846999468));
#18871 = CARTESIAN_POINT('',(187.3,-50.24719898064,-26.54565180026));
#18872 = CARTESIAN_POINT('',(187.3,-50.,-26.54565180026));
#18873 = ORIENTED_EDGE('',*,*,#18874,.T.);
#18874 = EDGE_CURVE('',#18856,#18801,#18875,.T.);
#18875 = B_SPLINE_CURVE_WITH_KNOTS('',7,(#18876,#18877,#18878,#18879,
    #18880,#18881,#18882,#18883,#18884,#18885,#18886,#18887,#18888,
    #18889,#18890,#18891,#18892,#18893,#18894,#18895),.UNSPECIFIED.,.F.,
  .F.,(8,6,6,8),(0.,0.507671248825,0.794324278539,1.),.UNSPECIFIED.);
#18876 = CARTESIAN_POINT('',(187.3,-50.,-26.54565180026));
#18877 = CARTESIAN_POINT('',(187.3,-49.77116024061,-26.54565180026));
#18878 = CARTESIAN_POINT('',(187.27343728754,-49.54252093711,
    -26.54806698606));
#18879 = CARTESIAN_POINT('',(187.22039143459,-49.3158683118,
    -26.5528902757));
#18880 = CARTESIAN_POINT('',(187.14027221796,-49.09317124521,
    -26.55999763185));
#18881 = CARTESIAN_POINT('',(187.03198883554,-48.87691956927,
    -26.56913797164));
#18882 = CARTESIAN_POINT('',(186.8941282447,-48.67053128418,
    -26.5798426444));
#18883 = CARTESIAN_POINT('',(186.62990262021,-48.37082614322,
    -26.59783130279));
#18884 = CARTESIAN_POINT('',(186.52442235191,-48.26712906763,
    -26.60459196312));
#18885 = CARTESIAN_POINT('',(186.40872679493,-48.16912530485,
    -26.61146713791));
#18886 = CARTESIAN_POINT('',(186.28284856977,-48.07812067951,
    -26.61826696495));
#18887 = CARTESIAN_POINT('',(186.14695951103,-47.9955051349,
    -26.62476818325));
#18888 = CARTESIAN_POINT('',(186.00139536781,-47.92276766784,
    -26.63072435501));
#18889 = CARTESIAN_POINT('',(185.73568166524,-47.81756417067,
    -26.63958661068));
#18890 = CARTESIAN_POINT('',(185.61996155371,-47.77952348353,
    -26.64287924475));
#18891 = CARTESIAN_POINT('',(185.50028319359,-47.74820993494,
    -26.64565071794));
#18892 = CARTESIAN_POINT('',(185.37750259092,-47.72425539554,
    -26.64780360322));
#18893 = CARTESIAN_POINT('',(185.25254667889,-47.70810234108,
    -26.64926634076));
#18894 = CARTESIAN_POINT('',(185.12638484395,-47.7,-26.65));
#18895 = CARTESIAN_POINT('',(185.,-47.7,-26.65));
#18896 = ORIENTED_EDGE('',*,*,#18800,.F.);
#18897 = FACE_BOUND('',#18898,.T.);
#18898 = EDGE_LOOP('',(#18899,#18920,#18939));
#18899 = ORIENTED_EDGE('',*,*,#18900,.T.);
#18900 = EDGE_CURVE('',#18901,#18903,#18905,.T.);
#18901 = VERTEX_POINT('',#18902);
#18902 = CARTESIAN_POINT('',(185.,-52.3,24.15));
#18903 = VERTEX_POINT('',#18904);
#18904 = CARTESIAN_POINT('',(182.7,-50.,24.04565180026));
#18905 = B_SPLINE_CURVE_WITH_KNOTS('',7,(#18906,#18907,#18908,#18909,
    #18910,#18911,#18912,#18913,#18914,#18915,#18916,#18917,#18918,
    #18919),.UNSPECIFIED.,.F.,.F.,(8,6,8),(0.,0.449386441244,1.),
  .UNSPECIFIED.);
#18906 = CARTESIAN_POINT('',(185.,-52.3,24.15));
#18907 = CARTESIAN_POINT('',(184.71981720207,-52.3,24.15));
#18908 = CARTESIAN_POINT('',(184.44580134726,-52.26018021842,
    24.146394204234));
#18909 = CARTESIAN_POINT('',(184.18498127975,-52.18369399212,
    24.139468656941));
#18910 = CARTESIAN_POINT('',(183.9434494649,-52.07524887507,
    24.130037803679));
#18911 = CARTESIAN_POINT('',(183.72601424352,-51.94100259999,
    24.119272812592));
#18912 = CARTESIAN_POINT('',(183.53576423309,-51.78845542655,
    24.108280726409));
#18913 = CARTESIAN_POINT('',(183.17502831642,-51.42771950987,
    24.085135545075));
#18914 = CARTESIAN_POINT('',(183.01319882765,-51.20928930392,
    24.072929010795));
#18915 = CARTESIAN_POINT('',(182.88643566196,-50.97802605322,
    24.062361700244));
#18916 = CARTESIAN_POINT('',(182.79286415223,-50.73854753417,
    24.054095674182));
#18917 = CARTESIAN_POINT('',(182.73099338325,-50.49410771938,
    24.048469809926));
#18918 = CARTESIAN_POINT('',(182.7,-50.24719103989,24.04565180026));
#18919 = CARTESIAN_POINT('',(182.7,-50.,24.04565180026));
#18920 = ORIENTED_EDGE('',*,*,#18921,.T.);
#18921 = EDGE_CURVE('',#18903,#18922,#18924,.T.);
#18922 = VERTEX_POINT('',#18923);
#18923 = CARTESIAN_POINT('',(185.,-47.7,24.15));
#18924 = B_SPLINE_CURVE_WITH_KNOTS('',7,(#18925,#18926,#18927,#18928,
    #18929,#18930,#18931,#18932,#18933,#18934,#18935,#18936,#18937,
    #18938),.UNSPECIFIED.,.F.,.F.,(8,6,8),(0.,0.510570413235,1.),
  .UNSPECIFIED.);
#18925 = CARTESIAN_POINT('',(182.7,-50.,24.04565180026));
#18926 = CARTESIAN_POINT('',(182.7,-49.77116024061,24.04565180026));
#18927 = CARTESIAN_POINT('',(182.72656271245,-49.54252093711,
    24.048066986066));
#18928 = CARTESIAN_POINT('',(182.77960856541,-49.3158683118,
    24.052890275704));
#18929 = CARTESIAN_POINT('',(182.85972778203,-49.09317124521,
    24.059997631851));
#18930 = CARTESIAN_POINT('',(182.96801116445,-48.87691956927,
    24.069137971648));
#18931 = CARTESIAN_POINT('',(183.10587175529,-48.67053128418,
    24.079842644406));
#18932 = CARTESIAN_POINT('',(183.43662492895,-48.2953654511,
    24.102360543122));
#18933 = CARTESIAN_POINT('',(183.63133728304,-48.12046725512,
    24.114404659128));
#18934 = CARTESIAN_POINT('',(183.85858904292,-47.96488506933,
    24.12656927415));
#18935 = CARTESIAN_POINT('',(184.11529266291,-47.8379431967,
    24.137509463054));
#18936 = CARTESIAN_POINT('',(184.39609101074,-47.74753831852,
    24.145695265595));
#18937 = CARTESIAN_POINT('',(184.69386373854,-47.7,24.15));
#18938 = CARTESIAN_POINT('',(185.,-47.7,24.15));
#18939 = ORIENTED_EDGE('',*,*,#18940,.T.);
#18940 = EDGE_CURVE('',#18922,#18901,#18941,.T.);
#18941 = B_SPLINE_CURVE_WITH_KNOTS('',7,(#18942,#18943,#18944,#18945,
    #18946,#18947,#18948,#18949,#18950,#18951,#18952,#18953,#18954,
    #18955,#18956,#18957,#18958,#18959,#18960,#18961,#18962,#18963,
    #18964,#18965,#18966,#18967),.UNSPECIFIED.,.F.,.F.,(8,6,6,6,8),(0.,
    0.244762095426,0.500044861502,0.755333928047,1.),.UNSPECIFIED.);
#18942 = CARTESIAN_POINT('',(185.,-47.7,24.15));
#18943 = CARTESIAN_POINT('',(185.30621013345,-47.7,24.15));
#18944 = CARTESIAN_POINT('',(185.60398828164,-47.74756127062,
    24.145693185013));
#18945 = CARTESIAN_POINT('',(185.88474852048,-47.8379725794,
    24.137506808809));
#18946 = CARTESIAN_POINT('',(186.14140585873,-47.9648956666,
    24.126568841631));
#18947 = CARTESIAN_POINT('',(186.36862902505,-48.12044699037,
    24.114406477278));
#18948 = CARTESIAN_POINT('',(186.56334355054,-48.29532969811,
    24.102362689058));
#18949 = CARTESIAN_POINT('',(186.89412687005,-48.67052972494,
    24.079842737993));
#18950 = CARTESIAN_POINT('',(187.03198804215,-48.87691783223,
    24.069138045866));
#18951 = CARTESIAN_POINT('',(187.140272792,-49.09317119125,
    24.059997598944));
#18952 = CARTESIAN_POINT('',(187.22039301726,-49.31587126667,
    24.052890128771));
#18953 = CARTESIAN_POINT('',(187.27343855551,-49.54252631605,
    24.04806687203));
#18954 = CARTESIAN_POINT('',(187.3,-49.77116588832,24.04565180026));
#18955 = CARTESIAN_POINT('',(187.3,-50.22883975938,24.04565180026));
#18956 = CARTESIAN_POINT('',(187.27343728754,-50.45747906289,
    24.048066986066));
#18957 = CARTESIAN_POINT('',(187.22039143459,-50.68413168819,
    24.052890275704));
#18958 = CARTESIAN_POINT('',(187.14027221796,-50.90682875478,
    24.059997631851));
#18959 = CARTESIAN_POINT('',(187.03198883554,-51.12308043072,
    24.069137971648));
#18960 = CARTESIAN_POINT('',(186.8941282447,-51.32946871581,
    24.079842644406));
#18961 = CARTESIAN_POINT('',(186.56340974769,-51.70459521595,
    24.102358182312));
#18962 = CARTESIAN_POINT('',(186.36869056198,-51.87952085803,
    24.114403278478));
#18963 = CARTESIAN_POINT('',(186.14139919372,-52.03513705715,
    24.126570719616));
#18964 = CARTESIAN_POINT('',(185.88464749955,-52.16209126149,
    24.137512603436));
#18965 = CARTESIAN_POINT('',(185.60382192107,-52.25248361222,
    24.145697246602));
#18966 = CARTESIAN_POINT('',(185.30606563621,-52.3,24.15));
#18967 = CARTESIAN_POINT('',(185.,-52.3,24.15));
#18968 = CYLINDRICAL_SURFACE('',#18969,25.4);
#18969 = AXIS2_PLACEMENT_3D('',#18970,#18971,#18972);
#18970 = CARTESIAN_POINT('',(185.,-40.,-1.25));
#18971 = DIRECTION('',(0.,-1.,0.));
#18972 = DIRECTION('',(0.,-0.,-1.));
#18973 = ADVANCED_FACE('',(#18974),#18995,.F.);
#18974 = FACE_BOUND('',#18975,.F.);
#18975 = EDGE_LOOP('',(#18976,#18984,#18991,#18992,#18993,#18994));
#18976 = ORIENTED_EDGE('',*,*,#18977,.T.);
#18977 = EDGE_CURVE('',#18856,#18978,#18980,.T.);
#18978 = VERTEX_POINT('',#18979);
#18979 = CARTESIAN_POINT('',(187.3,-50.,-20.45));
#18980 = LINE('',#18981,#18982);
#18981 = CARTESIAN_POINT('',(187.3,-50.,-26.65));
#18982 = VECTOR('',#18983,1.);
#18983 = DIRECTION('',(0.,0.,1.));
#18984 = ORIENTED_EDGE('',*,*,#18985,.F.);
#18985 = EDGE_CURVE('',#18978,#18978,#18986,.T.);
#18986 = CIRCLE('',#18987,2.3);
#18987 = AXIS2_PLACEMENT_3D('',#18988,#18989,#18990);
#18988 = CARTESIAN_POINT('',(185.,-50.,-20.45));
#18989 = DIRECTION('',(0.,0.,1.));
#18990 = DIRECTION('',(1.,0.,-0.));
#18991 = ORIENTED_EDGE('',*,*,#18977,.F.);
#18992 = ORIENTED_EDGE('',*,*,#18874,.T.);
#18993 = ORIENTED_EDGE('',*,*,#18808,.T.);
#18994 = ORIENTED_EDGE('',*,*,#18855,.T.);
#18995 = CYLINDRICAL_SURFACE('',#18996,2.3);
#18996 = AXIS2_PLACEMENT_3D('',#18997,#18998,#18999);
#18997 = CARTESIAN_POINT('',(185.,-50.,-26.65));
#18998 = DIRECTION('',(0.,0.,1.));
#18999 = DIRECTION('',(1.,0.,-0.));
#19000 = ADVANCED_FACE('',(#19001),#19004,.T.);
#19001 = FACE_BOUND('',#19002,.T.);
#19002 = EDGE_LOOP('',(#19003));
#19003 = ORIENTED_EDGE('',*,*,#18847,.T.);
#19004 = PLANE('',#19005);
#19005 = AXIS2_PLACEMENT_3D('',#19006,#19007,#19008);
#19006 = CARTESIAN_POINT('',(185.,-60.,-1.25));
#19007 = DIRECTION('',(0.,-1.,0.));
#19008 = DIRECTION('',(0.,-0.,-1.));
#19009 = ADVANCED_FACE('',(#19010),#19031,.F.);
#19010 = FACE_BOUND('',#19011,.F.);
#19011 = EDGE_LOOP('',(#19012,#19020,#19027,#19028,#19029,#19030));
#19012 = ORIENTED_EDGE('',*,*,#19013,.T.);
#19013 = EDGE_CURVE('',#18903,#19014,#19016,.T.);
#19014 = VERTEX_POINT('',#19015);
#19015 = CARTESIAN_POINT('',(182.7,-50.,17.95));
#19016 = LINE('',#19017,#19018);
#19017 = CARTESIAN_POINT('',(182.7,-50.,24.15));
#19018 = VECTOR('',#19019,1.);
#19019 = DIRECTION('',(0.,0.,-1.));
#19020 = ORIENTED_EDGE('',*,*,#19021,.F.);
#19021 = EDGE_CURVE('',#19014,#19014,#19022,.T.);
#19022 = CIRCLE('',#19023,2.3);
#19023 = AXIS2_PLACEMENT_3D('',#19024,#19025,#19026);
#19024 = CARTESIAN_POINT('',(185.,-50.,17.95));
#19025 = DIRECTION('',(0.,0.,-1.));
#19026 = DIRECTION('',(-1.,0.,-0.));
#19027 = ORIENTED_EDGE('',*,*,#19013,.F.);
#19028 = ORIENTED_EDGE('',*,*,#18921,.T.);
#19029 = ORIENTED_EDGE('',*,*,#18940,.T.);
#19030 = ORIENTED_EDGE('',*,*,#18900,.T.);
#19031 = CYLINDRICAL_SURFACE('',#19032,2.3);
#19032 = AXIS2_PLACEMENT_3D('',#19033,#19034,#19035);
#19033 = CARTESIAN_POINT('',(185.,-50.,24.15));
#19034 = DIRECTION('',(0.,0.,-1.));
#19035 = DIRECTION('',(-1.,0.,-0.));
#19036 = ADVANCED_FACE('',(#19037),#19040,.F.);
#19037 = FACE_BOUND('',#19038,.F.);
#19038 = EDGE_LOOP('',(#19039));
#19039 = ORIENTED_EDGE('',*,*,#18985,.T.);
#19040 = PLANE('',#19041);
#19041 = AXIS2_PLACEMENT_3D('',#19042,#19043,#19044);
#19042 = CARTESIAN_POINT('',(185.,-50.,-20.45));
#19043 = DIRECTION('',(0.,0.,1.));
#19044 = DIRECTION('',(1.,0.,-0.));
#19045 = ADVANCED_FACE('',(#19046),#19049,.F.);
#19046 = FACE_BOUND('',#19047,.F.);
#19047 = EDGE_LOOP('',(#19048));
#19048 = ORIENTED_EDGE('',*,*,#19021,.T.);
#19049 = PLANE('',#19050);
#19050 = AXIS2_PLACEMENT_3D('',#19051,#19052,#19053);
#19051 = CARTESIAN_POINT('',(185.,-50.,17.95));
#19052 = DIRECTION('',(0.,0.,-1.));
#19053 = DIRECTION('',(-1.,0.,-0.));
#19054 = ADVANCED_FACE('',(#19055,#19070),#19090,.T.);
#19055 = FACE_BOUND('',#19056,.T.);
#19056 = EDGE_LOOP('',(#19057,#19058,#19059,#19060,#19061,#19067,#19068,
    #19069));
#19057 = ORIENTED_EDGE('',*,*,#18311,.F.);
#19058 = ORIENTED_EDGE('',*,*,#18375,.F.);
#19059 = ORIENTED_EDGE('',*,*,#18460,.T.);
#19060 = ORIENTED_EDGE('',*,*,#18492,.F.);
#19061 = ORIENTED_EDGE('',*,*,#19062,.F.);
#19062 = EDGE_CURVE('',#18592,#18483,#19063,.T.);
#19063 = LINE('',#19064,#19065);
#19064 = CARTESIAN_POINT('',(165.,-34.,-33.));
#19065 = VECTOR('',#19066,1.);
#19066 = DIRECTION('',(1.,0.,-0.));
#19067 = ORIENTED_EDGE('',*,*,#18601,.T.);
#19068 = ORIENTED_EDGE('',*,*,#18396,.T.);
#19069 = ORIENTED_EDGE('',*,*,#18344,.T.);
#19070 = FACE_BOUND('',#19071,.T.);
#19071 = EDGE_LOOP('',(#19072,#19083));
#19072 = ORIENTED_EDGE('',*,*,#19073,.T.);
#19073 = EDGE_CURVE('',#19074,#19076,#19078,.T.);
#19074 = VERTEX_POINT('',#19075);
#19075 = CARTESIAN_POINT('',(177.,0.,-33.));
#19076 = VERTEX_POINT('',#19077);
#19077 = CARTESIAN_POINT('',(193.,-9.797174393179E-16,-33.));
#19078 = CIRCLE('',#19079,8.);
#19079 = AXIS2_PLACEMENT_3D('',#19080,#19081,#19082);
#19080 = CARTESIAN_POINT('',(185.,0.,-33.));
#19081 = DIRECTION('',(0.,0.,1.));
#19082 = DIRECTION('',(1.,0.,-0.));
#19083 = ORIENTED_EDGE('',*,*,#19084,.T.);
#19084 = EDGE_CURVE('',#19076,#19074,#19085,.T.);
#19085 = CIRCLE('',#19086,8.);
#19086 = AXIS2_PLACEMENT_3D('',#19087,#19088,#19089);
#19087 = CARTESIAN_POINT('',(185.,0.,-33.));
#19088 = DIRECTION('',(0.,0.,1.));
#19089 = DIRECTION('',(1.,0.,-0.));
#19090 = PLANE('',#19091);
#19091 = AXIS2_PLACEMENT_3D('',#19092,#19093,#19094);
#19092 = CARTESIAN_POINT('',(185.,-14.00362800769,-33.));
#19093 = DIRECTION('',(-0.,-0.,-1.));
#19094 = DIRECTION('',(-1.,0.,0.));
#19095 = ADVANCED_FACE('',(#19096),#19125,.F.);
#19096 = FACE_BOUND('',#19097,.F.);
#19097 = EDGE_LOOP('',(#19098,#19109,#19115,#19116,#19117,#19118));
#19098 = ORIENTED_EDGE('',*,*,#19099,.F.);
#19099 = EDGE_CURVE('',#19100,#19102,#19104,.T.);
#19100 = VERTEX_POINT('',#19101);
#19101 = CARTESIAN_POINT('',(193.,-9.797174393179E-16,-28.));
#19102 = VERTEX_POINT('',#19103);
#19103 = CARTESIAN_POINT('',(177.,0.,-28.));
#19104 = CIRCLE('',#19105,8.);
#19105 = AXIS2_PLACEMENT_3D('',#19106,#19107,#19108);
#19106 = CARTESIAN_POINT('',(185.,0.,-28.));
#19107 = DIRECTION('',(0.,0.,1.));
#19108 = DIRECTION('',(1.,0.,-0.));
#19109 = ORIENTED_EDGE('',*,*,#19110,.F.);
#19110 = EDGE_CURVE('',#19076,#19100,#19111,.T.);
#19111 = LINE('',#19112,#19113);
#19112 = CARTESIAN_POINT('',(193.,-1.959434878636E-15,-33.01));
#19113 = VECTOR('',#19114,1.);
#19114 = DIRECTION('',(0.,0.,1.));
#19115 = ORIENTED_EDGE('',*,*,#19084,.T.);
#19116 = ORIENTED_EDGE('',*,*,#19073,.T.);
#19117 = ORIENTED_EDGE('',*,*,#19110,.T.);
#19118 = ORIENTED_EDGE('',*,*,#19119,.F.);
#19119 = EDGE_CURVE('',#19102,#19100,#19120,.T.);
#19120 = CIRCLE('',#19121,8.);
#19121 = AXIS2_PLACEMENT_3D('',#19122,#19123,#19124);
#19122 = CARTESIAN_POINT('',(185.,0.,-28.));
#19123 = DIRECTION('',(0.,0.,1.));
#19124 = DIRECTION('',(1.,0.,-0.));
#19125 = CYLINDRICAL_SURFACE('',#19126,8.);
#19126 = AXIS2_PLACEMENT_3D('',#19127,#19128,#19129);
#19127 = CARTESIAN_POINT('',(185.,0.,-33.01));
#19128 = DIRECTION('',(0.,0.,1.));
#19129 = DIRECTION('',(1.,0.,-0.));
#19130 = ADVANCED_FACE('',(#19131,#19137),#19141,.T.);
#19131 = FACE_BOUND('',#19132,.T.);
#19132 = EDGE_LOOP('',(#19133,#19134,#19135,#19136));
#19133 = ORIENTED_EDGE('',*,*,#18292,.T.);
#19134 = ORIENTED_EDGE('',*,*,#18351,.F.);
#19135 = ORIENTED_EDGE('',*,*,#18467,.F.);
#19136 = ORIENTED_EDGE('',*,*,#18382,.T.);
#19137 = FACE_BOUND('',#19138,.T.);
#19138 = EDGE_LOOP('',(#19139,#19140));
#19139 = ORIENTED_EDGE('',*,*,#19099,.F.);
#19140 = ORIENTED_EDGE('',*,*,#19119,.F.);
#19141 = PLANE('',#19142);
#19142 = AXIS2_PLACEMENT_3D('',#19143,#19144,#19145);
#19143 = CARTESIAN_POINT('',(185.,-9.092610244576,-28.));
#19144 = DIRECTION('',(0.,0.,1.));
#19145 = DIRECTION('',(1.,0.,-0.));
#19146 = ADVANCED_FACE('',(#19147),#19156,.T.);
#19147 = FACE_BOUND('',#19148,.T.);
#19148 = EDGE_LOOP('',(#19149,#19150,#19151,#19152,#19153,#19154,#19155)
  );
#19149 = ORIENTED_EDGE('',*,*,#19062,.T.);
#19150 = ORIENTED_EDGE('',*,*,#18482,.T.);
#19151 = ORIENTED_EDGE('',*,*,#18681,.F.);
#19152 = ORIENTED_EDGE('',*,*,#18672,.F.);
#19153 = ORIENTED_EDGE('',*,*,#18730,.F.);
#19154 = ORIENTED_EDGE('',*,*,#18721,.F.);
#19155 = ORIENTED_EDGE('',*,*,#18591,.F.);
#19156 = PLANE('',#19157);
#19157 = AXIS2_PLACEMENT_3D('',#19158,#19159,#19160);
#19158 = CARTESIAN_POINT('',(185.,-34.,-28.92093123702));
#19159 = DIRECTION('',(-0.,-1.,-0.));
#19160 = DIRECTION('',(0.,0.,-1.));
#19161 = ADVANCED_FACE('',(#19162),#19175,.T.);
#19162 = FACE_BOUND('',#19163,.T.);
#19163 = EDGE_LOOP('',(#19164,#19165,#19166,#19172,#19173,#19174));
#19164 = ORIENTED_EDGE('',*,*,#18689,.F.);
#19165 = ORIENTED_EDGE('',*,*,#18507,.T.);
#19166 = ORIENTED_EDGE('',*,*,#19167,.F.);
#19167 = EDGE_CURVE('',#18609,#18500,#19168,.T.);
#19168 = LINE('',#19169,#19170);
#19169 = CARTESIAN_POINT('',(165.,-34.,30.5));
#19170 = VECTOR('',#19171,1.);
#19171 = DIRECTION('',(1.,0.,-0.));
#19172 = ORIENTED_EDGE('',*,*,#18616,.F.);
#19173 = ORIENTED_EDGE('',*,*,#18707,.F.);
#19174 = ORIENTED_EDGE('',*,*,#18698,.F.);
#19175 = PLANE('',#19176);
#19176 = AXIS2_PLACEMENT_3D('',#19177,#19178,#19179);
#19177 = CARTESIAN_POINT('',(185.,-34.,26.410321833424));
#19178 = DIRECTION('',(-0.,-1.,-0.));
#19179 = DIRECTION('',(0.,0.,-1.));
#19180 = ADVANCED_FACE('',(#19181,#19191,#19211,#19222,#19233,#19244),
  #19255,.T.);
#19181 = FACE_BOUND('',#19182,.T.);
#19182 = EDGE_LOOP('',(#19183,#19184,#19185,#19186,#19187,#19188,#19189,
    #19190));
#19183 = ORIENTED_EDGE('',*,*,#18444,.F.);
#19184 = ORIENTED_EDGE('',*,*,#18546,.T.);
#19185 = ORIENTED_EDGE('',*,*,#18745,.T.);
#19186 = ORIENTED_EDGE('',*,*,#18577,.F.);
#19187 = ORIENTED_EDGE('',*,*,#18412,.F.);
#19188 = ORIENTED_EDGE('',*,*,#18608,.F.);
#19189 = ORIENTED_EDGE('',*,*,#19167,.T.);
#19190 = ORIENTED_EDGE('',*,*,#18499,.T.);
#19191 = FACE_BOUND('',#19192,.T.);
#19192 = EDGE_LOOP('',(#19193,#19204));
#19193 = ORIENTED_EDGE('',*,*,#19194,.F.);
#19194 = EDGE_CURVE('',#19195,#19197,#19199,.T.);
#19195 = VERTEX_POINT('',#19196);
#19196 = CARTESIAN_POINT('',(180.5,0.,30.5));
#19197 = VERTEX_POINT('',#19198);
#19198 = CARTESIAN_POINT('',(189.5,-5.510910596163E-16,30.5));
#19199 = CIRCLE('',#19200,4.5);
#19200 = AXIS2_PLACEMENT_3D('',#19201,#19202,#19203);
#19201 = CARTESIAN_POINT('',(185.,0.,30.5));
#19202 = DIRECTION('',(0.,0.,1.));
#19203 = DIRECTION('',(1.,0.,-0.));
#19204 = ORIENTED_EDGE('',*,*,#19205,.F.);
#19205 = EDGE_CURVE('',#19197,#19195,#19206,.T.);
#19206 = CIRCLE('',#19207,4.5);
#19207 = AXIS2_PLACEMENT_3D('',#19208,#19209,#19210);
#19208 = CARTESIAN_POINT('',(185.,0.,30.5));
#19209 = DIRECTION('',(0.,0.,1.));
#19210 = DIRECTION('',(1.,0.,-0.));
#19211 = FACE_BOUND('',#19212,.T.);
#19212 = EDGE_LOOP('',(#19213));
#19213 = ORIENTED_EDGE('',*,*,#19214,.F.);
#19214 = EDGE_CURVE('',#19215,#19215,#19217,.T.);
#19215 = VERTEX_POINT('',#19216);
#19216 = CARTESIAN_POINT('',(192.71040764008,-6.010407640086,30.5));
#19217 = CIRCLE('',#19218,1.7);
#19218 = AXIS2_PLACEMENT_3D('',#19219,#19220,#19221);
#19219 = CARTESIAN_POINT('',(191.01040764008,-6.010407640086,30.5));
#19220 = DIRECTION('',(0.,0.,1.));
#19221 = DIRECTION('',(1.,0.,-0.));
#19222 = FACE_BOUND('',#19223,.T.);
#19223 = EDGE_LOOP('',(#19224));
#19224 = ORIENTED_EDGE('',*,*,#19225,.F.);
#19225 = EDGE_CURVE('',#19226,#19226,#19228,.T.);
#19226 = VERTEX_POINT('',#19227);
#19227 = CARTESIAN_POINT('',(180.68959235991,-6.010407640086,30.5));
#19228 = CIRCLE('',#19229,1.7);
#19229 = AXIS2_PLACEMENT_3D('',#19230,#19231,#19232);
#19230 = CARTESIAN_POINT('',(178.98959235991,-6.010407640086,30.5));
#19231 = DIRECTION('',(0.,0.,1.));
#19232 = DIRECTION('',(1.,0.,-0.));
#19233 = FACE_BOUND('',#19234,.T.);
#19234 = EDGE_LOOP('',(#19235));
#19235 = ORIENTED_EDGE('',*,*,#19236,.F.);
#19236 = EDGE_CURVE('',#19237,#19237,#19239,.T.);
#19237 = VERTEX_POINT('',#19238);
#19238 = CARTESIAN_POINT('',(192.71040764008,6.010407640086,30.5));
#19239 = CIRCLE('',#19240,1.7);
#19240 = AXIS2_PLACEMENT_3D('',#19241,#19242,#19243);
#19241 = CARTESIAN_POINT('',(191.01040764008,6.010407640086,30.5));
#19242 = DIRECTION('',(0.,0.,1.));
#19243 = DIRECTION('',(1.,0.,-0.));
#19244 = FACE_BOUND('',#19245,.T.);
#19245 = EDGE_LOOP('',(#19246));
#19246 = ORIENTED_EDGE('',*,*,#19247,.F.);
#19247 = EDGE_CURVE('',#19248,#19248,#19250,.T.);
#19248 = VERTEX_POINT('',#19249);
#19249 = CARTESIAN_POINT('',(180.68959235991,6.010407640086,30.5));
#19250 = CIRCLE('',#19251,1.7);
#19251 = AXIS2_PLACEMENT_3D('',#19252,#19253,#19254);
#19252 = CARTESIAN_POINT('',(178.98959235991,6.010407640086,30.5));
#19253 = DIRECTION('',(0.,0.,1.));
#19254 = DIRECTION('',(1.,0.,-0.));
#19255 = PLANE('',#19256);
#19256 = AXIS2_PLACEMENT_3D('',#19257,#19258,#19259);
#19257 = CARTESIAN_POINT('',(185.,-14.00362800769,30.5));
#19258 = DIRECTION('',(0.,0.,1.));
#19259 = DIRECTION('',(1.,0.,-0.));
#19260 = ADVANCED_FACE('',(#19261),#19290,.F.);
#19261 = FACE_BOUND('',#19262,.F.);
#19262 = EDGE_LOOP('',(#19263,#19264,#19272,#19281,#19288,#19289));
#19263 = ORIENTED_EDGE('',*,*,#19205,.F.);
#19264 = ORIENTED_EDGE('',*,*,#19265,.F.);
#19265 = EDGE_CURVE('',#19266,#19197,#19268,.T.);
#19266 = VERTEX_POINT('',#19267);
#19267 = CARTESIAN_POINT('',(189.5,-5.510910596163E-16,25.5));
#19268 = LINE('',#19269,#19270);
#19269 = CARTESIAN_POINT('',(189.5,-1.102182119233E-15,25.));
#19270 = VECTOR('',#19271,1.);
#19271 = DIRECTION('',(0.,0.,1.));
#19272 = ORIENTED_EDGE('',*,*,#19273,.T.);
#19273 = EDGE_CURVE('',#19266,#19274,#19276,.T.);
#19274 = VERTEX_POINT('',#19275);
#19275 = CARTESIAN_POINT('',(180.5,0.,25.5));
#19276 = CIRCLE('',#19277,4.5);
#19277 = AXIS2_PLACEMENT_3D('',#19278,#19279,#19280);
#19278 = CARTESIAN_POINT('',(185.,0.,25.5));
#19279 = DIRECTION('',(0.,0.,1.));
#19280 = DIRECTION('',(1.,0.,-0.));
#19281 = ORIENTED_EDGE('',*,*,#19282,.T.);
#19282 = EDGE_CURVE('',#19274,#19266,#19283,.T.);
#19283 = CIRCLE('',#19284,4.5);
#19284 = AXIS2_PLACEMENT_3D('',#19285,#19286,#19287);
#19285 = CARTESIAN_POINT('',(185.,0.,25.5));
#19286 = DIRECTION('',(0.,0.,1.));
#19287 = DIRECTION('',(1.,0.,-0.));
#19288 = ORIENTED_EDGE('',*,*,#19265,.T.);
#19289 = ORIENTED_EDGE('',*,*,#19194,.F.);
#19290 = CYLINDRICAL_SURFACE('',#19291,4.5);
#19291 = AXIS2_PLACEMENT_3D('',#19292,#19293,#19294);
#19292 = CARTESIAN_POINT('',(185.,0.,25.));
#19293 = DIRECTION('',(0.,0.,1.));
#19294 = DIRECTION('',(1.,0.,-0.));
#19295 = ADVANCED_FACE('',(#19296),#19315,.F.);
#19296 = FACE_BOUND('',#19297,.F.);
#19297 = EDGE_LOOP('',(#19298,#19299,#19307,#19314));
#19298 = ORIENTED_EDGE('',*,*,#19214,.F.);
#19299 = ORIENTED_EDGE('',*,*,#19300,.F.);
#19300 = EDGE_CURVE('',#19301,#19215,#19303,.T.);
#19301 = VERTEX_POINT('',#19302);
#19302 = CARTESIAN_POINT('',(192.71040764008,-6.010407640086,25.5));
#19303 = LINE('',#19304,#19305);
#19304 = CARTESIAN_POINT('',(192.71040764008,-6.010407640086,25.));
#19305 = VECTOR('',#19306,1.);
#19306 = DIRECTION('',(0.,0.,1.));
#19307 = ORIENTED_EDGE('',*,*,#19308,.T.);
#19308 = EDGE_CURVE('',#19301,#19301,#19309,.T.);
#19309 = CIRCLE('',#19310,1.7);
#19310 = AXIS2_PLACEMENT_3D('',#19311,#19312,#19313);
#19311 = CARTESIAN_POINT('',(191.01040764008,-6.010407640086,25.5));
#19312 = DIRECTION('',(0.,0.,1.));
#19313 = DIRECTION('',(1.,0.,-0.));
#19314 = ORIENTED_EDGE('',*,*,#19300,.T.);
#19315 = CYLINDRICAL_SURFACE('',#19316,1.7);
#19316 = AXIS2_PLACEMENT_3D('',#19317,#19318,#19319);
#19317 = CARTESIAN_POINT('',(191.01040764008,-6.010407640086,25.));
#19318 = DIRECTION('',(0.,0.,1.));
#19319 = DIRECTION('',(1.,0.,-0.));
#19320 = ADVANCED_FACE('',(#19321),#19340,.F.);
#19321 = FACE_BOUND('',#19322,.F.);
#19322 = EDGE_LOOP('',(#19323,#19324,#19332,#19339));
#19323 = ORIENTED_EDGE('',*,*,#19225,.F.);
#19324 = ORIENTED_EDGE('',*,*,#19325,.F.);
#19325 = EDGE_CURVE('',#19326,#19226,#19328,.T.);
#19326 = VERTEX_POINT('',#19327);
#19327 = CARTESIAN_POINT('',(180.68959235991,-6.010407640086,25.5));
#19328 = LINE('',#19329,#19330);
#19329 = CARTESIAN_POINT('',(180.68959235991,-6.010407640086,25.));
#19330 = VECTOR('',#19331,1.);
#19331 = DIRECTION('',(0.,0.,1.));
#19332 = ORIENTED_EDGE('',*,*,#19333,.T.);
#19333 = EDGE_CURVE('',#19326,#19326,#19334,.T.);
#19334 = CIRCLE('',#19335,1.7);
#19335 = AXIS2_PLACEMENT_3D('',#19336,#19337,#19338);
#19336 = CARTESIAN_POINT('',(178.98959235991,-6.010407640086,25.5));
#19337 = DIRECTION('',(0.,0.,1.));
#19338 = DIRECTION('',(1.,0.,-0.));
#19339 = ORIENTED_EDGE('',*,*,#19325,.T.);
#19340 = CYLINDRICAL_SURFACE('',#19341,1.7);
#19341 = AXIS2_PLACEMENT_3D('',#19342,#19343,#19344);
#19342 = CARTESIAN_POINT('',(178.98959235991,-6.010407640086,25.));
#19343 = DIRECTION('',(0.,0.,1.));
#19344 = DIRECTION('',(1.,0.,-0.));
#19345 = ADVANCED_FACE('',(#19346),#19365,.F.);
#19346 = FACE_BOUND('',#19347,.F.);
#19347 = EDGE_LOOP('',(#19348,#19349,#19357,#19364));
#19348 = ORIENTED_EDGE('',*,*,#19236,.F.);
#19349 = ORIENTED_EDGE('',*,*,#19350,.F.);
#19350 = EDGE_CURVE('',#19351,#19237,#19353,.T.);
#19351 = VERTEX_POINT('',#19352);
#19352 = CARTESIAN_POINT('',(192.71040764008,6.010407640086,25.5));
#19353 = LINE('',#19354,#19355);
#19354 = CARTESIAN_POINT('',(192.71040764008,6.010407640086,25.));
#19355 = VECTOR('',#19356,1.);
#19356 = DIRECTION('',(0.,0.,1.));
#19357 = ORIENTED_EDGE('',*,*,#19358,.T.);
#19358 = EDGE_CURVE('',#19351,#19351,#19359,.T.);
#19359 = CIRCLE('',#19360,1.7);
#19360 = AXIS2_PLACEMENT_3D('',#19361,#19362,#19363);
#19361 = CARTESIAN_POINT('',(191.01040764008,6.010407640086,25.5));
#19362 = DIRECTION('',(0.,0.,1.));
#19363 = DIRECTION('',(1.,0.,-0.));
#19364 = ORIENTED_EDGE('',*,*,#19350,.T.);
#19365 = CYLINDRICAL_SURFACE('',#19366,1.7);
#19366 = AXIS2_PLACEMENT_3D('',#19367,#19368,#19369);
#19367 = CARTESIAN_POINT('',(191.01040764008,6.010407640086,25.));
#19368 = DIRECTION('',(0.,0.,1.));
#19369 = DIRECTION('',(1.,0.,-0.));
#19370 = ADVANCED_FACE('',(#19371),#19390,.F.);
#19371 = FACE_BOUND('',#19372,.F.);
#19372 = EDGE_LOOP('',(#19373,#19374,#19382,#19389));
#19373 = ORIENTED_EDGE('',*,*,#19247,.F.);
#19374 = ORIENTED_EDGE('',*,*,#19375,.F.);
#19375 = EDGE_CURVE('',#19376,#19248,#19378,.T.);
#19376 = VERTEX_POINT('',#19377);
#19377 = CARTESIAN_POINT('',(180.68959235991,6.010407640086,25.5));
#19378 = LINE('',#19379,#19380);
#19379 = CARTESIAN_POINT('',(180.68959235991,6.010407640086,25.));
#19380 = VECTOR('',#19381,1.);
#19381 = DIRECTION('',(0.,0.,1.));
#19382 = ORIENTED_EDGE('',*,*,#19383,.T.);
#19383 = EDGE_CURVE('',#19376,#19376,#19384,.T.);
#19384 = CIRCLE('',#19385,1.7);
#19385 = AXIS2_PLACEMENT_3D('',#19386,#19387,#19388);
#19386 = CARTESIAN_POINT('',(178.98959235991,6.010407640086,25.5));
#19387 = DIRECTION('',(0.,0.,1.));
#19388 = DIRECTION('',(1.,0.,-0.));
#19389 = ORIENTED_EDGE('',*,*,#19375,.T.);
#19390 = CYLINDRICAL_SURFACE('',#19391,1.7);
#19391 = AXIS2_PLACEMENT_3D('',#19392,#19393,#19394);
#19392 = CARTESIAN_POINT('',(178.98959235991,6.010407640086,25.));
#19393 = DIRECTION('',(0.,0.,1.));
#19394 = DIRECTION('',(1.,0.,-0.));
#19395 = ADVANCED_FACE('',(#19396,#19402,#19406,#19409,#19412,#19415),
  #19418,.T.);
#19396 = FACE_BOUND('',#19397,.T.);
#19397 = EDGE_LOOP('',(#19398,#19399,#19400,#19401));
#19398 = ORIENTED_EDGE('',*,*,#18561,.T.);
#19399 = ORIENTED_EDGE('',*,*,#18753,.F.);
#19400 = ORIENTED_EDGE('',*,*,#18530,.F.);
#19401 = ORIENTED_EDGE('',*,*,#18428,.T.);
#19402 = FACE_BOUND('',#19403,.T.);
#19403 = EDGE_LOOP('',(#19404,#19405));
#19404 = ORIENTED_EDGE('',*,*,#19282,.T.);
#19405 = ORIENTED_EDGE('',*,*,#19273,.T.);
#19406 = FACE_BOUND('',#19407,.T.);
#19407 = EDGE_LOOP('',(#19408));
#19408 = ORIENTED_EDGE('',*,*,#19308,.T.);
#19409 = FACE_BOUND('',#19410,.T.);
#19410 = EDGE_LOOP('',(#19411));
#19411 = ORIENTED_EDGE('',*,*,#19333,.T.);
#19412 = FACE_BOUND('',#19413,.T.);
#19413 = EDGE_LOOP('',(#19414));
#19414 = ORIENTED_EDGE('',*,*,#19358,.T.);
#19415 = FACE_BOUND('',#19416,.T.);
#19416 = EDGE_LOOP('',(#19417));
#19417 = ORIENTED_EDGE('',*,*,#19383,.T.);
#19418 = PLANE('',#19419);
#19419 = AXIS2_PLACEMENT_3D('',#19420,#19421,#19422);
#19420 = CARTESIAN_POINT('',(185.,-9.092610244576,25.5));
#19421 = DIRECTION('',(-0.,-0.,-1.));
#19422 = DIRECTION('',(-1.,0.,0.));
#19423 = MANIFOLD_SOLID_BREP('',#19424);
#19424 = CLOSED_SHELL('',(#19425,#19458,#19478,#19498));
#19425 = ADVANCED_FACE('',(#19426),#19453,.T.);
#19426 = FACE_BOUND('',#19427,.T.);
#19427 = EDGE_LOOP('',(#19428,#19437,#19445,#19452));
#19428 = ORIENTED_EDGE('',*,*,#19429,.F.);
#19429 = EDGE_CURVE('',#19430,#19430,#19432,.T.);
#19430 = VERTEX_POINT('',#19431);
#19431 = CARTESIAN_POINT('',(193.,-1.959434878636E-15,-28.));
#19432 = CIRCLE('',#19433,8.);
#19433 = AXIS2_PLACEMENT_3D('',#19434,#19435,#19436);
#19434 = CARTESIAN_POINT('',(185.,0.,-28.));
#19435 = DIRECTION('',(0.,0.,1.));
#19436 = DIRECTION('',(1.,0.,-0.));
#19437 = ORIENTED_EDGE('',*,*,#19438,.F.);
#19438 = EDGE_CURVE('',#19439,#19430,#19441,.T.);
#19439 = VERTEX_POINT('',#19440);
#19440 = CARTESIAN_POINT('',(193.,-1.959434878636E-15,-33.));
#19441 = LINE('',#19442,#19443);
#19442 = CARTESIAN_POINT('',(193.,-1.959434878636E-15,-33.));
#19443 = VECTOR('',#19444,1.);
#19444 = DIRECTION('',(0.,0.,1.));
#19445 = ORIENTED_EDGE('',*,*,#19446,.T.);
#19446 = EDGE_CURVE('',#19439,#19439,#19447,.T.);
#19447 = CIRCLE('',#19448,8.);
#19448 = AXIS2_PLACEMENT_3D('',#19449,#19450,#19451);
#19449 = CARTESIAN_POINT('',(185.,0.,-33.));
#19450 = DIRECTION('',(0.,0.,1.));
#19451 = DIRECTION('',(1.,0.,-0.));
#19452 = ORIENTED_EDGE('',*,*,#19438,.T.);
#19453 = CYLINDRICAL_SURFACE('',#19454,8.);
#19454 = AXIS2_PLACEMENT_3D('',#19455,#19456,#19457);
#19455 = CARTESIAN_POINT('',(185.,0.,-33.));
#19456 = DIRECTION('',(0.,0.,1.));
#19457 = DIRECTION('',(1.,0.,-0.));
#19458 = ADVANCED_FACE('',(#19459,#19462),#19473,.T.);
#19459 = FACE_BOUND('',#19460,.T.);
#19460 = EDGE_LOOP('',(#19461));
#19461 = ORIENTED_EDGE('',*,*,#19429,.T.);
#19462 = FACE_BOUND('',#19463,.T.);
#19463 = EDGE_LOOP('',(#19464));
#19464 = ORIENTED_EDGE('',*,*,#19465,.F.);
#19465 = EDGE_CURVE('',#19466,#19466,#19468,.T.);
#19466 = VERTEX_POINT('',#19467);
#19467 = CARTESIAN_POINT('',(191.4,-1.567547902909E-15,-28.));
#19468 = CIRCLE('',#19469,6.4);
#19469 = AXIS2_PLACEMENT_3D('',#19470,#19471,#19472);
#19470 = CARTESIAN_POINT('',(185.,0.,-28.));
#19471 = DIRECTION('',(0.,0.,1.));
#19472 = DIRECTION('',(1.,0.,-0.));
#19473 = PLANE('',#19474);
#19474 = AXIS2_PLACEMENT_3D('',#19475,#19476,#19477);
#19475 = CARTESIAN_POINT('',(185.,0.,-28.));
#19476 = DIRECTION('',(0.,0.,1.));
#19477 = DIRECTION('',(1.,0.,-0.));
#19478 = ADVANCED_FACE('',(#19479,#19482),#19493,.F.);
#19479 = FACE_BOUND('',#19480,.F.);
#19480 = EDGE_LOOP('',(#19481));
#19481 = ORIENTED_EDGE('',*,*,#19446,.T.);
#19482 = FACE_BOUND('',#19483,.F.);
#19483 = EDGE_LOOP('',(#19484));
#19484 = ORIENTED_EDGE('',*,*,#19485,.F.);
#19485 = EDGE_CURVE('',#19486,#19486,#19488,.T.);
#19486 = VERTEX_POINT('',#19487);
#19487 = CARTESIAN_POINT('',(191.4,-1.567547902909E-15,-33.));
#19488 = CIRCLE('',#19489,6.4);
#19489 = AXIS2_PLACEMENT_3D('',#19490,#19491,#19492);
#19490 = CARTESIAN_POINT('',(185.,0.,-33.));
#19491 = DIRECTION('',(0.,0.,1.));
#19492 = DIRECTION('',(1.,0.,-0.));
#19493 = PLANE('',#19494);
#19494 = AXIS2_PLACEMENT_3D('',#19495,#19496,#19497);
#19495 = CARTESIAN_POINT('',(185.,0.,-33.));
#19496 = DIRECTION('',(0.,0.,1.));
#19497 = DIRECTION('',(1.,0.,-0.));
#19498 = ADVANCED_FACE('',(#19499),#19510,.F.);
#19499 = FACE_BOUND('',#19500,.F.);
#19500 = EDGE_LOOP('',(#19501,#19502,#19508,#19509));
#19501 = ORIENTED_EDGE('',*,*,#19465,.F.);
#19502 = ORIENTED_EDGE('',*,*,#19503,.F.);
#19503 = EDGE_CURVE('',#19486,#19466,#19504,.T.);
#19504 = LINE('',#19505,#19506);
#19505 = CARTESIAN_POINT('',(191.4,-1.567547902909E-15,-34.));
#19506 = VECTOR('',#19507,1.);
#19507 = DIRECTION('',(0.,0.,1.));
#19508 = ORIENTED_EDGE('',*,*,#19485,.T.);
#19509 = ORIENTED_EDGE('',*,*,#19503,.T.);
#19510 = CYLINDRICAL_SURFACE('',#19511,6.4);
#19511 = AXIS2_PLACEMENT_3D('',#19512,#19513,#19514);
#19512 = CARTESIAN_POINT('',(185.,0.,-34.));
#19513 = DIRECTION('',(0.,0.,1.));
#19514 = DIRECTION('',(1.,0.,-0.));
#19515 = MANIFOLD_SOLID_BREP('',#19516);
#19516 = CLOSED_SHELL('',(#19517,#19550,#19570,#19629,#19654,#19685,
    #19709,#19733,#19757,#19781,#19798,#19807));
#19517 = ADVANCED_FACE('',(#19518),#19545,.T.);
#19518 = FACE_BOUND('',#19519,.T.);
#19519 = EDGE_LOOP('',(#19520,#19529,#19537,#19544));
#19520 = ORIENTED_EDGE('',*,*,#19521,.F.);
#19521 = EDGE_CURVE('',#19522,#19522,#19524,.T.);
#19522 = VERTEX_POINT('',#19523);
#19523 = CARTESIAN_POINT('',(176.23959235991,-6.010407640086,30.5));
#19524 = CIRCLE('',#19525,2.75);
#19525 = AXIS2_PLACEMENT_3D('',#19526,#19527,#19528);
#19526 = CARTESIAN_POINT('',(178.98959235991,-6.010407640086,30.5));
#19527 = DIRECTION('',(0.,0.,-1.));
#19528 = DIRECTION('',(-1.,0.,-0.));
#19529 = ORIENTED_EDGE('',*,*,#19530,.F.);
#19530 = EDGE_CURVE('',#19531,#19522,#19533,.T.);
#19531 = VERTEX_POINT('',#19532);
#19532 = CARTESIAN_POINT('',(176.23959235991,-6.010407640086,33.5));
#19533 = LINE('',#19534,#19535);
#19534 = CARTESIAN_POINT('',(176.23959235991,-6.010407640086,33.5));
#19535 = VECTOR('',#19536,1.);
#19536 = DIRECTION('',(0.,0.,-1.));
#19537 = ORIENTED_EDGE('',*,*,#19538,.T.);
#19538 = EDGE_CURVE('',#19531,#19531,#19539,.T.);
#19539 = CIRCLE('',#19540,2.75);
#19540 = AXIS2_PLACEMENT_3D('',#19541,#19542,#19543);
#19541 = CARTESIAN_POINT('',(178.98959235991,-6.010407640086,33.5));
#19542 = DIRECTION('',(0.,0.,-1.));
#19543 = DIRECTION('',(-1.,0.,-0.));
#19544 = ORIENTED_EDGE('',*,*,#19530,.T.);
#19545 = CYLINDRICAL_SURFACE('',#19546,2.75);
#19546 = AXIS2_PLACEMENT_3D('',#19547,#19548,#19549);
#19547 = CARTESIAN_POINT('',(178.98959235991,-6.010407640086,33.5));
#19548 = DIRECTION('',(0.,0.,-1.));
#19549 = DIRECTION('',(-1.,0.,-0.));
#19550 = ADVANCED_FACE('',(#19551,#19554),#19565,.T.);
#19551 = FACE_BOUND('',#19552,.T.);
#19552 = EDGE_LOOP('',(#19553));
#19553 = ORIENTED_EDGE('',*,*,#19521,.T.);
#19554 = FACE_BOUND('',#19555,.T.);
#19555 = EDGE_LOOP('',(#19556));
#19556 = ORIENTED_EDGE('',*,*,#19557,.F.);
#19557 = EDGE_CURVE('',#19558,#19558,#19560,.T.);
#19558 = VERTEX_POINT('',#19559);
#19559 = CARTESIAN_POINT('',(177.48959235991,-6.010407640086,30.5));
#19560 = CIRCLE('',#19561,1.5);
#19561 = AXIS2_PLACEMENT_3D('',#19562,#19563,#19564);
#19562 = CARTESIAN_POINT('',(178.98959235991,-6.010407640086,30.5));
#19563 = DIRECTION('',(0.,0.,-1.));
#19564 = DIRECTION('',(-1.,0.,-0.));
#19565 = PLANE('',#19566);
#19566 = AXIS2_PLACEMENT_3D('',#19567,#19568,#19569);
#19567 = CARTESIAN_POINT('',(178.98959235991,-6.010407640086,30.5));
#19568 = DIRECTION('',(0.,0.,-1.));
#19569 = DIRECTION('',(-1.,0.,-0.));
#19570 = ADVANCED_FACE('',(#19571,#19574),#19624,.F.);
#19571 = FACE_BOUND('',#19572,.F.);
#19572 = EDGE_LOOP('',(#19573));
#19573 = ORIENTED_EDGE('',*,*,#19538,.T.);
#19574 = FACE_BOUND('',#19575,.F.);
#19575 = EDGE_LOOP('',(#19576,#19586,#19594,#19602,#19610,#19618));
#19576 = ORIENTED_EDGE('',*,*,#19577,.T.);
#19577 = EDGE_CURVE('',#19578,#19580,#19582,.T.);
#19578 = VERTEX_POINT('',#19579);
#19579 = CARTESIAN_POINT('',(177.73959235991,-6.732095476573,33.5));
#19580 = VERTEX_POINT('',#19581);
#19581 = CARTESIAN_POINT('',(178.98959235991,-7.45378331306,33.5));
#19582 = LINE('',#19583,#19584);
#19583 = CARTESIAN_POINT('',(178.67709235991,-7.273361353938,33.5));
#19584 = VECTOR('',#19585,1.);
#19585 = DIRECTION('',(0.866025403784,-0.5,0.));
#19586 = ORIENTED_EDGE('',*,*,#19587,.T.);
#19587 = EDGE_CURVE('',#19580,#19588,#19590,.T.);
#19588 = VERTEX_POINT('',#19589);
#19589 = CARTESIAN_POINT('',(180.23959235991,-6.732095476573,33.5));
#19590 = LINE('',#19591,#19592);
#19591 = CARTESIAN_POINT('',(179.92709235991,-6.912517435694,33.5));
#19592 = VECTOR('',#19593,1.);
#19593 = DIRECTION('',(0.866025403784,0.5,0.));
#19594 = ORIENTED_EDGE('',*,*,#19595,.T.);
#19595 = EDGE_CURVE('',#19588,#19596,#19598,.T.);
#19596 = VERTEX_POINT('',#19597);
#19597 = CARTESIAN_POINT('',(180.23959235991,-5.288719803599,33.5));
#19598 = LINE('',#19599,#19600);
#19599 = CARTESIAN_POINT('',(180.23959235991,-5.649563721842,33.5));
#19600 = VECTOR('',#19601,1.);
#19601 = DIRECTION('',(-0.,1.,0.));
#19602 = ORIENTED_EDGE('',*,*,#19603,.T.);
#19603 = EDGE_CURVE('',#19596,#19604,#19606,.T.);
#19604 = VERTEX_POINT('',#19605);
#19605 = CARTESIAN_POINT('',(178.98959235991,-4.567031967112,33.5));
#19606 = LINE('',#19607,#19608);
#19607 = CARTESIAN_POINT('',(179.30209235991,-4.747453926233,33.5));
#19608 = VECTOR('',#19609,1.);
#19609 = DIRECTION('',(-0.866025403784,0.5,0.));
#19610 = ORIENTED_EDGE('',*,*,#19611,.T.);
#19611 = EDGE_CURVE('',#19604,#19612,#19614,.T.);
#19612 = VERTEX_POINT('',#19613);
#19613 = CARTESIAN_POINT('',(177.73959235991,-5.288719803599,33.5));
#19614 = LINE('',#19615,#19616);
#19615 = CARTESIAN_POINT('',(178.05209235991,-5.108297844477,33.5));
#19616 = VECTOR('',#19617,1.);
#19617 = DIRECTION('',(-0.866025403784,-0.5,-0.));
#19618 = ORIENTED_EDGE('',*,*,#19619,.T.);
#19619 = EDGE_CURVE('',#19612,#19578,#19620,.T.);
#19620 = LINE('',#19621,#19622);
#19621 = CARTESIAN_POINT('',(177.73959235991,-6.371251558329,33.5));
#19622 = VECTOR('',#19623,1.);
#19623 = DIRECTION('',(0.,-1.,-0.));
#19624 = PLANE('',#19625);
#19625 = AXIS2_PLACEMENT_3D('',#19626,#19627,#19628);
#19626 = CARTESIAN_POINT('',(178.98959235991,-6.010407640086,33.5));
#19627 = DIRECTION('',(0.,0.,-1.));
#19628 = DIRECTION('',(-1.,0.,-0.));
#19629 = ADVANCED_FACE('',(#19630),#19649,.T.);
#19630 = FACE_BOUND('',#19631,.T.);
#19631 = EDGE_LOOP('',(#19632,#19641,#19647,#19648));
#19632 = ORIENTED_EDGE('',*,*,#19633,.F.);
#19633 = EDGE_CURVE('',#19634,#19634,#19636,.T.);
#19634 = VERTEX_POINT('',#19635);
#19635 = CARTESIAN_POINT('',(177.48959235991,-6.010407640086,22.5));
#19636 = CIRCLE('',#19637,1.5);
#19637 = AXIS2_PLACEMENT_3D('',#19638,#19639,#19640);
#19638 = CARTESIAN_POINT('',(178.98959235991,-6.010407640086,22.5));
#19639 = DIRECTION('',(0.,0.,-1.));
#19640 = DIRECTION('',(-1.,0.,-0.));
#19641 = ORIENTED_EDGE('',*,*,#19642,.F.);
#19642 = EDGE_CURVE('',#19558,#19634,#19643,.T.);
#19643 = LINE('',#19644,#19645);
#19644 = CARTESIAN_POINT('',(177.48959235991,-6.010407640086,30.5));
#19645 = VECTOR('',#19646,1.);
#19646 = DIRECTION('',(0.,0.,-1.));
#19647 = ORIENTED_EDGE('',*,*,#19557,.T.);
#19648 = ORIENTED_EDGE('',*,*,#19642,.T.);
#19649 = CYLINDRICAL_SURFACE('',#19650,1.5);
#19650 = AXIS2_PLACEMENT_3D('',#19651,#19652,#19653);
#19651 = CARTESIAN_POINT('',(178.98959235991,-6.010407640086,30.5));
#19652 = DIRECTION('',(0.,0.,-1.));
#19653 = DIRECTION('',(-1.,0.,-0.));
#19654 = ADVANCED_FACE('',(#19655),#19680,.T.);
#19655 = FACE_BOUND('',#19656,.T.);
#19656 = EDGE_LOOP('',(#19657,#19658,#19666,#19674));
#19657 = ORIENTED_EDGE('',*,*,#19577,.T.);
#19658 = ORIENTED_EDGE('',*,*,#19659,.T.);
#19659 = EDGE_CURVE('',#19580,#19660,#19662,.T.);
#19660 = VERTEX_POINT('',#19661);
#19661 = CARTESIAN_POINT('',(178.98959235991,-7.45378331306,31.7));
#19662 = LINE('',#19663,#19664);
#19663 = CARTESIAN_POINT('',(178.98959235991,-7.45378331306,33.6));
#19664 = VECTOR('',#19665,1.);
#19665 = DIRECTION('',(0.,0.,-1.));
#19666 = ORIENTED_EDGE('',*,*,#19667,.T.);
#19667 = EDGE_CURVE('',#19660,#19668,#19670,.T.);
#19668 = VERTEX_POINT('',#19669);
#19669 = CARTESIAN_POINT('',(177.73959235991,-6.732095476573,31.7));
#19670 = LINE('',#19671,#19672);
#19671 = CARTESIAN_POINT('',(178.98959235991,-7.45378331306,31.7));
#19672 = VECTOR('',#19673,1.);
#19673 = DIRECTION('',(-0.866025403784,0.5,0.));
#19674 = ORIENTED_EDGE('',*,*,#19675,.F.);
#19675 = EDGE_CURVE('',#19578,#19668,#19676,.T.);
#19676 = LINE('',#19677,#19678);
#19677 = CARTESIAN_POINT('',(177.73959235991,-6.732095476573,33.6));
#19678 = VECTOR('',#19679,1.);
#19679 = DIRECTION('',(0.,0.,-1.));
#19680 = PLANE('',#19681);
#19681 = AXIS2_PLACEMENT_3D('',#19682,#19683,#19684);
#19682 = CARTESIAN_POINT('',(178.98959235991,-7.45378331306,33.6));
#19683 = DIRECTION('',(0.5,0.866025403784,0.));
#19684 = DIRECTION('',(-0.866025403784,0.5,0.));
#19685 = ADVANCED_FACE('',(#19686),#19704,.T.);
#19686 = FACE_BOUND('',#19687,.T.);
#19687 = EDGE_LOOP('',(#19688,#19689,#19690,#19698));
#19688 = ORIENTED_EDGE('',*,*,#19619,.T.);
#19689 = ORIENTED_EDGE('',*,*,#19675,.T.);
#19690 = ORIENTED_EDGE('',*,*,#19691,.T.);
#19691 = EDGE_CURVE('',#19668,#19692,#19694,.T.);
#19692 = VERTEX_POINT('',#19693);
#19693 = CARTESIAN_POINT('',(177.73959235991,-5.288719803599,31.7));
#19694 = LINE('',#19695,#19696);
#19695 = CARTESIAN_POINT('',(177.73959235991,-6.732095476573,31.7));
#19696 = VECTOR('',#19697,1.);
#19697 = DIRECTION('',(0.,1.,0.));
#19698 = ORIENTED_EDGE('',*,*,#19699,.F.);
#19699 = EDGE_CURVE('',#19612,#19692,#19700,.T.);
#19700 = LINE('',#19701,#19702);
#19701 = CARTESIAN_POINT('',(177.73959235991,-5.288719803599,33.6));
#19702 = VECTOR('',#19703,1.);
#19703 = DIRECTION('',(0.,0.,-1.));
#19704 = PLANE('',#19705);
#19705 = AXIS2_PLACEMENT_3D('',#19706,#19707,#19708);
#19706 = CARTESIAN_POINT('',(177.73959235991,-6.732095476573,33.6));
#19707 = DIRECTION('',(1.,-0.,0.));
#19708 = DIRECTION('',(0.,1.,0.));
#19709 = ADVANCED_FACE('',(#19710),#19728,.T.);
#19710 = FACE_BOUND('',#19711,.T.);
#19711 = EDGE_LOOP('',(#19712,#19713,#19714,#19722));
#19712 = ORIENTED_EDGE('',*,*,#19611,.T.);
#19713 = ORIENTED_EDGE('',*,*,#19699,.T.);
#19714 = ORIENTED_EDGE('',*,*,#19715,.T.);
#19715 = EDGE_CURVE('',#19692,#19716,#19718,.T.);
#19716 = VERTEX_POINT('',#19717);
#19717 = CARTESIAN_POINT('',(178.98959235991,-4.567031967112,31.7));
#19718 = LINE('',#19719,#19720);
#19719 = CARTESIAN_POINT('',(177.73959235991,-5.288719803599,31.7));
#19720 = VECTOR('',#19721,1.);
#19721 = DIRECTION('',(0.866025403784,0.5,0.));
#19722 = ORIENTED_EDGE('',*,*,#19723,.F.);
#19723 = EDGE_CURVE('',#19604,#19716,#19724,.T.);
#19724 = LINE('',#19725,#19726);
#19725 = CARTESIAN_POINT('',(178.98959235991,-4.567031967112,33.6));
#19726 = VECTOR('',#19727,1.);
#19727 = DIRECTION('',(0.,0.,-1.));
#19728 = PLANE('',#19729);
#19729 = AXIS2_PLACEMENT_3D('',#19730,#19731,#19732);
#19730 = CARTESIAN_POINT('',(177.73959235991,-5.288719803599,33.6));
#19731 = DIRECTION('',(0.5,-0.866025403784,0.));
#19732 = DIRECTION('',(0.866025403784,0.5,0.));
#19733 = ADVANCED_FACE('',(#19734),#19752,.T.);
#19734 = FACE_BOUND('',#19735,.T.);
#19735 = EDGE_LOOP('',(#19736,#19737,#19738,#19746));
#19736 = ORIENTED_EDGE('',*,*,#19603,.T.);
#19737 = ORIENTED_EDGE('',*,*,#19723,.T.);
#19738 = ORIENTED_EDGE('',*,*,#19739,.T.);
#19739 = EDGE_CURVE('',#19716,#19740,#19742,.T.);
#19740 = VERTEX_POINT('',#19741);
#19741 = CARTESIAN_POINT('',(180.23959235991,-5.288719803599,31.7));
#19742 = LINE('',#19743,#19744);
#19743 = CARTESIAN_POINT('',(178.98959235991,-4.567031967112,31.7));
#19744 = VECTOR('',#19745,1.);
#19745 = DIRECTION('',(0.866025403784,-0.5,0.));
#19746 = ORIENTED_EDGE('',*,*,#19747,.F.);
#19747 = EDGE_CURVE('',#19596,#19740,#19748,.T.);
#19748 = LINE('',#19749,#19750);
#19749 = CARTESIAN_POINT('',(180.23959235991,-5.288719803599,33.6));
#19750 = VECTOR('',#19751,1.);
#19751 = DIRECTION('',(0.,0.,-1.));
#19752 = PLANE('',#19753);
#19753 = AXIS2_PLACEMENT_3D('',#19754,#19755,#19756);
#19754 = CARTESIAN_POINT('',(178.98959235991,-4.567031967112,33.6));
#19755 = DIRECTION('',(-0.5,-0.866025403784,-0.));
#19756 = DIRECTION('',(0.866025403784,-0.5,0.));
#19757 = ADVANCED_FACE('',(#19758),#19776,.T.);
#19758 = FACE_BOUND('',#19759,.T.);
#19759 = EDGE_LOOP('',(#19760,#19761,#19762,#19770));
#19760 = ORIENTED_EDGE('',*,*,#19595,.T.);
#19761 = ORIENTED_EDGE('',*,*,#19747,.T.);
#19762 = ORIENTED_EDGE('',*,*,#19763,.T.);
#19763 = EDGE_CURVE('',#19740,#19764,#19766,.T.);
#19764 = VERTEX_POINT('',#19765);
#19765 = CARTESIAN_POINT('',(180.23959235991,-6.732095476573,31.7));
#19766 = LINE('',#19767,#19768);
#19767 = CARTESIAN_POINT('',(180.23959235991,-5.288719803599,31.7));
#19768 = VECTOR('',#19769,1.);
#19769 = DIRECTION('',(0.,-1.,0.));
#19770 = ORIENTED_EDGE('',*,*,#19771,.F.);
#19771 = EDGE_CURVE('',#19588,#19764,#19772,.T.);
#19772 = LINE('',#19773,#19774);
#19773 = CARTESIAN_POINT('',(180.23959235991,-6.732095476573,33.6));
#19774 = VECTOR('',#19775,1.);
#19775 = DIRECTION('',(0.,0.,-1.));
#19776 = PLANE('',#19777);
#19777 = AXIS2_PLACEMENT_3D('',#19778,#19779,#19780);
#19778 = CARTESIAN_POINT('',(180.23959235991,-5.288719803599,33.6));
#19779 = DIRECTION('',(-1.,-0.,-0.));
#19780 = DIRECTION('',(0.,-1.,0.));
#19781 = ADVANCED_FACE('',(#19782),#19793,.T.);
#19782 = FACE_BOUND('',#19783,.T.);
#19783 = EDGE_LOOP('',(#19784,#19785,#19786,#19792));
#19784 = ORIENTED_EDGE('',*,*,#19587,.T.);
#19785 = ORIENTED_EDGE('',*,*,#19771,.T.);
#19786 = ORIENTED_EDGE('',*,*,#19787,.T.);
#19787 = EDGE_CURVE('',#19764,#19660,#19788,.T.);
#19788 = LINE('',#19789,#19790);
#19789 = CARTESIAN_POINT('',(180.23959235991,-6.732095476573,31.7));
#19790 = VECTOR('',#19791,1.);
#19791 = DIRECTION('',(-0.866025403784,-0.5,0.));
#19792 = ORIENTED_EDGE('',*,*,#19659,.F.);
#19793 = PLANE('',#19794);
#19794 = AXIS2_PLACEMENT_3D('',#19795,#19796,#19797);
#19795 = CARTESIAN_POINT('',(180.23959235991,-6.732095476573,33.6));
#19796 = DIRECTION('',(-0.5,0.866025403784,0.));
#19797 = DIRECTION('',(-0.866025403784,-0.5,0.));
#19798 = ADVANCED_FACE('',(#19799),#19802,.T.);
#19799 = FACE_BOUND('',#19800,.T.);
#19800 = EDGE_LOOP('',(#19801));
#19801 = ORIENTED_EDGE('',*,*,#19633,.T.);
#19802 = PLANE('',#19803);
#19803 = AXIS2_PLACEMENT_3D('',#19804,#19805,#19806);
#19804 = CARTESIAN_POINT('',(178.98959235991,-6.010407640086,22.5));
#19805 = DIRECTION('',(0.,0.,-1.));
#19806 = DIRECTION('',(-1.,0.,-0.));
#19807 = ADVANCED_FACE('',(#19808),#19816,.F.);
#19808 = FACE_BOUND('',#19809,.F.);
#19809 = EDGE_LOOP('',(#19810,#19811,#19812,#19813,#19814,#19815));
#19810 = ORIENTED_EDGE('',*,*,#19787,.T.);
#19811 = ORIENTED_EDGE('',*,*,#19667,.T.);
#19812 = ORIENTED_EDGE('',*,*,#19691,.T.);
#19813 = ORIENTED_EDGE('',*,*,#19715,.T.);
#19814 = ORIENTED_EDGE('',*,*,#19739,.T.);
#19815 = ORIENTED_EDGE('',*,*,#19763,.T.);
#19816 = PLANE('',#19817);
#19817 = AXIS2_PLACEMENT_3D('',#19818,#19819,#19820);
#19818 = CARTESIAN_POINT('',(178.98959235991,-6.010407640086,31.7));
#19819 = DIRECTION('',(-0.,-0.,-1.));
#19820 = DIRECTION('',(-1.,0.,0.));
#19821 = MANIFOLD_SOLID_BREP('',#19822);
#19822 = CLOSED_SHELL('',(#19823,#19856,#19876,#19935,#19960,#19991,
    #20015,#20039,#20063,#20087,#20104,#20113));
#19823 = ADVANCED_FACE('',(#19824),#19851,.T.);
#19824 = FACE_BOUND('',#19825,.T.);
#19825 = EDGE_LOOP('',(#19826,#19835,#19843,#19850));
#19826 = ORIENTED_EDGE('',*,*,#19827,.F.);
#19827 = EDGE_CURVE('',#19828,#19828,#19830,.T.);
#19828 = VERTEX_POINT('',#19829);
#19829 = CARTESIAN_POINT('',(188.26040764008,-6.010407640086,30.5));
#19830 = CIRCLE('',#19831,2.75);
#19831 = AXIS2_PLACEMENT_3D('',#19832,#19833,#19834);
#19832 = CARTESIAN_POINT('',(191.01040764008,-6.010407640086,30.5));
#19833 = DIRECTION('',(0.,0.,-1.));
#19834 = DIRECTION('',(-1.,0.,-0.));
#19835 = ORIENTED_EDGE('',*,*,#19836,.F.);
#19836 = EDGE_CURVE('',#19837,#19828,#19839,.T.);
#19837 = VERTEX_POINT('',#19838);
#19838 = CARTESIAN_POINT('',(188.26040764008,-6.010407640086,33.5));
#19839 = LINE('',#19840,#19841);
#19840 = CARTESIAN_POINT('',(188.26040764008,-6.010407640086,33.5));
#19841 = VECTOR('',#19842,1.);
#19842 = DIRECTION('',(0.,0.,-1.));
#19843 = ORIENTED_EDGE('',*,*,#19844,.T.);
#19844 = EDGE_CURVE('',#19837,#19837,#19845,.T.);
#19845 = CIRCLE('',#19846,2.75);
#19846 = AXIS2_PLACEMENT_3D('',#19847,#19848,#19849);
#19847 = CARTESIAN_POINT('',(191.01040764008,-6.010407640086,33.5));
#19848 = DIRECTION('',(0.,0.,-1.));
#19849 = DIRECTION('',(-1.,0.,-0.));
#19850 = ORIENTED_EDGE('',*,*,#19836,.T.);
#19851 = CYLINDRICAL_SURFACE('',#19852,2.75);
#19852 = AXIS2_PLACEMENT_3D('',#19853,#19854,#19855);
#19853 = CARTESIAN_POINT('',(191.01040764008,-6.010407640086,33.5));
#19854 = DIRECTION('',(0.,0.,-1.));
#19855 = DIRECTION('',(-1.,0.,-0.));
#19856 = ADVANCED_FACE('',(#19857,#19860),#19871,.T.);
#19857 = FACE_BOUND('',#19858,.T.);
#19858 = EDGE_LOOP('',(#19859));
#19859 = ORIENTED_EDGE('',*,*,#19827,.T.);
#19860 = FACE_BOUND('',#19861,.T.);
#19861 = EDGE_LOOP('',(#19862));
#19862 = ORIENTED_EDGE('',*,*,#19863,.F.);
#19863 = EDGE_CURVE('',#19864,#19864,#19866,.T.);
#19864 = VERTEX_POINT('',#19865);
#19865 = CARTESIAN_POINT('',(189.51040764008,-6.010407640086,30.5));
#19866 = CIRCLE('',#19867,1.5);
#19867 = AXIS2_PLACEMENT_3D('',#19868,#19869,#19870);
#19868 = CARTESIAN_POINT('',(191.01040764008,-6.010407640086,30.5));
#19869 = DIRECTION('',(0.,0.,-1.));
#19870 = DIRECTION('',(-1.,0.,-0.));
#19871 = PLANE('',#19872);
#19872 = AXIS2_PLACEMENT_3D('',#19873,#19874,#19875);
#19873 = CARTESIAN_POINT('',(191.01040764008,-6.010407640086,30.5));
#19874 = DIRECTION('',(0.,0.,-1.));
#19875 = DIRECTION('',(-1.,0.,-0.));
#19876 = ADVANCED_FACE('',(#19877,#19880),#19930,.F.);
#19877 = FACE_BOUND('',#19878,.F.);
#19878 = EDGE_LOOP('',(#19879));
#19879 = ORIENTED_EDGE('',*,*,#19844,.T.);
#19880 = FACE_BOUND('',#19881,.F.);
#19881 = EDGE_LOOP('',(#19882,#19892,#19900,#19908,#19916,#19924));
#19882 = ORIENTED_EDGE('',*,*,#19883,.T.);
#19883 = EDGE_CURVE('',#19884,#19886,#19888,.T.);
#19884 = VERTEX_POINT('',#19885);
#19885 = CARTESIAN_POINT('',(189.76040764008,-6.732095476573,33.5));
#19886 = VERTEX_POINT('',#19887);
#19887 = CARTESIAN_POINT('',(191.01040764008,-7.45378331306,33.5));
#19888 = LINE('',#19889,#19890);
#19889 = CARTESIAN_POINT('',(190.69790764008,-7.273361353938,33.5));
#19890 = VECTOR('',#19891,1.);
#19891 = DIRECTION('',(0.866025403784,-0.5,0.));
#19892 = ORIENTED_EDGE('',*,*,#19893,.T.);
#19893 = EDGE_CURVE('',#19886,#19894,#19896,.T.);
#19894 = VERTEX_POINT('',#19895);
#19895 = CARTESIAN_POINT('',(192.26040764008,-6.732095476573,33.5));
#19896 = LINE('',#19897,#19898);
#19897 = CARTESIAN_POINT('',(191.94790764008,-6.912517435694,33.5));
#19898 = VECTOR('',#19899,1.);
#19899 = DIRECTION('',(0.866025403784,0.5,0.));
#19900 = ORIENTED_EDGE('',*,*,#19901,.T.);
#19901 = EDGE_CURVE('',#19894,#19902,#19904,.T.);
#19902 = VERTEX_POINT('',#19903);
#19903 = CARTESIAN_POINT('',(192.26040764008,-5.288719803599,33.5));
#19904 = LINE('',#19905,#19906);
#19905 = CARTESIAN_POINT('',(192.26040764008,-5.649563721842,33.5));
#19906 = VECTOR('',#19907,1.);
#19907 = DIRECTION('',(-0.,1.,0.));
#19908 = ORIENTED_EDGE('',*,*,#19909,.T.);
#19909 = EDGE_CURVE('',#19902,#19910,#19912,.T.);
#19910 = VERTEX_POINT('',#19911);
#19911 = CARTESIAN_POINT('',(191.01040764008,-4.567031967112,33.5));
#19912 = LINE('',#19913,#19914);
#19913 = CARTESIAN_POINT('',(191.32290764008,-4.747453926233,33.5));
#19914 = VECTOR('',#19915,1.);
#19915 = DIRECTION('',(-0.866025403784,0.5,0.));
#19916 = ORIENTED_EDGE('',*,*,#19917,.T.);
#19917 = EDGE_CURVE('',#19910,#19918,#19920,.T.);
#19918 = VERTEX_POINT('',#19919);
#19919 = CARTESIAN_POINT('',(189.76040764008,-5.288719803599,33.5));
#19920 = LINE('',#19921,#19922);
#19921 = CARTESIAN_POINT('',(190.07290764008,-5.108297844477,33.5));
#19922 = VECTOR('',#19923,1.);
#19923 = DIRECTION('',(-0.866025403784,-0.5,-0.));
#19924 = ORIENTED_EDGE('',*,*,#19925,.T.);
#19925 = EDGE_CURVE('',#19918,#19884,#19926,.T.);
#19926 = LINE('',#19927,#19928);
#19927 = CARTESIAN_POINT('',(189.76040764008,-6.371251558329,33.5));
#19928 = VECTOR('',#19929,1.);
#19929 = DIRECTION('',(0.,-1.,-0.));
#19930 = PLANE('',#19931);
#19931 = AXIS2_PLACEMENT_3D('',#19932,#19933,#19934);
#19932 = CARTESIAN_POINT('',(191.01040764008,-6.010407640086,33.5));
#19933 = DIRECTION('',(0.,0.,-1.));
#19934 = DIRECTION('',(-1.,0.,-0.));
#19935 = ADVANCED_FACE('',(#19936),#19955,.T.);
#19936 = FACE_BOUND('',#19937,.T.);
#19937 = EDGE_LOOP('',(#19938,#19947,#19953,#19954));
#19938 = ORIENTED_EDGE('',*,*,#19939,.F.);
#19939 = EDGE_CURVE('',#19940,#19940,#19942,.T.);
#19940 = VERTEX_POINT('',#19941);
#19941 = CARTESIAN_POINT('',(189.51040764008,-6.010407640086,22.5));
#19942 = CIRCLE('',#19943,1.5);
#19943 = AXIS2_PLACEMENT_3D('',#19944,#19945,#19946);
#19944 = CARTESIAN_POINT('',(191.01040764008,-6.010407640086,22.5));
#19945 = DIRECTION('',(0.,0.,-1.));
#19946 = DIRECTION('',(-1.,0.,-0.));
#19947 = ORIENTED_EDGE('',*,*,#19948,.F.);
#19948 = EDGE_CURVE('',#19864,#19940,#19949,.T.);
#19949 = LINE('',#19950,#19951);
#19950 = CARTESIAN_POINT('',(189.51040764008,-6.010407640086,30.5));
#19951 = VECTOR('',#19952,1.);
#19952 = DIRECTION('',(0.,0.,-1.));
#19953 = ORIENTED_EDGE('',*,*,#19863,.T.);
#19954 = ORIENTED_EDGE('',*,*,#19948,.T.);
#19955 = CYLINDRICAL_SURFACE('',#19956,1.5);
#19956 = AXIS2_PLACEMENT_3D('',#19957,#19958,#19959);
#19957 = CARTESIAN_POINT('',(191.01040764008,-6.010407640086,30.5));
#19958 = DIRECTION('',(0.,0.,-1.));
#19959 = DIRECTION('',(-1.,0.,-0.));
#19960 = ADVANCED_FACE('',(#19961),#19986,.T.);
#19961 = FACE_BOUND('',#19962,.T.);
#19962 = EDGE_LOOP('',(#19963,#19964,#19972,#19980));
#19963 = ORIENTED_EDGE('',*,*,#19883,.T.);
#19964 = ORIENTED_EDGE('',*,*,#19965,.T.);
#19965 = EDGE_CURVE('',#19886,#19966,#19968,.T.);
#19966 = VERTEX_POINT('',#19967);
#19967 = CARTESIAN_POINT('',(191.01040764008,-7.45378331306,31.7));
#19968 = LINE('',#19969,#19970);
#19969 = CARTESIAN_POINT('',(191.01040764008,-7.45378331306,33.6));
#19970 = VECTOR('',#19971,1.);
#19971 = DIRECTION('',(0.,0.,-1.));
#19972 = ORIENTED_EDGE('',*,*,#19973,.T.);
#19973 = EDGE_CURVE('',#19966,#19974,#19976,.T.);
#19974 = VERTEX_POINT('',#19975);
#19975 = CARTESIAN_POINT('',(189.76040764008,-6.732095476573,31.7));
#19976 = LINE('',#19977,#19978);
#19977 = CARTESIAN_POINT('',(191.01040764008,-7.45378331306,31.7));
#19978 = VECTOR('',#19979,1.);
#19979 = DIRECTION('',(-0.866025403784,0.5,0.));
#19980 = ORIENTED_EDGE('',*,*,#19981,.F.);
#19981 = EDGE_CURVE('',#19884,#19974,#19982,.T.);
#19982 = LINE('',#19983,#19984);
#19983 = CARTESIAN_POINT('',(189.76040764008,-6.732095476573,33.6));
#19984 = VECTOR('',#19985,1.);
#19985 = DIRECTION('',(0.,0.,-1.));
#19986 = PLANE('',#19987);
#19987 = AXIS2_PLACEMENT_3D('',#19988,#19989,#19990);
#19988 = CARTESIAN_POINT('',(191.01040764008,-7.45378331306,33.6));
#19989 = DIRECTION('',(0.5,0.866025403784,0.));
#19990 = DIRECTION('',(-0.866025403784,0.5,0.));
#19991 = ADVANCED_FACE('',(#19992),#20010,.T.);
#19992 = FACE_BOUND('',#19993,.T.);
#19993 = EDGE_LOOP('',(#19994,#19995,#19996,#20004));
#19994 = ORIENTED_EDGE('',*,*,#19925,.T.);
#19995 = ORIENTED_EDGE('',*,*,#19981,.T.);
#19996 = ORIENTED_EDGE('',*,*,#19997,.T.);
#19997 = EDGE_CURVE('',#19974,#19998,#20000,.T.);
#19998 = VERTEX_POINT('',#19999);
#19999 = CARTESIAN_POINT('',(189.76040764008,-5.288719803599,31.7));
#20000 = LINE('',#20001,#20002);
#20001 = CARTESIAN_POINT('',(189.76040764008,-6.732095476573,31.7));
#20002 = VECTOR('',#20003,1.);
#20003 = DIRECTION('',(0.,1.,0.));
#20004 = ORIENTED_EDGE('',*,*,#20005,.F.);
#20005 = EDGE_CURVE('',#19918,#19998,#20006,.T.);
#20006 = LINE('',#20007,#20008);
#20007 = CARTESIAN_POINT('',(189.76040764008,-5.288719803599,33.6));
#20008 = VECTOR('',#20009,1.);
#20009 = DIRECTION('',(0.,0.,-1.));
#20010 = PLANE('',#20011);
#20011 = AXIS2_PLACEMENT_3D('',#20012,#20013,#20014);
#20012 = CARTESIAN_POINT('',(189.76040764008,-6.732095476573,33.6));
#20013 = DIRECTION('',(1.,-0.,0.));
#20014 = DIRECTION('',(0.,1.,0.));
#20015 = ADVANCED_FACE('',(#20016),#20034,.T.);
#20016 = FACE_BOUND('',#20017,.T.);
#20017 = EDGE_LOOP('',(#20018,#20019,#20020,#20028));
#20018 = ORIENTED_EDGE('',*,*,#19917,.T.);
#20019 = ORIENTED_EDGE('',*,*,#20005,.T.);
#20020 = ORIENTED_EDGE('',*,*,#20021,.T.);
#20021 = EDGE_CURVE('',#19998,#20022,#20024,.T.);
#20022 = VERTEX_POINT('',#20023);
#20023 = CARTESIAN_POINT('',(191.01040764008,-4.567031967112,31.7));
#20024 = LINE('',#20025,#20026);
#20025 = CARTESIAN_POINT('',(189.76040764008,-5.288719803599,31.7));
#20026 = VECTOR('',#20027,1.);
#20027 = DIRECTION('',(0.866025403784,0.5,0.));
#20028 = ORIENTED_EDGE('',*,*,#20029,.F.);
#20029 = EDGE_CURVE('',#19910,#20022,#20030,.T.);
#20030 = LINE('',#20031,#20032);
#20031 = CARTESIAN_POINT('',(191.01040764008,-4.567031967112,33.6));
#20032 = VECTOR('',#20033,1.);
#20033 = DIRECTION('',(0.,0.,-1.));
#20034 = PLANE('',#20035);
#20035 = AXIS2_PLACEMENT_3D('',#20036,#20037,#20038);
#20036 = CARTESIAN_POINT('',(189.76040764008,-5.288719803599,33.6));
#20037 = DIRECTION('',(0.5,-0.866025403784,0.));
#20038 = DIRECTION('',(0.866025403784,0.5,0.));
#20039 = ADVANCED_FACE('',(#20040),#20058,.T.);
#20040 = FACE_BOUND('',#20041,.T.);
#20041 = EDGE_LOOP('',(#20042,#20043,#20044,#20052));
#20042 = ORIENTED_EDGE('',*,*,#19909,.T.);
#20043 = ORIENTED_EDGE('',*,*,#20029,.T.);
#20044 = ORIENTED_EDGE('',*,*,#20045,.T.);
#20045 = EDGE_CURVE('',#20022,#20046,#20048,.T.);
#20046 = VERTEX_POINT('',#20047);
#20047 = CARTESIAN_POINT('',(192.26040764008,-5.288719803599,31.7));
#20048 = LINE('',#20049,#20050);
#20049 = CARTESIAN_POINT('',(191.01040764008,-4.567031967112,31.7));
#20050 = VECTOR('',#20051,1.);
#20051 = DIRECTION('',(0.866025403784,-0.5,0.));
#20052 = ORIENTED_EDGE('',*,*,#20053,.F.);
#20053 = EDGE_CURVE('',#19902,#20046,#20054,.T.);
#20054 = LINE('',#20055,#20056);
#20055 = CARTESIAN_POINT('',(192.26040764008,-5.288719803599,33.6));
#20056 = VECTOR('',#20057,1.);
#20057 = DIRECTION('',(0.,0.,-1.));
#20058 = PLANE('',#20059);
#20059 = AXIS2_PLACEMENT_3D('',#20060,#20061,#20062);
#20060 = CARTESIAN_POINT('',(191.01040764008,-4.567031967112,33.6));
#20061 = DIRECTION('',(-0.5,-0.866025403784,-0.));
#20062 = DIRECTION('',(0.866025403784,-0.5,0.));
#20063 = ADVANCED_FACE('',(#20064),#20082,.T.);
#20064 = FACE_BOUND('',#20065,.T.);
#20065 = EDGE_LOOP('',(#20066,#20067,#20068,#20076));
#20066 = ORIENTED_EDGE('',*,*,#19901,.T.);
#20067 = ORIENTED_EDGE('',*,*,#20053,.T.);
#20068 = ORIENTED_EDGE('',*,*,#20069,.T.);
#20069 = EDGE_CURVE('',#20046,#20070,#20072,.T.);
#20070 = VERTEX_POINT('',#20071);
#20071 = CARTESIAN_POINT('',(192.26040764008,-6.732095476573,31.7));
#20072 = LINE('',#20073,#20074);
#20073 = CARTESIAN_POINT('',(192.26040764008,-5.288719803599,31.7));
#20074 = VECTOR('',#20075,1.);
#20075 = DIRECTION('',(0.,-1.,0.));
#20076 = ORIENTED_EDGE('',*,*,#20077,.F.);
#20077 = EDGE_CURVE('',#19894,#20070,#20078,.T.);
#20078 = LINE('',#20079,#20080);
#20079 = CARTESIAN_POINT('',(192.26040764008,-6.732095476573,33.6));
#20080 = VECTOR('',#20081,1.);
#20081 = DIRECTION('',(0.,0.,-1.));
#20082 = PLANE('',#20083);
#20083 = AXIS2_PLACEMENT_3D('',#20084,#20085,#20086);
#20084 = CARTESIAN_POINT('',(192.26040764008,-5.288719803599,33.6));
#20085 = DIRECTION('',(-1.,-0.,-0.));
#20086 = DIRECTION('',(0.,-1.,0.));
#20087 = ADVANCED_FACE('',(#20088),#20099,.T.);
#20088 = FACE_BOUND('',#20089,.T.);
#20089 = EDGE_LOOP('',(#20090,#20091,#20092,#20098));
#20090 = ORIENTED_EDGE('',*,*,#19893,.T.);
#20091 = ORIENTED_EDGE('',*,*,#20077,.T.);
#20092 = ORIENTED_EDGE('',*,*,#20093,.T.);
#20093 = EDGE_CURVE('',#20070,#19966,#20094,.T.);
#20094 = LINE('',#20095,#20096);
#20095 = CARTESIAN_POINT('',(192.26040764008,-6.732095476573,31.7));
#20096 = VECTOR('',#20097,1.);
#20097 = DIRECTION('',(-0.866025403784,-0.5,0.));
#20098 = ORIENTED_EDGE('',*,*,#19965,.F.);
#20099 = PLANE('',#20100);
#20100 = AXIS2_PLACEMENT_3D('',#20101,#20102,#20103);
#20101 = CARTESIAN_POINT('',(192.26040764008,-6.732095476573,33.6));
#20102 = DIRECTION('',(-0.5,0.866025403784,0.));
#20103 = DIRECTION('',(-0.866025403784,-0.5,0.));
#20104 = ADVANCED_FACE('',(#20105),#20108,.T.);
#20105 = FACE_BOUND('',#20106,.T.);
#20106 = EDGE_LOOP('',(#20107));
#20107 = ORIENTED_EDGE('',*,*,#19939,.T.);
#20108 = PLANE('',#20109);
#20109 = AXIS2_PLACEMENT_3D('',#20110,#20111,#20112);
#20110 = CARTESIAN_POINT('',(191.01040764008,-6.010407640086,22.5));
#20111 = DIRECTION('',(0.,0.,-1.));
#20112 = DIRECTION('',(-1.,0.,-0.));
#20113 = ADVANCED_FACE('',(#20114),#20122,.F.);
#20114 = FACE_BOUND('',#20115,.F.);
#20115 = EDGE_LOOP('',(#20116,#20117,#20118,#20119,#20120,#20121));
#20116 = ORIENTED_EDGE('',*,*,#20093,.T.);
#20117 = ORIENTED_EDGE('',*,*,#19973,.T.);
#20118 = ORIENTED_EDGE('',*,*,#19997,.T.);
#20119 = ORIENTED_EDGE('',*,*,#20021,.T.);
#20120 = ORIENTED_EDGE('',*,*,#20045,.T.);
#20121 = ORIENTED_EDGE('',*,*,#20069,.T.);
#20122 = PLANE('',#20123);
#20123 = AXIS2_PLACEMENT_3D('',#20124,#20125,#20126);
#20124 = CARTESIAN_POINT('',(191.01040764008,-6.010407640086,31.7));
#20125 = DIRECTION('',(-0.,-0.,-1.));
#20126 = DIRECTION('',(-1.,0.,0.));
#20127 = MANIFOLD_SOLID_BREP('',#20128);
#20128 = CLOSED_SHELL('',(#20129,#20162,#20182,#20241,#20266,#20297,
    #20321,#20345,#20369,#20393,#20410,#20419));
#20129 = ADVANCED_FACE('',(#20130),#20157,.T.);
#20130 = FACE_BOUND('',#20131,.T.);
#20131 = EDGE_LOOP('',(#20132,#20141,#20149,#20156));
#20132 = ORIENTED_EDGE('',*,*,#20133,.F.);
#20133 = EDGE_CURVE('',#20134,#20134,#20136,.T.);
#20134 = VERTEX_POINT('',#20135);
#20135 = CARTESIAN_POINT('',(188.26040764008,6.010407640086,30.5));
#20136 = CIRCLE('',#20137,2.75);
#20137 = AXIS2_PLACEMENT_3D('',#20138,#20139,#20140);
#20138 = CARTESIAN_POINT('',(191.01040764008,6.010407640086,30.5));
#20139 = DIRECTION('',(0.,0.,-1.));
#20140 = DIRECTION('',(-1.,0.,-0.));
#20141 = ORIENTED_EDGE('',*,*,#20142,.F.);
#20142 = EDGE_CURVE('',#20143,#20134,#20145,.T.);
#20143 = VERTEX_POINT('',#20144);
#20144 = CARTESIAN_POINT('',(188.26040764008,6.010407640086,33.5));
#20145 = LINE('',#20146,#20147);
#20146 = CARTESIAN_POINT('',(188.26040764008,6.010407640086,33.5));
#20147 = VECTOR('',#20148,1.);
#20148 = DIRECTION('',(0.,0.,-1.));
#20149 = ORIENTED_EDGE('',*,*,#20150,.T.);
#20150 = EDGE_CURVE('',#20143,#20143,#20151,.T.);
#20151 = CIRCLE('',#20152,2.75);
#20152 = AXIS2_PLACEMENT_3D('',#20153,#20154,#20155);
#20153 = CARTESIAN_POINT('',(191.01040764008,6.010407640086,33.5));
#20154 = DIRECTION('',(0.,0.,-1.));
#20155 = DIRECTION('',(-1.,0.,-0.));
#20156 = ORIENTED_EDGE('',*,*,#20142,.T.);
#20157 = CYLINDRICAL_SURFACE('',#20158,2.75);
#20158 = AXIS2_PLACEMENT_3D('',#20159,#20160,#20161);
#20159 = CARTESIAN_POINT('',(191.01040764008,6.010407640086,33.5));
#20160 = DIRECTION('',(0.,0.,-1.));
#20161 = DIRECTION('',(-1.,0.,-0.));
#20162 = ADVANCED_FACE('',(#20163,#20166),#20177,.T.);
#20163 = FACE_BOUND('',#20164,.T.);
#20164 = EDGE_LOOP('',(#20165));
#20165 = ORIENTED_EDGE('',*,*,#20133,.T.);
#20166 = FACE_BOUND('',#20167,.T.);
#20167 = EDGE_LOOP('',(#20168));
#20168 = ORIENTED_EDGE('',*,*,#20169,.F.);
#20169 = EDGE_CURVE('',#20170,#20170,#20172,.T.);
#20170 = VERTEX_POINT('',#20171);
#20171 = CARTESIAN_POINT('',(189.51040764008,6.010407640086,30.5));
#20172 = CIRCLE('',#20173,1.5);
#20173 = AXIS2_PLACEMENT_3D('',#20174,#20175,#20176);
#20174 = CARTESIAN_POINT('',(191.01040764008,6.010407640086,30.5));
#20175 = DIRECTION('',(0.,0.,-1.));
#20176 = DIRECTION('',(-1.,0.,-0.));
#20177 = PLANE('',#20178);
#20178 = AXIS2_PLACEMENT_3D('',#20179,#20180,#20181);
#20179 = CARTESIAN_POINT('',(191.01040764008,6.010407640086,30.5));
#20180 = DIRECTION('',(0.,0.,-1.));
#20181 = DIRECTION('',(-1.,0.,-0.));
#20182 = ADVANCED_FACE('',(#20183,#20186),#20236,.F.);
#20183 = FACE_BOUND('',#20184,.F.);
#20184 = EDGE_LOOP('',(#20185));
#20185 = ORIENTED_EDGE('',*,*,#20150,.T.);
#20186 = FACE_BOUND('',#20187,.F.);
#20187 = EDGE_LOOP('',(#20188,#20198,#20206,#20214,#20222,#20230));
#20188 = ORIENTED_EDGE('',*,*,#20189,.T.);
#20189 = EDGE_CURVE('',#20190,#20192,#20194,.T.);
#20190 = VERTEX_POINT('',#20191);
#20191 = CARTESIAN_POINT('',(189.76040764008,5.288719803599,33.5));
#20192 = VERTEX_POINT('',#20193);
#20193 = CARTESIAN_POINT('',(191.01040764008,4.567031967112,33.5));
#20194 = LINE('',#20195,#20196);
#20195 = CARTESIAN_POINT('',(190.69790764008,4.747453926233,33.5));
#20196 = VECTOR('',#20197,1.);
#20197 = DIRECTION('',(0.866025403784,-0.5,0.));
#20198 = ORIENTED_EDGE('',*,*,#20199,.T.);
#20199 = EDGE_CURVE('',#20192,#20200,#20202,.T.);
#20200 = VERTEX_POINT('',#20201);
#20201 = CARTESIAN_POINT('',(192.26040764008,5.288719803599,33.5));
#20202 = LINE('',#20203,#20204);
#20203 = CARTESIAN_POINT('',(191.94790764008,5.108297844477,33.5));
#20204 = VECTOR('',#20205,1.);
#20205 = DIRECTION('',(0.866025403784,0.5,0.));
#20206 = ORIENTED_EDGE('',*,*,#20207,.T.);
#20207 = EDGE_CURVE('',#20200,#20208,#20210,.T.);
#20208 = VERTEX_POINT('',#20209);
#20209 = CARTESIAN_POINT('',(192.26040764008,6.732095476573,33.5));
#20210 = LINE('',#20211,#20212);
#20211 = CARTESIAN_POINT('',(192.26040764008,6.371251558329,33.5));
#20212 = VECTOR('',#20213,1.);
#20213 = DIRECTION('',(-0.,1.,0.));
#20214 = ORIENTED_EDGE('',*,*,#20215,.T.);
#20215 = EDGE_CURVE('',#20208,#20216,#20218,.T.);
#20216 = VERTEX_POINT('',#20217);
#20217 = CARTESIAN_POINT('',(191.01040764008,7.45378331306,33.5));
#20218 = LINE('',#20219,#20220);
#20219 = CARTESIAN_POINT('',(191.32290764008,7.273361353938,33.5));
#20220 = VECTOR('',#20221,1.);
#20221 = DIRECTION('',(-0.866025403784,0.5,0.));
#20222 = ORIENTED_EDGE('',*,*,#20223,.T.);
#20223 = EDGE_CURVE('',#20216,#20224,#20226,.T.);
#20224 = VERTEX_POINT('',#20225);
#20225 = CARTESIAN_POINT('',(189.76040764008,6.732095476573,33.5));
#20226 = LINE('',#20227,#20228);
#20227 = CARTESIAN_POINT('',(190.07290764008,6.912517435694,33.5));
#20228 = VECTOR('',#20229,1.);
#20229 = DIRECTION('',(-0.866025403784,-0.5,-0.));
#20230 = ORIENTED_EDGE('',*,*,#20231,.T.);
#20231 = EDGE_CURVE('',#20224,#20190,#20232,.T.);
#20232 = LINE('',#20233,#20234);
#20233 = CARTESIAN_POINT('',(189.76040764008,5.649563721842,33.5));
#20234 = VECTOR('',#20235,1.);
#20235 = DIRECTION('',(0.,-1.,-0.));
#20236 = PLANE('',#20237);
#20237 = AXIS2_PLACEMENT_3D('',#20238,#20239,#20240);
#20238 = CARTESIAN_POINT('',(191.01040764008,6.010407640086,33.5));
#20239 = DIRECTION('',(0.,0.,-1.));
#20240 = DIRECTION('',(-1.,0.,-0.));
#20241 = ADVANCED_FACE('',(#20242),#20261,.T.);
#20242 = FACE_BOUND('',#20243,.T.);
#20243 = EDGE_LOOP('',(#20244,#20253,#20259,#20260));
#20244 = ORIENTED_EDGE('',*,*,#20245,.F.);
#20245 = EDGE_CURVE('',#20246,#20246,#20248,.T.);
#20246 = VERTEX_POINT('',#20247);
#20247 = CARTESIAN_POINT('',(189.51040764008,6.010407640086,22.5));
#20248 = CIRCLE('',#20249,1.5);
#20249 = AXIS2_PLACEMENT_3D('',#20250,#20251,#20252);
#20250 = CARTESIAN_POINT('',(191.01040764008,6.010407640086,22.5));
#20251 = DIRECTION('',(0.,0.,-1.));
#20252 = DIRECTION('',(-1.,0.,-0.));
#20253 = ORIENTED_EDGE('',*,*,#20254,.F.);
#20254 = EDGE_CURVE('',#20170,#20246,#20255,.T.);
#20255 = LINE('',#20256,#20257);
#20256 = CARTESIAN_POINT('',(189.51040764008,6.010407640086,30.5));
#20257 = VECTOR('',#20258,1.);
#20258 = DIRECTION('',(0.,0.,-1.));
#20259 = ORIENTED_EDGE('',*,*,#20169,.T.);
#20260 = ORIENTED_EDGE('',*,*,#20254,.T.);
#20261 = CYLINDRICAL_SURFACE('',#20262,1.5);
#20262 = AXIS2_PLACEMENT_3D('',#20263,#20264,#20265);
#20263 = CARTESIAN_POINT('',(191.01040764008,6.010407640086,30.5));
#20264 = DIRECTION('',(0.,0.,-1.));
#20265 = DIRECTION('',(-1.,0.,-0.));
#20266 = ADVANCED_FACE('',(#20267),#20292,.T.);
#20267 = FACE_BOUND('',#20268,.T.);
#20268 = EDGE_LOOP('',(#20269,#20270,#20278,#20286));
#20269 = ORIENTED_EDGE('',*,*,#20189,.T.);
#20270 = ORIENTED_EDGE('',*,*,#20271,.T.);
#20271 = EDGE_CURVE('',#20192,#20272,#20274,.T.);
#20272 = VERTEX_POINT('',#20273);
#20273 = CARTESIAN_POINT('',(191.01040764008,4.567031967112,31.7));
#20274 = LINE('',#20275,#20276);
#20275 = CARTESIAN_POINT('',(191.01040764008,4.567031967112,33.6));
#20276 = VECTOR('',#20277,1.);
#20277 = DIRECTION('',(0.,0.,-1.));
#20278 = ORIENTED_EDGE('',*,*,#20279,.T.);
#20279 = EDGE_CURVE('',#20272,#20280,#20282,.T.);
#20280 = VERTEX_POINT('',#20281);
#20281 = CARTESIAN_POINT('',(189.76040764008,5.288719803599,31.7));
#20282 = LINE('',#20283,#20284);
#20283 = CARTESIAN_POINT('',(191.01040764008,4.567031967112,31.7));
#20284 = VECTOR('',#20285,1.);
#20285 = DIRECTION('',(-0.866025403784,0.5,0.));
#20286 = ORIENTED_EDGE('',*,*,#20287,.F.);
#20287 = EDGE_CURVE('',#20190,#20280,#20288,.T.);
#20288 = LINE('',#20289,#20290);
#20289 = CARTESIAN_POINT('',(189.76040764008,5.288719803599,33.6));
#20290 = VECTOR('',#20291,1.);
#20291 = DIRECTION('',(0.,0.,-1.));
#20292 = PLANE('',#20293);
#20293 = AXIS2_PLACEMENT_3D('',#20294,#20295,#20296);
#20294 = CARTESIAN_POINT('',(191.01040764008,4.567031967112,33.6));
#20295 = DIRECTION('',(0.5,0.866025403784,0.));
#20296 = DIRECTION('',(-0.866025403784,0.5,0.));
#20297 = ADVANCED_FACE('',(#20298),#20316,.T.);
#20298 = FACE_BOUND('',#20299,.T.);
#20299 = EDGE_LOOP('',(#20300,#20301,#20302,#20310));
#20300 = ORIENTED_EDGE('',*,*,#20231,.T.);
#20301 = ORIENTED_EDGE('',*,*,#20287,.T.);
#20302 = ORIENTED_EDGE('',*,*,#20303,.T.);
#20303 = EDGE_CURVE('',#20280,#20304,#20306,.T.);
#20304 = VERTEX_POINT('',#20305);
#20305 = CARTESIAN_POINT('',(189.76040764008,6.732095476573,31.7));
#20306 = LINE('',#20307,#20308);
#20307 = CARTESIAN_POINT('',(189.76040764008,5.288719803599,31.7));
#20308 = VECTOR('',#20309,1.);
#20309 = DIRECTION('',(0.,1.,0.));
#20310 = ORIENTED_EDGE('',*,*,#20311,.F.);
#20311 = EDGE_CURVE('',#20224,#20304,#20312,.T.);
#20312 = LINE('',#20313,#20314);
#20313 = CARTESIAN_POINT('',(189.76040764008,6.732095476573,33.6));
#20314 = VECTOR('',#20315,1.);
#20315 = DIRECTION('',(0.,0.,-1.));
#20316 = PLANE('',#20317);
#20317 = AXIS2_PLACEMENT_3D('',#20318,#20319,#20320);
#20318 = CARTESIAN_POINT('',(189.76040764008,5.288719803599,33.6));
#20319 = DIRECTION('',(1.,-0.,0.));
#20320 = DIRECTION('',(0.,1.,0.));
#20321 = ADVANCED_FACE('',(#20322),#20340,.T.);
#20322 = FACE_BOUND('',#20323,.T.);
#20323 = EDGE_LOOP('',(#20324,#20325,#20326,#20334));
#20324 = ORIENTED_EDGE('',*,*,#20223,.T.);
#20325 = ORIENTED_EDGE('',*,*,#20311,.T.);
#20326 = ORIENTED_EDGE('',*,*,#20327,.T.);
#20327 = EDGE_CURVE('',#20304,#20328,#20330,.T.);
#20328 = VERTEX_POINT('',#20329);
#20329 = CARTESIAN_POINT('',(191.01040764008,7.45378331306,31.7));
#20330 = LINE('',#20331,#20332);
#20331 = CARTESIAN_POINT('',(189.76040764008,6.732095476573,31.7));
#20332 = VECTOR('',#20333,1.);
#20333 = DIRECTION('',(0.866025403784,0.5,0.));
#20334 = ORIENTED_EDGE('',*,*,#20335,.F.);
#20335 = EDGE_CURVE('',#20216,#20328,#20336,.T.);
#20336 = LINE('',#20337,#20338);
#20337 = CARTESIAN_POINT('',(191.01040764008,7.45378331306,33.6));
#20338 = VECTOR('',#20339,1.);
#20339 = DIRECTION('',(0.,0.,-1.));
#20340 = PLANE('',#20341);
#20341 = AXIS2_PLACEMENT_3D('',#20342,#20343,#20344);
#20342 = CARTESIAN_POINT('',(189.76040764008,6.732095476573,33.6));
#20343 = DIRECTION('',(0.5,-0.866025403784,0.));
#20344 = DIRECTION('',(0.866025403784,0.5,0.));
#20345 = ADVANCED_FACE('',(#20346),#20364,.T.);
#20346 = FACE_BOUND('',#20347,.T.);
#20347 = EDGE_LOOP('',(#20348,#20349,#20350,#20358));
#20348 = ORIENTED_EDGE('',*,*,#20215,.T.);
#20349 = ORIENTED_EDGE('',*,*,#20335,.T.);
#20350 = ORIENTED_EDGE('',*,*,#20351,.T.);
#20351 = EDGE_CURVE('',#20328,#20352,#20354,.T.);
#20352 = VERTEX_POINT('',#20353);
#20353 = CARTESIAN_POINT('',(192.26040764008,6.732095476573,31.7));
#20354 = LINE('',#20355,#20356);
#20355 = CARTESIAN_POINT('',(191.01040764008,7.45378331306,31.7));
#20356 = VECTOR('',#20357,1.);
#20357 = DIRECTION('',(0.866025403784,-0.5,0.));
#20358 = ORIENTED_EDGE('',*,*,#20359,.F.);
#20359 = EDGE_CURVE('',#20208,#20352,#20360,.T.);
#20360 = LINE('',#20361,#20362);
#20361 = CARTESIAN_POINT('',(192.26040764008,6.732095476573,33.6));
#20362 = VECTOR('',#20363,1.);
#20363 = DIRECTION('',(0.,0.,-1.));
#20364 = PLANE('',#20365);
#20365 = AXIS2_PLACEMENT_3D('',#20366,#20367,#20368);
#20366 = CARTESIAN_POINT('',(191.01040764008,7.45378331306,33.6));
#20367 = DIRECTION('',(-0.5,-0.866025403784,-0.));
#20368 = DIRECTION('',(0.866025403784,-0.5,0.));
#20369 = ADVANCED_FACE('',(#20370),#20388,.T.);
#20370 = FACE_BOUND('',#20371,.T.);
#20371 = EDGE_LOOP('',(#20372,#20373,#20374,#20382));
#20372 = ORIENTED_EDGE('',*,*,#20207,.T.);
#20373 = ORIENTED_EDGE('',*,*,#20359,.T.);
#20374 = ORIENTED_EDGE('',*,*,#20375,.T.);
#20375 = EDGE_CURVE('',#20352,#20376,#20378,.T.);
#20376 = VERTEX_POINT('',#20377);
#20377 = CARTESIAN_POINT('',(192.26040764008,5.288719803599,31.7));
#20378 = LINE('',#20379,#20380);
#20379 = CARTESIAN_POINT('',(192.26040764008,6.732095476573,31.7));
#20380 = VECTOR('',#20381,1.);
#20381 = DIRECTION('',(0.,-1.,0.));
#20382 = ORIENTED_EDGE('',*,*,#20383,.F.);
#20383 = EDGE_CURVE('',#20200,#20376,#20384,.T.);
#20384 = LINE('',#20385,#20386);
#20385 = CARTESIAN_POINT('',(192.26040764008,5.288719803599,33.6));
#20386 = VECTOR('',#20387,1.);
#20387 = DIRECTION('',(0.,0.,-1.));
#20388 = PLANE('',#20389);
#20389 = AXIS2_PLACEMENT_3D('',#20390,#20391,#20392);
#20390 = CARTESIAN_POINT('',(192.26040764008,6.732095476573,33.6));
#20391 = DIRECTION('',(-1.,-0.,-0.));
#20392 = DIRECTION('',(0.,-1.,0.));
#20393 = ADVANCED_FACE('',(#20394),#20405,.T.);
#20394 = FACE_BOUND('',#20395,.T.);
#20395 = EDGE_LOOP('',(#20396,#20397,#20398,#20404));
#20396 = ORIENTED_EDGE('',*,*,#20199,.T.);
#20397 = ORIENTED_EDGE('',*,*,#20383,.T.);
#20398 = ORIENTED_EDGE('',*,*,#20399,.T.);
#20399 = EDGE_CURVE('',#20376,#20272,#20400,.T.);
#20400 = LINE('',#20401,#20402);
#20401 = CARTESIAN_POINT('',(192.26040764008,5.288719803599,31.7));
#20402 = VECTOR('',#20403,1.);
#20403 = DIRECTION('',(-0.866025403784,-0.5,0.));
#20404 = ORIENTED_EDGE('',*,*,#20271,.F.);
#20405 = PLANE('',#20406);
#20406 = AXIS2_PLACEMENT_3D('',#20407,#20408,#20409);
#20407 = CARTESIAN_POINT('',(192.26040764008,5.288719803599,33.6));
#20408 = DIRECTION('',(-0.5,0.866025403784,0.));
#20409 = DIRECTION('',(-0.866025403784,-0.5,0.));
#20410 = ADVANCED_FACE('',(#20411),#20414,.T.);
#20411 = FACE_BOUND('',#20412,.T.);
#20412 = EDGE_LOOP('',(#20413));
#20413 = ORIENTED_EDGE('',*,*,#20245,.T.);
#20414 = PLANE('',#20415);
#20415 = AXIS2_PLACEMENT_3D('',#20416,#20417,#20418);
#20416 = CARTESIAN_POINT('',(191.01040764008,6.010407640086,22.5));
#20417 = DIRECTION('',(0.,0.,-1.));
#20418 = DIRECTION('',(-1.,0.,-0.));
#20419 = ADVANCED_FACE('',(#20420),#20428,.F.);
#20420 = FACE_BOUND('',#20421,.F.);
#20421 = EDGE_LOOP('',(#20422,#20423,#20424,#20425,#20426,#20427));
#20422 = ORIENTED_EDGE('',*,*,#20399,.T.);
#20423 = ORIENTED_EDGE('',*,*,#20279,.T.);
#20424 = ORIENTED_EDGE('',*,*,#20303,.T.);
#20425 = ORIENTED_EDGE('',*,*,#20327,.T.);
#20426 = ORIENTED_EDGE('',*,*,#20351,.T.);
#20427 = ORIENTED_EDGE('',*,*,#20375,.T.);
#20428 = PLANE('',#20429);
#20429 = AXIS2_PLACEMENT_3D('',#20430,#20431,#20432);
#20430 = CARTESIAN_POINT('',(191.01040764008,6.010407640086,31.7));
#20431 = DIRECTION('',(-0.,-0.,-1.));
#20432 = DIRECTION('',(-1.,0.,0.));
#20433 = MANIFOLD_SOLID_BREP('',#20434);
#20434 = CLOSED_SHELL('',(#20435,#20468,#20488,#20547,#20572,#20603,
    #20627,#20651,#20675,#20699,#20716,#20725));
#20435 = ADVANCED_FACE('',(#20436),#20463,.T.);
#20436 = FACE_BOUND('',#20437,.T.);
#20437 = EDGE_LOOP('',(#20438,#20447,#20455,#20462));
#20438 = ORIENTED_EDGE('',*,*,#20439,.F.);
#20439 = EDGE_CURVE('',#20440,#20440,#20442,.T.);
#20440 = VERTEX_POINT('',#20441);
#20441 = CARTESIAN_POINT('',(176.23959235991,6.010407640086,30.5));
#20442 = CIRCLE('',#20443,2.75);
#20443 = AXIS2_PLACEMENT_3D('',#20444,#20445,#20446);
#20444 = CARTESIAN_POINT('',(178.98959235991,6.010407640086,30.5));
#20445 = DIRECTION('',(0.,0.,-1.));
#20446 = DIRECTION('',(-1.,0.,-0.));
#20447 = ORIENTED_EDGE('',*,*,#20448,.F.);
#20448 = EDGE_CURVE('',#20449,#20440,#20451,.T.);
#20449 = VERTEX_POINT('',#20450);
#20450 = CARTESIAN_POINT('',(176.23959235991,6.010407640086,33.5));
#20451 = LINE('',#20452,#20453);
#20452 = CARTESIAN_POINT('',(176.23959235991,6.010407640086,33.5));
#20453 = VECTOR('',#20454,1.);
#20454 = DIRECTION('',(0.,0.,-1.));
#20455 = ORIENTED_EDGE('',*,*,#20456,.T.);
#20456 = EDGE_CURVE('',#20449,#20449,#20457,.T.);
#20457 = CIRCLE('',#20458,2.75);
#20458 = AXIS2_PLACEMENT_3D('',#20459,#20460,#20461);
#20459 = CARTESIAN_POINT('',(178.98959235991,6.010407640086,33.5));
#20460 = DIRECTION('',(0.,0.,-1.));
#20461 = DIRECTION('',(-1.,0.,-0.));
#20462 = ORIENTED_EDGE('',*,*,#20448,.T.);
#20463 = CYLINDRICAL_SURFACE('',#20464,2.75);
#20464 = AXIS2_PLACEMENT_3D('',#20465,#20466,#20467);
#20465 = CARTESIAN_POINT('',(178.98959235991,6.010407640086,33.5));
#20466 = DIRECTION('',(0.,0.,-1.));
#20467 = DIRECTION('',(-1.,0.,-0.));
#20468 = ADVANCED_FACE('',(#20469,#20472),#20483,.T.);
#20469 = FACE_BOUND('',#20470,.T.);
#20470 = EDGE_LOOP('',(#20471));
#20471 = ORIENTED_EDGE('',*,*,#20439,.T.);
#20472 = FACE_BOUND('',#20473,.T.);
#20473 = EDGE_LOOP('',(#20474));
#20474 = ORIENTED_EDGE('',*,*,#20475,.F.);
#20475 = EDGE_CURVE('',#20476,#20476,#20478,.T.);
#20476 = VERTEX_POINT('',#20477);
#20477 = CARTESIAN_POINT('',(177.48959235991,6.010407640086,30.5));
#20478 = CIRCLE('',#20479,1.5);
#20479 = AXIS2_PLACEMENT_3D('',#20480,#20481,#20482);
#20480 = CARTESIAN_POINT('',(178.98959235991,6.010407640086,30.5));
#20481 = DIRECTION('',(0.,0.,-1.));
#20482 = DIRECTION('',(-1.,0.,-0.));
#20483 = PLANE('',#20484);
#20484 = AXIS2_PLACEMENT_3D('',#20485,#20486,#20487);
#20485 = CARTESIAN_POINT('',(178.98959235991,6.010407640086,30.5));
#20486 = DIRECTION('',(0.,0.,-1.));
#20487 = DIRECTION('',(-1.,0.,-0.));
#20488 = ADVANCED_FACE('',(#20489,#20492),#20542,.F.);
#20489 = FACE_BOUND('',#20490,.F.);
#20490 = EDGE_LOOP('',(#20491));
#20491 = ORIENTED_EDGE('',*,*,#20456,.T.);
#20492 = FACE_BOUND('',#20493,.F.);
#20493 = EDGE_LOOP('',(#20494,#20504,#20512,#20520,#20528,#20536));
#20494 = ORIENTED_EDGE('',*,*,#20495,.T.);
#20495 = EDGE_CURVE('',#20496,#20498,#20500,.T.);
#20496 = VERTEX_POINT('',#20497);
#20497 = CARTESIAN_POINT('',(177.73959235991,5.288719803599,33.5));
#20498 = VERTEX_POINT('',#20499);
#20499 = CARTESIAN_POINT('',(178.98959235991,4.567031967112,33.5));
#20500 = LINE('',#20501,#20502);
#20501 = CARTESIAN_POINT('',(178.67709235991,4.747453926233,33.5));
#20502 = VECTOR('',#20503,1.);
#20503 = DIRECTION('',(0.866025403784,-0.5,0.));
#20504 = ORIENTED_EDGE('',*,*,#20505,.T.);
#20505 = EDGE_CURVE('',#20498,#20506,#20508,.T.);
#20506 = VERTEX_POINT('',#20507);
#20507 = CARTESIAN_POINT('',(180.23959235991,5.288719803599,33.5));
#20508 = LINE('',#20509,#20510);
#20509 = CARTESIAN_POINT('',(179.92709235991,5.108297844477,33.5));
#20510 = VECTOR('',#20511,1.);
#20511 = DIRECTION('',(0.866025403784,0.5,0.));
#20512 = ORIENTED_EDGE('',*,*,#20513,.T.);
#20513 = EDGE_CURVE('',#20506,#20514,#20516,.T.);
#20514 = VERTEX_POINT('',#20515);
#20515 = CARTESIAN_POINT('',(180.23959235991,6.732095476573,33.5));
#20516 = LINE('',#20517,#20518);
#20517 = CARTESIAN_POINT('',(180.23959235991,6.371251558329,33.5));
#20518 = VECTOR('',#20519,1.);
#20519 = DIRECTION('',(-0.,1.,0.));
#20520 = ORIENTED_EDGE('',*,*,#20521,.T.);
#20521 = EDGE_CURVE('',#20514,#20522,#20524,.T.);
#20522 = VERTEX_POINT('',#20523);
#20523 = CARTESIAN_POINT('',(178.98959235991,7.45378331306,33.5));
#20524 = LINE('',#20525,#20526);
#20525 = CARTESIAN_POINT('',(179.30209235991,7.273361353938,33.5));
#20526 = VECTOR('',#20527,1.);
#20527 = DIRECTION('',(-0.866025403784,0.5,0.));
#20528 = ORIENTED_EDGE('',*,*,#20529,.T.);
#20529 = EDGE_CURVE('',#20522,#20530,#20532,.T.);
#20530 = VERTEX_POINT('',#20531);
#20531 = CARTESIAN_POINT('',(177.73959235991,6.732095476573,33.5));
#20532 = LINE('',#20533,#20534);
#20533 = CARTESIAN_POINT('',(178.05209235991,6.912517435694,33.5));
#20534 = VECTOR('',#20535,1.);
#20535 = DIRECTION('',(-0.866025403784,-0.5,-0.));
#20536 = ORIENTED_EDGE('',*,*,#20537,.T.);
#20537 = EDGE_CURVE('',#20530,#20496,#20538,.T.);
#20538 = LINE('',#20539,#20540);
#20539 = CARTESIAN_POINT('',(177.73959235991,5.649563721842,33.5));
#20540 = VECTOR('',#20541,1.);
#20541 = DIRECTION('',(0.,-1.,-0.));
#20542 = PLANE('',#20543);
#20543 = AXIS2_PLACEMENT_3D('',#20544,#20545,#20546);
#20544 = CARTESIAN_POINT('',(178.98959235991,6.010407640086,33.5));
#20545 = DIRECTION('',(0.,0.,-1.));
#20546 = DIRECTION('',(-1.,0.,-0.));
#20547 = ADVANCED_FACE('',(#20548),#20567,.T.);
#20548 = FACE_BOUND('',#20549,.T.);
#20549 = EDGE_LOOP('',(#20550,#20559,#20565,#20566));
#20550 = ORIENTED_EDGE('',*,*,#20551,.F.);
#20551 = EDGE_CURVE('',#20552,#20552,#20554,.T.);
#20552 = VERTEX_POINT('',#20553);
#20553 = CARTESIAN_POINT('',(177.48959235991,6.010407640086,22.5));
#20554 = CIRCLE('',#20555,1.5);
#20555 = AXIS2_PLACEMENT_3D('',#20556,#20557,#20558);
#20556 = CARTESIAN_POINT('',(178.98959235991,6.010407640086,22.5));
#20557 = DIRECTION('',(0.,0.,-1.));
#20558 = DIRECTION('',(-1.,0.,-0.));
#20559 = ORIENTED_EDGE('',*,*,#20560,.F.);
#20560 = EDGE_CURVE('',#20476,#20552,#20561,.T.);
#20561 = LINE('',#20562,#20563);
#20562 = CARTESIAN_POINT('',(177.48959235991,6.010407640086,30.5));
#20563 = VECTOR('',#20564,1.);
#20564 = DIRECTION('',(0.,0.,-1.));
#20565 = ORIENTED_EDGE('',*,*,#20475,.T.);
#20566 = ORIENTED_EDGE('',*,*,#20560,.T.);
#20567 = CYLINDRICAL_SURFACE('',#20568,1.5);
#20568 = AXIS2_PLACEMENT_3D('',#20569,#20570,#20571);
#20569 = CARTESIAN_POINT('',(178.98959235991,6.010407640086,30.5));
#20570 = DIRECTION('',(0.,0.,-1.));
#20571 = DIRECTION('',(-1.,0.,-0.));
#20572 = ADVANCED_FACE('',(#20573),#20598,.T.);
#20573 = FACE_BOUND('',#20574,.T.);
#20574 = EDGE_LOOP('',(#20575,#20576,#20584,#20592));
#20575 = ORIENTED_EDGE('',*,*,#20495,.T.);
#20576 = ORIENTED_EDGE('',*,*,#20577,.T.);
#20577 = EDGE_CURVE('',#20498,#20578,#20580,.T.);
#20578 = VERTEX_POINT('',#20579);
#20579 = CARTESIAN_POINT('',(178.98959235991,4.567031967112,31.7));
#20580 = LINE('',#20581,#20582);
#20581 = CARTESIAN_POINT('',(178.98959235991,4.567031967112,33.6));
#20582 = VECTOR('',#20583,1.);
#20583 = DIRECTION('',(0.,0.,-1.));
#20584 = ORIENTED_EDGE('',*,*,#20585,.T.);
#20585 = EDGE_CURVE('',#20578,#20586,#20588,.T.);
#20586 = VERTEX_POINT('',#20587);
#20587 = CARTESIAN_POINT('',(177.73959235991,5.288719803599,31.7));
#20588 = LINE('',#20589,#20590);
#20589 = CARTESIAN_POINT('',(178.98959235991,4.567031967112,31.7));
#20590 = VECTOR('',#20591,1.);
#20591 = DIRECTION('',(-0.866025403784,0.5,0.));
#20592 = ORIENTED_EDGE('',*,*,#20593,.F.);
#20593 = EDGE_CURVE('',#20496,#20586,#20594,.T.);
#20594 = LINE('',#20595,#20596);
#20595 = CARTESIAN_POINT('',(177.73959235991,5.288719803599,33.6));
#20596 = VECTOR('',#20597,1.);
#20597 = DIRECTION('',(0.,0.,-1.));
#20598 = PLANE('',#20599);
#20599 = AXIS2_PLACEMENT_3D('',#20600,#20601,#20602);
#20600 = CARTESIAN_POINT('',(178.98959235991,4.567031967112,33.6));
#20601 = DIRECTION('',(0.5,0.866025403784,0.));
#20602 = DIRECTION('',(-0.866025403784,0.5,0.));
#20603 = ADVANCED_FACE('',(#20604),#20622,.T.);
#20604 = FACE_BOUND('',#20605,.T.);
#20605 = EDGE_LOOP('',(#20606,#20607,#20608,#20616));
#20606 = ORIENTED_EDGE('',*,*,#20537,.T.);
#20607 = ORIENTED_EDGE('',*,*,#20593,.T.);
#20608 = ORIENTED_EDGE('',*,*,#20609,.T.);
#20609 = EDGE_CURVE('',#20586,#20610,#20612,.T.);
#20610 = VERTEX_POINT('',#20611);
#20611 = CARTESIAN_POINT('',(177.73959235991,6.732095476573,31.7));
#20612 = LINE('',#20613,#20614);
#20613 = CARTESIAN_POINT('',(177.73959235991,5.288719803599,31.7));
#20614 = VECTOR('',#20615,1.);
#20615 = DIRECTION('',(0.,1.,0.));
#20616 = ORIENTED_EDGE('',*,*,#20617,.F.);
#20617 = EDGE_CURVE('',#20530,#20610,#20618,.T.);
#20618 = LINE('',#20619,#20620);
#20619 = CARTESIAN_POINT('',(177.73959235991,6.732095476573,33.6));
#20620 = VECTOR('',#20621,1.);
#20621 = DIRECTION('',(0.,0.,-1.));
#20622 = PLANE('',#20623);
#20623 = AXIS2_PLACEMENT_3D('',#20624,#20625,#20626);
#20624 = CARTESIAN_POINT('',(177.73959235991,5.288719803599,33.6));
#20625 = DIRECTION('',(1.,-0.,0.));
#20626 = DIRECTION('',(0.,1.,0.));
#20627 = ADVANCED_FACE('',(#20628),#20646,.T.);
#20628 = FACE_BOUND('',#20629,.T.);
#20629 = EDGE_LOOP('',(#20630,#20631,#20632,#20640));
#20630 = ORIENTED_EDGE('',*,*,#20529,.T.);
#20631 = ORIENTED_EDGE('',*,*,#20617,.T.);
#20632 = ORIENTED_EDGE('',*,*,#20633,.T.);
#20633 = EDGE_CURVE('',#20610,#20634,#20636,.T.);
#20634 = VERTEX_POINT('',#20635);
#20635 = CARTESIAN_POINT('',(178.98959235991,7.45378331306,31.7));
#20636 = LINE('',#20637,#20638);
#20637 = CARTESIAN_POINT('',(177.73959235991,6.732095476573,31.7));
#20638 = VECTOR('',#20639,1.);
#20639 = DIRECTION('',(0.866025403784,0.5,0.));
#20640 = ORIENTED_EDGE('',*,*,#20641,.F.);
#20641 = EDGE_CURVE('',#20522,#20634,#20642,.T.);
#20642 = LINE('',#20643,#20644);
#20643 = CARTESIAN_POINT('',(178.98959235991,7.45378331306,33.6));
#20644 = VECTOR('',#20645,1.);
#20645 = DIRECTION('',(0.,0.,-1.));
#20646 = PLANE('',#20647);
#20647 = AXIS2_PLACEMENT_3D('',#20648,#20649,#20650);
#20648 = CARTESIAN_POINT('',(177.73959235991,6.732095476573,33.6));
#20649 = DIRECTION('',(0.5,-0.866025403784,0.));
#20650 = DIRECTION('',(0.866025403784,0.5,0.));
#20651 = ADVANCED_FACE('',(#20652),#20670,.T.);
#20652 = FACE_BOUND('',#20653,.T.);
#20653 = EDGE_LOOP('',(#20654,#20655,#20656,#20664));
#20654 = ORIENTED_EDGE('',*,*,#20521,.T.);
#20655 = ORIENTED_EDGE('',*,*,#20641,.T.);
#20656 = ORIENTED_EDGE('',*,*,#20657,.T.);
#20657 = EDGE_CURVE('',#20634,#20658,#20660,.T.);
#20658 = VERTEX_POINT('',#20659);
#20659 = CARTESIAN_POINT('',(180.23959235991,6.732095476573,31.7));
#20660 = LINE('',#20661,#20662);
#20661 = CARTESIAN_POINT('',(178.98959235991,7.45378331306,31.7));
#20662 = VECTOR('',#20663,1.);
#20663 = DIRECTION('',(0.866025403784,-0.5,0.));
#20664 = ORIENTED_EDGE('',*,*,#20665,.F.);
#20665 = EDGE_CURVE('',#20514,#20658,#20666,.T.);
#20666 = LINE('',#20667,#20668);
#20667 = CARTESIAN_POINT('',(180.23959235991,6.732095476573,33.6));
#20668 = VECTOR('',#20669,1.);
#20669 = DIRECTION('',(0.,0.,-1.));
#20670 = PLANE('',#20671);
#20671 = AXIS2_PLACEMENT_3D('',#20672,#20673,#20674);
#20672 = CARTESIAN_POINT('',(178.98959235991,7.45378331306,33.6));
#20673 = DIRECTION('',(-0.5,-0.866025403784,-0.));
#20674 = DIRECTION('',(0.866025403784,-0.5,0.));
#20675 = ADVANCED_FACE('',(#20676),#20694,.T.);
#20676 = FACE_BOUND('',#20677,.T.);
#20677 = EDGE_LOOP('',(#20678,#20679,#20680,#20688));
#20678 = ORIENTED_EDGE('',*,*,#20513,.T.);
#20679 = ORIENTED_EDGE('',*,*,#20665,.T.);
#20680 = ORIENTED_EDGE('',*,*,#20681,.T.);
#20681 = EDGE_CURVE('',#20658,#20682,#20684,.T.);
#20682 = VERTEX_POINT('',#20683);
#20683 = CARTESIAN_POINT('',(180.23959235991,5.288719803599,31.7));
#20684 = LINE('',#20685,#20686);
#20685 = CARTESIAN_POINT('',(180.23959235991,6.732095476573,31.7));
#20686 = VECTOR('',#20687,1.);
#20687 = DIRECTION('',(0.,-1.,0.));
#20688 = ORIENTED_EDGE('',*,*,#20689,.F.);
#20689 = EDGE_CURVE('',#20506,#20682,#20690,.T.);
#20690 = LINE('',#20691,#20692);
#20691 = CARTESIAN_POINT('',(180.23959235991,5.288719803599,33.6));
#20692 = VECTOR('',#20693,1.);
#20693 = DIRECTION('',(0.,0.,-1.));
#20694 = PLANE('',#20695);
#20695 = AXIS2_PLACEMENT_3D('',#20696,#20697,#20698);
#20696 = CARTESIAN_POINT('',(180.23959235991,6.732095476573,33.6));
#20697 = DIRECTION('',(-1.,-0.,-0.));
#20698 = DIRECTION('',(0.,-1.,0.));
#20699 = ADVANCED_FACE('',(#20700),#20711,.T.);
#20700 = FACE_BOUND('',#20701,.T.);
#20701 = EDGE_LOOP('',(#20702,#20703,#20704,#20710));
#20702 = ORIENTED_EDGE('',*,*,#20505,.T.);
#20703 = ORIENTED_EDGE('',*,*,#20689,.T.);
#20704 = ORIENTED_EDGE('',*,*,#20705,.T.);
#20705 = EDGE_CURVE('',#20682,#20578,#20706,.T.);
#20706 = LINE('',#20707,#20708);
#20707 = CARTESIAN_POINT('',(180.23959235991,5.288719803599,31.7));
#20708 = VECTOR('',#20709,1.);
#20709 = DIRECTION('',(-0.866025403784,-0.5,0.));
#20710 = ORIENTED_EDGE('',*,*,#20577,.F.);
#20711 = PLANE('',#20712);
#20712 = AXIS2_PLACEMENT_3D('',#20713,#20714,#20715);
#20713 = CARTESIAN_POINT('',(180.23959235991,5.288719803599,33.6));
#20714 = DIRECTION('',(-0.5,0.866025403784,0.));
#20715 = DIRECTION('',(-0.866025403784,-0.5,0.));
#20716 = ADVANCED_FACE('',(#20717),#20720,.T.);
#20717 = FACE_BOUND('',#20718,.T.);
#20718 = EDGE_LOOP('',(#20719));
#20719 = ORIENTED_EDGE('',*,*,#20551,.T.);
#20720 = PLANE('',#20721);
#20721 = AXIS2_PLACEMENT_3D('',#20722,#20723,#20724);
#20722 = CARTESIAN_POINT('',(178.98959235991,6.010407640086,22.5));
#20723 = DIRECTION('',(0.,0.,-1.));
#20724 = DIRECTION('',(-1.,0.,-0.));
#20725 = ADVANCED_FACE('',(#20726),#20734,.F.);
#20726 = FACE_BOUND('',#20727,.F.);
#20727 = EDGE_LOOP('',(#20728,#20729,#20730,#20731,#20732,#20733));
#20728 = ORIENTED_EDGE('',*,*,#20705,.T.);
#20729 = ORIENTED_EDGE('',*,*,#20585,.T.);
#20730 = ORIENTED_EDGE('',*,*,#20609,.T.);
#20731 = ORIENTED_EDGE('',*,*,#20633,.T.);
#20732 = ORIENTED_EDGE('',*,*,#20657,.T.);
#20733 = ORIENTED_EDGE('',*,*,#20681,.T.);
#20734 = PLANE('',#20735);
#20735 = AXIS2_PLACEMENT_3D('',#20736,#20737,#20738);
#20736 = CARTESIAN_POINT('',(178.98959235991,6.010407640086,31.7));
#20737 = DIRECTION('',(-0.,-0.,-1.));
#20738 = DIRECTION('',(-1.,0.,0.));
#20739 = MANIFOLD_SOLID_BREP('',#20740);
#20740 = CLOSED_SHELL('',(#20741,#20921,#21014,#21034,#21054,#21133));
#20741 = ADVANCED_FACE('',(#20742,#20851),#20916,.T.);
#20742 = FACE_BOUND('',#20743,.T.);
#20743 = EDGE_LOOP('',(#20744,#20777,#20785,#20792,#20793,#20812,#20835,
    #20843,#20850));
#20744 = ORIENTED_EDGE('',*,*,#20745,.T.);
#20745 = EDGE_CURVE('',#20746,#20748,#20750,.T.);
#20746 = VERTEX_POINT('',#20747);
#20747 = CARTESIAN_POINT('',(185.,-48.3,-29.25));
#20748 = VERTEX_POINT('',#20749);
#20749 = CARTESIAN_POINT('',(185.,-51.7,-29.25));
#20750 = B_SPLINE_CURVE_WITH_KNOTS('',7,(#20751,#20752,#20753,#20754,
    #20755,#20756,#20757,#20758,#20759,#20760,#20761,#20762,#20763,
    #20764,#20765,#20766,#20767,#20768,#20769,#20770,#20771,#20772,
    #20773,#20774,#20775,#20776),.UNSPECIFIED.,.F.,.F.,(8,6,6,6,8),(0.,
    0.257059187469,0.499995618363,0.742922011758,1.),.UNSPECIFIED.);
#20751 = CARTESIAN_POINT('',(185.,-48.3,-29.25));
#20752 = CARTESIAN_POINT('',(184.76656107354,-48.3,-29.25));
#20753 = CARTESIAN_POINT('',(184.53920157638,-48.33739733209,
    -29.24772940522));
#20754 = CARTESIAN_POINT('',(184.3248826206,-48.40868814263,
    -29.24340127336));
#20755 = CARTESIAN_POINT('',(184.12939668219,-48.50898690331,
    -29.23762449773));
#20756 = CARTESIAN_POINT('',(183.9571337511,-48.63210924041,
    -29.23124192801));
#20757 = CARTESIAN_POINT('',(183.8106436495,-48.77070020242,
    -29.2249886054));
#20758 = CARTESIAN_POINT('',(183.57623244775,-49.05405466995,
    -29.21401055801));
#20759 = CARTESIAN_POINT('',(183.48278640324,-49.20138448262,
    -29.20909195994));
#20760 = CARTESIAN_POINT('',(183.40908219663,-49.35535140845,
    -29.20490577329));
#20761 = CARTESIAN_POINT('',(183.3543937005,-49.51375456036,
    -29.20165381593));
#20762 = CARTESIAN_POINT('',(183.31814208154,-49.674902475,
    -29.19944872334));
#20763 = CARTESIAN_POINT('',(183.3,-49.83740872777,-29.1983452104));
#20764 = CARTESIAN_POINT('',(183.3,-50.16258455437,-29.1983452104));
#20765 = CARTESIAN_POINT('',(183.3181405717,-50.32508548821,
    -29.19944863159));
#20766 = CARTESIAN_POINT('',(183.3543897879,-50.48623704402,
    -29.20165357671));
#20767 = CARTESIAN_POINT('',(183.40908032336,-50.64465222329,
    -29.204905676));
#20768 = CARTESIAN_POINT('',(183.48279267851,-50.79863095647,
    -29.20909237861));
#20769 = CARTESIAN_POINT('',(183.57624548269,-50.94596108658,
    -29.21401116846));
#20770 = CARTESIAN_POINT('',(183.8106436495,-51.22929979757,
    -29.2249886054));
#20771 = CARTESIAN_POINT('',(183.9571337511,-51.36789075958,
    -29.23124192801));
#20772 = CARTESIAN_POINT('',(184.12939668219,-51.49101309668,
    -29.23762449773));
#20773 = CARTESIAN_POINT('',(184.3248826206,-51.59131185736,
    -29.24340127336));
#20774 = CARTESIAN_POINT('',(184.53920157638,-51.66260266791,
    -29.24772940522));
#20775 = CARTESIAN_POINT('',(184.76656107354,-51.7,-29.25));
#20776 = CARTESIAN_POINT('',(185.,-51.7,-29.25));
#20777 = ORIENTED_EDGE('',*,*,#20778,.T.);
#20778 = EDGE_CURVE('',#20748,#20779,#20781,.T.);
#20779 = VERTEX_POINT('',#20780);
#20780 = CARTESIAN_POINT('',(185.,-140.,-29.25));
#20781 = LINE('',#20782,#20783);
#20782 = CARTESIAN_POINT('',(185.,-40.,-29.25));
#20783 = VECTOR('',#20784,1.);
#20784 = DIRECTION('',(0.,-1.,0.));
#20785 = ORIENTED_EDGE('',*,*,#20786,.F.);
#20786 = EDGE_CURVE('',#20779,#20779,#20787,.T.);
#20787 = CIRCLE('',#20788,28.);
#20788 = AXIS2_PLACEMENT_3D('',#20789,#20790,#20791);
#20789 = CARTESIAN_POINT('',(185.,-140.,-1.25));
#20790 = DIRECTION('',(0.,-1.,0.));
#20791 = DIRECTION('',(0.,-0.,-1.));
#20792 = ORIENTED_EDGE('',*,*,#20778,.F.);
#20793 = ORIENTED_EDGE('',*,*,#20794,.T.);
#20794 = EDGE_CURVE('',#20748,#20795,#20797,.T.);
#20795 = VERTEX_POINT('',#20796);
#20796 = CARTESIAN_POINT('',(186.7,-50.,-29.1983452104));
#20797 = B_SPLINE_CURVE_WITH_KNOTS('',7,(#20798,#20799,#20800,#20801,
    #20802,#20803,#20804,#20805,#20806,#20807,#20808,#20809,#20810,
    #20811),.UNSPECIFIED.,.F.,.F.,(8,6,8),(0.,0.453743814623,1.),
  .UNSPECIFIED.);
#20798 = CARTESIAN_POINT('',(185.,-51.7,-29.25));
#20799 = CARTESIAN_POINT('',(185.20510204884,-51.7,-29.25));
#20800 = CARTESIAN_POINT('',(185.40638907174,-51.67113073344,
    -29.24824719019));
#20801 = CARTESIAN_POINT('',(185.59870418919,-51.61532441983,
    -29.2448591321));
#20802 = CARTESIAN_POINT('',(185.77747466565,-51.53572959365,
    -29.24021288112));
#20803 = CARTESIAN_POINT('',(185.93901112794,-51.43662226238,
    -29.23487482391));
#20804 = CARTESIAN_POINT('',(186.08084590337,-51.32331715265,
    -29.22939415623));
#20805 = CARTESIAN_POINT('',(186.34803549524,-51.05612756079,
    -29.21791272511));
#20806 = CARTESIAN_POINT('',(186.4675024247,-50.89531176593,
    -29.21188899513));
#20807 = CARTESIAN_POINT('',(186.56144612795,-50.72459036854,
    -29.20665286388));
#20808 = CARTESIAN_POINT('',(186.63097564655,-50.54737512943,
    -29.20254384264));
#20809 = CARTESIAN_POINT('',(186.67698695924,-50.36620479983,
    -29.19974498398));
#20810 = CARTESIAN_POINT('',(186.7,-50.18312323084,-29.1983452104));
#20811 = CARTESIAN_POINT('',(186.7,-50.,-29.1983452104));
#20812 = ORIENTED_EDGE('',*,*,#20813,.T.);
#20813 = EDGE_CURVE('',#20795,#20746,#20814,.T.);
#20814 = B_SPLINE_CURVE_WITH_KNOTS('',7,(#20815,#20816,#20817,#20818,
    #20819,#20820,#20821,#20822,#20823,#20824,#20825,#20826,#20827,
    #20828,#20829,#20830,#20831,#20832,#20833,#20834),.UNSPECIFIED.,.F.,
  .F.,(8,6,6,8),(0.,0.48315177657,0.79129370222,1.),.UNSPECIFIED.);
#20815 = CARTESIAN_POINT('',(186.7,-50.,-29.1983452104));
#20816 = CARTESIAN_POINT('',(186.7,-49.83741544327,-29.1983452104));
#20817 = CARTESIAN_POINT('',(186.68185942772,-49.6749145176,
    -29.19944863161));
#20818 = CARTESIAN_POINT('',(186.64561021481,-49.51376295173,
    -29.20165357658));
#20819 = CARTESIAN_POINT('',(186.59091967146,-49.35534777453,
    -29.20490567624));
#20820 = CARTESIAN_POINT('',(186.51720732618,-49.20136904836,
    -29.20909237838));
#20821 = CARTESIAN_POINT('',(186.42375451549,-49.05403891123,
    -29.21401116855));
#20822 = CARTESIAN_POINT('',(186.23724146522,-48.82858336281,
    -29.22274602887));
#20823 = CARTESIAN_POINT('',(186.15609521527,-48.74447296718,
    -29.22632578885));
#20824 = CARTESIAN_POINT('',(186.06639459847,-48.66514277878,
    -29.22999263589));
#20825 = CARTESIAN_POINT('',(185.96822236568,-48.5917356953,
    -29.23363289184));
#20826 = CARTESIAN_POINT('',(185.86179401563,-48.52545010013,
    -29.23711269807));
#20827 = CARTESIAN_POINT('',(185.74747606264,-48.46755028716,
    -29.24028562093));
#20828 = CARTESIAN_POINT('',(185.54340779408,-48.38675394393,
    -29.24484777192));
#20829 = CARTESIAN_POINT('',(185.45767334891,-48.35860699508,
    -29.24648149));
#20830 = CARTESIAN_POINT('',(185.36915054937,-48.33549482356,
    -29.24785278973));
#20831 = CARTESIAN_POINT('',(185.2784501538,-48.31784592912,
    -29.24891632228));
#20832 = CARTESIAN_POINT('',(185.18623152549,-48.30595895037,
    -29.24963838452));
#20833 = CARTESIAN_POINT('',(185.09318262457,-48.3,-29.25));
#20834 = CARTESIAN_POINT('',(185.,-48.3,-29.25));
#20835 = ORIENTED_EDGE('',*,*,#20836,.F.);
#20836 = EDGE_CURVE('',#20837,#20746,#20839,.T.);
#20837 = VERTEX_POINT('',#20838);
#20838 = CARTESIAN_POINT('',(185.,-40.,-29.25));
#20839 = LINE('',#20840,#20841);
#20840 = CARTESIAN_POINT('',(185.,-40.,-29.25));
#20841 = VECTOR('',#20842,1.);
#20842 = DIRECTION('',(0.,-1.,0.));
#20843 = ORIENTED_EDGE('',*,*,#20844,.T.);
#20844 = EDGE_CURVE('',#20837,#20837,#20845,.T.);
#20845 = CIRCLE('',#20846,28.);
#20846 = AXIS2_PLACEMENT_3D('',#20847,#20848,#20849);
#20847 = CARTESIAN_POINT('',(185.,-40.,-1.25));
#20848 = DIRECTION('',(0.,-1.,0.));
#20849 = DIRECTION('',(0.,-0.,-1.));
#20850 = ORIENTED_EDGE('',*,*,#20836,.T.);
#20851 = FACE_BOUND('',#20852,.T.);
#20852 = EDGE_LOOP('',(#20853));
#20853 = ORIENTED_EDGE('',*,*,#20854,.F.);
#20854 = EDGE_CURVE('',#20855,#20855,#20857,.T.);
#20855 = VERTEX_POINT('',#20856);
#20856 = CARTESIAN_POINT('',(186.7,-50.,26.698345210406));
#20857 = B_SPLINE_CURVE_WITH_KNOTS('',8,(#20858,#20859,#20860,#20861,
    #20862,#20863,#20864,#20865,#20866,#20867,#20868,#20869,#20870,
    #20871,#20872,#20873,#20874,#20875,#20876,#20877,#20878,#20879,
    #20880,#20881,#20882,#20883,#20884,#20885,#20886,#20887,#20888,
    #20889,#20890,#20891,#20892,#20893,#20894,#20895,#20896,#20897,
    #20898,#20899,#20900,#20901,#20902,#20903,#20904,#20905,#20906,
    #20907,#20908,#20909,#20910,#20911,#20912,#20913,#20914,#20915),
  .UNSPECIFIED.,.T.,.F.,(9,7,7,7,7,7,7,7,9),(0.,0.120872362013,
    0.215526077225,0.301921791449,0.410667248804,0.561941670598,
    0.697824686319,0.801769141717,1.),.UNSPECIFIED.);
#20858 = CARTESIAN_POINT('',(186.7,-50.,26.698345210406));
#20859 = CARTESIAN_POINT('',(186.7,-49.85773851492,26.698345210406));
#20860 = CARTESIAN_POINT('',(186.68639457121,-49.71553974524,
    26.699172776297));
#20861 = CARTESIAN_POINT('',(186.65920366816,-49.5741947894,
    26.700826722292));
#20862 = CARTESIAN_POINT('',(186.61826494436,-49.43455536634,
    26.703279626358));
#20863 = CARTESIAN_POINT('',(186.56327754345,-49.29760575176,
    26.706475689482));
#20864 = CARTESIAN_POINT('',(186.49384412043,-49.16453651099,
    26.710322076075));
#20865 = CARTESIAN_POINT('',(186.40951926673,-49.03683145142,
    26.714677839918));
#20866 = CARTESIAN_POINT('',(186.23184031975,-48.82205449949,
    26.722998977669));
#20867 = CARTESIAN_POINT('',(186.14395214688,-48.73162172997,
    26.726865632775));
#20868 = CARTESIAN_POINT('',(186.04619959045,-48.64655298691,
    26.730834850766));
#20869 = CARTESIAN_POINT('',(185.9387682103,-48.56832250755,
    26.734768252761));
#20870 = CARTESIAN_POINT('',(185.82203453016,-48.49840663499,
    26.738504457361));
#20871 = CARTESIAN_POINT('',(185.69656969571,-48.43828619584,
    26.741868977282));
#20872 = CARTESIAN_POINT('',(185.56314979027,-48.38945130908,
    26.744688290895));
#20873 = CARTESIAN_POINT('',(185.29464292334,-48.32051046319,
    26.748742946046));
#20874 = CARTESIAN_POINT('',(185.16151345931,-48.29847470287,
    26.750083016113));
#20875 = CARTESIAN_POINT('',(185.02535520035,-48.28849517106,
    26.750707053313));
#20876 = CARTESIAN_POINT('',(184.88831834589,-48.29116408345,
    26.750543934993));
#20877 = CARTESIAN_POINT('',(184.75261632908,-48.30647733431,
    26.749592883455));
#20878 = CARTESIAN_POINT('',(184.62041056133,-48.33383877353,
    26.747926593693));
#20879 = CARTESIAN_POINT('',(184.49369610305,-48.37206347182,
    26.745677266793));
#20880 = CARTESIAN_POINT('',(184.22376488447,-48.47893680171,
    26.739642683434));
#20881 = CARTESIAN_POINT('',(184.08469867051,-48.55292195572,
    26.735609456116));
#20882 = CARTESIAN_POINT('',(183.95771973548,-48.63889863438,
    26.731166051833));
#20883 = CARTESIAN_POINT('',(183.84321380433,-48.73472446232,
    26.726564117784));
#20884 = CARTESIAN_POINT('',(183.74132394926,-48.83848792692,
    26.722023120293));
#20885 = CARTESIAN_POINT('',(183.65201281105,-48.94846816693,
    26.71772142896));
#20886 = CARTESIAN_POINT('',(183.57509865877,-49.06311158472,
    26.713795696032));
#20887 = CARTESIAN_POINT('',(183.42010834618,-49.34503791671,
    26.705537843613));
#20888 = CARTESIAN_POINT('',(183.35280919619,-49.51634008666,
    26.701618881713));
#20889 = CARTESIAN_POINT('',(183.30754110297,-49.6922261436,
    26.698836076721));
#20890 = CARTESIAN_POINT('',(183.28368441728,-49.87062465148,
    26.697330138979));
#20891 = CARTESIAN_POINT('',(183.28088471117,-50.04983152945,
    26.697159589908));
#20892 = CARTESIAN_POINT('',(183.29911870111,-50.22828345884,
    26.69831963811));
#20893 = CARTESIAN_POINT('',(183.3387449137,-50.40431563398,
    26.700743425684));
#20894 = CARTESIAN_POINT('',(183.45597693068,-50.72994008785,
    26.707451246988));
#20895 = CARTESIAN_POINT('',(183.52953265163,-50.88102285439,
    26.711533685063));
#20896 = CARTESIAN_POINT('',(183.62179507761,-51.02707940564,
    26.716416698158));
#20897 = CARTESIAN_POINT('',(183.7333135183,-51.16570896921,
    26.721913048679));
#20898 = CARTESIAN_POINT('',(183.86447267633,-51.29407772182,
    26.727745949416));
#20899 = CARTESIAN_POINT('',(184.01538160609,-51.40883739131,
    26.733532455856));
#20900 = CARTESIAN_POINT('',(184.18567834802,-51.50598367175,
    26.738791220679));
#20901 = CARTESIAN_POINT('',(184.51838994803,-51.63771351304,
    26.746229322487));
#20902 = CARTESIAN_POINT('',(184.67281388071,-51.68146259899,
    26.748832098877));
#20903 = CARTESIAN_POINT('',(184.83451711435,-51.70889808097,
    26.750538660774));
#20904 = CARTESIAN_POINT('',(184.99999999999,-51.71824079545,
    26.751134150448));
#20905 = CARTESIAN_POINT('',(185.16548288564,-51.70889808097,
    26.750538660774));
#20906 = CARTESIAN_POINT('',(185.32718611929,-51.68146259899,
    26.748832098877));
#20907 = CARTESIAN_POINT('',(185.48161005196,-51.63771351304,
    26.746229322487));
#20908 = CARTESIAN_POINT('',(185.90081654081,-51.47173792264,
    26.736857540612));
#20909 = CARTESIAN_POINT('',(186.13600188015,-51.31536936053,
    26.728510373403));
#20910 = CARTESIAN_POINT('',(186.32868395312,-51.12718707102,
    26.719588525344));
#20911 = CARTESIAN_POINT('',(186.47969898081,-50.91786341994,
    26.711482430442));
#20912 = CARTESIAN_POINT('',(186.59072553437,-50.69534630581,
    26.704991000753));
#20913 = CARTESIAN_POINT('',(186.66366513393,-50.46545891157,
    26.700555536602));
#20914 = CARTESIAN_POINT('',(186.7,-50.23248168713,26.698345210406));
#20915 = CARTESIAN_POINT('',(186.7,-50.,26.698345210406));
#20916 = CYLINDRICAL_SURFACE('',#20917,28.);
#20917 = AXIS2_PLACEMENT_3D('',#20918,#20919,#20920);
#20918 = CARTESIAN_POINT('',(185.,-40.,-1.25));
#20919 = DIRECTION('',(0.,-1.,0.));
#20920 = DIRECTION('',(0.,-0.,-1.));
#20921 = ADVANCED_FACE('',(#20922),#21009,.F.);
#20922 = FACE_BOUND('',#20923,.F.);
#20923 = EDGE_LOOP('',(#20924,#20932,#20951,#20982,#21005,#21006,#21007,
    #21008));
#20924 = ORIENTED_EDGE('',*,*,#20925,.T.);
#20925 = EDGE_CURVE('',#20795,#20926,#20928,.T.);
#20926 = VERTEX_POINT('',#20927);
#20927 = CARTESIAN_POINT('',(186.7,-50.,-26.69327023006));
#20928 = LINE('',#20929,#20930);
#20929 = CARTESIAN_POINT('',(186.7,-50.,-31.25));
#20930 = VECTOR('',#20931,1.);
#20931 = DIRECTION('',(0.,0.,1.));
#20932 = ORIENTED_EDGE('',*,*,#20933,.F.);
#20933 = EDGE_CURVE('',#20934,#20926,#20936,.T.);
#20934 = VERTEX_POINT('',#20935);
#20935 = CARTESIAN_POINT('',(185.,-51.7,-26.75));
#20936 = B_SPLINE_CURVE_WITH_KNOTS('',7,(#20937,#20938,#20939,#20940,
    #20941,#20942,#20943,#20944,#20945,#20946,#20947,#20948,#20949,
    #20950),.UNSPECIFIED.,.F.,.F.,(8,6,8),(0.,0.453753793073,1.),
  .UNSPECIFIED.);
#20937 = CARTESIAN_POINT('',(185.,-51.7,-26.75));
#20938 = CARTESIAN_POINT('',(185.20511301205,-51.7,-26.75));
#20939 = CARTESIAN_POINT('',(185.40640319557,-51.67112764805,
    -26.7480751396));
#20940 = CARTESIAN_POINT('',(185.5987164059,-51.61531921391,
    -26.74435478161));
#20941 = CARTESIAN_POINT('',(185.77748315171,-51.5357243558,
    -26.73925289186));
#20942 = CARTESIAN_POINT('',(185.93901607822,-51.43661832166,
    -26.73339103543));
#20943 = CARTESIAN_POINT('',(186.08084804467,-51.32331501136,
    -26.72737227022));
#20944 = CARTESIAN_POINT('',(186.34802704173,-51.0561360143,
    -26.71476331377));
#20945 = CARTESIAN_POINT('',(186.46748924087,-50.89532974361,
    -26.70814773111));
#20946 = CARTESIAN_POINT('',(186.5614326765,-50.72461647756,
    -26.70239658123));
#20947 = CARTESIAN_POINT('',(186.63096565965,-50.54740538956,
    -26.69788291431));
#20948 = CARTESIAN_POINT('',(186.67698225399,-50.3662330635,
    -26.69480813574));
#20949 = CARTESIAN_POINT('',(186.7,-50.18314200894,-26.69327023006));
#20950 = CARTESIAN_POINT('',(186.7,-50.,-26.69327023006));
#20951 = ORIENTED_EDGE('',*,*,#20952,.F.);
#20952 = EDGE_CURVE('',#20953,#20934,#20955,.T.);
#20953 = VERTEX_POINT('',#20954);
#20954 = CARTESIAN_POINT('',(185.,-48.3,-26.75));
#20955 = B_SPLINE_CURVE_WITH_KNOTS('',7,(#20956,#20957,#20958,#20959,
    #20960,#20961,#20962,#20963,#20964,#20965,#20966,#20967,#20968,
    #20969,#20970,#20971,#20972,#20973,#20974,#20975,#20976,#20977,
    #20978,#20979,#20980,#20981),.UNSPECIFIED.,.F.,.F.,(8,6,6,6,8),(0.,
    0.257094568529,0.500045577245,0.742988129374,1.),.UNSPECIFIED.);
#20956 = CARTESIAN_POINT('',(185.,-48.3,-26.75));
#20957 = CARTESIAN_POINT('',(184.76654788302,-48.3,-26.75));
#20958 = CARTESIAN_POINT('',(184.53918604048,-48.33740155596,
    -26.74750651401));
#20959 = CARTESIAN_POINT('',(184.32487138143,-48.4086943808,
    -26.74275393316));
#20960 = CARTESIAN_POINT('',(184.12939118067,-48.50899173826,
    -26.73641068523));
#20961 = CARTESIAN_POINT('',(183.95713232386,-48.63211114246,
    -26.72940167384));
#20962 = CARTESIAN_POINT('',(183.81064393179,-48.7706998612,
    -26.72253412563));
#20963 = CARTESIAN_POINT('',(183.57624102157,-49.05404430598,
    -26.71047750558));
#20964 = CARTESIAN_POINT('',(183.48279737466,-49.20136604656,
    -26.70507541763));
#20965 = CARTESIAN_POINT('',(183.40909128875,-49.35532912895,
    -26.70047725801));
#20966 = CARTESIAN_POINT('',(183.35439894611,-49.51373342507,
    -26.69690494212));
#20967 = CARTESIAN_POINT('',(183.31814382855,-49.67488679935,
    -26.69448250865));
#20968 = CARTESIAN_POINT('',(183.3,-49.8374009016,-26.69327023006));
#20969 = CARTESIAN_POINT('',(183.3,-50.16259343868,-26.69327023006));
#20970 = CARTESIAN_POINT('',(183.31814255469,-50.3251027922,
    -26.69448242361));
#20971 = CARTESIAN_POINT('',(183.35439554577,-50.48625927845,
    -26.69690471368));
#20972 = CARTESIAN_POINT('',(183.409089665,-50.64467414468,
    -26.70047716542));
#20973 = CARTESIAN_POINT('',(183.48280294279,-50.79864762592,
    -26.7050758253));
#20974 = CARTESIAN_POINT('',(183.5762525455,-50.94596962404,
    -26.71047809832));
#20975 = CARTESIAN_POINT('',(183.81059716847,-51.22924361166,
    -26.72253172034));
#20976 = CARTESIAN_POINT('',(183.95708703614,-51.36786402148,
    -26.72939986163));
#20977 = CARTESIAN_POINT('',(184.12939428037,-51.491032208,
    -26.73641163763));
#20978 = CARTESIAN_POINT('',(184.32494345545,-51.59135339911,
    -26.74275712641));
#20979 = CARTESIAN_POINT('',(184.53930685576,-51.66263228176,
    -26.74750876852));
#20980 = CARTESIAN_POINT('',(184.7666535082,-51.7,-26.75));
#20981 = CARTESIAN_POINT('',(185.,-51.7,-26.75));
#20982 = ORIENTED_EDGE('',*,*,#20983,.F.);
#20983 = EDGE_CURVE('',#20926,#20953,#20984,.T.);
#20984 = B_SPLINE_CURVE_WITH_KNOTS('',7,(#20985,#20986,#20987,#20988,
    #20989,#20990,#20991,#20992,#20993,#20994,#20995,#20996,#20997,
    #20998,#20999,#21000,#21001,#21002,#21003,#21004),.UNSPECIFIED.,.F.,
  .F.,(8,6,6,8),(0.,0.483133607258,0.791290576233,1.),.UNSPECIFIED.);
#20985 = CARTESIAN_POINT('',(186.7,-50.,-26.69327023006));
#20986 = CARTESIAN_POINT('',(186.7,-49.83740656131,-26.69327023006));
#20987 = CARTESIAN_POINT('',(186.6818574453,-49.67489720779,
    -26.69448242361));
#20988 = CARTESIAN_POINT('',(186.64560445423,-49.51374072154,
    -26.69690471368));
#20989 = CARTESIAN_POINT('',(186.59091033499,-49.35532585532,
    -26.70047716542));
#20990 = CARTESIAN_POINT('',(186.5171970572,-49.20135237407,
    -26.7050758253));
#20991 = CARTESIAN_POINT('',(186.42374745449,-49.05403037595,
    -26.71047809832));
#20992 = CARTESIAN_POINT('',(186.23723969154,-48.82858121879,
    -26.72007120974));
#20993 = CARTESIAN_POINT('',(186.15609276429,-48.74447068699,
    -26.72400272718));
#20994 = CARTESIAN_POINT('',(186.06639251589,-48.6651413461,
    -26.72802970654));
#20995 = CARTESIAN_POINT('',(185.96822136441,-48.59173529193,
    -26.73202732289));
#20996 = CARTESIAN_POINT('',(185.86179423535,-48.52545035993,
    -26.73584862276));
#20997 = CARTESIAN_POINT('',(185.7474768945,-48.46755061652,
    -26.7393328595));
#20998 = CARTESIAN_POINT('',(185.54341001921,-48.38675482493,
    -26.74434250351));
#20999 = CARTESIAN_POINT('',(185.45767680626,-48.35860805325,
    -26.74613643664));
#21000 = CARTESIAN_POINT('',(185.36915444274,-48.3354956932,
    -26.74764221487));
#21001 = CARTESIAN_POINT('',(185.27845382916,-48.31784646849,
    -26.74881004357));
#21002 = CARTESIAN_POINT('',(185.18623443067,-48.30595916442,
    -26.74960291765));
#21003 = CARTESIAN_POINT('',(185.09318428327,-48.3,-26.75));
#21004 = CARTESIAN_POINT('',(185.,-48.3,-26.75));
#21005 = ORIENTED_EDGE('',*,*,#20925,.F.);
#21006 = ORIENTED_EDGE('',*,*,#20813,.T.);
#21007 = ORIENTED_EDGE('',*,*,#20745,.T.);
#21008 = ORIENTED_EDGE('',*,*,#20794,.T.);
#21009 = CYLINDRICAL_SURFACE('',#21010,1.7);
#21010 = AXIS2_PLACEMENT_3D('',#21011,#21012,#21013);
#21011 = CARTESIAN_POINT('',(185.,-50.,-31.25));
#21012 = DIRECTION('',(0.,0.,1.));
#21013 = DIRECTION('',(1.,0.,-0.));
#21014 = ADVANCED_FACE('',(#21015,#21018),#21029,.F.);
#21015 = FACE_BOUND('',#21016,.F.);
#21016 = EDGE_LOOP('',(#21017));
#21017 = ORIENTED_EDGE('',*,*,#20844,.T.);
#21018 = FACE_BOUND('',#21019,.F.);
#21019 = EDGE_LOOP('',(#21020));
#21020 = ORIENTED_EDGE('',*,*,#21021,.F.);
#21021 = EDGE_CURVE('',#21022,#21022,#21024,.T.);
#21022 = VERTEX_POINT('',#21023);
#21023 = CARTESIAN_POINT('',(185.,-40.,-26.75));
#21024 = CIRCLE('',#21025,25.5);
#21025 = AXIS2_PLACEMENT_3D('',#21026,#21027,#21028);
#21026 = CARTESIAN_POINT('',(185.,-40.,-1.25));
#21027 = DIRECTION('',(0.,-1.,0.));
#21028 = DIRECTION('',(0.,-0.,-1.));
#21029 = PLANE('',#21030);
#21030 = AXIS2_PLACEMENT_3D('',#21031,#21032,#21033);
#21031 = CARTESIAN_POINT('',(185.,-40.,-1.25));
#21032 = DIRECTION('',(0.,-1.,0.));
#21033 = DIRECTION('',(0.,-0.,-1.));
#21034 = ADVANCED_FACE('',(#21035,#21038),#21049,.T.);
#21035 = FACE_BOUND('',#21036,.T.);
#21036 = EDGE_LOOP('',(#21037));
#21037 = ORIENTED_EDGE('',*,*,#20786,.T.);
#21038 = FACE_BOUND('',#21039,.T.);
#21039 = EDGE_LOOP('',(#21040));
#21040 = ORIENTED_EDGE('',*,*,#21041,.F.);
#21041 = EDGE_CURVE('',#21042,#21042,#21044,.T.);
#21042 = VERTEX_POINT('',#21043);
#21043 = CARTESIAN_POINT('',(185.,-140.,-26.75));
#21044 = CIRCLE('',#21045,25.5);
#21045 = AXIS2_PLACEMENT_3D('',#21046,#21047,#21048);
#21046 = CARTESIAN_POINT('',(185.,-140.,-1.25));
#21047 = DIRECTION('',(0.,-1.,0.));
#21048 = DIRECTION('',(0.,-0.,-1.));
#21049 = PLANE('',#21050);
#21050 = AXIS2_PLACEMENT_3D('',#21051,#21052,#21053);
#21051 = CARTESIAN_POINT('',(185.,-140.,-1.25));
#21052 = DIRECTION('',(0.,-1.,0.));
#21053 = DIRECTION('',(0.,-0.,-1.));
#21054 = ADVANCED_FACE('',(#21055),#21128,.F.);
#21055 = FACE_BOUND('',#21056,.F.);
#21056 = EDGE_LOOP('',(#21057,#21058,#21066,#21127));
#21057 = ORIENTED_EDGE('',*,*,#20854,.F.);
#21058 = ORIENTED_EDGE('',*,*,#21059,.F.);
#21059 = EDGE_CURVE('',#21060,#20855,#21062,.T.);
#21060 = VERTEX_POINT('',#21061);
#21061 = CARTESIAN_POINT('',(186.7,-50.,24.193270230063));
#21062 = LINE('',#21063,#21064);
#21063 = CARTESIAN_POINT('',(186.7,-50.,-31.25));
#21064 = VECTOR('',#21065,1.);
#21065 = DIRECTION('',(0.,0.,1.));
#21066 = ORIENTED_EDGE('',*,*,#21067,.T.);
#21067 = EDGE_CURVE('',#21060,#21060,#21068,.T.);
#21068 = B_SPLINE_CURVE_WITH_KNOTS('',8,(#21069,#21070,#21071,#21072,
    #21073,#21074,#21075,#21076,#21077,#21078,#21079,#21080,#21081,
    #21082,#21083,#21084,#21085,#21086,#21087,#21088,#21089,#21090,
    #21091,#21092,#21093,#21094,#21095,#21096,#21097,#21098,#21099,
    #21100,#21101,#21102,#21103,#21104,#21105,#21106,#21107,#21108,
    #21109,#21110,#21111,#21112,#21113,#21114,#21115,#21116,#21117,
    #21118,#21119,#21120,#21121,#21122,#21123,#21124,#21125,#21126),
  .UNSPECIFIED.,.T.,.F.,(9,7,7,7,7,7,7,7,9),(0.,0.120857919828,
    0.215508232321,0.301898013666,0.410638794178,0.561885460114,
    0.697762423237,0.801653543003,1.),.UNSPECIFIED.);
#21069 = CARTESIAN_POINT('',(186.7,-50.,24.193270230063));
#21070 = CARTESIAN_POINT('',(186.7,-49.85773074325,24.193270230063));
#21071 = CARTESIAN_POINT('',(186.68639308441,-49.71552454232,
    24.194179375208));
#21072 = CARTESIAN_POINT('',(186.65919932436,-49.57417440436,
    24.195996354984));
#21073 = CARTESIAN_POINT('',(186.61825739586,-49.4345332917,
    24.198690939484));
#21074 = CARTESIAN_POINT('',(186.56326785733,-49.29758579938,
    24.2022016628));
#21075 = CARTESIAN_POINT('',(186.49383465339,-49.16452187139,
    24.206426393721));
#21076 = CARTESIAN_POINT('',(186.40951308839,-49.03682398308,
    24.211210249401));
#21077 = CARTESIAN_POINT('',(186.23183863924,-48.82205246809,
    24.220349015318));
#21078 = CARTESIAN_POINT('',(186.14395008581,-48.73161992002,
    24.224595596561));
#21079 = CARTESIAN_POINT('',(186.04619840909,-48.64655247378,
    24.228954609132));
#21080 = CARTESIAN_POINT('',(185.93876880145,-48.56832341287,
    24.233274104302));
#21081 = CARTESIAN_POINT('',(185.82203711888,-48.49840839421,
    24.237376913348));
#21082 = CARTESIAN_POINT('',(185.69657359057,-48.43828790514,
    24.241071500555));
#21083 = CARTESIAN_POINT('',(185.56315321011,-48.38945218714,
    24.244167382708));
#21084 = CARTESIAN_POINT('',(185.29464399477,-48.32051073829,
    24.248619696427));
#21085 = CARTESIAN_POINT('',(185.16151378254,-48.29847458319,
    24.250091170363));
#21086 = CARTESIAN_POINT('',(185.02535380012,-48.28849481513,
    24.250776389665));
#21087 = CARTESIAN_POINT('',(184.88831494115,-48.29116394381,
    24.250597265596));
#21088 = CARTESIAN_POINT('',(184.75261128982,-48.30647785835,
    24.2495529453));
#21089 = CARTESIAN_POINT('',(184.62040495866,-48.33384013955,
    24.247723242023));
#21090 = CARTESIAN_POINT('',(184.49369183848,-48.37206516028,
    24.245253318164));
#21091 = CARTESIAN_POINT('',(184.22376639168,-48.47893620496,
    24.238626910056));
#21092 = CARTESIAN_POINT('',(184.08470268072,-48.55291998907,
    24.234198017989));
#21093 = CARTESIAN_POINT('',(183.95772629993,-48.63889442233,
    24.22931857814));
#21094 = CARTESIAN_POINT('',(183.84322207682,-48.73471757926,
    24.224264831096));
#21095 = CARTESIAN_POINT('',(183.74133246425,-48.83847881986,
    24.21927772748));
#21096 = CARTESIAN_POINT('',(183.65201984303,-48.94845846994,
    24.214553153614));
#21097 = CARTESIAN_POINT('',(183.5751026274,-49.06310436582,
    24.210241240358));
#21098 = CARTESIAN_POINT('',(183.42011549328,-49.34502491618,
    24.201171332169));
#21099 = CARTESIAN_POINT('',(183.35281180749,-49.51632779021,
    24.196866470066));
#21100 = CARTESIAN_POINT('',(183.30754188143,-49.69221733052,
    24.193809516309));
#21101 = CARTESIAN_POINT('',(183.28368550286,-49.87061650214,
    24.192155250734));
#21102 = CARTESIAN_POINT('',(183.2808837868,-50.04982391913,
    24.191967797132));
#21103 = CARTESIAN_POINT('',(183.29911598644,-50.22828195721,
    24.193242001165));
#21104 = CARTESIAN_POINT('',(183.338747925,-50.4043239982,
    24.195904783652));
#21105 = CARTESIAN_POINT('',(183.45598193426,-50.7299539858,
    24.20327284097));
#21106 = CARTESIAN_POINT('',(183.52954325104,-50.88104268994,
    24.207757261657));
#21107 = CARTESIAN_POINT('',(183.62180976796,-51.02709936607,
    24.213120713954));
#21108 = CARTESIAN_POINT('',(183.73332973837,-51.16572543438,
    24.2191573639));
#21109 = CARTESIAN_POINT('',(183.86448757925,-51.29408905744,
    24.225563116754));
#21110 = CARTESIAN_POINT('',(184.01539271946,-51.40884360779,
    24.231917465172));
#21111 = CARTESIAN_POINT('',(184.18568411191,-51.50598595383,
    24.237692026997));
#21112 = CARTESIAN_POINT('',(184.51831796882,-51.63768501445,
    24.245857865796));
#21113 = CARTESIAN_POINT('',(184.67268878931,-51.68143049351,
    24.248715493613));
#21114 = CARTESIAN_POINT('',(184.83439240959,-51.70889104856,
    24.250590885087));
#21115 = CARTESIAN_POINT('',(184.99993984865,-51.71826163955,
    24.251246804795));
#21116 = CARTESIAN_POINT('',(185.16553157872,-51.70891831879,
    24.250592878791));
#21117 = CARTESIAN_POINT('',(185.32733510686,-51.68144260766,
    24.248716059801));
#21118 = CARTESIAN_POINT('',(185.48177142532,-51.63764962081,
    24.245855671256));
#21119 = CARTESIAN_POINT('',(185.90081008453,-51.47174047886,
    24.235568678304));
#21120 = CARTESIAN_POINT('',(186.13597921071,-51.31538133724,
    24.226402898177));
#21121 = CARTESIAN_POINT('',(186.32864903966,-51.12721797445,
    24.216605725503));
#21122 = CARTESIAN_POINT('',(186.47965978546,-50.91791582894,
    24.207702983324));
#21123 = CARTESIAN_POINT('',(186.59069126395,-50.69541773631,
    24.200572641184));
#21124 = CARTESIAN_POINT('',(186.66364587955,-50.46553912622,
    24.195699463816));
#21125 = CARTESIAN_POINT('',(186.7,-50.23254325339,24.193270230063));
#21126 = CARTESIAN_POINT('',(186.7,-50.,24.193270230063));
#21127 = ORIENTED_EDGE('',*,*,#21059,.T.);
#21128 = CYLINDRICAL_SURFACE('',#21129,1.7);
#21129 = AXIS2_PLACEMENT_3D('',#21130,#21131,#21132);
#21130 = CARTESIAN_POINT('',(185.,-50.,-31.25));
#21131 = DIRECTION('',(0.,0.,1.));
#21132 = DIRECTION('',(1.,0.,-0.));
#21133 = ADVANCED_FACE('',(#21134,#21155),#21158,.F.);
#21134 = FACE_BOUND('',#21135,.F.);
#21135 = EDGE_LOOP('',(#21136,#21137,#21143,#21144,#21145,#21146,#21147,
    #21153,#21154));
#21136 = ORIENTED_EDGE('',*,*,#20952,.T.);
#21137 = ORIENTED_EDGE('',*,*,#21138,.T.);
#21138 = EDGE_CURVE('',#20934,#21042,#21139,.T.);
#21139 = LINE('',#21140,#21141);
#21140 = CARTESIAN_POINT('',(185.,-39.,-26.75));
#21141 = VECTOR('',#21142,1.);
#21142 = DIRECTION('',(0.,-1.,0.));
#21143 = ORIENTED_EDGE('',*,*,#21041,.F.);
#21144 = ORIENTED_EDGE('',*,*,#21138,.F.);
#21145 = ORIENTED_EDGE('',*,*,#20933,.T.);
#21146 = ORIENTED_EDGE('',*,*,#20983,.T.);
#21147 = ORIENTED_EDGE('',*,*,#21148,.F.);
#21148 = EDGE_CURVE('',#21022,#20953,#21149,.T.);
#21149 = LINE('',#21150,#21151);
#21150 = CARTESIAN_POINT('',(185.,-39.,-26.75));
#21151 = VECTOR('',#21152,1.);
#21152 = DIRECTION('',(0.,-1.,0.));
#21153 = ORIENTED_EDGE('',*,*,#21021,.T.);
#21154 = ORIENTED_EDGE('',*,*,#21148,.T.);
#21155 = FACE_BOUND('',#21156,.F.);
#21156 = EDGE_LOOP('',(#21157));
#21157 = ORIENTED_EDGE('',*,*,#21067,.F.);
#21158 = CYLINDRICAL_SURFACE('',#21159,25.5);
#21159 = AXIS2_PLACEMENT_3D('',#21160,#21161,#21162);
#21160 = CARTESIAN_POINT('',(185.,-39.,-1.25));
#21161 = DIRECTION('',(0.,-1.,0.));
#21162 = DIRECTION('',(0.,-0.,-1.));
#21163 = MANIFOLD_SOLID_BREP('',#21164);
#21164 = CLOSED_SHELL('',(#21165,#21198,#21218,#21238));
#21165 = ADVANCED_FACE('',(#21166),#21193,.T.);
#21166 = FACE_BOUND('',#21167,.T.);
#21167 = EDGE_LOOP('',(#21168,#21177,#21185,#21192));
#21168 = ORIENTED_EDGE('',*,*,#21169,.F.);
#21169 = EDGE_CURVE('',#21170,#21170,#21172,.T.);
#21170 = VERTEX_POINT('',#21171);
#21171 = CARTESIAN_POINT('',(182.7,-50.,18.45));
#21172 = CIRCLE('',#21173,2.3);
#21173 = AXIS2_PLACEMENT_3D('',#21174,#21175,#21176);
#21174 = CARTESIAN_POINT('',(185.,-50.,18.45));
#21175 = DIRECTION('',(0.,0.,-1.));
#21176 = DIRECTION('',(-1.,0.,-0.));
#21177 = ORIENTED_EDGE('',*,*,#21178,.F.);
#21178 = EDGE_CURVE('',#21179,#21170,#21181,.T.);
#21179 = VERTEX_POINT('',#21180);
#21180 = CARTESIAN_POINT('',(182.7,-50.,24.15));
#21181 = LINE('',#21182,#21183);
#21182 = CARTESIAN_POINT('',(182.7,-50.,24.15));
#21183 = VECTOR('',#21184,1.);
#21184 = DIRECTION('',(0.,0.,-1.));
#21185 = ORIENTED_EDGE('',*,*,#21186,.T.);
#21186 = EDGE_CURVE('',#21179,#21179,#21187,.T.);
#21187 = CIRCLE('',#21188,2.3);
#21188 = AXIS2_PLACEMENT_3D('',#21189,#21190,#21191);
#21189 = CARTESIAN_POINT('',(185.,-50.,24.15));
#21190 = DIRECTION('',(0.,0.,-1.));
#21191 = DIRECTION('',(-1.,0.,-0.));
#21192 = ORIENTED_EDGE('',*,*,#21178,.T.);
#21193 = CYLINDRICAL_SURFACE('',#21194,2.3);
#21194 = AXIS2_PLACEMENT_3D('',#21195,#21196,#21197);
#21195 = CARTESIAN_POINT('',(185.,-50.,24.15));
#21196 = DIRECTION('',(0.,0.,-1.));
#21197 = DIRECTION('',(-1.,0.,-0.));
#21198 = ADVANCED_FACE('',(#21199,#21202),#21213,.T.);
#21199 = FACE_BOUND('',#21200,.T.);
#21200 = EDGE_LOOP('',(#21201));
#21201 = ORIENTED_EDGE('',*,*,#21169,.T.);
#21202 = FACE_BOUND('',#21203,.T.);
#21203 = EDGE_LOOP('',(#21204));
#21204 = ORIENTED_EDGE('',*,*,#21205,.F.);
#21205 = EDGE_CURVE('',#21206,#21206,#21208,.T.);
#21206 = VERTEX_POINT('',#21207);
#21207 = CARTESIAN_POINT('',(183.5,-50.,18.45));
#21208 = CIRCLE('',#21209,1.5);
#21209 = AXIS2_PLACEMENT_3D('',#21210,#21211,#21212);
#21210 = CARTESIAN_POINT('',(185.,-50.,18.45));
#21211 = DIRECTION('',(0.,0.,-1.));
#21212 = DIRECTION('',(-1.,0.,-0.));
#21213 = PLANE('',#21214);
#21214 = AXIS2_PLACEMENT_3D('',#21215,#21216,#21217);
#21215 = CARTESIAN_POINT('',(185.,-50.,18.45));
#21216 = DIRECTION('',(0.,0.,-1.));
#21217 = DIRECTION('',(-1.,0.,-0.));
#21218 = ADVANCED_FACE('',(#21219,#21222),#21233,.F.);
#21219 = FACE_BOUND('',#21220,.F.);
#21220 = EDGE_LOOP('',(#21221));
#21221 = ORIENTED_EDGE('',*,*,#21186,.T.);
#21222 = FACE_BOUND('',#21223,.F.);
#21223 = EDGE_LOOP('',(#21224));
#21224 = ORIENTED_EDGE('',*,*,#21225,.F.);
#21225 = EDGE_CURVE('',#21226,#21226,#21228,.T.);
#21226 = VERTEX_POINT('',#21227);
#21227 = CARTESIAN_POINT('',(183.5,-50.,24.15));
#21228 = CIRCLE('',#21229,1.5);
#21229 = AXIS2_PLACEMENT_3D('',#21230,#21231,#21232);
#21230 = CARTESIAN_POINT('',(185.,-50.,24.15));
#21231 = DIRECTION('',(0.,0.,-1.));
#21232 = DIRECTION('',(-1.,0.,-0.));
#21233 = PLANE('',#21234);
#21234 = AXIS2_PLACEMENT_3D('',#21235,#21236,#21237);
#21235 = CARTESIAN_POINT('',(185.,-50.,24.15));
#21236 = DIRECTION('',(0.,0.,-1.));
#21237 = DIRECTION('',(-1.,0.,-0.));
#21238 = ADVANCED_FACE('',(#21239),#21250,.F.);
#21239 = FACE_BOUND('',#21240,.F.);
#21240 = EDGE_LOOP('',(#21241,#21242,#21248,#21249));
#21241 = ORIENTED_EDGE('',*,*,#21205,.F.);
#21242 = ORIENTED_EDGE('',*,*,#21243,.F.);
#21243 = EDGE_CURVE('',#21226,#21206,#21244,.T.);
#21244 = LINE('',#21245,#21246);
#21245 = CARTESIAN_POINT('',(183.5,-50.,25.15));
#21246 = VECTOR('',#21247,1.);
#21247 = DIRECTION('',(0.,0.,-1.));
#21248 = ORIENTED_EDGE('',*,*,#21225,.T.);
#21249 = ORIENTED_EDGE('',*,*,#21243,.T.);
#21250 = CYLINDRICAL_SURFACE('',#21251,1.5);
#21251 = AXIS2_PLACEMENT_3D('',#21252,#21253,#21254);
#21252 = CARTESIAN_POINT('',(185.,-50.,25.15));
#21253 = DIRECTION('',(0.,0.,-1.));
#21254 = DIRECTION('',(-1.,0.,-0.));
#21255 = MANIFOLD_SOLID_BREP('',#21256);
#21256 = CLOSED_SHELL('',(#21257,#21290,#21310,#21369,#21394,#21425,
    #21449,#21473,#21497,#21521,#21538,#21547));
#21257 = ADVANCED_FACE('',(#21258),#21285,.T.);
#21258 = FACE_BOUND('',#21259,.T.);
#21259 = EDGE_LOOP('',(#21260,#21269,#21277,#21284));
#21260 = ORIENTED_EDGE('',*,*,#21261,.F.);
#21261 = EDGE_CURVE('',#21262,#21262,#21264,.T.);
#21262 = VERTEX_POINT('',#21263);
#21263 = CARTESIAN_POINT('',(182.25,-50.,26.89));
#21264 = CIRCLE('',#21265,2.75);
#21265 = AXIS2_PLACEMENT_3D('',#21266,#21267,#21268);
#21266 = CARTESIAN_POINT('',(185.,-50.,26.89));
#21267 = DIRECTION('',(0.,0.,-1.));
#21268 = DIRECTION('',(-1.,0.,-0.));
#21269 = ORIENTED_EDGE('',*,*,#21270,.F.);
#21270 = EDGE_CURVE('',#21271,#21262,#21273,.T.);
#21271 = VERTEX_POINT('',#21272);
#21272 = CARTESIAN_POINT('',(182.25,-50.,29.89));
#21273 = LINE('',#21274,#21275);
#21274 = CARTESIAN_POINT('',(182.25,-50.,29.89));
#21275 = VECTOR('',#21276,1.);
#21276 = DIRECTION('',(0.,0.,-1.));
#21277 = ORIENTED_EDGE('',*,*,#21278,.T.);
#21278 = EDGE_CURVE('',#21271,#21271,#21279,.T.);
#21279 = CIRCLE('',#21280,2.75);
#21280 = AXIS2_PLACEMENT_3D('',#21281,#21282,#21283);
#21281 = CARTESIAN_POINT('',(185.,-50.,29.89));
#21282 = DIRECTION('',(0.,0.,-1.));
#21283 = DIRECTION('',(-1.,0.,-0.));
#21284 = ORIENTED_EDGE('',*,*,#21270,.T.);
#21285 = CYLINDRICAL_SURFACE('',#21286,2.75);
#21286 = AXIS2_PLACEMENT_3D('',#21287,#21288,#21289);
#21287 = CARTESIAN_POINT('',(185.,-50.,29.89));
#21288 = DIRECTION('',(0.,0.,-1.));
#21289 = DIRECTION('',(-1.,0.,-0.));
#21290 = ADVANCED_FACE('',(#21291,#21294),#21305,.T.);
#21291 = FACE_BOUND('',#21292,.T.);
#21292 = EDGE_LOOP('',(#21293));
#21293 = ORIENTED_EDGE('',*,*,#21261,.T.);
#21294 = FACE_BOUND('',#21295,.T.);
#21295 = EDGE_LOOP('',(#21296));
#21296 = ORIENTED_EDGE('',*,*,#21297,.F.);
#21297 = EDGE_CURVE('',#21298,#21298,#21300,.T.);
#21298 = VERTEX_POINT('',#21299);
#21299 = CARTESIAN_POINT('',(183.5,-50.,26.89));
#21300 = CIRCLE('',#21301,1.5);
#21301 = AXIS2_PLACEMENT_3D('',#21302,#21303,#21304);
#21302 = CARTESIAN_POINT('',(185.,-50.,26.89));
#21303 = DIRECTION('',(0.,0.,-1.));
#21304 = DIRECTION('',(-1.,0.,-0.));
#21305 = PLANE('',#21306);
#21306 = AXIS2_PLACEMENT_3D('',#21307,#21308,#21309);
#21307 = CARTESIAN_POINT('',(185.,-50.,26.89));
#21308 = DIRECTION('',(0.,0.,-1.));
#21309 = DIRECTION('',(-1.,0.,-0.));
#21310 = ADVANCED_FACE('',(#21311,#21314),#21364,.F.);
#21311 = FACE_BOUND('',#21312,.F.);
#21312 = EDGE_LOOP('',(#21313));
#21313 = ORIENTED_EDGE('',*,*,#21278,.T.);
#21314 = FACE_BOUND('',#21315,.F.);
#21315 = EDGE_LOOP('',(#21316,#21326,#21334,#21342,#21350,#21358));
#21316 = ORIENTED_EDGE('',*,*,#21317,.T.);
#21317 = EDGE_CURVE('',#21318,#21320,#21322,.T.);
#21318 = VERTEX_POINT('',#21319);
#21319 = CARTESIAN_POINT('',(183.75,-50.72168783648,29.89));
#21320 = VERTEX_POINT('',#21321);
#21321 = CARTESIAN_POINT('',(185.,-51.44337567297,29.89));
#21322 = LINE('',#21323,#21324);
#21323 = CARTESIAN_POINT('',(184.6875,-51.26295371385,29.89));
#21324 = VECTOR('',#21325,1.);
#21325 = DIRECTION('',(0.866025403784,-0.5,0.));
#21326 = ORIENTED_EDGE('',*,*,#21327,.T.);
#21327 = EDGE_CURVE('',#21320,#21328,#21330,.T.);
#21328 = VERTEX_POINT('',#21329);
#21329 = CARTESIAN_POINT('',(186.25,-50.72168783648,29.89));
#21330 = LINE('',#21331,#21332);
#21331 = CARTESIAN_POINT('',(185.9375,-50.9021097956,29.89));
#21332 = VECTOR('',#21333,1.);
#21333 = DIRECTION('',(0.866025403784,0.5,0.));
#21334 = ORIENTED_EDGE('',*,*,#21335,.T.);
#21335 = EDGE_CURVE('',#21328,#21336,#21338,.T.);
#21336 = VERTEX_POINT('',#21337);
#21337 = CARTESIAN_POINT('',(186.25,-49.27831216351,29.89));
#21338 = LINE('',#21339,#21340);
#21339 = CARTESIAN_POINT('',(186.25,-49.63915608175,29.89));
#21340 = VECTOR('',#21341,1.);
#21341 = DIRECTION('',(-0.,1.,0.));
#21342 = ORIENTED_EDGE('',*,*,#21343,.T.);
#21343 = EDGE_CURVE('',#21336,#21344,#21346,.T.);
#21344 = VERTEX_POINT('',#21345);
#21345 = CARTESIAN_POINT('',(185.,-48.55662432702,29.89));
#21346 = LINE('',#21347,#21348);
#21347 = CARTESIAN_POINT('',(185.3125,-48.73704628614,29.89));
#21348 = VECTOR('',#21349,1.);
#21349 = DIRECTION('',(-0.866025403784,0.5,0.));
#21350 = ORIENTED_EDGE('',*,*,#21351,.T.);
#21351 = EDGE_CURVE('',#21344,#21352,#21354,.T.);
#21352 = VERTEX_POINT('',#21353);
#21353 = CARTESIAN_POINT('',(183.75,-49.27831216351,29.89));
#21354 = LINE('',#21355,#21356);
#21355 = CARTESIAN_POINT('',(184.0625,-49.09789020439,29.89));
#21356 = VECTOR('',#21357,1.);
#21357 = DIRECTION('',(-0.866025403784,-0.5,-0.));
#21358 = ORIENTED_EDGE('',*,*,#21359,.T.);
#21359 = EDGE_CURVE('',#21352,#21318,#21360,.T.);
#21360 = LINE('',#21361,#21362);
#21361 = CARTESIAN_POINT('',(183.75,-50.36084391824,29.89));
#21362 = VECTOR('',#21363,1.);
#21363 = DIRECTION('',(0.,-1.,-0.));
#21364 = PLANE('',#21365);
#21365 = AXIS2_PLACEMENT_3D('',#21366,#21367,#21368);
#21366 = CARTESIAN_POINT('',(185.,-50.,29.89));
#21367 = DIRECTION('',(0.,0.,-1.));
#21368 = DIRECTION('',(-1.,0.,-0.));
#21369 = ADVANCED_FACE('',(#21370),#21389,.T.);
#21370 = FACE_BOUND('',#21371,.T.);
#21371 = EDGE_LOOP('',(#21372,#21381,#21387,#21388));
#21372 = ORIENTED_EDGE('',*,*,#21373,.F.);
#21373 = EDGE_CURVE('',#21374,#21374,#21376,.T.);
#21374 = VERTEX_POINT('',#21375);
#21375 = CARTESIAN_POINT('',(183.5,-50.,18.89));
#21376 = CIRCLE('',#21377,1.5);
#21377 = AXIS2_PLACEMENT_3D('',#21378,#21379,#21380);
#21378 = CARTESIAN_POINT('',(185.,-50.,18.89));
#21379 = DIRECTION('',(0.,0.,-1.));
#21380 = DIRECTION('',(-1.,0.,-0.));
#21381 = ORIENTED_EDGE('',*,*,#21382,.F.);
#21382 = EDGE_CURVE('',#21298,#21374,#21383,.T.);
#21383 = LINE('',#21384,#21385);
#21384 = CARTESIAN_POINT('',(183.5,-50.,26.89));
#21385 = VECTOR('',#21386,1.);
#21386 = DIRECTION('',(0.,0.,-1.));
#21387 = ORIENTED_EDGE('',*,*,#21297,.T.);
#21388 = ORIENTED_EDGE('',*,*,#21382,.T.);
#21389 = CYLINDRICAL_SURFACE('',#21390,1.5);
#21390 = AXIS2_PLACEMENT_3D('',#21391,#21392,#21393);
#21391 = CARTESIAN_POINT('',(185.,-50.,26.89));
#21392 = DIRECTION('',(0.,0.,-1.));
#21393 = DIRECTION('',(-1.,0.,-0.));
#21394 = ADVANCED_FACE('',(#21395),#21420,.T.);
#21395 = FACE_BOUND('',#21396,.T.);
#21396 = EDGE_LOOP('',(#21397,#21398,#21406,#21414));
#21397 = ORIENTED_EDGE('',*,*,#21317,.T.);
#21398 = ORIENTED_EDGE('',*,*,#21399,.T.);
#21399 = EDGE_CURVE('',#21320,#21400,#21402,.T.);
#21400 = VERTEX_POINT('',#21401);
#21401 = CARTESIAN_POINT('',(185.,-51.44337567297,28.09));
#21402 = LINE('',#21403,#21404);
#21403 = CARTESIAN_POINT('',(185.,-51.44337567297,29.99));
#21404 = VECTOR('',#21405,1.);
#21405 = DIRECTION('',(0.,0.,-1.));
#21406 = ORIENTED_EDGE('',*,*,#21407,.T.);
#21407 = EDGE_CURVE('',#21400,#21408,#21410,.T.);
#21408 = VERTEX_POINT('',#21409);
#21409 = CARTESIAN_POINT('',(183.75,-50.72168783648,28.09));
#21410 = LINE('',#21411,#21412);
#21411 = CARTESIAN_POINT('',(185.,-51.44337567297,28.09));
#21412 = VECTOR('',#21413,1.);
#21413 = DIRECTION('',(-0.866025403784,0.5,0.));
#21414 = ORIENTED_EDGE('',*,*,#21415,.F.);
#21415 = EDGE_CURVE('',#21318,#21408,#21416,.T.);
#21416 = LINE('',#21417,#21418);
#21417 = CARTESIAN_POINT('',(183.75,-50.72168783648,29.99));
#21418 = VECTOR('',#21419,1.);
#21419 = DIRECTION('',(0.,0.,-1.));
#21420 = PLANE('',#21421);
#21421 = AXIS2_PLACEMENT_3D('',#21422,#21423,#21424);
#21422 = CARTESIAN_POINT('',(185.,-51.44337567297,29.99));
#21423 = DIRECTION('',(0.5,0.866025403784,0.));
#21424 = DIRECTION('',(-0.866025403784,0.5,0.));
#21425 = ADVANCED_FACE('',(#21426),#21444,.T.);
#21426 = FACE_BOUND('',#21427,.T.);
#21427 = EDGE_LOOP('',(#21428,#21429,#21430,#21438));
#21428 = ORIENTED_EDGE('',*,*,#21359,.T.);
#21429 = ORIENTED_EDGE('',*,*,#21415,.T.);
#21430 = ORIENTED_EDGE('',*,*,#21431,.T.);
#21431 = EDGE_CURVE('',#21408,#21432,#21434,.T.);
#21432 = VERTEX_POINT('',#21433);
#21433 = CARTESIAN_POINT('',(183.75,-49.27831216351,28.09));
#21434 = LINE('',#21435,#21436);
#21435 = CARTESIAN_POINT('',(183.75,-50.72168783648,28.09));
#21436 = VECTOR('',#21437,1.);
#21437 = DIRECTION('',(0.,1.,0.));
#21438 = ORIENTED_EDGE('',*,*,#21439,.F.);
#21439 = EDGE_CURVE('',#21352,#21432,#21440,.T.);
#21440 = LINE('',#21441,#21442);
#21441 = CARTESIAN_POINT('',(183.75,-49.27831216351,29.99));
#21442 = VECTOR('',#21443,1.);
#21443 = DIRECTION('',(0.,0.,-1.));
#21444 = PLANE('',#21445);
#21445 = AXIS2_PLACEMENT_3D('',#21446,#21447,#21448);
#21446 = CARTESIAN_POINT('',(183.75,-50.72168783648,29.99));
#21447 = DIRECTION('',(1.,-0.,0.));
#21448 = DIRECTION('',(0.,1.,0.));
#21449 = ADVANCED_FACE('',(#21450),#21468,.T.);
#21450 = FACE_BOUND('',#21451,.T.);
#21451 = EDGE_LOOP('',(#21452,#21453,#21454,#21462));
#21452 = ORIENTED_EDGE('',*,*,#21351,.T.);
#21453 = ORIENTED_EDGE('',*,*,#21439,.T.);
#21454 = ORIENTED_EDGE('',*,*,#21455,.T.);
#21455 = EDGE_CURVE('',#21432,#21456,#21458,.T.);
#21456 = VERTEX_POINT('',#21457);
#21457 = CARTESIAN_POINT('',(185.,-48.55662432702,28.09));
#21458 = LINE('',#21459,#21460);
#21459 = CARTESIAN_POINT('',(183.75,-49.27831216351,28.09));
#21460 = VECTOR('',#21461,1.);
#21461 = DIRECTION('',(0.866025403784,0.5,0.));
#21462 = ORIENTED_EDGE('',*,*,#21463,.F.);
#21463 = EDGE_CURVE('',#21344,#21456,#21464,.T.);
#21464 = LINE('',#21465,#21466);
#21465 = CARTESIAN_POINT('',(185.,-48.55662432702,29.99));
#21466 = VECTOR('',#21467,1.);
#21467 = DIRECTION('',(0.,0.,-1.));
#21468 = PLANE('',#21469);
#21469 = AXIS2_PLACEMENT_3D('',#21470,#21471,#21472);
#21470 = CARTESIAN_POINT('',(183.75,-49.27831216351,29.99));
#21471 = DIRECTION('',(0.5,-0.866025403784,0.));
#21472 = DIRECTION('',(0.866025403784,0.5,0.));
#21473 = ADVANCED_FACE('',(#21474),#21492,.T.);
#21474 = FACE_BOUND('',#21475,.T.);
#21475 = EDGE_LOOP('',(#21476,#21477,#21478,#21486));
#21476 = ORIENTED_EDGE('',*,*,#21343,.T.);
#21477 = ORIENTED_EDGE('',*,*,#21463,.T.);
#21478 = ORIENTED_EDGE('',*,*,#21479,.T.);
#21479 = EDGE_CURVE('',#21456,#21480,#21482,.T.);
#21480 = VERTEX_POINT('',#21481);
#21481 = CARTESIAN_POINT('',(186.25,-49.27831216351,28.09));
#21482 = LINE('',#21483,#21484);
#21483 = CARTESIAN_POINT('',(185.,-48.55662432702,28.09));
#21484 = VECTOR('',#21485,1.);
#21485 = DIRECTION('',(0.866025403784,-0.5,0.));
#21486 = ORIENTED_EDGE('',*,*,#21487,.F.);
#21487 = EDGE_CURVE('',#21336,#21480,#21488,.T.);
#21488 = LINE('',#21489,#21490);
#21489 = CARTESIAN_POINT('',(186.25,-49.27831216351,29.99));
#21490 = VECTOR('',#21491,1.);
#21491 = DIRECTION('',(0.,0.,-1.));
#21492 = PLANE('',#21493);
#21493 = AXIS2_PLACEMENT_3D('',#21494,#21495,#21496);
#21494 = CARTESIAN_POINT('',(185.,-48.55662432702,29.99));
#21495 = DIRECTION('',(-0.5,-0.866025403784,-0.));
#21496 = DIRECTION('',(0.866025403784,-0.5,0.));
#21497 = ADVANCED_FACE('',(#21498),#21516,.T.);
#21498 = FACE_BOUND('',#21499,.T.);
#21499 = EDGE_LOOP('',(#21500,#21501,#21502,#21510));
#21500 = ORIENTED_EDGE('',*,*,#21335,.T.);
#21501 = ORIENTED_EDGE('',*,*,#21487,.T.);
#21502 = ORIENTED_EDGE('',*,*,#21503,.T.);
#21503 = EDGE_CURVE('',#21480,#21504,#21506,.T.);
#21504 = VERTEX_POINT('',#21505);
#21505 = CARTESIAN_POINT('',(186.25,-50.72168783648,28.09));
#21506 = LINE('',#21507,#21508);
#21507 = CARTESIAN_POINT('',(186.25,-49.27831216351,28.09));
#21508 = VECTOR('',#21509,1.);
#21509 = DIRECTION('',(0.,-1.,0.));
#21510 = ORIENTED_EDGE('',*,*,#21511,.F.);
#21511 = EDGE_CURVE('',#21328,#21504,#21512,.T.);
#21512 = LINE('',#21513,#21514);
#21513 = CARTESIAN_POINT('',(186.25,-50.72168783648,29.99));
#21514 = VECTOR('',#21515,1.);
#21515 = DIRECTION('',(0.,0.,-1.));
#21516 = PLANE('',#21517);
#21517 = AXIS2_PLACEMENT_3D('',#21518,#21519,#21520);
#21518 = CARTESIAN_POINT('',(186.25,-49.27831216351,29.99));
#21519 = DIRECTION('',(-1.,-0.,-0.));
#21520 = DIRECTION('',(0.,-1.,0.));
#21521 = ADVANCED_FACE('',(#21522),#21533,.T.);
#21522 = FACE_BOUND('',#21523,.T.);
#21523 = EDGE_LOOP('',(#21524,#21525,#21526,#21532));
#21524 = ORIENTED_EDGE('',*,*,#21327,.T.);
#21525 = ORIENTED_EDGE('',*,*,#21511,.T.);
#21526 = ORIENTED_EDGE('',*,*,#21527,.T.);
#21527 = EDGE_CURVE('',#21504,#21400,#21528,.T.);
#21528 = LINE('',#21529,#21530);
#21529 = CARTESIAN_POINT('',(186.25,-50.72168783648,28.09));
#21530 = VECTOR('',#21531,1.);
#21531 = DIRECTION('',(-0.866025403784,-0.5,0.));
#21532 = ORIENTED_EDGE('',*,*,#21399,.F.);
#21533 = PLANE('',#21534);
#21534 = AXIS2_PLACEMENT_3D('',#21535,#21536,#21537);
#21535 = CARTESIAN_POINT('',(186.25,-50.72168783648,29.99));
#21536 = DIRECTION('',(-0.5,0.866025403784,0.));
#21537 = DIRECTION('',(-0.866025403784,-0.5,0.));
#21538 = ADVANCED_FACE('',(#21539),#21542,.T.);
#21539 = FACE_BOUND('',#21540,.T.);
#21540 = EDGE_LOOP('',(#21541));
#21541 = ORIENTED_EDGE('',*,*,#21373,.T.);
#21542 = PLANE('',#21543);
#21543 = AXIS2_PLACEMENT_3D('',#21544,#21545,#21546);
#21544 = CARTESIAN_POINT('',(185.,-50.,18.89));
#21545 = DIRECTION('',(0.,0.,-1.));
#21546 = DIRECTION('',(-1.,0.,-0.));
#21547 = ADVANCED_FACE('',(#21548),#21556,.F.);
#21548 = FACE_BOUND('',#21549,.F.);
#21549 = EDGE_LOOP('',(#21550,#21551,#21552,#21553,#21554,#21555));
#21550 = ORIENTED_EDGE('',*,*,#21527,.T.);
#21551 = ORIENTED_EDGE('',*,*,#21407,.T.);
#21552 = ORIENTED_EDGE('',*,*,#21431,.T.);
#21553 = ORIENTED_EDGE('',*,*,#21455,.T.);
#21554 = ORIENTED_EDGE('',*,*,#21479,.T.);
#21555 = ORIENTED_EDGE('',*,*,#21503,.T.);
#21556 = PLANE('',#21557);
#21557 = AXIS2_PLACEMENT_3D('',#21558,#21559,#21560);
#21558 = CARTESIAN_POINT('',(185.,-50.,28.09));
#21559 = DIRECTION('',(-0.,-0.,-1.));
#21560 = DIRECTION('',(-1.,0.,0.));
#21561 = MANIFOLD_SOLID_BREP('',#21562);
#21562 = CLOSED_SHELL('',(#21563,#21596,#21616,#21636));
#21563 = ADVANCED_FACE('',(#21564),#21591,.T.);
#21564 = FACE_BOUND('',#21565,.T.);
#21565 = EDGE_LOOP('',(#21566,#21575,#21583,#21590));
#21566 = ORIENTED_EDGE('',*,*,#21567,.F.);
#21567 = EDGE_CURVE('',#21568,#21568,#21570,.T.);
#21568 = VERTEX_POINT('',#21569);
#21569 = CARTESIAN_POINT('',(187.3,-50.,-20.95));
#21570 = CIRCLE('',#21571,2.3);
#21571 = AXIS2_PLACEMENT_3D('',#21572,#21573,#21574);
#21572 = CARTESIAN_POINT('',(185.,-50.,-20.95));
#21573 = DIRECTION('',(0.,0.,1.));
#21574 = DIRECTION('',(1.,0.,-0.));
#21575 = ORIENTED_EDGE('',*,*,#21576,.F.);
#21576 = EDGE_CURVE('',#21577,#21568,#21579,.T.);
#21577 = VERTEX_POINT('',#21578);
#21578 = CARTESIAN_POINT('',(187.3,-50.,-26.65));
#21579 = LINE('',#21580,#21581);
#21580 = CARTESIAN_POINT('',(187.3,-50.,-26.65));
#21581 = VECTOR('',#21582,1.);
#21582 = DIRECTION('',(0.,0.,1.));
#21583 = ORIENTED_EDGE('',*,*,#21584,.T.);
#21584 = EDGE_CURVE('',#21577,#21577,#21585,.T.);
#21585 = CIRCLE('',#21586,2.3);
#21586 = AXIS2_PLACEMENT_3D('',#21587,#21588,#21589);
#21587 = CARTESIAN_POINT('',(185.,-50.,-26.65));
#21588 = DIRECTION('',(0.,0.,1.));
#21589 = DIRECTION('',(1.,0.,-0.));
#21590 = ORIENTED_EDGE('',*,*,#21576,.T.);
#21591 = CYLINDRICAL_SURFACE('',#21592,2.3);
#21592 = AXIS2_PLACEMENT_3D('',#21593,#21594,#21595);
#21593 = CARTESIAN_POINT('',(185.,-50.,-26.65));
#21594 = DIRECTION('',(0.,0.,1.));
#21595 = DIRECTION('',(1.,0.,-0.));
#21596 = ADVANCED_FACE('',(#21597,#21600),#21611,.T.);
#21597 = FACE_BOUND('',#21598,.T.);
#21598 = EDGE_LOOP('',(#21599));
#21599 = ORIENTED_EDGE('',*,*,#21567,.T.);
#21600 = FACE_BOUND('',#21601,.T.);
#21601 = EDGE_LOOP('',(#21602));
#21602 = ORIENTED_EDGE('',*,*,#21603,.F.);
#21603 = EDGE_CURVE('',#21604,#21604,#21606,.T.);
#21604 = VERTEX_POINT('',#21605);
#21605 = CARTESIAN_POINT('',(186.5,-50.,-20.95));
#21606 = CIRCLE('',#21607,1.5);
#21607 = AXIS2_PLACEMENT_3D('',#21608,#21609,#21610);
#21608 = CARTESIAN_POINT('',(185.,-50.,-20.95));
#21609 = DIRECTION('',(0.,0.,1.));
#21610 = DIRECTION('',(1.,0.,-0.));
#21611 = PLANE('',#21612);
#21612 = AXIS2_PLACEMENT_3D('',#21613,#21614,#21615);
#21613 = CARTESIAN_POINT('',(185.,-50.,-20.95));
#21614 = DIRECTION('',(0.,0.,1.));
#21615 = DIRECTION('',(1.,0.,-0.));
#21616 = ADVANCED_FACE('',(#21617,#21620),#21631,.F.);
#21617 = FACE_BOUND('',#21618,.F.);
#21618 = EDGE_LOOP('',(#21619));
#21619 = ORIENTED_EDGE('',*,*,#21584,.T.);
#21620 = FACE_BOUND('',#21621,.F.);
#21621 = EDGE_LOOP('',(#21622));
#21622 = ORIENTED_EDGE('',*,*,#21623,.F.);
#21623 = EDGE_CURVE('',#21624,#21624,#21626,.T.);
#21624 = VERTEX_POINT('',#21625);
#21625 = CARTESIAN_POINT('',(186.5,-50.,-26.65));
#21626 = CIRCLE('',#21627,1.5);
#21627 = AXIS2_PLACEMENT_3D('',#21628,#21629,#21630);
#21628 = CARTESIAN_POINT('',(185.,-50.,-26.65));
#21629 = DIRECTION('',(0.,0.,1.));
#21630 = DIRECTION('',(1.,0.,-0.));
#21631 = PLANE('',#21632);
#21632 = AXIS2_PLACEMENT_3D('',#21633,#21634,#21635);
#21633 = CARTESIAN_POINT('',(185.,-50.,-26.65));
#21634 = DIRECTION('',(0.,0.,1.));
#21635 = DIRECTION('',(1.,0.,-0.));
#21636 = ADVANCED_FACE('',(#21637),#21648,.F.);
#21637 = FACE_BOUND('',#21638,.F.);
#21638 = EDGE_LOOP('',(#21639,#21640,#21646,#21647));
#21639 = ORIENTED_EDGE('',*,*,#21603,.F.);
#21640 = ORIENTED_EDGE('',*,*,#21641,.F.);
#21641 = EDGE_CURVE('',#21624,#21604,#21642,.T.);
#21642 = LINE('',#21643,#21644);
#21643 = CARTESIAN_POINT('',(186.5,-50.,-27.65));
#21644 = VECTOR('',#21645,1.);
#21645 = DIRECTION('',(0.,0.,1.));
#21646 = ORIENTED_EDGE('',*,*,#21623,.T.);
#21647 = ORIENTED_EDGE('',*,*,#21641,.T.);
#21648 = CYLINDRICAL_SURFACE('',#21649,1.5);
#21649 = AXIS2_PLACEMENT_3D('',#21650,#21651,#21652);
#21650 = CARTESIAN_POINT('',(185.,-50.,-27.65));
#21651 = DIRECTION('',(0.,0.,1.));
#21652 = DIRECTION('',(1.,0.,-0.));
#21653 = MANIFOLD_SOLID_BREP('',#21654);
#21654 = CLOSED_SHELL('',(#21655,#21688,#21708,#21767,#21792,#21823,
    #21847,#21871,#21895,#21919,#21936,#21945));
#21655 = ADVANCED_FACE('',(#21656),#21683,.T.);
#21656 = FACE_BOUND('',#21657,.T.);
#21657 = EDGE_LOOP('',(#21658,#21667,#21675,#21682));
#21658 = ORIENTED_EDGE('',*,*,#21659,.F.);
#21659 = EDGE_CURVE('',#21660,#21660,#21662,.T.);
#21660 = VERTEX_POINT('',#21661);
#21661 = CARTESIAN_POINT('',(187.75,-50.,-29.39));
#21662 = CIRCLE('',#21663,2.75);
#21663 = AXIS2_PLACEMENT_3D('',#21664,#21665,#21666);
#21664 = CARTESIAN_POINT('',(185.,-50.,-29.39));
#21665 = DIRECTION('',(0.,0.,1.));
#21666 = DIRECTION('',(1.,0.,-0.));
#21667 = ORIENTED_EDGE('',*,*,#21668,.F.);
#21668 = EDGE_CURVE('',#21669,#21660,#21671,.T.);
#21669 = VERTEX_POINT('',#21670);
#21670 = CARTESIAN_POINT('',(187.75,-50.,-32.39));
#21671 = LINE('',#21672,#21673);
#21672 = CARTESIAN_POINT('',(187.75,-50.,-32.39));
#21673 = VECTOR('',#21674,1.);
#21674 = DIRECTION('',(0.,0.,1.));
#21675 = ORIENTED_EDGE('',*,*,#21676,.T.);
#21676 = EDGE_CURVE('',#21669,#21669,#21677,.T.);
#21677 = CIRCLE('',#21678,2.75);
#21678 = AXIS2_PLACEMENT_3D('',#21679,#21680,#21681);
#21679 = CARTESIAN_POINT('',(185.,-50.,-32.39));
#21680 = DIRECTION('',(0.,0.,1.));
#21681 = DIRECTION('',(1.,0.,-0.));
#21682 = ORIENTED_EDGE('',*,*,#21668,.T.);
#21683 = CYLINDRICAL_SURFACE('',#21684,2.75);
#21684 = AXIS2_PLACEMENT_3D('',#21685,#21686,#21687);
#21685 = CARTESIAN_POINT('',(185.,-50.,-32.39));
#21686 = DIRECTION('',(0.,0.,1.));
#21687 = DIRECTION('',(1.,0.,-0.));
#21688 = ADVANCED_FACE('',(#21689,#21692),#21703,.T.);
#21689 = FACE_BOUND('',#21690,.T.);
#21690 = EDGE_LOOP('',(#21691));
#21691 = ORIENTED_EDGE('',*,*,#21659,.T.);
#21692 = FACE_BOUND('',#21693,.T.);
#21693 = EDGE_LOOP('',(#21694));
#21694 = ORIENTED_EDGE('',*,*,#21695,.F.);
#21695 = EDGE_CURVE('',#21696,#21696,#21698,.T.);
#21696 = VERTEX_POINT('',#21697);
#21697 = CARTESIAN_POINT('',(186.5,-50.,-29.39));
#21698 = CIRCLE('',#21699,1.5);
#21699 = AXIS2_PLACEMENT_3D('',#21700,#21701,#21702);
#21700 = CARTESIAN_POINT('',(185.,-50.,-29.39));
#21701 = DIRECTION('',(0.,0.,1.));
#21702 = DIRECTION('',(1.,0.,-0.));
#21703 = PLANE('',#21704);
#21704 = AXIS2_PLACEMENT_3D('',#21705,#21706,#21707);
#21705 = CARTESIAN_POINT('',(185.,-50.,-29.39));
#21706 = DIRECTION('',(0.,0.,1.));
#21707 = DIRECTION('',(1.,0.,-0.));
#21708 = ADVANCED_FACE('',(#21709,#21712),#21762,.F.);
#21709 = FACE_BOUND('',#21710,.F.);
#21710 = EDGE_LOOP('',(#21711));
#21711 = ORIENTED_EDGE('',*,*,#21676,.T.);
#21712 = FACE_BOUND('',#21713,.F.);
#21713 = EDGE_LOOP('',(#21714,#21724,#21732,#21740,#21748,#21756));
#21714 = ORIENTED_EDGE('',*,*,#21715,.T.);
#21715 = EDGE_CURVE('',#21716,#21718,#21720,.T.);
#21716 = VERTEX_POINT('',#21717);
#21717 = CARTESIAN_POINT('',(183.75,-49.27831216351,-32.39));
#21718 = VERTEX_POINT('',#21719);
#21719 = CARTESIAN_POINT('',(185.,-48.55662432702,-32.39));
#21720 = LINE('',#21721,#21722);
#21721 = CARTESIAN_POINT('',(184.6875,-48.73704628614,-32.39));
#21722 = VECTOR('',#21723,1.);
#21723 = DIRECTION('',(0.866025403784,0.5,-0.));
#21724 = ORIENTED_EDGE('',*,*,#21725,.T.);
#21725 = EDGE_CURVE('',#21718,#21726,#21728,.T.);
#21726 = VERTEX_POINT('',#21727);
#21727 = CARTESIAN_POINT('',(186.25,-49.27831216351,-32.39));
#21728 = LINE('',#21729,#21730);
#21729 = CARTESIAN_POINT('',(185.9375,-49.09789020439,-32.39));
#21730 = VECTOR('',#21731,1.);
#21731 = DIRECTION('',(0.866025403784,-0.5,0.));
#21732 = ORIENTED_EDGE('',*,*,#21733,.T.);
#21733 = EDGE_CURVE('',#21726,#21734,#21736,.T.);
#21734 = VERTEX_POINT('',#21735);
#21735 = CARTESIAN_POINT('',(186.25,-50.72168783648,-32.39));
#21736 = LINE('',#21737,#21738);
#21737 = CARTESIAN_POINT('',(186.25,-50.36084391824,-32.39));
#21738 = VECTOR('',#21739,1.);
#21739 = DIRECTION('',(0.,-1.,0.));
#21740 = ORIENTED_EDGE('',*,*,#21741,.T.);
#21741 = EDGE_CURVE('',#21734,#21742,#21744,.T.);
#21742 = VERTEX_POINT('',#21743);
#21743 = CARTESIAN_POINT('',(185.,-51.44337567297,-32.39));
#21744 = LINE('',#21745,#21746);
#21745 = CARTESIAN_POINT('',(185.3125,-51.26295371385,-32.39));
#21746 = VECTOR('',#21747,1.);
#21747 = DIRECTION('',(-0.866025403784,-0.5,0.));
#21748 = ORIENTED_EDGE('',*,*,#21749,.T.);
#21749 = EDGE_CURVE('',#21742,#21750,#21752,.T.);
#21750 = VERTEX_POINT('',#21751);
#21751 = CARTESIAN_POINT('',(183.75,-50.72168783648,-32.39));
#21752 = LINE('',#21753,#21754);
#21753 = CARTESIAN_POINT('',(184.0625,-50.9021097956,-32.39));
#21754 = VECTOR('',#21755,1.);
#21755 = DIRECTION('',(-0.866025403784,0.5,0.));
#21756 = ORIENTED_EDGE('',*,*,#21757,.T.);
#21757 = EDGE_CURVE('',#21750,#21716,#21758,.T.);
#21758 = LINE('',#21759,#21760);
#21759 = CARTESIAN_POINT('',(183.75,-49.63915608175,-32.39));
#21760 = VECTOR('',#21761,1.);
#21761 = DIRECTION('',(-0.,1.,0.));
#21762 = PLANE('',#21763);
#21763 = AXIS2_PLACEMENT_3D('',#21764,#21765,#21766);
#21764 = CARTESIAN_POINT('',(185.,-50.,-32.39));
#21765 = DIRECTION('',(0.,0.,1.));
#21766 = DIRECTION('',(1.,0.,-0.));
#21767 = ADVANCED_FACE('',(#21768),#21787,.T.);
#21768 = FACE_BOUND('',#21769,.T.);
#21769 = EDGE_LOOP('',(#21770,#21779,#21785,#21786));
#21770 = ORIENTED_EDGE('',*,*,#21771,.F.);
#21771 = EDGE_CURVE('',#21772,#21772,#21774,.T.);
#21772 = VERTEX_POINT('',#21773);
#21773 = CARTESIAN_POINT('',(186.5,-50.,-21.39));
#21774 = CIRCLE('',#21775,1.5);
#21775 = AXIS2_PLACEMENT_3D('',#21776,#21777,#21778);
#21776 = CARTESIAN_POINT('',(185.,-50.,-21.39));
#21777 = DIRECTION('',(0.,0.,1.));
#21778 = DIRECTION('',(1.,0.,-0.));
#21779 = ORIENTED_EDGE('',*,*,#21780,.F.);
#21780 = EDGE_CURVE('',#21696,#21772,#21781,.T.);
#21781 = LINE('',#21782,#21783);
#21782 = CARTESIAN_POINT('',(186.5,-50.,-29.39));
#21783 = VECTOR('',#21784,1.);
#21784 = DIRECTION('',(0.,0.,1.));
#21785 = ORIENTED_EDGE('',*,*,#21695,.T.);
#21786 = ORIENTED_EDGE('',*,*,#21780,.T.);
#21787 = CYLINDRICAL_SURFACE('',#21788,1.5);
#21788 = AXIS2_PLACEMENT_3D('',#21789,#21790,#21791);
#21789 = CARTESIAN_POINT('',(185.,-50.,-29.39));
#21790 = DIRECTION('',(0.,0.,1.));
#21791 = DIRECTION('',(1.,0.,-0.));
#21792 = ADVANCED_FACE('',(#21793),#21818,.T.);
#21793 = FACE_BOUND('',#21794,.T.);
#21794 = EDGE_LOOP('',(#21795,#21796,#21804,#21812));
#21795 = ORIENTED_EDGE('',*,*,#21715,.T.);
#21796 = ORIENTED_EDGE('',*,*,#21797,.T.);
#21797 = EDGE_CURVE('',#21718,#21798,#21800,.T.);
#21798 = VERTEX_POINT('',#21799);
#21799 = CARTESIAN_POINT('',(185.,-48.55662432702,-30.59));
#21800 = LINE('',#21801,#21802);
#21801 = CARTESIAN_POINT('',(185.,-48.55662432702,-32.49));
#21802 = VECTOR('',#21803,1.);
#21803 = DIRECTION('',(0.,0.,1.));
#21804 = ORIENTED_EDGE('',*,*,#21805,.T.);
#21805 = EDGE_CURVE('',#21798,#21806,#21808,.T.);
#21806 = VERTEX_POINT('',#21807);
#21807 = CARTESIAN_POINT('',(183.75,-49.27831216351,-30.59));
#21808 = LINE('',#21809,#21810);
#21809 = CARTESIAN_POINT('',(185.,-48.55662432702,-30.59));
#21810 = VECTOR('',#21811,1.);
#21811 = DIRECTION('',(-0.866025403784,-0.5,0.));
#21812 = ORIENTED_EDGE('',*,*,#21813,.F.);
#21813 = EDGE_CURVE('',#21716,#21806,#21814,.T.);
#21814 = LINE('',#21815,#21816);
#21815 = CARTESIAN_POINT('',(183.75,-49.27831216351,-32.49));
#21816 = VECTOR('',#21817,1.);
#21817 = DIRECTION('',(0.,0.,1.));
#21818 = PLANE('',#21819);
#21819 = AXIS2_PLACEMENT_3D('',#21820,#21821,#21822);
#21820 = CARTESIAN_POINT('',(185.,-48.55662432702,-32.49));
#21821 = DIRECTION('',(0.5,-0.866025403784,0.));
#21822 = DIRECTION('',(-0.866025403784,-0.5,0.));
#21823 = ADVANCED_FACE('',(#21824),#21842,.T.);
#21824 = FACE_BOUND('',#21825,.T.);
#21825 = EDGE_LOOP('',(#21826,#21827,#21828,#21836));
#21826 = ORIENTED_EDGE('',*,*,#21757,.T.);
#21827 = ORIENTED_EDGE('',*,*,#21813,.T.);
#21828 = ORIENTED_EDGE('',*,*,#21829,.T.);
#21829 = EDGE_CURVE('',#21806,#21830,#21832,.T.);
#21830 = VERTEX_POINT('',#21831);
#21831 = CARTESIAN_POINT('',(183.75,-50.72168783648,-30.59));
#21832 = LINE('',#21833,#21834);
#21833 = CARTESIAN_POINT('',(183.75,-49.27831216351,-30.59));
#21834 = VECTOR('',#21835,1.);
#21835 = DIRECTION('',(0.,-1.,0.));
#21836 = ORIENTED_EDGE('',*,*,#21837,.F.);
#21837 = EDGE_CURVE('',#21750,#21830,#21838,.T.);
#21838 = LINE('',#21839,#21840);
#21839 = CARTESIAN_POINT('',(183.75,-50.72168783648,-32.49));
#21840 = VECTOR('',#21841,1.);
#21841 = DIRECTION('',(0.,0.,1.));
#21842 = PLANE('',#21843);
#21843 = AXIS2_PLACEMENT_3D('',#21844,#21845,#21846);
#21844 = CARTESIAN_POINT('',(183.75,-49.27831216351,-32.49));
#21845 = DIRECTION('',(1.,0.,-0.));
#21846 = DIRECTION('',(0.,-1.,0.));
#21847 = ADVANCED_FACE('',(#21848),#21866,.T.);
#21848 = FACE_BOUND('',#21849,.T.);
#21849 = EDGE_LOOP('',(#21850,#21851,#21852,#21860));
#21850 = ORIENTED_EDGE('',*,*,#21749,.T.);
#21851 = ORIENTED_EDGE('',*,*,#21837,.T.);
#21852 = ORIENTED_EDGE('',*,*,#21853,.T.);
#21853 = EDGE_CURVE('',#21830,#21854,#21856,.T.);
#21854 = VERTEX_POINT('',#21855);
#21855 = CARTESIAN_POINT('',(185.,-51.44337567297,-30.59));
#21856 = LINE('',#21857,#21858);
#21857 = CARTESIAN_POINT('',(183.75,-50.72168783648,-30.59));
#21858 = VECTOR('',#21859,1.);
#21859 = DIRECTION('',(0.866025403784,-0.5,0.));
#21860 = ORIENTED_EDGE('',*,*,#21861,.F.);
#21861 = EDGE_CURVE('',#21742,#21854,#21862,.T.);
#21862 = LINE('',#21863,#21864);
#21863 = CARTESIAN_POINT('',(185.,-51.44337567297,-32.49));
#21864 = VECTOR('',#21865,1.);
#21865 = DIRECTION('',(0.,0.,1.));
#21866 = PLANE('',#21867);
#21867 = AXIS2_PLACEMENT_3D('',#21868,#21869,#21870);
#21868 = CARTESIAN_POINT('',(183.75,-50.72168783648,-32.49));
#21869 = DIRECTION('',(0.5,0.866025403784,-0.));
#21870 = DIRECTION('',(0.866025403784,-0.5,0.));
#21871 = ADVANCED_FACE('',(#21872),#21890,.T.);
#21872 = FACE_BOUND('',#21873,.T.);
#21873 = EDGE_LOOP('',(#21874,#21875,#21876,#21884));
#21874 = ORIENTED_EDGE('',*,*,#21741,.T.);
#21875 = ORIENTED_EDGE('',*,*,#21861,.T.);
#21876 = ORIENTED_EDGE('',*,*,#21877,.T.);
#21877 = EDGE_CURVE('',#21854,#21878,#21880,.T.);
#21878 = VERTEX_POINT('',#21879);
#21879 = CARTESIAN_POINT('',(186.25,-50.72168783648,-30.59));
#21880 = LINE('',#21881,#21882);
#21881 = CARTESIAN_POINT('',(185.,-51.44337567297,-30.59));
#21882 = VECTOR('',#21883,1.);
#21883 = DIRECTION('',(0.866025403784,0.5,0.));
#21884 = ORIENTED_EDGE('',*,*,#21885,.F.);
#21885 = EDGE_CURVE('',#21734,#21878,#21886,.T.);
#21886 = LINE('',#21887,#21888);
#21887 = CARTESIAN_POINT('',(186.25,-50.72168783648,-32.49));
#21888 = VECTOR('',#21889,1.);
#21889 = DIRECTION('',(0.,0.,1.));
#21890 = PLANE('',#21891);
#21891 = AXIS2_PLACEMENT_3D('',#21892,#21893,#21894);
#21892 = CARTESIAN_POINT('',(185.,-51.44337567297,-32.49));
#21893 = DIRECTION('',(-0.5,0.866025403784,0.));
#21894 = DIRECTION('',(0.866025403784,0.5,0.));
#21895 = ADVANCED_FACE('',(#21896),#21914,.T.);
#21896 = FACE_BOUND('',#21897,.T.);
#21897 = EDGE_LOOP('',(#21898,#21899,#21900,#21908));
#21898 = ORIENTED_EDGE('',*,*,#21733,.T.);
#21899 = ORIENTED_EDGE('',*,*,#21885,.T.);
#21900 = ORIENTED_EDGE('',*,*,#21901,.T.);
#21901 = EDGE_CURVE('',#21878,#21902,#21904,.T.);
#21902 = VERTEX_POINT('',#21903);
#21903 = CARTESIAN_POINT('',(186.25,-49.27831216351,-30.59));
#21904 = LINE('',#21905,#21906);
#21905 = CARTESIAN_POINT('',(186.25,-50.72168783648,-30.59));
#21906 = VECTOR('',#21907,1.);
#21907 = DIRECTION('',(0.,1.,0.));
#21908 = ORIENTED_EDGE('',*,*,#21909,.F.);
#21909 = EDGE_CURVE('',#21726,#21902,#21910,.T.);
#21910 = LINE('',#21911,#21912);
#21911 = CARTESIAN_POINT('',(186.25,-49.27831216351,-32.49));
#21912 = VECTOR('',#21913,1.);
#21913 = DIRECTION('',(0.,0.,1.));
#21914 = PLANE('',#21915);
#21915 = AXIS2_PLACEMENT_3D('',#21916,#21917,#21918);
#21916 = CARTESIAN_POINT('',(186.25,-50.72168783648,-32.49));
#21917 = DIRECTION('',(-1.,0.,0.));
#21918 = DIRECTION('',(0.,1.,0.));
#21919 = ADVANCED_FACE('',(#21920),#21931,.T.);
#21920 = FACE_BOUND('',#21921,.T.);
#21921 = EDGE_LOOP('',(#21922,#21923,#21924,#21930));
#21922 = ORIENTED_EDGE('',*,*,#21725,.T.);
#21923 = ORIENTED_EDGE('',*,*,#21909,.T.);
#21924 = ORIENTED_EDGE('',*,*,#21925,.T.);
#21925 = EDGE_CURVE('',#21902,#21798,#21926,.T.);
#21926 = LINE('',#21927,#21928);
#21927 = CARTESIAN_POINT('',(186.25,-49.27831216351,-30.59));
#21928 = VECTOR('',#21929,1.);
#21929 = DIRECTION('',(-0.866025403784,0.5,0.));
#21930 = ORIENTED_EDGE('',*,*,#21797,.F.);
#21931 = PLANE('',#21932);
#21932 = AXIS2_PLACEMENT_3D('',#21933,#21934,#21935);
#21933 = CARTESIAN_POINT('',(186.25,-49.27831216351,-32.49));
#21934 = DIRECTION('',(-0.5,-0.866025403784,0.));
#21935 = DIRECTION('',(-0.866025403784,0.5,0.));
#21936 = ADVANCED_FACE('',(#21937),#21940,.T.);
#21937 = FACE_BOUND('',#21938,.T.);
#21938 = EDGE_LOOP('',(#21939));
#21939 = ORIENTED_EDGE('',*,*,#21771,.T.);
#21940 = PLANE('',#21941);
#21941 = AXIS2_PLACEMENT_3D('',#21942,#21943,#21944);
#21942 = CARTESIAN_POINT('',(185.,-50.,-21.39));
#21943 = DIRECTION('',(0.,0.,1.));
#21944 = DIRECTION('',(1.,0.,-0.));
#21945 = ADVANCED_FACE('',(#21946),#21954,.F.);
#21946 = FACE_BOUND('',#21947,.F.);
#21947 = EDGE_LOOP('',(#21948,#21949,#21950,#21951,#21952,#21953));
#21948 = ORIENTED_EDGE('',*,*,#21925,.T.);
#21949 = ORIENTED_EDGE('',*,*,#21805,.T.);
#21950 = ORIENTED_EDGE('',*,*,#21829,.T.);
#21951 = ORIENTED_EDGE('',*,*,#21853,.T.);
#21952 = ORIENTED_EDGE('',*,*,#21877,.T.);
#21953 = ORIENTED_EDGE('',*,*,#21901,.T.);
#21954 = PLANE('',#21955);
#21955 = AXIS2_PLACEMENT_3D('',#21956,#21957,#21958);
#21956 = CARTESIAN_POINT('',(185.,-50.,-30.59));
#21957 = DIRECTION('',(0.,0.,1.));
#21958 = DIRECTION('',(1.,0.,-0.));
#21959 = ( GEOMETRIC_REPRESENTATION_CONTEXT(3) 
GLOBAL_UNCERTAINTY_ASSIGNED_CONTEXT((#21963)) 
GLOBAL_UNIT_ASSIGNED_CONTEXT((#21960,#21961,#21962)) 
REPRESENTATION_CONTEXT('Context #1',
  '3D Context with UNIT and UNCERTAINTY') );
#21960 = ( LENGTH_UNIT() NAMED_UNIT(*) SI_UNIT(.MILLI.,.METRE.) );
#21961 = ( NAMED_UNIT(*) PLANE_ANGLE_UNIT() SI_UNIT($,.RADIAN.) );
#21962 = ( NAMED_UNIT(*) SI_UNIT($,.STERADIAN.) SOLID_ANGLE_UNIT() );
#21963 = UNCERTAINTY_MEASURE_WITH_UNIT(LENGTH_MEASURE(1.E-07),#21960,
  'distance_accuracy_value','confusion accuracy');
#21964 = PRODUCT_RELATED_PRODUCT_CATEGORY('part',$,(#7));
ENDSEC;
END-ISO-10303-21;
