ISO-10303-21;
HEADER;
FILE_DESCRIPTION(('FreeCAD Model'),'2;1');
FILE_NAME('Open CASCADE Shape Model','2026-10-08T11:39:23',('FreeCAD'),(
    'FreeCAD'),'Open CASCADE STEP processor 7.8','FreeCAD','Unknown');
FILE_SCHEMA(('AUTOMOTIVE_DESIGN { 1 0 10303 214 1 1 1 1 }'));
ENDSEC;
DATA;
#1 = APPLICATION_PROTOCOL_DEFINITION('international standard',
  'automotive_design',2000,#2);
#2 = APPLICATION_CONTEXT(
  'core data for automotive mechanical design processes');
#3 = SHAPE_DEFINITION_REPRESENTATION(#4,#10);
#4 = PRODUCT_DEFINITION_SHAPE('','',#5);
#5 = PRODUCT_DEFINITION('design','',#6,#9);
#6 = PRODUCT_DEFINITION_FORMATION('','',#7);
#7 = PRODUCT('Open CASCADE STEP translator 7.8 1',
  'Open CASCADE STEP translator 7.8 1','',(#8));
#8 = PRODUCT_CONTEXT('',#2,'mechanical');
#9 = PRODUCT_DEFINITION_CONTEXT('part definition',#2,'design');
#10 = SHAPE_REPRESENTATION('',(#11,#15,#1764,#1856,#2162,#2254,#2509,
    #2601,#2907,#2999,#3254,#3346,#3594,#3900,#4206,#4512,#4818,#5124,
    #6775,#6867,#6959,#7265,#7357,#8123,#8260,#8566,#8821,#9127,#9382,
    #9688,#9943,#10249,#10504,#11270,#11407,#11713,#11968,#12274,#12529,
    #12835,#13090,#13396,#13651,#13899,#14205,#15051,#15357,#15663,
    #15969,#16275,#17233,#17325,#17631,#17723),#18029);
#11 = AXIS2_PLACEMENT_3D('',#12,#13,#14);
#12 = CARTESIAN_POINT('',(0.,0.,0.));
#13 = DIRECTION('',(0.,0.,1.));
#14 = DIRECTION('',(1.,0.,-0.));
#15 = MANIFOLD_SOLID_BREP('',#16);
#16 = CLOSED_SHELL('',(#17,#50,#97,#130,#174,#227,#286,#364,#396,#449,
    #466,#483,#500,#569,#622,#654,#714,#726,#743,#760,#822,#850,#875,
    #900,#920,#945,#970,#987,#1006,#1032,#1052,#1086,#1120,#1144,#1208,
    #1241,#1274,#1305,#1344,#1368,#1385,#1416,#1492,#1527,#1552,#1577,
    #1602,#1627,#1666,#1682,#1710,#1724));
#17 = ADVANCED_FACE('',(#18),#45,.T.);
#18 = FACE_BOUND('',#19,.T.);
#19 = EDGE_LOOP('',(#20,#30,#38));
#20 = ORIENTED_EDGE('',*,*,#21,.F.);
#21 = EDGE_CURVE('',#22,#24,#26,.T.);
#22 = VERTEX_POINT('',#23);
#23 = CARTESIAN_POINT('',(156.,-140.,-17.25));
#24 = VERTEX_POINT('',#25);
#25 = CARTESIAN_POINT('',(158.44816390529,-140.,-17.25));
#26 = LINE('',#27,#28);
#27 = CARTESIAN_POINT('',(156.,-140.,-17.25));
#28 = VECTOR('',#29,1.);
#29 = DIRECTION('',(1.,0.,-0.));
#30 = ORIENTED_EDGE('',*,*,#31,.T.);
#31 = EDGE_CURVE('',#22,#32,#34,.T.);
#32 = VERTEX_POINT('',#33);
#33 = CARTESIAN_POINT('',(156.,-140.,-12.2044511501));
#34 = LINE('',#35,#36);
#35 = CARTESIAN_POINT('',(156.,-140.,-17.25));
#36 = VECTOR('',#37,1.);
#37 = DIRECTION('',(0.,0.,1.));
#38 = ORIENTED_EDGE('',*,*,#39,.F.);
#39 = EDGE_CURVE('',#24,#32,#40,.T.);
#40 = CIRCLE('',#41,31.);
#41 = AXIS2_PLACEMENT_3D('',#42,#43,#44);
#42 = CARTESIAN_POINT('',(185.,-140.,-1.25));
#43 = DIRECTION('',(0.,1.,0.));
#44 = DIRECTION('',(0.,-0.,1.));
#45 = PLANE('',#46);
#46 = AXIS2_PLACEMENT_3D('',#47,#48,#49);
#47 = CARTESIAN_POINT('',(156.,-140.,-17.25));
#48 = DIRECTION('',(-0.,1.,0.));
#49 = DIRECTION('',(0.,0.,1.));
#50 = ADVANCED_FACE('',(#51),#92,.T.);
#51 = FACE_BOUND('',#52,.T.);
#52 = EDGE_LOOP('',(#53,#61,#62,#70,#78,#86));
#53 = ORIENTED_EDGE('',*,*,#54,.T.);
#54 = EDGE_CURVE('',#55,#22,#57,.T.);
#55 = VERTEX_POINT('',#56);
#56 = CARTESIAN_POINT('',(156.,-173.,-17.25));
#57 = LINE('',#58,#59);
#58 = CARTESIAN_POINT('',(156.,-173.,-17.25));
#59 = VECTOR('',#60,1.);
#60 = DIRECTION('',(-0.,1.,0.));
#61 = ORIENTED_EDGE('',*,*,#21,.T.);
#62 = ORIENTED_EDGE('',*,*,#63,.F.);
#63 = EDGE_CURVE('',#64,#24,#66,.T.);
#64 = VERTEX_POINT('',#65);
#65 = CARTESIAN_POINT('',(158.44816390529,-148.,-17.25));
#66 = LINE('',#67,#68);
#67 = CARTESIAN_POINT('',(158.44816390529,-148.,-17.25));
#68 = VECTOR('',#69,1.);
#69 = DIRECTION('',(0.,1.,0.));
#70 = ORIENTED_EDGE('',*,*,#71,.T.);
#71 = EDGE_CURVE('',#64,#72,#74,.T.);
#72 = VERTEX_POINT('',#73);
#73 = CARTESIAN_POINT('',(167.,-148.,-17.25));
#74 = LINE('',#75,#76);
#75 = CARTESIAN_POINT('',(156.,-148.,-17.25));
#76 = VECTOR('',#77,1.);
#77 = DIRECTION('',(1.,0.,-0.));
#78 = ORIENTED_EDGE('',*,*,#79,.F.);
#79 = EDGE_CURVE('',#80,#72,#82,.T.);
#80 = VERTEX_POINT('',#81);
#81 = CARTESIAN_POINT('',(167.,-173.,-17.25));
#82 = LINE('',#83,#84);
#83 = CARTESIAN_POINT('',(167.,-173.,-17.25));
#84 = VECTOR('',#85,1.);
#85 = DIRECTION('',(-0.,1.,0.));
#86 = ORIENTED_EDGE('',*,*,#87,.F.);
#87 = EDGE_CURVE('',#55,#80,#88,.T.);
#88 = LINE('',#89,#90);
#89 = CARTESIAN_POINT('',(156.,-173.,-17.25));
#90 = VECTOR('',#91,1.);
#91 = DIRECTION('',(1.,0.,-0.));
#92 = PLANE('',#93);
#93 = AXIS2_PLACEMENT_3D('',#94,#95,#96);
#94 = CARTESIAN_POINT('',(160.72256035502,-157.2774396449,-17.25));
#95 = DIRECTION('',(-0.,-0.,-1.));
#96 = DIRECTION('',(-1.,0.,0.));
#97 = ADVANCED_FACE('',(#98),#125,.T.);
#98 = FACE_BOUND('',#99,.T.);
#99 = EDGE_LOOP('',(#100,#109,#117,#124));
#100 = ORIENTED_EDGE('',*,*,#101,.F.);
#101 = EDGE_CURVE('',#102,#80,#104,.T.);
#102 = VERTEX_POINT('',#103);
#103 = CARTESIAN_POINT('',(167.,-173.,14.75));
#104 = CIRCLE('',#105,16.);
#105 = AXIS2_PLACEMENT_3D('',#106,#107,#108);
#106 = CARTESIAN_POINT('',(167.,-173.,-1.25));
#107 = DIRECTION('',(1.,0.,0.));
#108 = DIRECTION('',(-0.,0.,1.));
#109 = ORIENTED_EDGE('',*,*,#110,.F.);
#110 = EDGE_CURVE('',#111,#102,#113,.T.);
#111 = VERTEX_POINT('',#112);
#112 = CARTESIAN_POINT('',(156.,-173.,14.75));
#113 = LINE('',#114,#115);
#114 = CARTESIAN_POINT('',(156.,-173.,14.75));
#115 = VECTOR('',#116,1.);
#116 = DIRECTION('',(1.,0.,-0.));
#117 = ORIENTED_EDGE('',*,*,#118,.T.);
#118 = EDGE_CURVE('',#111,#55,#119,.T.);
#119 = CIRCLE('',#120,16.);
#120 = AXIS2_PLACEMENT_3D('',#121,#122,#123);
#121 = CARTESIAN_POINT('',(156.,-173.,-1.25));
#122 = DIRECTION('',(1.,0.,0.));
#123 = DIRECTION('',(-0.,0.,1.));
#124 = ORIENTED_EDGE('',*,*,#87,.T.);
#125 = CYLINDRICAL_SURFACE('',#126,16.);
#126 = AXIS2_PLACEMENT_3D('',#127,#128,#129);
#127 = CARTESIAN_POINT('',(156.,-173.,-1.25));
#128 = DIRECTION('',(1.,0.,0.));
#129 = DIRECTION('',(-0.,0.,1.));
#130 = ADVANCED_FACE('',(#131,#149),#169,.T.);
#131 = FACE_BOUND('',#132,.T.);
#132 = EDGE_LOOP('',(#133,#134,#135,#143));
#133 = ORIENTED_EDGE('',*,*,#101,.T.);
#134 = ORIENTED_EDGE('',*,*,#79,.T.);
#135 = ORIENTED_EDGE('',*,*,#136,.T.);
#136 = EDGE_CURVE('',#72,#137,#139,.T.);
#137 = VERTEX_POINT('',#138);
#138 = CARTESIAN_POINT('',(167.,-148.,14.75));
#139 = LINE('',#140,#141);
#140 = CARTESIAN_POINT('',(167.,-148.,-17.25));
#141 = VECTOR('',#142,1.);
#142 = DIRECTION('',(0.,0.,1.));
#143 = ORIENTED_EDGE('',*,*,#144,.F.);
#144 = EDGE_CURVE('',#102,#137,#145,.T.);
#145 = LINE('',#146,#147);
#146 = CARTESIAN_POINT('',(167.,-173.,14.75));
#147 = VECTOR('',#148,1.);
#148 = DIRECTION('',(-0.,1.,0.));
#149 = FACE_BOUND('',#150,.T.);
#150 = EDGE_LOOP('',(#151,#162));
#151 = ORIENTED_EDGE('',*,*,#152,.F.);
#152 = EDGE_CURVE('',#153,#155,#157,.T.);
#153 = VERTEX_POINT('',#154);
#154 = CARTESIAN_POINT('',(167.,-173.,-9.25));
#155 = VERTEX_POINT('',#156);
#156 = CARTESIAN_POINT('',(167.,-173.,6.75));
#157 = CIRCLE('',#158,8.);
#158 = AXIS2_PLACEMENT_3D('',#159,#160,#161);
#159 = CARTESIAN_POINT('',(167.,-173.,-1.25));
#160 = DIRECTION('',(1.,0.,0.));
#161 = DIRECTION('',(-0.,0.,1.));
#162 = ORIENTED_EDGE('',*,*,#163,.F.);
#163 = EDGE_CURVE('',#155,#153,#164,.T.);
#164 = CIRCLE('',#165,8.);
#165 = AXIS2_PLACEMENT_3D('',#166,#167,#168);
#166 = CARTESIAN_POINT('',(167.,-173.,-1.25));
#167 = DIRECTION('',(1.,0.,0.));
#168 = DIRECTION('',(-0.,0.,1.));
#169 = PLANE('',#170);
#170 = AXIS2_PLACEMENT_3D('',#171,#172,#173);
#171 = CARTESIAN_POINT('',(167.,-165.4492692825,-1.25));
#172 = DIRECTION('',(1.,0.,0.));
#173 = DIRECTION('',(-0.,0.,1.));
#174 = ADVANCED_FACE('',(#175),#222,.T.);
#175 = FACE_BOUND('',#176,.T.);
#176 = EDGE_LOOP('',(#177,#188,#197,#206,#215));
#177 = ORIENTED_EDGE('',*,*,#178,.F.);
#178 = EDGE_CURVE('',#179,#181,#183,.T.);
#179 = VERTEX_POINT('',#180);
#180 = CARTESIAN_POINT('',(201.53659434011,-148.,14.75));
#181 = VERTEX_POINT('',#182);
#182 = CARTESIAN_POINT('',(168.46340565987,-148.,14.75));
#183 = CIRCLE('',#184,23.009975062344);
#184 = AXIS2_PLACEMENT_3D('',#185,#186,#187);
#185 = CARTESIAN_POINT('',(185.,-148.,-1.25));
#186 = DIRECTION('',(0.,-1.,0.));
#187 = DIRECTION('',(0.,-0.,-1.));
#188 = ORIENTED_EDGE('',*,*,#189,.F.);
#189 = EDGE_CURVE('',#190,#179,#192,.T.);
#190 = VERTEX_POINT('',#191);
#191 = CARTESIAN_POINT('',(211.5518360947,-139.99,14.75));
#192 = HYPERBOLA('',#193,16.04,16.);
#193 = AXIS2_PLACEMENT_3D('',#194,#195,#196);
#194 = CARTESIAN_POINT('',(185.,-171.0675,14.75));
#195 = DIRECTION('',(0.,0.,1.));
#196 = DIRECTION('',(-0.,1.,0.));
#197 = ORIENTED_EDGE('',*,*,#198,.T.);
#198 = EDGE_CURVE('',#190,#199,#201,.T.);
#199 = VERTEX_POINT('',#200);
#200 = CARTESIAN_POINT('',(185.,-139.99,29.75));
#201 = CIRCLE('',#202,31.);
#202 = AXIS2_PLACEMENT_3D('',#203,#204,#205);
#203 = CARTESIAN_POINT('',(185.,-139.99,-1.25));
#204 = DIRECTION('',(0.,-1.,0.));
#205 = DIRECTION('',(0.,-0.,-1.));
#206 = ORIENTED_EDGE('',*,*,#207,.T.);
#207 = EDGE_CURVE('',#199,#208,#210,.T.);
#208 = VERTEX_POINT('',#209);
#209 = CARTESIAN_POINT('',(158.44816390529,-139.99,14.75));
#210 = CIRCLE('',#211,31.);
#211 = AXIS2_PLACEMENT_3D('',#212,#213,#214);
#212 = CARTESIAN_POINT('',(185.,-139.99,-1.25));
#213 = DIRECTION('',(0.,-1.,0.));
#214 = DIRECTION('',(0.,-0.,-1.));
#215 = ORIENTED_EDGE('',*,*,#216,.F.);
#216 = EDGE_CURVE('',#181,#208,#217,.T.);
#217 = HYPERBOLA('',#218,16.04,16.);
#218 = AXIS2_PLACEMENT_3D('',#219,#220,#221);
#219 = CARTESIAN_POINT('',(185.,-171.0675,14.75));
#220 = DIRECTION('',(0.,0.,1.));
#221 = DIRECTION('',(-0.,1.,0.));
#222 = CONICAL_SURFACE('',#223,31.,0.784149724595);
#223 = AXIS2_PLACEMENT_3D('',#224,#225,#226);
#224 = CARTESIAN_POINT('',(185.,-139.99,-1.25));
#225 = DIRECTION('',(-0.,1.,-0.));
#226 = DIRECTION('',(0.,-0.,-1.));
#227 = ADVANCED_FACE('',(#228,#270),#281,.T.);
#228 = FACE_BOUND('',#229,.T.);
#229 = EDGE_LOOP('',(#230,#231,#232,#241,#249,#257,#263,#264));
#230 = ORIENTED_EDGE('',*,*,#136,.F.);
#231 = ORIENTED_EDGE('',*,*,#71,.F.);
#232 = ORIENTED_EDGE('',*,*,#233,.F.);
#233 = EDGE_CURVE('',#234,#64,#236,.T.);
#234 = VERTEX_POINT('',#235);
#235 = CARTESIAN_POINT('',(211.5518360947,-148.,-17.25));
#236 = CIRCLE('',#237,31.);
#237 = AXIS2_PLACEMENT_3D('',#238,#239,#240);
#238 = CARTESIAN_POINT('',(185.,-148.,-1.25));
#239 = DIRECTION('',(0.,1.,0.));
#240 = DIRECTION('',(0.,-0.,1.));
#241 = ORIENTED_EDGE('',*,*,#242,.T.);
#242 = EDGE_CURVE('',#234,#243,#245,.T.);
#243 = VERTEX_POINT('',#244);
#244 = CARTESIAN_POINT('',(219.9,-148.,-17.25));
#245 = LINE('',#246,#247);
#246 = CARTESIAN_POINT('',(156.,-148.,-17.25));
#247 = VECTOR('',#248,1.);
#248 = DIRECTION('',(1.,0.,-0.));
#249 = ORIENTED_EDGE('',*,*,#250,.T.);
#250 = EDGE_CURVE('',#243,#251,#253,.T.);
#251 = VERTEX_POINT('',#252);
#252 = CARTESIAN_POINT('',(219.9,-148.,14.75));
#253 = LINE('',#254,#255);
#254 = CARTESIAN_POINT('',(219.9,-148.,-17.25));
#255 = VECTOR('',#256,1.);
#256 = DIRECTION('',(0.,0.,1.));
#257 = ORIENTED_EDGE('',*,*,#258,.F.);
#258 = EDGE_CURVE('',#179,#251,#259,.T.);
#259 = LINE('',#260,#261);
#260 = CARTESIAN_POINT('',(156.,-148.,14.75));
#261 = VECTOR('',#262,1.);
#262 = DIRECTION('',(1.,0.,-0.));
#263 = ORIENTED_EDGE('',*,*,#178,.T.);
#264 = ORIENTED_EDGE('',*,*,#265,.F.);
#265 = EDGE_CURVE('',#137,#181,#266,.T.);
#266 = LINE('',#267,#268);
#267 = CARTESIAN_POINT('',(156.,-148.,14.75));
#268 = VECTOR('',#269,1.);
#269 = DIRECTION('',(1.,0.,-0.));
#270 = FACE_BOUND('',#271,.T.);
#271 = EDGE_LOOP('',(#272));
#272 = ORIENTED_EDGE('',*,*,#273,.F.);
#273 = EDGE_CURVE('',#274,#274,#276,.T.);
#274 = VERTEX_POINT('',#275);
#275 = CARTESIAN_POINT('',(185.,-148.,-6.25));
#276 = CIRCLE('',#277,5.);
#277 = AXIS2_PLACEMENT_3D('',#278,#279,#280);
#278 = CARTESIAN_POINT('',(185.,-148.,-1.25));
#279 = DIRECTION('',(0.,-1.,0.));
#280 = DIRECTION('',(0.,-0.,-1.));
#281 = PLANE('',#282);
#282 = AXIS2_PLACEMENT_3D('',#283,#284,#285);
#283 = CARTESIAN_POINT('',(190.27656091012,-148.,-5.103494613046));
#284 = DIRECTION('',(-0.,-1.,-0.));
#285 = DIRECTION('',(0.,0.,-1.));
#286 = ADVANCED_FACE('',(#287,#337,#348),#359,.T.);
#287 = FACE_BOUND('',#288,.T.);
#288 = EDGE_LOOP('',(#289,#299,#307,#315,#323,#331));
#289 = ORIENTED_EDGE('',*,*,#290,.F.);
#290 = EDGE_CURVE('',#291,#293,#295,.T.);
#291 = VERTEX_POINT('',#292);
#292 = CARTESIAN_POINT('',(184.,-140.,-32.23386676965));
#293 = VERTEX_POINT('',#294);
#294 = CARTESIAN_POINT('',(184.,-140.,-29.33220076845));
#295 = LINE('',#296,#297);
#296 = CARTESIAN_POINT('',(184.,-140.,-46.25));
#297 = VECTOR('',#298,1.);
#298 = DIRECTION('',(0.,0.,1.));
#299 = ORIENTED_EDGE('',*,*,#300,.T.);
#300 = EDGE_CURVE('',#291,#301,#303,.T.);
#301 = VERTEX_POINT('',#302);
#302 = CARTESIAN_POINT('',(184.,-138.,-32.23386676965));
#303 = LINE('',#304,#305);
#304 = CARTESIAN_POINT('',(184.,-140.,-32.23386676965));
#305 = VECTOR('',#306,1.);
#306 = DIRECTION('',(0.,1.,0.));
#307 = ORIENTED_EDGE('',*,*,#308,.T.);
#308 = EDGE_CURVE('',#301,#309,#311,.T.);
#309 = VERTEX_POINT('',#310);
#310 = CARTESIAN_POINT('',(184.,-138.,-42.25));
#311 = LINE('',#312,#313);
#312 = CARTESIAN_POINT('',(184.,-138.,-44.25));
#313 = VECTOR('',#314,1.);
#314 = DIRECTION('',(-0.,0.,-1.));
#315 = ORIENTED_EDGE('',*,*,#316,.T.);
#316 = EDGE_CURVE('',#309,#317,#319,.T.);
#317 = VERTEX_POINT('',#318);
#318 = CARTESIAN_POINT('',(184.,-115.,-42.25));
#319 = LINE('',#320,#321);
#320 = CARTESIAN_POINT('',(184.,-139.,-42.25));
#321 = VECTOR('',#322,1.);
#322 = DIRECTION('',(-0.,1.,0.));
#323 = ORIENTED_EDGE('',*,*,#324,.F.);
#324 = EDGE_CURVE('',#325,#317,#327,.T.);
#325 = VERTEX_POINT('',#326);
#326 = CARTESIAN_POINT('',(184.,-115.,-29.33220076845));
#327 = LINE('',#328,#329);
#328 = CARTESIAN_POINT('',(184.,-115.,-44.25));
#329 = VECTOR('',#330,1.);
#330 = DIRECTION('',(-0.,0.,-1.));
#331 = ORIENTED_EDGE('',*,*,#332,.F.);
#332 = EDGE_CURVE('',#293,#325,#333,.T.);
#333 = LINE('',#334,#335);
#334 = CARTESIAN_POINT('',(184.,-140.,-29.33220076845));
#335 = VECTOR('',#336,1.);
#336 = DIRECTION('',(0.,1.,0.));
#337 = FACE_BOUND('',#338,.T.);
#338 = EDGE_LOOP('',(#339));
#339 = ORIENTED_EDGE('',*,*,#340,.F.);
#340 = EDGE_CURVE('',#341,#341,#343,.T.);
#341 = VERTEX_POINT('',#342);
#342 = CARTESIAN_POINT('',(184.,-121.,-35.55));
#343 = CIRCLE('',#344,1.7);
#344 = AXIS2_PLACEMENT_3D('',#345,#346,#347);
#345 = CARTESIAN_POINT('',(184.,-121.,-37.25));
#346 = DIRECTION('',(1.,0.,0.));
#347 = DIRECTION('',(-0.,0.,1.));
#348 = FACE_BOUND('',#349,.T.);
#349 = EDGE_LOOP('',(#350));
#350 = ORIENTED_EDGE('',*,*,#351,.F.);
#351 = EDGE_CURVE('',#352,#352,#354,.T.);
#352 = VERTEX_POINT('',#353);
#353 = CARTESIAN_POINT('',(184.,-132.,-35.55));
#354 = CIRCLE('',#355,1.7);
#355 = AXIS2_PLACEMENT_3D('',#356,#357,#358);
#356 = CARTESIAN_POINT('',(184.,-132.,-37.25));
#357 = DIRECTION('',(1.,0.,0.));
#358 = DIRECTION('',(-0.,0.,1.));
#359 = PLANE('',#360);
#360 = AXIS2_PLACEMENT_3D('',#361,#362,#363);
#361 = CARTESIAN_POINT('',(184.,-140.,-46.25));
#362 = DIRECTION('',(1.,0.,-0.));
#363 = DIRECTION('',(0.,0.,1.));
#364 = ADVANCED_FACE('',(#365),#391,.F.);
#365 = FACE_BOUND('',#366,.F.);
#366 = EDGE_LOOP('',(#367,#368,#376,#384));
#367 = ORIENTED_EDGE('',*,*,#308,.T.);
#368 = ORIENTED_EDGE('',*,*,#369,.F.);
#369 = EDGE_CURVE('',#370,#309,#372,.T.);
#370 = VERTEX_POINT('',#371);
#371 = CARTESIAN_POINT('',(178.,-138.,-42.25));
#372 = LINE('',#373,#374);
#373 = CARTESIAN_POINT('',(178.,-138.,-42.25));
#374 = VECTOR('',#375,1.);
#375 = DIRECTION('',(1.,0.,-0.));
#376 = ORIENTED_EDGE('',*,*,#377,.T.);
#377 = EDGE_CURVE('',#370,#378,#380,.T.);
#378 = VERTEX_POINT('',#379);
#379 = CARTESIAN_POINT('',(178.,-138.,-31.44933774108));
#380 = LINE('',#381,#382);
#381 = CARTESIAN_POINT('',(178.,-138.,-42.25));
#382 = VECTOR('',#383,1.);
#383 = DIRECTION('',(0.,0.,1.));
#384 = ORIENTED_EDGE('',*,*,#385,.F.);
#385 = EDGE_CURVE('',#301,#378,#386,.T.);
#386 = CIRCLE('',#387,31.);
#387 = AXIS2_PLACEMENT_3D('',#388,#389,#390);
#388 = CARTESIAN_POINT('',(185.,-138.,-1.25));
#389 = DIRECTION('',(0.,1.,0.));
#390 = DIRECTION('',(0.,-0.,1.));
#391 = PLANE('',#392);
#392 = AXIS2_PLACEMENT_3D('',#393,#394,#395);
#393 = CARTESIAN_POINT('',(178.,-138.,-42.25));
#394 = DIRECTION('',(-0.,1.,0.));
#395 = DIRECTION('',(0.,0.,1.));
#396 = ADVANCED_FACE('',(#397,#422,#433),#444,.F.);
#397 = FACE_BOUND('',#398,.F.);
#398 = EDGE_LOOP('',(#399,#400,#408,#416));
#399 = ORIENTED_EDGE('',*,*,#377,.F.);
#400 = ORIENTED_EDGE('',*,*,#401,.T.);
#401 = EDGE_CURVE('',#370,#402,#404,.T.);
#402 = VERTEX_POINT('',#403);
#403 = CARTESIAN_POINT('',(178.,-115.,-42.25));
#404 = LINE('',#405,#406);
#405 = CARTESIAN_POINT('',(178.,-138.,-42.25));
#406 = VECTOR('',#407,1.);
#407 = DIRECTION('',(-0.,1.,0.));
#408 = ORIENTED_EDGE('',*,*,#409,.T.);
#409 = EDGE_CURVE('',#402,#410,#412,.T.);
#410 = VERTEX_POINT('',#411);
#411 = CARTESIAN_POINT('',(178.,-115.,-31.44933774108));
#412 = LINE('',#413,#414);
#413 = CARTESIAN_POINT('',(178.,-115.,-42.25));
#414 = VECTOR('',#415,1.);
#415 = DIRECTION('',(0.,0.,1.));
#416 = ORIENTED_EDGE('',*,*,#417,.F.);
#417 = EDGE_CURVE('',#378,#410,#418,.T.);
#418 = LINE('',#419,#420);
#419 = CARTESIAN_POINT('',(178.,-140.,-31.44933774108));
#420 = VECTOR('',#421,1.);
#421 = DIRECTION('',(0.,1.,0.));
#422 = FACE_BOUND('',#423,.F.);
#423 = EDGE_LOOP('',(#424));
#424 = ORIENTED_EDGE('',*,*,#425,.F.);
#425 = EDGE_CURVE('',#426,#426,#428,.T.);
#426 = VERTEX_POINT('',#427);
#427 = CARTESIAN_POINT('',(178.,-121.,-35.55));
#428 = CIRCLE('',#429,1.7);
#429 = AXIS2_PLACEMENT_3D('',#430,#431,#432);
#430 = CARTESIAN_POINT('',(178.,-121.,-37.25));
#431 = DIRECTION('',(1.,0.,0.));
#432 = DIRECTION('',(-0.,0.,1.));
#433 = FACE_BOUND('',#434,.F.);
#434 = EDGE_LOOP('',(#435));
#435 = ORIENTED_EDGE('',*,*,#436,.F.);
#436 = EDGE_CURVE('',#437,#437,#439,.T.);
#437 = VERTEX_POINT('',#438);
#438 = CARTESIAN_POINT('',(178.,-132.,-35.55));
#439 = CIRCLE('',#440,1.7);
#440 = AXIS2_PLACEMENT_3D('',#441,#442,#443);
#441 = CARTESIAN_POINT('',(178.,-132.,-37.25));
#442 = DIRECTION('',(1.,0.,0.));
#443 = DIRECTION('',(-0.,0.,1.));
#444 = PLANE('',#445);
#445 = AXIS2_PLACEMENT_3D('',#446,#447,#448);
#446 = CARTESIAN_POINT('',(178.,-138.,-42.25));
#447 = DIRECTION('',(1.,0.,-0.));
#448 = DIRECTION('',(0.,0.,1.));
#449 = ADVANCED_FACE('',(#450),#461,.F.);
#450 = FACE_BOUND('',#451,.F.);
#451 = EDGE_LOOP('',(#452,#458,#459,#460));
#452 = ORIENTED_EDGE('',*,*,#453,.F.);
#453 = EDGE_CURVE('',#402,#317,#454,.T.);
#454 = LINE('',#455,#456);
#455 = CARTESIAN_POINT('',(178.,-115.,-42.25));
#456 = VECTOR('',#457,1.);
#457 = DIRECTION('',(1.,0.,-0.));
#458 = ORIENTED_EDGE('',*,*,#401,.F.);
#459 = ORIENTED_EDGE('',*,*,#369,.T.);
#460 = ORIENTED_EDGE('',*,*,#316,.T.);
#461 = PLANE('',#462);
#462 = AXIS2_PLACEMENT_3D('',#463,#464,#465);
#463 = CARTESIAN_POINT('',(178.,-138.,-42.25));
#464 = DIRECTION('',(0.,0.,1.));
#465 = DIRECTION('',(1.,0.,-0.));
#466 = ADVANCED_FACE('',(#467),#478,.F.);
#467 = FACE_BOUND('',#468,.F.);
#468 = EDGE_LOOP('',(#469,#470,#476,#477));
#469 = ORIENTED_EDGE('',*,*,#340,.F.);
#470 = ORIENTED_EDGE('',*,*,#471,.F.);
#471 = EDGE_CURVE('',#426,#341,#472,.T.);
#472 = LINE('',#473,#474);
#473 = CARTESIAN_POINT('',(177.,-121.,-35.55));
#474 = VECTOR('',#475,1.);
#475 = DIRECTION('',(1.,0.,0.));
#476 = ORIENTED_EDGE('',*,*,#425,.T.);
#477 = ORIENTED_EDGE('',*,*,#471,.T.);
#478 = CYLINDRICAL_SURFACE('',#479,1.7);
#479 = AXIS2_PLACEMENT_3D('',#480,#481,#482);
#480 = CARTESIAN_POINT('',(177.,-121.,-37.25));
#481 = DIRECTION('',(1.,0.,0.));
#482 = DIRECTION('',(-0.,0.,1.));
#483 = ADVANCED_FACE('',(#484),#495,.F.);
#484 = FACE_BOUND('',#485,.F.);
#485 = EDGE_LOOP('',(#486,#487,#493,#494));
#486 = ORIENTED_EDGE('',*,*,#351,.F.);
#487 = ORIENTED_EDGE('',*,*,#488,.F.);
#488 = EDGE_CURVE('',#437,#352,#489,.T.);
#489 = LINE('',#490,#491);
#490 = CARTESIAN_POINT('',(177.,-132.,-35.55));
#491 = VECTOR('',#492,1.);
#492 = DIRECTION('',(1.,0.,0.));
#493 = ORIENTED_EDGE('',*,*,#436,.T.);
#494 = ORIENTED_EDGE('',*,*,#488,.T.);
#495 = CYLINDRICAL_SURFACE('',#496,1.7);
#496 = AXIS2_PLACEMENT_3D('',#497,#498,#499);
#497 = CARTESIAN_POINT('',(177.,-132.,-37.25));
#498 = DIRECTION('',(1.,0.,0.));
#499 = DIRECTION('',(-0.,0.,1.));
#500 = ADVANCED_FACE('',(#501),#564,.T.);
#501 = FACE_BOUND('',#502,.T.);
#502 = EDGE_LOOP('',(#503,#504,#505,#506,#515,#524,#532,#540,#548,#557)
  );
#503 = ORIENTED_EDGE('',*,*,#324,.T.);
#504 = ORIENTED_EDGE('',*,*,#453,.F.);
#505 = ORIENTED_EDGE('',*,*,#409,.T.);
#506 = ORIENTED_EDGE('',*,*,#507,.T.);
#507 = EDGE_CURVE('',#410,#508,#510,.T.);
#508 = VERTEX_POINT('',#509);
#509 = CARTESIAN_POINT('',(185.,-115.,29.75));
#510 = CIRCLE('',#511,31.);
#511 = AXIS2_PLACEMENT_3D('',#512,#513,#514);
#512 = CARTESIAN_POINT('',(185.,-115.,-1.25));
#513 = DIRECTION('',(0.,1.,0.));
#514 = DIRECTION('',(0.,-0.,1.));
#515 = ORIENTED_EDGE('',*,*,#516,.T.);
#516 = EDGE_CURVE('',#508,#517,#519,.T.);
#517 = VERTEX_POINT('',#518);
#518 = CARTESIAN_POINT('',(192.,-115.,-31.44933774108));
#519 = CIRCLE('',#520,31.);
#520 = AXIS2_PLACEMENT_3D('',#521,#522,#523);
#521 = CARTESIAN_POINT('',(185.,-115.,-1.25));
#522 = DIRECTION('',(0.,1.,0.));
#523 = DIRECTION('',(0.,-0.,1.));
#524 = ORIENTED_EDGE('',*,*,#525,.F.);
#525 = EDGE_CURVE('',#526,#517,#528,.T.);
#526 = VERTEX_POINT('',#527);
#527 = CARTESIAN_POINT('',(192.,-115.,-42.25));
#528 = LINE('',#529,#530);
#529 = CARTESIAN_POINT('',(192.,-115.,-42.25));
#530 = VECTOR('',#531,1.);
#531 = DIRECTION('',(0.,0.,1.));
#532 = ORIENTED_EDGE('',*,*,#533,.F.);
#533 = EDGE_CURVE('',#534,#526,#536,.T.);
#534 = VERTEX_POINT('',#535);
#535 = CARTESIAN_POINT('',(186.,-115.,-42.25));
#536 = LINE('',#537,#538);
#537 = CARTESIAN_POINT('',(178.,-115.,-42.25));
#538 = VECTOR('',#539,1.);
#539 = DIRECTION('',(1.,0.,-0.));
#540 = ORIENTED_EDGE('',*,*,#541,.F.);
#541 = EDGE_CURVE('',#542,#534,#544,.T.);
#542 = VERTEX_POINT('',#543);
#543 = CARTESIAN_POINT('',(186.,-115.,-29.33220076845));
#544 = LINE('',#545,#546);
#545 = CARTESIAN_POINT('',(186.,-115.,-44.25));
#546 = VECTOR('',#547,1.);
#547 = DIRECTION('',(-0.,0.,-1.));
#548 = ORIENTED_EDGE('',*,*,#549,.F.);
#549 = EDGE_CURVE('',#550,#542,#552,.T.);
#550 = VERTEX_POINT('',#551);
#551 = CARTESIAN_POINT('',(185.,-115.,26.85));
#552 = CIRCLE('',#553,28.1);
#553 = AXIS2_PLACEMENT_3D('',#554,#555,#556);
#554 = CARTESIAN_POINT('',(185.,-115.,-1.25));
#555 = DIRECTION('',(0.,1.,0.));
#556 = DIRECTION('',(0.,-0.,1.));
#557 = ORIENTED_EDGE('',*,*,#558,.F.);
#558 = EDGE_CURVE('',#325,#550,#559,.T.);
#559 = CIRCLE('',#560,28.1);
#560 = AXIS2_PLACEMENT_3D('',#561,#562,#563);
#561 = CARTESIAN_POINT('',(185.,-115.,-1.25));
#562 = DIRECTION('',(0.,1.,0.));
#563 = DIRECTION('',(0.,-0.,1.));
#564 = PLANE('',#565);
#565 = AXIS2_PLACEMENT_3D('',#566,#567,#568);
#566 = CARTESIAN_POINT('',(185.,-115.,-5.552472249236));
#567 = DIRECTION('',(0.,1.,0.));
#568 = DIRECTION('',(0.,-0.,1.));
#569 = ADVANCED_FACE('',(#570,#595,#606),#617,.T.);
#570 = FACE_BOUND('',#571,.T.);
#571 = EDGE_LOOP('',(#572,#582,#588,#589));
#572 = ORIENTED_EDGE('',*,*,#573,.F.);
#573 = EDGE_CURVE('',#574,#576,#578,.T.);
#574 = VERTEX_POINT('',#575);
#575 = CARTESIAN_POINT('',(192.,-138.,-42.25));
#576 = VERTEX_POINT('',#577);
#577 = CARTESIAN_POINT('',(192.,-138.,-31.44933774108));
#578 = LINE('',#579,#580);
#579 = CARTESIAN_POINT('',(192.,-138.,-42.25));
#580 = VECTOR('',#581,1.);
#581 = DIRECTION('',(0.,0.,1.));
#582 = ORIENTED_EDGE('',*,*,#583,.T.);
#583 = EDGE_CURVE('',#574,#526,#584,.T.);
#584 = LINE('',#585,#586);
#585 = CARTESIAN_POINT('',(192.,-138.,-42.25));
#586 = VECTOR('',#587,1.);
#587 = DIRECTION('',(-0.,1.,0.));
#588 = ORIENTED_EDGE('',*,*,#525,.T.);
#589 = ORIENTED_EDGE('',*,*,#590,.F.);
#590 = EDGE_CURVE('',#576,#517,#591,.T.);
#591 = LINE('',#592,#593);
#592 = CARTESIAN_POINT('',(192.,-140.,-31.44933774108));
#593 = VECTOR('',#594,1.);
#594 = DIRECTION('',(0.,1.,0.));
#595 = FACE_BOUND('',#596,.T.);
#596 = EDGE_LOOP('',(#597));
#597 = ORIENTED_EDGE('',*,*,#598,.F.);
#598 = EDGE_CURVE('',#599,#599,#601,.T.);
#599 = VERTEX_POINT('',#600);
#600 = CARTESIAN_POINT('',(192.,-121.,-35.55));
#601 = CIRCLE('',#602,1.7);
#602 = AXIS2_PLACEMENT_3D('',#603,#604,#605);
#603 = CARTESIAN_POINT('',(192.,-121.,-37.25));
#604 = DIRECTION('',(1.,0.,0.));
#605 = DIRECTION('',(-0.,0.,1.));
#606 = FACE_BOUND('',#607,.T.);
#607 = EDGE_LOOP('',(#608));
#608 = ORIENTED_EDGE('',*,*,#609,.F.);
#609 = EDGE_CURVE('',#610,#610,#612,.T.);
#610 = VERTEX_POINT('',#611);
#611 = CARTESIAN_POINT('',(192.,-132.,-35.55));
#612 = CIRCLE('',#613,1.7);
#613 = AXIS2_PLACEMENT_3D('',#614,#615,#616);
#614 = CARTESIAN_POINT('',(192.,-132.,-37.25));
#615 = DIRECTION('',(1.,0.,0.));
#616 = DIRECTION('',(-0.,0.,1.));
#617 = PLANE('',#618);
#618 = AXIS2_PLACEMENT_3D('',#619,#620,#621);
#619 = CARTESIAN_POINT('',(192.,-138.,-42.25));
#620 = DIRECTION('',(1.,0.,-0.));
#621 = DIRECTION('',(0.,0.,1.));
#622 = ADVANCED_FACE('',(#623),#649,.F.);
#623 = FACE_BOUND('',#624,.F.);
#624 = EDGE_LOOP('',(#625,#626,#634,#642));
#625 = ORIENTED_EDGE('',*,*,#573,.F.);
#626 = ORIENTED_EDGE('',*,*,#627,.F.);
#627 = EDGE_CURVE('',#628,#574,#630,.T.);
#628 = VERTEX_POINT('',#629);
#629 = CARTESIAN_POINT('',(186.,-138.,-42.25));
#630 = LINE('',#631,#632);
#631 = CARTESIAN_POINT('',(178.,-138.,-42.25));
#632 = VECTOR('',#633,1.);
#633 = DIRECTION('',(1.,0.,-0.));
#634 = ORIENTED_EDGE('',*,*,#635,.F.);
#635 = EDGE_CURVE('',#636,#628,#638,.T.);
#636 = VERTEX_POINT('',#637);
#637 = CARTESIAN_POINT('',(186.,-138.,-32.23386676965));
#638 = LINE('',#639,#640);
#639 = CARTESIAN_POINT('',(186.,-138.,-44.25));
#640 = VECTOR('',#641,1.);
#641 = DIRECTION('',(-0.,0.,-1.));
#642 = ORIENTED_EDGE('',*,*,#643,.F.);
#643 = EDGE_CURVE('',#576,#636,#644,.T.);
#644 = CIRCLE('',#645,31.);
#645 = AXIS2_PLACEMENT_3D('',#646,#647,#648);
#646 = CARTESIAN_POINT('',(185.,-138.,-1.25));
#647 = DIRECTION('',(0.,1.,0.));
#648 = DIRECTION('',(0.,-0.,1.));
#649 = PLANE('',#650);
#650 = AXIS2_PLACEMENT_3D('',#651,#652,#653);
#651 = CARTESIAN_POINT('',(178.,-138.,-42.25));
#652 = DIRECTION('',(-0.,1.,0.));
#653 = DIRECTION('',(0.,0.,1.));
#654 = ADVANCED_FACE('',(#655,#687,#698),#709,.F.);
#655 = FACE_BOUND('',#656,.F.);
#656 = EDGE_LOOP('',(#657,#667,#673,#674,#680,#681));
#657 = ORIENTED_EDGE('',*,*,#658,.F.);
#658 = EDGE_CURVE('',#659,#661,#663,.T.);
#659 = VERTEX_POINT('',#660);
#660 = CARTESIAN_POINT('',(185.99999999999,-140.,-32.23386676965));
#661 = VERTEX_POINT('',#662);
#662 = CARTESIAN_POINT('',(186.,-140.,-29.33220076845));
#663 = LINE('',#664,#665);
#664 = CARTESIAN_POINT('',(186.,-140.,-46.25));
#665 = VECTOR('',#666,1.);
#666 = DIRECTION('',(0.,0.,1.));
#667 = ORIENTED_EDGE('',*,*,#668,.T.);
#668 = EDGE_CURVE('',#659,#636,#669,.T.);
#669 = LINE('',#670,#671);
#670 = CARTESIAN_POINT('',(186.,-140.,-32.23386676965));
#671 = VECTOR('',#672,1.);
#672 = DIRECTION('',(0.,1.,0.));
#673 = ORIENTED_EDGE('',*,*,#635,.T.);
#674 = ORIENTED_EDGE('',*,*,#675,.T.);
#675 = EDGE_CURVE('',#628,#534,#676,.T.);
#676 = LINE('',#677,#678);
#677 = CARTESIAN_POINT('',(186.,-139.,-42.25));
#678 = VECTOR('',#679,1.);
#679 = DIRECTION('',(-0.,1.,0.));
#680 = ORIENTED_EDGE('',*,*,#541,.F.);
#681 = ORIENTED_EDGE('',*,*,#682,.F.);
#682 = EDGE_CURVE('',#661,#542,#683,.T.);
#683 = LINE('',#684,#685);
#684 = CARTESIAN_POINT('',(186.,-140.,-29.33220076845));
#685 = VECTOR('',#686,1.);
#686 = DIRECTION('',(0.,1.,0.));
#687 = FACE_BOUND('',#688,.F.);
#688 = EDGE_LOOP('',(#689));
#689 = ORIENTED_EDGE('',*,*,#690,.F.);
#690 = EDGE_CURVE('',#691,#691,#693,.T.);
#691 = VERTEX_POINT('',#692);
#692 = CARTESIAN_POINT('',(186.,-121.,-35.55));
#693 = CIRCLE('',#694,1.7);
#694 = AXIS2_PLACEMENT_3D('',#695,#696,#697);
#695 = CARTESIAN_POINT('',(186.,-121.,-37.25));
#696 = DIRECTION('',(1.,0.,0.));
#697 = DIRECTION('',(-0.,0.,1.));
#698 = FACE_BOUND('',#699,.F.);
#699 = EDGE_LOOP('',(#700));
#700 = ORIENTED_EDGE('',*,*,#701,.F.);
#701 = EDGE_CURVE('',#702,#702,#704,.T.);
#702 = VERTEX_POINT('',#703);
#703 = CARTESIAN_POINT('',(186.,-132.,-35.55));
#704 = CIRCLE('',#705,1.7);
#705 = AXIS2_PLACEMENT_3D('',#706,#707,#708);
#706 = CARTESIAN_POINT('',(186.,-132.,-37.25));
#707 = DIRECTION('',(1.,0.,0.));
#708 = DIRECTION('',(-0.,0.,1.));
#709 = PLANE('',#710);
#710 = AXIS2_PLACEMENT_3D('',#711,#712,#713);
#711 = CARTESIAN_POINT('',(186.,-140.,-46.25));
#712 = DIRECTION('',(1.,0.,-0.));
#713 = DIRECTION('',(0.,0.,1.));
#714 = ADVANCED_FACE('',(#715),#721,.F.);
#715 = FACE_BOUND('',#716,.F.);
#716 = EDGE_LOOP('',(#717,#718,#719,#720));
#717 = ORIENTED_EDGE('',*,*,#533,.F.);
#718 = ORIENTED_EDGE('',*,*,#675,.F.);
#719 = ORIENTED_EDGE('',*,*,#627,.T.);
#720 = ORIENTED_EDGE('',*,*,#583,.T.);
#721 = PLANE('',#722);
#722 = AXIS2_PLACEMENT_3D('',#723,#724,#725);
#723 = CARTESIAN_POINT('',(178.,-138.,-42.25));
#724 = DIRECTION('',(0.,0.,1.));
#725 = DIRECTION('',(1.,0.,-0.));
#726 = ADVANCED_FACE('',(#727),#738,.F.);
#727 = FACE_BOUND('',#728,.F.);
#728 = EDGE_LOOP('',(#729,#730,#736,#737));
#729 = ORIENTED_EDGE('',*,*,#598,.F.);
#730 = ORIENTED_EDGE('',*,*,#731,.F.);
#731 = EDGE_CURVE('',#691,#599,#732,.T.);
#732 = LINE('',#733,#734);
#733 = CARTESIAN_POINT('',(177.,-121.,-35.55));
#734 = VECTOR('',#735,1.);
#735 = DIRECTION('',(1.,0.,0.));
#736 = ORIENTED_EDGE('',*,*,#690,.T.);
#737 = ORIENTED_EDGE('',*,*,#731,.T.);
#738 = CYLINDRICAL_SURFACE('',#739,1.7);
#739 = AXIS2_PLACEMENT_3D('',#740,#741,#742);
#740 = CARTESIAN_POINT('',(177.,-121.,-37.25));
#741 = DIRECTION('',(1.,0.,0.));
#742 = DIRECTION('',(-0.,0.,1.));
#743 = ADVANCED_FACE('',(#744),#755,.F.);
#744 = FACE_BOUND('',#745,.F.);
#745 = EDGE_LOOP('',(#746,#747,#753,#754));
#746 = ORIENTED_EDGE('',*,*,#609,.F.);
#747 = ORIENTED_EDGE('',*,*,#748,.F.);
#748 = EDGE_CURVE('',#702,#610,#749,.T.);
#749 = LINE('',#750,#751);
#750 = CARTESIAN_POINT('',(177.,-132.,-35.55));
#751 = VECTOR('',#752,1.);
#752 = DIRECTION('',(1.,0.,0.));
#753 = ORIENTED_EDGE('',*,*,#701,.T.);
#754 = ORIENTED_EDGE('',*,*,#748,.T.);
#755 = CYLINDRICAL_SURFACE('',#756,1.7);
#756 = AXIS2_PLACEMENT_3D('',#757,#758,#759);
#757 = CARTESIAN_POINT('',(177.,-132.,-37.25));
#758 = DIRECTION('',(1.,0.,0.));
#759 = DIRECTION('',(-0.,0.,1.));
#760 = ADVANCED_FACE('',(#761,#788),#817,.T.);
#761 = FACE_BOUND('',#762,.T.);
#762 = EDGE_LOOP('',(#763,#772,#779,#780,#787));
#763 = ORIENTED_EDGE('',*,*,#764,.T.);
#764 = EDGE_CURVE('',#293,#765,#767,.T.);
#765 = VERTEX_POINT('',#766);
#766 = CARTESIAN_POINT('',(185.,-140.,26.85));
#767 = CIRCLE('',#768,28.1);
#768 = AXIS2_PLACEMENT_3D('',#769,#770,#771);
#769 = CARTESIAN_POINT('',(185.,-140.,-1.25));
#770 = DIRECTION('',(0.,1.,0.));
#771 = DIRECTION('',(0.,-0.,1.));
#772 = ORIENTED_EDGE('',*,*,#773,.T.);
#773 = EDGE_CURVE('',#765,#661,#774,.T.);
#774 = CIRCLE('',#775,28.1);
#775 = AXIS2_PLACEMENT_3D('',#776,#777,#778);
#776 = CARTESIAN_POINT('',(185.,-140.,-1.25));
#777 = DIRECTION('',(0.,1.,0.));
#778 = DIRECTION('',(0.,-0.,1.));
#779 = ORIENTED_EDGE('',*,*,#658,.F.);
#780 = ORIENTED_EDGE('',*,*,#781,.T.);
#781 = EDGE_CURVE('',#659,#291,#782,.T.);
#782 = CIRCLE('',#783,31.);
#783 = AXIS2_PLACEMENT_3D('',#784,#785,#786);
#784 = CARTESIAN_POINT('',(185.,-140.,-1.25));
#785 = DIRECTION('',(0.,1.,0.));
#786 = DIRECTION('',(0.,-0.,1.));
#787 = ORIENTED_EDGE('',*,*,#290,.T.);
#788 = FACE_BOUND('',#789,.T.);
#789 = EDGE_LOOP('',(#790,#801,#810));
#790 = ORIENTED_EDGE('',*,*,#791,.F.);
#791 = EDGE_CURVE('',#792,#794,#796,.T.);
#792 = VERTEX_POINT('',#793);
#793 = CARTESIAN_POINT('',(184.,-140.,-29.23213715926));
#794 = VERTEX_POINT('',#795);
#795 = CARTESIAN_POINT('',(213.,-140.,-1.25));
#796 = CIRCLE('',#797,28.);
#797 = AXIS2_PLACEMENT_3D('',#798,#799,#800);
#798 = CARTESIAN_POINT('',(185.,-140.,-1.25));
#799 = DIRECTION('',(-0.,1.,0.));
#800 = DIRECTION('',(1.,0.,0.));
#801 = ORIENTED_EDGE('',*,*,#802,.F.);
#802 = EDGE_CURVE('',#803,#792,#805,.T.);
#803 = VERTEX_POINT('',#804);
#804 = CARTESIAN_POINT('',(186.,-140.,-29.23213715926));
#805 = CIRCLE('',#806,28.);
#806 = AXIS2_PLACEMENT_3D('',#807,#808,#809);
#807 = CARTESIAN_POINT('',(185.,-140.,-1.25));
#808 = DIRECTION('',(-0.,1.,0.));
#809 = DIRECTION('',(1.,0.,0.));
#810 = ORIENTED_EDGE('',*,*,#811,.F.);
#811 = EDGE_CURVE('',#794,#803,#812,.T.);
#812 = CIRCLE('',#813,28.);
#813 = AXIS2_PLACEMENT_3D('',#814,#815,#816);
#814 = CARTESIAN_POINT('',(185.,-140.,-1.25));
#815 = DIRECTION('',(-0.,1.,0.));
#816 = DIRECTION('',(1.,0.,0.));
#817 = PLANE('',#818);
#818 = AXIS2_PLACEMENT_3D('',#819,#820,#821);
#819 = CARTESIAN_POINT('',(185.,-140.,-2.306573958268));
#820 = DIRECTION('',(0.,1.,0.));
#821 = DIRECTION('',(0.,-0.,1.));
#822 = ADVANCED_FACE('',(#823,#834),#845,.T.);
#823 = FACE_BOUND('',#824,.T.);
#824 = EDGE_LOOP('',(#825));
#825 = ORIENTED_EDGE('',*,*,#826,.T.);
#826 = EDGE_CURVE('',#827,#827,#829,.T.);
#827 = VERTEX_POINT('',#828);
#828 = CARTESIAN_POINT('',(185.,-115.,24.15));
#829 = CIRCLE('',#830,25.4);
#830 = AXIS2_PLACEMENT_3D('',#831,#832,#833);
#831 = CARTESIAN_POINT('',(185.,-115.,-1.25));
#832 = DIRECTION('',(0.,1.,0.));
#833 = DIRECTION('',(0.,-0.,1.));
#834 = FACE_BOUND('',#835,.T.);
#835 = EDGE_LOOP('',(#836));
#836 = ORIENTED_EDGE('',*,*,#837,.T.);
#837 = EDGE_CURVE('',#838,#838,#840,.T.);
#838 = VERTEX_POINT('',#839);
#839 = CARTESIAN_POINT('',(185.,-115.,-23.15));
#840 = CIRCLE('',#841,21.9);
#841 = AXIS2_PLACEMENT_3D('',#842,#843,#844);
#842 = CARTESIAN_POINT('',(185.,-115.,-1.25));
#843 = DIRECTION('',(0.,-1.,0.));
#844 = DIRECTION('',(0.,-0.,-1.));
#845 = PLANE('',#846);
#846 = AXIS2_PLACEMENT_3D('',#847,#848,#849);
#847 = CARTESIAN_POINT('',(185.,-115.,-1.25));
#848 = DIRECTION('',(0.,1.,0.));
#849 = DIRECTION('',(0.,-0.,1.));
#850 = ADVANCED_FACE('',(#851),#870,.T.);
#851 = FACE_BOUND('',#852,.T.);
#852 = EDGE_LOOP('',(#853,#854,#862,#869));
#853 = ORIENTED_EDGE('',*,*,#826,.F.);
#854 = ORIENTED_EDGE('',*,*,#855,.F.);
#855 = EDGE_CURVE('',#856,#827,#858,.T.);
#856 = VERTEX_POINT('',#857);
#857 = CARTESIAN_POINT('',(185.,-140.,24.15));
#858 = LINE('',#859,#860);
#859 = CARTESIAN_POINT('',(185.,-141.,24.15));
#860 = VECTOR('',#861,1.);
#861 = DIRECTION('',(0.,1.,0.));
#862 = ORIENTED_EDGE('',*,*,#863,.T.);
#863 = EDGE_CURVE('',#856,#856,#864,.T.);
#864 = CIRCLE('',#865,25.4);
#865 = AXIS2_PLACEMENT_3D('',#866,#867,#868);
#866 = CARTESIAN_POINT('',(185.,-140.,-1.25));
#867 = DIRECTION('',(0.,1.,0.));
#868 = DIRECTION('',(0.,-0.,1.));
#869 = ORIENTED_EDGE('',*,*,#855,.T.);
#870 = CYLINDRICAL_SURFACE('',#871,25.4);
#871 = AXIS2_PLACEMENT_3D('',#872,#873,#874);
#872 = CARTESIAN_POINT('',(185.,-141.,-1.25));
#873 = DIRECTION('',(0.,1.,0.));
#874 = DIRECTION('',(0.,-0.,1.));
#875 = ADVANCED_FACE('',(#876),#895,.F.);
#876 = FACE_BOUND('',#877,.F.);
#877 = EDGE_LOOP('',(#878,#886,#893,#894));
#878 = ORIENTED_EDGE('',*,*,#879,.T.);
#879 = EDGE_CURVE('',#838,#880,#882,.T.);
#880 = VERTEX_POINT('',#881);
#881 = CARTESIAN_POINT('',(185.,-122.,-23.15));
#882 = LINE('',#883,#884);
#883 = CARTESIAN_POINT('',(185.,-114.,-23.15));
#884 = VECTOR('',#885,1.);
#885 = DIRECTION('',(0.,-1.,0.));
#886 = ORIENTED_EDGE('',*,*,#887,.F.);
#887 = EDGE_CURVE('',#880,#880,#888,.T.);
#888 = CIRCLE('',#889,21.9);
#889 = AXIS2_PLACEMENT_3D('',#890,#891,#892);
#890 = CARTESIAN_POINT('',(185.,-122.,-1.25));
#891 = DIRECTION('',(0.,-1.,0.));
#892 = DIRECTION('',(0.,-0.,-1.));
#893 = ORIENTED_EDGE('',*,*,#879,.F.);
#894 = ORIENTED_EDGE('',*,*,#837,.T.);
#895 = CYLINDRICAL_SURFACE('',#896,21.9);
#896 = AXIS2_PLACEMENT_3D('',#897,#898,#899);
#897 = CARTESIAN_POINT('',(185.,-114.,-1.25));
#898 = DIRECTION('',(0.,-1.,0.));
#899 = DIRECTION('',(0.,-0.,-1.));
#900 = ADVANCED_FACE('',(#901,#912),#915,.T.);
#901 = FACE_BOUND('',#902,.T.);
#902 = EDGE_LOOP('',(#903));
#903 = ORIENTED_EDGE('',*,*,#904,.T.);
#904 = EDGE_CURVE('',#905,#905,#907,.T.);
#905 = VERTEX_POINT('',#906);
#906 = CARTESIAN_POINT('',(210.5,-140.,-1.25));
#907 = CIRCLE('',#908,25.5);
#908 = AXIS2_PLACEMENT_3D('',#909,#910,#911);
#909 = CARTESIAN_POINT('',(185.,-140.,-1.25));
#910 = DIRECTION('',(-0.,1.,0.));
#911 = DIRECTION('',(1.,0.,0.));
#912 = FACE_BOUND('',#913,.T.);
#913 = EDGE_LOOP('',(#914));
#914 = ORIENTED_EDGE('',*,*,#863,.F.);
#915 = PLANE('',#916);
#916 = AXIS2_PLACEMENT_3D('',#917,#918,#919);
#917 = CARTESIAN_POINT('',(185.,-140.,-1.25));
#918 = DIRECTION('',(0.,1.,0.));
#919 = DIRECTION('',(0.,-0.,1.));
#920 = ADVANCED_FACE('',(#921),#940,.F.);
#921 = FACE_BOUND('',#922,.F.);
#922 = EDGE_LOOP('',(#923,#932,#938,#939));
#923 = ORIENTED_EDGE('',*,*,#924,.F.);
#924 = EDGE_CURVE('',#925,#925,#927,.T.);
#925 = VERTEX_POINT('',#926);
#926 = CARTESIAN_POINT('',(185.,-138.9,-6.25));
#927 = CIRCLE('',#928,5.);
#928 = AXIS2_PLACEMENT_3D('',#929,#930,#931);
#929 = CARTESIAN_POINT('',(185.,-138.9,-1.25));
#930 = DIRECTION('',(0.,-1.,0.));
#931 = DIRECTION('',(0.,-0.,-1.));
#932 = ORIENTED_EDGE('',*,*,#933,.F.);
#933 = EDGE_CURVE('',#880,#925,#934,.T.);
#934 = LINE('',#935,#936);
#935 = CARTESIAN_POINT('',(185.,-122.,-23.15));
#936 = VECTOR('',#937,1.);
#937 = DIRECTION('',(1.731912112471E-16,-0.707106781187,0.707106781187)
  );
#938 = ORIENTED_EDGE('',*,*,#887,.T.);
#939 = ORIENTED_EDGE('',*,*,#933,.T.);
#940 = CONICAL_SURFACE('',#941,21.9,0.785398163397);
#941 = AXIS2_PLACEMENT_3D('',#942,#943,#944);
#942 = CARTESIAN_POINT('',(185.,-122.,-1.25));
#943 = DIRECTION('',(-0.,1.,-0.));
#944 = DIRECTION('',(0.,-0.,-1.));
#945 = ADVANCED_FACE('',(#946),#965,.T.);
#946 = FACE_BOUND('',#947,.T.);
#947 = EDGE_LOOP('',(#948,#956,#963,#964));
#948 = ORIENTED_EDGE('',*,*,#949,.F.);
#949 = EDGE_CURVE('',#950,#905,#952,.T.);
#950 = VERTEX_POINT('',#951);
#951 = CARTESIAN_POINT('',(211.75,-141.25,-1.25));
#952 = LINE('',#953,#954);
#953 = CARTESIAN_POINT('',(211.75,-141.25,-1.25));
#954 = VECTOR('',#955,1.);
#955 = DIRECTION('',(-0.707106781187,0.707106781187,0.));
#956 = ORIENTED_EDGE('',*,*,#957,.T.);
#957 = EDGE_CURVE('',#950,#950,#958,.T.);
#958 = CIRCLE('',#959,26.75);
#959 = AXIS2_PLACEMENT_3D('',#960,#961,#962);
#960 = CARTESIAN_POINT('',(185.,-141.25,-1.25));
#961 = DIRECTION('',(-0.,1.,0.));
#962 = DIRECTION('',(1.,0.,0.));
#963 = ORIENTED_EDGE('',*,*,#949,.T.);
#964 = ORIENTED_EDGE('',*,*,#904,.F.);
#965 = CONICAL_SURFACE('',#966,26.75,0.785398163397);
#966 = AXIS2_PLACEMENT_3D('',#967,#968,#969);
#967 = CARTESIAN_POINT('',(185.,-141.25,-1.25));
#968 = DIRECTION('',(-0.,-1.,-0.));
#969 = DIRECTION('',(1.,0.,0.));
#970 = ADVANCED_FACE('',(#971),#982,.F.);
#971 = FACE_BOUND('',#972,.F.);
#972 = EDGE_LOOP('',(#973,#974,#980,#981));
#973 = ORIENTED_EDGE('',*,*,#273,.F.);
#974 = ORIENTED_EDGE('',*,*,#975,.F.);
#975 = EDGE_CURVE('',#925,#274,#976,.T.);
#976 = LINE('',#977,#978);
#977 = CARTESIAN_POINT('',(185.,-138.,-6.25));
#978 = VECTOR('',#979,1.);
#979 = DIRECTION('',(0.,-1.,0.));
#980 = ORIENTED_EDGE('',*,*,#924,.T.);
#981 = ORIENTED_EDGE('',*,*,#975,.T.);
#982 = CYLINDRICAL_SURFACE('',#983,5.);
#983 = AXIS2_PLACEMENT_3D('',#984,#985,#986);
#984 = CARTESIAN_POINT('',(185.,-138.,-1.25));
#985 = DIRECTION('',(0.,-1.,0.));
#986 = DIRECTION('',(0.,-0.,-1.));
#987 = ADVANCED_FACE('',(#988),#1001,.F.);
#988 = FACE_BOUND('',#989,.T.);
#989 = EDGE_LOOP('',(#990,#991,#997,#998,#999,#1000));
#990 = ORIENTED_EDGE('',*,*,#791,.T.);
#991 = ORIENTED_EDGE('',*,*,#992,.T.);
#992 = EDGE_CURVE('',#794,#950,#993,.T.);
#993 = LINE('',#994,#995);
#994 = CARTESIAN_POINT('',(213.,-140.,-1.25));
#995 = VECTOR('',#996,1.);
#996 = DIRECTION('',(-0.707106781187,-0.707106781187,0.));
#997 = ORIENTED_EDGE('',*,*,#957,.F.);
#998 = ORIENTED_EDGE('',*,*,#992,.F.);
#999 = ORIENTED_EDGE('',*,*,#811,.T.);
#1000 = ORIENTED_EDGE('',*,*,#802,.T.);
#1001 = CONICAL_SURFACE('',#1002,28.,0.785398163397);
#1002 = AXIS2_PLACEMENT_3D('',#1003,#1004,#1005);
#1003 = CARTESIAN_POINT('',(185.,-140.,-1.25));
#1004 = DIRECTION('',(0.,1.,0.));
#1005 = DIRECTION('',(1.,-0.,0.));
#1006 = ADVANCED_FACE('',(#1007),#1027,.F.);
#1007 = FACE_BOUND('',#1008,.F.);
#1008 = EDGE_LOOP('',(#1009,#1010,#1018,#1025,#1026));
#1009 = ORIENTED_EDGE('',*,*,#163,.F.);
#1010 = ORIENTED_EDGE('',*,*,#1011,.F.);
#1011 = EDGE_CURVE('',#1012,#155,#1014,.T.);
#1012 = VERTEX_POINT('',#1013);
#1013 = CARTESIAN_POINT('',(162.,-173.,6.75));
#1014 = LINE('',#1015,#1016);
#1015 = CARTESIAN_POINT('',(162.,-173.,6.75));
#1016 = VECTOR('',#1017,1.);
#1017 = DIRECTION('',(1.,0.,0.));
#1018 = ORIENTED_EDGE('',*,*,#1019,.T.);
#1019 = EDGE_CURVE('',#1012,#1012,#1020,.T.);
#1020 = CIRCLE('',#1021,8.);
#1021 = AXIS2_PLACEMENT_3D('',#1022,#1023,#1024);
#1022 = CARTESIAN_POINT('',(162.,-173.,-1.25));
#1023 = DIRECTION('',(1.,0.,0.));
#1024 = DIRECTION('',(-0.,0.,1.));
#1025 = ORIENTED_EDGE('',*,*,#1011,.T.);
#1026 = ORIENTED_EDGE('',*,*,#152,.F.);
#1027 = CYLINDRICAL_SURFACE('',#1028,8.);
#1028 = AXIS2_PLACEMENT_3D('',#1029,#1030,#1031);
#1029 = CARTESIAN_POINT('',(162.,-173.,-1.25));
#1030 = DIRECTION('',(1.,0.,0.));
#1031 = DIRECTION('',(-0.,0.,1.));
#1032 = ADVANCED_FACE('',(#1033,#1036),#1047,.T.);
#1033 = FACE_BOUND('',#1034,.T.);
#1034 = EDGE_LOOP('',(#1035));
#1035 = ORIENTED_EDGE('',*,*,#1019,.T.);
#1036 = FACE_BOUND('',#1037,.T.);
#1037 = EDGE_LOOP('',(#1038));
#1038 = ORIENTED_EDGE('',*,*,#1039,.F.);
#1039 = EDGE_CURVE('',#1040,#1040,#1042,.T.);
#1040 = VERTEX_POINT('',#1041);
#1041 = CARTESIAN_POINT('',(162.,-173.,5.25));
#1042 = CIRCLE('',#1043,6.5);
#1043 = AXIS2_PLACEMENT_3D('',#1044,#1045,#1046);
#1044 = CARTESIAN_POINT('',(162.,-173.,-1.25));
#1045 = DIRECTION('',(1.,0.,0.));
#1046 = DIRECTION('',(-0.,0.,1.));
#1047 = PLANE('',#1048);
#1048 = AXIS2_PLACEMENT_3D('',#1049,#1050,#1051);
#1049 = CARTESIAN_POINT('',(162.,-173.,-1.25));
#1050 = DIRECTION('',(1.,0.,0.));
#1051 = DIRECTION('',(-0.,0.,1.));
#1052 = ADVANCED_FACE('',(#1053),#1081,.F.);
#1053 = FACE_BOUND('',#1054,.F.);
#1054 = EDGE_LOOP('',(#1055,#1063,#1064,#1065,#1074));
#1055 = ORIENTED_EDGE('',*,*,#1056,.T.);
#1056 = EDGE_CURVE('',#1057,#1040,#1059,.T.);
#1057 = VERTEX_POINT('',#1058);
#1058 = CARTESIAN_POINT('',(156.,-173.,5.25));
#1059 = LINE('',#1060,#1061);
#1060 = CARTESIAN_POINT('',(155.99,-173.,5.25));
#1061 = VECTOR('',#1062,1.);
#1062 = DIRECTION('',(1.,0.,0.));
#1063 = ORIENTED_EDGE('',*,*,#1039,.F.);
#1064 = ORIENTED_EDGE('',*,*,#1056,.F.);
#1065 = ORIENTED_EDGE('',*,*,#1066,.T.);
#1066 = EDGE_CURVE('',#1057,#1067,#1069,.T.);
#1067 = VERTEX_POINT('',#1068);
#1068 = CARTESIAN_POINT('',(156.,-173.,-7.75));
#1069 = CIRCLE('',#1070,6.5);
#1070 = AXIS2_PLACEMENT_3D('',#1071,#1072,#1073);
#1071 = CARTESIAN_POINT('',(156.,-173.,-1.25));
#1072 = DIRECTION('',(1.,0.,0.));
#1073 = DIRECTION('',(-0.,0.,1.));
#1074 = ORIENTED_EDGE('',*,*,#1075,.T.);
#1075 = EDGE_CURVE('',#1067,#1057,#1076,.T.);
#1076 = CIRCLE('',#1077,6.5);
#1077 = AXIS2_PLACEMENT_3D('',#1078,#1079,#1080);
#1078 = CARTESIAN_POINT('',(156.,-173.,-1.25));
#1079 = DIRECTION('',(1.,0.,0.));
#1080 = DIRECTION('',(-0.,0.,1.));
#1081 = CYLINDRICAL_SURFACE('',#1082,6.5);
#1082 = AXIS2_PLACEMENT_3D('',#1083,#1084,#1085);
#1083 = CARTESIAN_POINT('',(155.99,-173.,-1.25));
#1084 = DIRECTION('',(1.,0.,0.));
#1085 = DIRECTION('',(-0.,0.,1.));
#1086 = ADVANCED_FACE('',(#1087),#1115,.T.);
#1087 = FACE_BOUND('',#1088,.T.);
#1088 = EDGE_LOOP('',(#1089,#1090,#1098,#1106,#1112,#1113,#1114));
#1089 = ORIENTED_EDGE('',*,*,#216,.T.);
#1090 = ORIENTED_EDGE('',*,*,#1091,.F.);
#1091 = EDGE_CURVE('',#1092,#208,#1094,.T.);
#1092 = VERTEX_POINT('',#1093);
#1093 = CARTESIAN_POINT('',(158.44816390529,-140.,14.75));
#1094 = LINE('',#1095,#1096);
#1095 = CARTESIAN_POINT('',(158.44816390529,-140.,14.75));
#1096 = VECTOR('',#1097,1.);
#1097 = DIRECTION('',(0.,1.,0.));
#1098 = ORIENTED_EDGE('',*,*,#1099,.F.);
#1099 = EDGE_CURVE('',#1100,#1092,#1102,.T.);
#1100 = VERTEX_POINT('',#1101);
#1101 = CARTESIAN_POINT('',(156.,-140.,14.75));
#1102 = LINE('',#1103,#1104);
#1103 = CARTESIAN_POINT('',(156.,-140.,14.75));
#1104 = VECTOR('',#1105,1.);
#1105 = DIRECTION('',(1.,0.,-0.));
#1106 = ORIENTED_EDGE('',*,*,#1107,.F.);
#1107 = EDGE_CURVE('',#111,#1100,#1108,.T.);
#1108 = LINE('',#1109,#1110);
#1109 = CARTESIAN_POINT('',(156.,-148.,14.75));
#1110 = VECTOR('',#1111,1.);
#1111 = DIRECTION('',(-0.,1.,0.));
#1112 = ORIENTED_EDGE('',*,*,#110,.T.);
#1113 = ORIENTED_EDGE('',*,*,#144,.T.);
#1114 = ORIENTED_EDGE('',*,*,#265,.T.);
#1115 = PLANE('',#1116);
#1116 = AXIS2_PLACEMENT_3D('',#1117,#1118,#1119);
#1117 = CARTESIAN_POINT('',(161.25602008875,-157.3033038981,14.75));
#1118 = DIRECTION('',(0.,0.,1.));
#1119 = DIRECTION('',(1.,0.,-0.));
#1120 = ADVANCED_FACE('',(#1121),#1139,.T.);
#1121 = FACE_BOUND('',#1122,.T.);
#1122 = EDGE_LOOP('',(#1123,#1132,#1138));
#1123 = ORIENTED_EDGE('',*,*,#1124,.F.);
#1124 = EDGE_CURVE('',#1125,#1092,#1127,.T.);
#1125 = VERTEX_POINT('',#1126);
#1126 = CARTESIAN_POINT('',(156.,-140.,9.704451150105));
#1127 = CIRCLE('',#1128,31.);
#1128 = AXIS2_PLACEMENT_3D('',#1129,#1130,#1131);
#1129 = CARTESIAN_POINT('',(185.,-140.,-1.25));
#1130 = DIRECTION('',(0.,1.,0.));
#1131 = DIRECTION('',(0.,-0.,1.));
#1132 = ORIENTED_EDGE('',*,*,#1133,.T.);
#1133 = EDGE_CURVE('',#1125,#1100,#1134,.T.);
#1134 = LINE('',#1135,#1136);
#1135 = CARTESIAN_POINT('',(156.,-140.,-17.25));
#1136 = VECTOR('',#1137,1.);
#1137 = DIRECTION('',(0.,0.,1.));
#1138 = ORIENTED_EDGE('',*,*,#1099,.T.);
#1139 = PLANE('',#1140);
#1140 = AXIS2_PLACEMENT_3D('',#1141,#1142,#1143);
#1141 = CARTESIAN_POINT('',(156.,-140.,-17.25));
#1142 = DIRECTION('',(-0.,1.,0.));
#1143 = DIRECTION('',(0.,0.,1.));
#1144 = ADVANCED_FACE('',(#1145),#1203,.T.);
#1145 = FACE_BOUND('',#1146,.T.);
#1146 = EDGE_LOOP('',(#1147,#1148,#1149,#1157,#1165,#1173,#1181,#1189,
    #1197));
#1147 = ORIENTED_EDGE('',*,*,#189,.T.);
#1148 = ORIENTED_EDGE('',*,*,#258,.T.);
#1149 = ORIENTED_EDGE('',*,*,#1150,.F.);
#1150 = EDGE_CURVE('',#1151,#251,#1153,.T.);
#1151 = VERTEX_POINT('',#1152);
#1152 = CARTESIAN_POINT('',(219.9,-173.,14.75));
#1153 = LINE('',#1154,#1155);
#1154 = CARTESIAN_POINT('',(219.9,-173.,14.75));
#1155 = VECTOR('',#1156,1.);
#1156 = DIRECTION('',(-0.,1.,0.));
#1157 = ORIENTED_EDGE('',*,*,#1158,.T.);
#1158 = EDGE_CURVE('',#1151,#1159,#1161,.T.);
#1159 = VERTEX_POINT('',#1160);
#1160 = CARTESIAN_POINT('',(224.9,-173.,14.75));
#1161 = LINE('',#1162,#1163);
#1162 = CARTESIAN_POINT('',(219.9,-173.,14.75));
#1163 = VECTOR('',#1164,1.);
#1164 = DIRECTION('',(1.,0.,-0.));
#1165 = ORIENTED_EDGE('',*,*,#1166,.T.);
#1166 = EDGE_CURVE('',#1159,#1167,#1169,.T.);
#1167 = VERTEX_POINT('',#1168);
#1168 = CARTESIAN_POINT('',(224.9,-139.9,14.75));
#1169 = LINE('',#1170,#1171);
#1170 = CARTESIAN_POINT('',(224.9,-173.,14.75));
#1171 = VECTOR('',#1172,1.);
#1172 = DIRECTION('',(-0.,1.,0.));
#1173 = ORIENTED_EDGE('',*,*,#1174,.F.);
#1174 = EDGE_CURVE('',#1175,#1167,#1177,.T.);
#1175 = VERTEX_POINT('',#1176);
#1176 = CARTESIAN_POINT('',(213.,-128.,14.75));
#1177 = LINE('',#1178,#1179);
#1178 = CARTESIAN_POINT('',(213.,-128.,14.75));
#1179 = VECTOR('',#1180,1.);
#1180 = DIRECTION('',(0.707106781187,-0.707106781187,0.));
#1181 = ORIENTED_EDGE('',*,*,#1182,.F.);
#1182 = EDGE_CURVE('',#1183,#1175,#1185,.T.);
#1183 = VERTEX_POINT('',#1184);
#1184 = CARTESIAN_POINT('',(213.,-140.,14.75));
#1185 = LINE('',#1186,#1187);
#1186 = CARTESIAN_POINT('',(213.,-140.,14.75));
#1187 = VECTOR('',#1188,1.);
#1188 = DIRECTION('',(0.,1.,0.));
#1189 = ORIENTED_EDGE('',*,*,#1190,.F.);
#1190 = EDGE_CURVE('',#1191,#1183,#1193,.T.);
#1191 = VERTEX_POINT('',#1192);
#1192 = CARTESIAN_POINT('',(211.5518360947,-140.,14.75));
#1193 = LINE('',#1194,#1195);
#1194 = CARTESIAN_POINT('',(156.,-140.,14.75));
#1195 = VECTOR('',#1196,1.);
#1196 = DIRECTION('',(1.,0.,-0.));
#1197 = ORIENTED_EDGE('',*,*,#1198,.T.);
#1198 = EDGE_CURVE('',#1191,#190,#1199,.T.);
#1199 = LINE('',#1200,#1201);
#1200 = CARTESIAN_POINT('',(211.5518360947,-140.,14.75));
#1201 = VECTOR('',#1202,1.);
#1202 = DIRECTION('',(0.,1.,0.));
#1203 = PLANE('',#1204);
#1204 = AXIS2_PLACEMENT_3D('',#1205,#1206,#1207);
#1205 = CARTESIAN_POINT('',(217.72294967798,-150.0107597062,14.75));
#1206 = DIRECTION('',(0.,0.,1.));
#1207 = DIRECTION('',(1.,0.,-0.));
#1208 = ADVANCED_FACE('',(#1209),#1236,.T.);
#1209 = FACE_BOUND('',#1210,.T.);
#1210 = EDGE_LOOP('',(#1211,#1220,#1221,#1230));
#1211 = ORIENTED_EDGE('',*,*,#1212,.F.);
#1212 = EDGE_CURVE('',#1159,#1213,#1215,.T.);
#1213 = VERTEX_POINT('',#1214);
#1214 = CARTESIAN_POINT('',(224.9,-173.,-17.25));
#1215 = CIRCLE('',#1216,16.);
#1216 = AXIS2_PLACEMENT_3D('',#1217,#1218,#1219);
#1217 = CARTESIAN_POINT('',(224.9,-173.,-1.25));
#1218 = DIRECTION('',(1.,0.,0.));
#1219 = DIRECTION('',(-0.,0.,1.));
#1220 = ORIENTED_EDGE('',*,*,#1158,.F.);
#1221 = ORIENTED_EDGE('',*,*,#1222,.T.);
#1222 = EDGE_CURVE('',#1151,#1223,#1225,.T.);
#1223 = VERTEX_POINT('',#1224);
#1224 = CARTESIAN_POINT('',(219.9,-173.,-17.25));
#1225 = CIRCLE('',#1226,16.);
#1226 = AXIS2_PLACEMENT_3D('',#1227,#1228,#1229);
#1227 = CARTESIAN_POINT('',(219.9,-173.,-1.25));
#1228 = DIRECTION('',(1.,0.,0.));
#1229 = DIRECTION('',(-0.,0.,1.));
#1230 = ORIENTED_EDGE('',*,*,#1231,.T.);
#1231 = EDGE_CURVE('',#1223,#1213,#1232,.T.);
#1232 = LINE('',#1233,#1234);
#1233 = CARTESIAN_POINT('',(219.9,-173.,-17.25));
#1234 = VECTOR('',#1235,1.);
#1235 = DIRECTION('',(1.,0.,-0.));
#1236 = CYLINDRICAL_SURFACE('',#1237,16.);
#1237 = AXIS2_PLACEMENT_3D('',#1238,#1239,#1240);
#1238 = CARTESIAN_POINT('',(219.9,-173.,-1.25));
#1239 = DIRECTION('',(1.,0.,0.));
#1240 = DIRECTION('',(-0.,0.,1.));
#1241 = ADVANCED_FACE('',(#1242),#1269,.T.);
#1242 = FACE_BOUND('',#1243,.T.);
#1243 = EDGE_LOOP('',(#1244,#1254,#1263));
#1244 = ORIENTED_EDGE('',*,*,#1245,.F.);
#1245 = EDGE_CURVE('',#1246,#1248,#1250,.T.);
#1246 = VERTEX_POINT('',#1247);
#1247 = CARTESIAN_POINT('',(211.5518360947,-140.,-17.25));
#1248 = VERTEX_POINT('',#1249);
#1249 = CARTESIAN_POINT('',(213.,-140.,-17.25));
#1250 = LINE('',#1251,#1252);
#1251 = CARTESIAN_POINT('',(156.,-140.,-17.25));
#1252 = VECTOR('',#1253,1.);
#1253 = DIRECTION('',(1.,0.,-0.));
#1254 = ORIENTED_EDGE('',*,*,#1255,.F.);
#1255 = EDGE_CURVE('',#1256,#1246,#1258,.T.);
#1256 = VERTEX_POINT('',#1257);
#1257 = CARTESIAN_POINT('',(213.,-140.,-14.55413469564));
#1258 = CIRCLE('',#1259,31.);
#1259 = AXIS2_PLACEMENT_3D('',#1260,#1261,#1262);
#1260 = CARTESIAN_POINT('',(185.,-140.,-1.25));
#1261 = DIRECTION('',(0.,1.,0.));
#1262 = DIRECTION('',(0.,-0.,1.));
#1263 = ORIENTED_EDGE('',*,*,#1264,.F.);
#1264 = EDGE_CURVE('',#1248,#1256,#1265,.T.);
#1265 = LINE('',#1266,#1267);
#1266 = CARTESIAN_POINT('',(213.,-140.,-17.25));
#1267 = VECTOR('',#1268,1.);
#1268 = DIRECTION('',(0.,0.,1.));
#1269 = PLANE('',#1270);
#1270 = AXIS2_PLACEMENT_3D('',#1271,#1272,#1273);
#1271 = CARTESIAN_POINT('',(156.,-140.,-17.25));
#1272 = DIRECTION('',(-0.,1.,0.));
#1273 = DIRECTION('',(0.,0.,1.));
#1274 = ADVANCED_FACE('',(#1275),#1300,.T.);
#1275 = FACE_BOUND('',#1276,.T.);
#1276 = EDGE_LOOP('',(#1277,#1285,#1286,#1294));
#1277 = ORIENTED_EDGE('',*,*,#1278,.F.);
#1278 = EDGE_CURVE('',#1248,#1279,#1281,.T.);
#1279 = VERTEX_POINT('',#1280);
#1280 = CARTESIAN_POINT('',(213.,-128.,-17.25));
#1281 = LINE('',#1282,#1283);
#1282 = CARTESIAN_POINT('',(213.,-140.,-17.25));
#1283 = VECTOR('',#1284,1.);
#1284 = DIRECTION('',(0.,1.,0.));
#1285 = ORIENTED_EDGE('',*,*,#1264,.T.);
#1286 = ORIENTED_EDGE('',*,*,#1287,.T.);
#1287 = EDGE_CURVE('',#1256,#1288,#1290,.T.);
#1288 = VERTEX_POINT('',#1289);
#1289 = CARTESIAN_POINT('',(213.,-128.,-14.55413469565));
#1290 = LINE('',#1291,#1292);
#1291 = CARTESIAN_POINT('',(213.,-140.,-14.55413469565));
#1292 = VECTOR('',#1293,1.);
#1293 = DIRECTION('',(0.,1.,0.));
#1294 = ORIENTED_EDGE('',*,*,#1295,.F.);
#1295 = EDGE_CURVE('',#1279,#1288,#1296,.T.);
#1296 = LINE('',#1297,#1298);
#1297 = CARTESIAN_POINT('',(213.,-128.,-17.25));
#1298 = VECTOR('',#1299,1.);
#1299 = DIRECTION('',(0.,0.,1.));
#1300 = PLANE('',#1301);
#1301 = AXIS2_PLACEMENT_3D('',#1302,#1303,#1304);
#1302 = CARTESIAN_POINT('',(213.,-140.,-17.25));
#1303 = DIRECTION('',(-1.,0.,0.));
#1304 = DIRECTION('',(0.,1.,0.));
#1305 = ADVANCED_FACE('',(#1306),#1339,.T.);
#1306 = FACE_BOUND('',#1307,.T.);
#1307 = EDGE_LOOP('',(#1308,#1316,#1317,#1326,#1332,#1333));
#1308 = ORIENTED_EDGE('',*,*,#1309,.F.);
#1309 = EDGE_CURVE('',#1279,#1310,#1312,.T.);
#1310 = VERTEX_POINT('',#1311);
#1311 = CARTESIAN_POINT('',(224.9,-139.9,-17.25));
#1312 = LINE('',#1313,#1314);
#1313 = CARTESIAN_POINT('',(213.,-128.,-17.25));
#1314 = VECTOR('',#1315,1.);
#1315 = DIRECTION('',(0.707106781187,-0.707106781187,0.));
#1316 = ORIENTED_EDGE('',*,*,#1295,.T.);
#1317 = ORIENTED_EDGE('',*,*,#1318,.F.);
#1318 = EDGE_CURVE('',#1319,#1288,#1321,.T.);
#1319 = VERTEX_POINT('',#1320);
#1320 = CARTESIAN_POINT('',(213.,-128.,12.05413469565));
#1321 = ELLIPSE('',#1322,43.840620433566,31.);
#1322 = AXIS2_PLACEMENT_3D('',#1323,#1324,#1325);
#1323 = CARTESIAN_POINT('',(185.,-100.,-1.25));
#1324 = DIRECTION('',(0.707106781187,0.707106781187,-0.));
#1325 = DIRECTION('',(-0.707106781187,0.707106781187,0.));
#1326 = ORIENTED_EDGE('',*,*,#1327,.T.);
#1327 = EDGE_CURVE('',#1319,#1175,#1328,.T.);
#1328 = LINE('',#1329,#1330);
#1329 = CARTESIAN_POINT('',(213.,-128.,-17.25));
#1330 = VECTOR('',#1331,1.);
#1331 = DIRECTION('',(0.,0.,1.));
#1332 = ORIENTED_EDGE('',*,*,#1174,.T.);
#1333 = ORIENTED_EDGE('',*,*,#1334,.F.);
#1334 = EDGE_CURVE('',#1310,#1167,#1335,.T.);
#1335 = LINE('',#1336,#1337);
#1336 = CARTESIAN_POINT('',(224.9,-139.9,-17.25));
#1337 = VECTOR('',#1338,1.);
#1338 = DIRECTION('',(0.,0.,1.));
#1339 = PLANE('',#1340);
#1340 = AXIS2_PLACEMENT_3D('',#1341,#1342,#1343);
#1341 = CARTESIAN_POINT('',(213.,-128.,-17.25));
#1342 = DIRECTION('',(0.707106781187,0.707106781187,-0.));
#1343 = DIRECTION('',(0.707106781187,-0.707106781187,0.));
#1344 = ADVANCED_FACE('',(#1345),#1363,.T.);
#1345 = FACE_BOUND('',#1346,.T.);
#1346 = EDGE_LOOP('',(#1347,#1355,#1361,#1362));
#1347 = ORIENTED_EDGE('',*,*,#1348,.F.);
#1348 = EDGE_CURVE('',#1349,#1319,#1351,.T.);
#1349 = VERTEX_POINT('',#1350);
#1350 = CARTESIAN_POINT('',(213.,-140.,12.054134695649));
#1351 = LINE('',#1352,#1353);
#1352 = CARTESIAN_POINT('',(213.,-140.,12.05413469565));
#1353 = VECTOR('',#1354,1.);
#1354 = DIRECTION('',(0.,1.,0.));
#1355 = ORIENTED_EDGE('',*,*,#1356,.T.);
#1356 = EDGE_CURVE('',#1349,#1183,#1357,.T.);
#1357 = LINE('',#1358,#1359);
#1358 = CARTESIAN_POINT('',(213.,-140.,-17.25));
#1359 = VECTOR('',#1360,1.);
#1360 = DIRECTION('',(0.,0.,1.));
#1361 = ORIENTED_EDGE('',*,*,#1182,.T.);
#1362 = ORIENTED_EDGE('',*,*,#1327,.F.);
#1363 = PLANE('',#1364);
#1364 = AXIS2_PLACEMENT_3D('',#1365,#1366,#1367);
#1365 = CARTESIAN_POINT('',(213.,-140.,-17.25));
#1366 = DIRECTION('',(-1.,0.,0.));
#1367 = DIRECTION('',(0.,1.,0.));
#1368 = ADVANCED_FACE('',(#1369),#1380,.T.);
#1369 = FACE_BOUND('',#1370,.T.);
#1370 = EDGE_LOOP('',(#1371,#1372,#1379));
#1371 = ORIENTED_EDGE('',*,*,#1356,.F.);
#1372 = ORIENTED_EDGE('',*,*,#1373,.F.);
#1373 = EDGE_CURVE('',#1191,#1349,#1374,.T.);
#1374 = CIRCLE('',#1375,31.);
#1375 = AXIS2_PLACEMENT_3D('',#1376,#1377,#1378);
#1376 = CARTESIAN_POINT('',(185.,-140.,-1.25));
#1377 = DIRECTION('',(0.,1.,0.));
#1378 = DIRECTION('',(0.,-0.,1.));
#1379 = ORIENTED_EDGE('',*,*,#1190,.T.);
#1380 = PLANE('',#1381);
#1381 = AXIS2_PLACEMENT_3D('',#1382,#1383,#1384);
#1382 = CARTESIAN_POINT('',(156.,-140.,-17.25));
#1383 = DIRECTION('',(-0.,1.,0.));
#1384 = DIRECTION('',(0.,0.,1.));
#1385 = ADVANCED_FACE('',(#1386),#1411,.T.);
#1386 = FACE_BOUND('',#1387,.T.);
#1387 = EDGE_LOOP('',(#1388,#1389,#1390,#1391,#1397,#1398,#1404,#1405));
#1388 = ORIENTED_EDGE('',*,*,#1245,.T.);
#1389 = ORIENTED_EDGE('',*,*,#1278,.T.);
#1390 = ORIENTED_EDGE('',*,*,#1309,.T.);
#1391 = ORIENTED_EDGE('',*,*,#1392,.T.);
#1392 = EDGE_CURVE('',#1310,#1213,#1393,.T.);
#1393 = LINE('',#1394,#1395);
#1394 = CARTESIAN_POINT('',(224.9,-139.9,-17.25));
#1395 = VECTOR('',#1396,1.);
#1396 = DIRECTION('',(0.,-1.,0.));
#1397 = ORIENTED_EDGE('',*,*,#1231,.F.);
#1398 = ORIENTED_EDGE('',*,*,#1399,.T.);
#1399 = EDGE_CURVE('',#1223,#243,#1400,.T.);
#1400 = LINE('',#1401,#1402);
#1401 = CARTESIAN_POINT('',(219.9,-173.,-17.25));
#1402 = VECTOR('',#1403,1.);
#1403 = DIRECTION('',(-0.,1.,0.));
#1404 = ORIENTED_EDGE('',*,*,#242,.F.);
#1405 = ORIENTED_EDGE('',*,*,#1406,.T.);
#1406 = EDGE_CURVE('',#234,#1246,#1407,.T.);
#1407 = LINE('',#1408,#1409);
#1408 = CARTESIAN_POINT('',(211.5518360947,-148.,-17.25));
#1409 = VECTOR('',#1410,1.);
#1410 = DIRECTION('',(0.,1.,0.));
#1411 = PLANE('',#1412);
#1412 = AXIS2_PLACEMENT_3D('',#1413,#1414,#1415);
#1413 = CARTESIAN_POINT('',(219.59505861858,-150.453033504,-17.25));
#1414 = DIRECTION('',(-0.,-0.,-1.));
#1415 = DIRECTION('',(-1.,0.,0.));
#1416 = ADVANCED_FACE('',(#1417,#1423,#1443,#1454,#1465,#1476),#1487,.T.
  );
#1417 = FACE_BOUND('',#1418,.T.);
#1418 = EDGE_LOOP('',(#1419,#1420,#1421,#1422));
#1419 = ORIENTED_EDGE('',*,*,#1150,.T.);
#1420 = ORIENTED_EDGE('',*,*,#250,.F.);
#1421 = ORIENTED_EDGE('',*,*,#1399,.F.);
#1422 = ORIENTED_EDGE('',*,*,#1222,.F.);
#1423 = FACE_BOUND('',#1424,.T.);
#1424 = EDGE_LOOP('',(#1425,#1436));
#1425 = ORIENTED_EDGE('',*,*,#1426,.T.);
#1426 = EDGE_CURVE('',#1427,#1429,#1431,.T.);
#1427 = VERTEX_POINT('',#1428);
#1428 = CARTESIAN_POINT('',(219.9,-173.,-5.75));
#1429 = VERTEX_POINT('',#1430);
#1430 = CARTESIAN_POINT('',(219.9,-173.,3.25));
#1431 = CIRCLE('',#1432,4.5);
#1432 = AXIS2_PLACEMENT_3D('',#1433,#1434,#1435);
#1433 = CARTESIAN_POINT('',(219.9,-173.,-1.25));
#1434 = DIRECTION('',(1.,0.,0.));
#1435 = DIRECTION('',(-0.,0.,1.));
#1436 = ORIENTED_EDGE('',*,*,#1437,.T.);
#1437 = EDGE_CURVE('',#1429,#1427,#1438,.T.);
#1438 = CIRCLE('',#1439,4.5);
#1439 = AXIS2_PLACEMENT_3D('',#1440,#1441,#1442);
#1440 = CARTESIAN_POINT('',(219.9,-173.,-1.25));
#1441 = DIRECTION('',(1.,0.,0.));
#1442 = DIRECTION('',(-0.,0.,1.));
#1443 = FACE_BOUND('',#1444,.T.);
#1444 = EDGE_LOOP('',(#1445));
#1445 = ORIENTED_EDGE('',*,*,#1446,.T.);
#1446 = EDGE_CURVE('',#1447,#1447,#1449,.T.);
#1447 = VERTEX_POINT('',#1448);
#1448 = CARTESIAN_POINT('',(219.9,-166.9895923599,6.460407640086));
#1449 = CIRCLE('',#1450,1.7);
#1450 = AXIS2_PLACEMENT_3D('',#1451,#1452,#1453);
#1451 = CARTESIAN_POINT('',(219.9,-166.9895923599,4.760407640086));
#1452 = DIRECTION('',(1.,0.,0.));
#1453 = DIRECTION('',(-0.,0.,1.));
#1454 = FACE_BOUND('',#1455,.T.);
#1455 = EDGE_LOOP('',(#1456));
#1456 = ORIENTED_EDGE('',*,*,#1457,.T.);
#1457 = EDGE_CURVE('',#1458,#1458,#1460,.T.);
#1458 = VERTEX_POINT('',#1459);
#1459 = CARTESIAN_POINT('',(219.9,-179.01040764,6.460407640086));
#1460 = CIRCLE('',#1461,1.7);
#1461 = AXIS2_PLACEMENT_3D('',#1462,#1463,#1464);
#1462 = CARTESIAN_POINT('',(219.9,-179.01040764,4.760407640086));
#1463 = DIRECTION('',(1.,0.,0.));
#1464 = DIRECTION('',(-0.,0.,1.));
#1465 = FACE_BOUND('',#1466,.T.);
#1466 = EDGE_LOOP('',(#1467));
#1467 = ORIENTED_EDGE('',*,*,#1468,.T.);
#1468 = EDGE_CURVE('',#1469,#1469,#1471,.T.);
#1469 = VERTEX_POINT('',#1470);
#1470 = CARTESIAN_POINT('',(219.9,-166.9895923599,-5.560407640086));
#1471 = CIRCLE('',#1472,1.7);
#1472 = AXIS2_PLACEMENT_3D('',#1473,#1474,#1475);
#1473 = CARTESIAN_POINT('',(219.9,-166.9895923599,-7.260407640086));
#1474 = DIRECTION('',(1.,0.,0.));
#1475 = DIRECTION('',(-0.,0.,1.));
#1476 = FACE_BOUND('',#1477,.T.);
#1477 = EDGE_LOOP('',(#1478));
#1478 = ORIENTED_EDGE('',*,*,#1479,.T.);
#1479 = EDGE_CURVE('',#1480,#1480,#1482,.T.);
#1480 = VERTEX_POINT('',#1481);
#1481 = CARTESIAN_POINT('',(219.9,-179.01040764,-5.560407640086));
#1482 = CIRCLE('',#1483,1.7);
#1483 = AXIS2_PLACEMENT_3D('',#1484,#1485,#1486);
#1484 = CARTESIAN_POINT('',(219.9,-179.01040764,-7.260407640086));
#1485 = DIRECTION('',(1.,0.,0.));
#1486 = DIRECTION('',(-0.,0.,1.));
#1487 = PLANE('',#1488);
#1488 = AXIS2_PLACEMENT_3D('',#1489,#1490,#1491);
#1489 = CARTESIAN_POINT('',(219.9,-165.4492692825,-1.25));
#1490 = DIRECTION('',(-1.,-0.,-0.));
#1491 = DIRECTION('',(0.,0.,-1.));
#1492 = ADVANCED_FACE('',(#1493),#1522,.F.);
#1493 = FACE_BOUND('',#1494,.F.);
#1494 = EDGE_LOOP('',(#1495,#1506,#1512,#1513,#1514,#1515));
#1495 = ORIENTED_EDGE('',*,*,#1496,.F.);
#1496 = EDGE_CURVE('',#1497,#1499,#1501,.T.);
#1497 = VERTEX_POINT('',#1498);
#1498 = CARTESIAN_POINT('',(224.9,-173.,3.25));
#1499 = VERTEX_POINT('',#1500);
#1500 = CARTESIAN_POINT('',(224.9,-173.,-5.75));
#1501 = CIRCLE('',#1502,4.5);
#1502 = AXIS2_PLACEMENT_3D('',#1503,#1504,#1505);
#1503 = CARTESIAN_POINT('',(224.9,-173.,-1.25));
#1504 = DIRECTION('',(1.,0.,0.));
#1505 = DIRECTION('',(-0.,0.,1.));
#1506 = ORIENTED_EDGE('',*,*,#1507,.F.);
#1507 = EDGE_CURVE('',#1429,#1497,#1508,.T.);
#1508 = LINE('',#1509,#1510);
#1509 = CARTESIAN_POINT('',(219.89,-173.,3.25));
#1510 = VECTOR('',#1511,1.);
#1511 = DIRECTION('',(1.,0.,0.));
#1512 = ORIENTED_EDGE('',*,*,#1437,.T.);
#1513 = ORIENTED_EDGE('',*,*,#1426,.T.);
#1514 = ORIENTED_EDGE('',*,*,#1507,.T.);
#1515 = ORIENTED_EDGE('',*,*,#1516,.F.);
#1516 = EDGE_CURVE('',#1499,#1497,#1517,.T.);
#1517 = CIRCLE('',#1518,4.5);
#1518 = AXIS2_PLACEMENT_3D('',#1519,#1520,#1521);
#1519 = CARTESIAN_POINT('',(224.9,-173.,-1.25));
#1520 = DIRECTION('',(1.,0.,0.));
#1521 = DIRECTION('',(-0.,0.,1.));
#1522 = CYLINDRICAL_SURFACE('',#1523,4.5);
#1523 = AXIS2_PLACEMENT_3D('',#1524,#1525,#1526);
#1524 = CARTESIAN_POINT('',(219.89,-173.,-1.25));
#1525 = DIRECTION('',(1.,0.,0.));
#1526 = DIRECTION('',(-0.,0.,1.));
#1527 = ADVANCED_FACE('',(#1528),#1547,.F.);
#1528 = FACE_BOUND('',#1529,.F.);
#1529 = EDGE_LOOP('',(#1530,#1539,#1545,#1546));
#1530 = ORIENTED_EDGE('',*,*,#1531,.F.);
#1531 = EDGE_CURVE('',#1532,#1532,#1534,.T.);
#1532 = VERTEX_POINT('',#1533);
#1533 = CARTESIAN_POINT('',(224.9,-166.9895923599,6.460407640086));
#1534 = CIRCLE('',#1535,1.7);
#1535 = AXIS2_PLACEMENT_3D('',#1536,#1537,#1538);
#1536 = CARTESIAN_POINT('',(224.9,-166.9895923599,4.760407640086));
#1537 = DIRECTION('',(1.,0.,0.));
#1538 = DIRECTION('',(-0.,0.,1.));
#1539 = ORIENTED_EDGE('',*,*,#1540,.F.);
#1540 = EDGE_CURVE('',#1447,#1532,#1541,.T.);
#1541 = LINE('',#1542,#1543);
#1542 = CARTESIAN_POINT('',(219.89,-166.9895923599,6.460407640086));
#1543 = VECTOR('',#1544,1.);
#1544 = DIRECTION('',(1.,0.,0.));
#1545 = ORIENTED_EDGE('',*,*,#1446,.T.);
#1546 = ORIENTED_EDGE('',*,*,#1540,.T.);
#1547 = CYLINDRICAL_SURFACE('',#1548,1.7);
#1548 = AXIS2_PLACEMENT_3D('',#1549,#1550,#1551);
#1549 = CARTESIAN_POINT('',(219.89,-166.9895923599,4.760407640086));
#1550 = DIRECTION('',(1.,0.,0.));
#1551 = DIRECTION('',(-0.,0.,1.));
#1552 = ADVANCED_FACE('',(#1553),#1572,.F.);
#1553 = FACE_BOUND('',#1554,.F.);
#1554 = EDGE_LOOP('',(#1555,#1564,#1570,#1571));
#1555 = ORIENTED_EDGE('',*,*,#1556,.F.);
#1556 = EDGE_CURVE('',#1557,#1557,#1559,.T.);
#1557 = VERTEX_POINT('',#1558);
#1558 = CARTESIAN_POINT('',(224.9,-179.01040764,6.460407640086));
#1559 = CIRCLE('',#1560,1.7);
#1560 = AXIS2_PLACEMENT_3D('',#1561,#1562,#1563);
#1561 = CARTESIAN_POINT('',(224.9,-179.01040764,4.760407640086));
#1562 = DIRECTION('',(1.,0.,0.));
#1563 = DIRECTION('',(-0.,0.,1.));
#1564 = ORIENTED_EDGE('',*,*,#1565,.F.);
#1565 = EDGE_CURVE('',#1458,#1557,#1566,.T.);
#1566 = LINE('',#1567,#1568);
#1567 = CARTESIAN_POINT('',(219.89,-179.01040764,6.460407640086));
#1568 = VECTOR('',#1569,1.);
#1569 = DIRECTION('',(1.,0.,0.));
#1570 = ORIENTED_EDGE('',*,*,#1457,.T.);
#1571 = ORIENTED_EDGE('',*,*,#1565,.T.);
#1572 = CYLINDRICAL_SURFACE('',#1573,1.7);
#1573 = AXIS2_PLACEMENT_3D('',#1574,#1575,#1576);
#1574 = CARTESIAN_POINT('',(219.89,-179.01040764,4.760407640086));
#1575 = DIRECTION('',(1.,0.,0.));
#1576 = DIRECTION('',(-0.,0.,1.));
#1577 = ADVANCED_FACE('',(#1578),#1597,.F.);
#1578 = FACE_BOUND('',#1579,.F.);
#1579 = EDGE_LOOP('',(#1580,#1589,#1595,#1596));
#1580 = ORIENTED_EDGE('',*,*,#1581,.F.);
#1581 = EDGE_CURVE('',#1582,#1582,#1584,.T.);
#1582 = VERTEX_POINT('',#1583);
#1583 = CARTESIAN_POINT('',(224.9,-166.9895923599,-5.560407640086));
#1584 = CIRCLE('',#1585,1.7);
#1585 = AXIS2_PLACEMENT_3D('',#1586,#1587,#1588);
#1586 = CARTESIAN_POINT('',(224.9,-166.9895923599,-7.260407640086));
#1587 = DIRECTION('',(1.,0.,0.));
#1588 = DIRECTION('',(-0.,0.,1.));
#1589 = ORIENTED_EDGE('',*,*,#1590,.F.);
#1590 = EDGE_CURVE('',#1469,#1582,#1591,.T.);
#1591 = LINE('',#1592,#1593);
#1592 = CARTESIAN_POINT('',(219.89,-166.9895923599,-5.560407640086));
#1593 = VECTOR('',#1594,1.);
#1594 = DIRECTION('',(1.,0.,0.));
#1595 = ORIENTED_EDGE('',*,*,#1468,.T.);
#1596 = ORIENTED_EDGE('',*,*,#1590,.T.);
#1597 = CYLINDRICAL_SURFACE('',#1598,1.7);
#1598 = AXIS2_PLACEMENT_3D('',#1599,#1600,#1601);
#1599 = CARTESIAN_POINT('',(219.89,-166.9895923599,-7.260407640086));
#1600 = DIRECTION('',(1.,0.,0.));
#1601 = DIRECTION('',(-0.,0.,1.));
#1602 = ADVANCED_FACE('',(#1603),#1622,.F.);
#1603 = FACE_BOUND('',#1604,.F.);
#1604 = EDGE_LOOP('',(#1605,#1614,#1620,#1621));
#1605 = ORIENTED_EDGE('',*,*,#1606,.F.);
#1606 = EDGE_CURVE('',#1607,#1607,#1609,.T.);
#1607 = VERTEX_POINT('',#1608);
#1608 = CARTESIAN_POINT('',(224.9,-179.01040764,-5.560407640086));
#1609 = CIRCLE('',#1610,1.7);
#1610 = AXIS2_PLACEMENT_3D('',#1611,#1612,#1613);
#1611 = CARTESIAN_POINT('',(224.9,-179.01040764,-7.260407640086));
#1612 = DIRECTION('',(1.,0.,0.));
#1613 = DIRECTION('',(-0.,0.,1.));
#1614 = ORIENTED_EDGE('',*,*,#1615,.F.);
#1615 = EDGE_CURVE('',#1480,#1607,#1616,.T.);
#1616 = LINE('',#1617,#1618);
#1617 = CARTESIAN_POINT('',(219.89,-179.01040764,-5.560407640086));
#1618 = VECTOR('',#1619,1.);
#1619 = DIRECTION('',(1.,0.,0.));
#1620 = ORIENTED_EDGE('',*,*,#1479,.T.);
#1621 = ORIENTED_EDGE('',*,*,#1615,.T.);
#1622 = CYLINDRICAL_SURFACE('',#1623,1.7);
#1623 = AXIS2_PLACEMENT_3D('',#1624,#1625,#1626);
#1624 = CARTESIAN_POINT('',(219.89,-179.01040764,-7.260407640086));
#1625 = DIRECTION('',(1.,0.,0.));
#1626 = DIRECTION('',(-0.,0.,1.));
#1627 = ADVANCED_FACE('',(#1628,#1657),#1661,.T.);
#1628 = FACE_BOUND('',#1629,.T.);
#1629 = EDGE_LOOP('',(#1630,#1631,#1632,#1640,#1648,#1654,#1655,#1656));
#1630 = ORIENTED_EDGE('',*,*,#1107,.T.);
#1631 = ORIENTED_EDGE('',*,*,#1133,.F.);
#1632 = ORIENTED_EDGE('',*,*,#1633,.F.);
#1633 = EDGE_CURVE('',#1634,#1125,#1636,.T.);
#1634 = VERTEX_POINT('',#1635);
#1635 = CARTESIAN_POINT('',(156.,-148.,9.704451150105));
#1636 = LINE('',#1637,#1638);
#1637 = CARTESIAN_POINT('',(156.,-148.,9.704451150103));
#1638 = VECTOR('',#1639,1.);
#1639 = DIRECTION('',(0.,1.,0.));
#1640 = ORIENTED_EDGE('',*,*,#1641,.F.);
#1641 = EDGE_CURVE('',#1642,#1634,#1644,.T.);
#1642 = VERTEX_POINT('',#1643);
#1643 = CARTESIAN_POINT('',(156.,-148.,-12.2044511501));
#1644 = LINE('',#1645,#1646);
#1645 = CARTESIAN_POINT('',(156.,-148.,-17.25));
#1646 = VECTOR('',#1647,1.);
#1647 = DIRECTION('',(0.,0.,1.));
#1648 = ORIENTED_EDGE('',*,*,#1649,.T.);
#1649 = EDGE_CURVE('',#1642,#32,#1650,.T.);
#1650 = LINE('',#1651,#1652);
#1651 = CARTESIAN_POINT('',(156.,-148.,-12.2044511501));
#1652 = VECTOR('',#1653,1.);
#1653 = DIRECTION('',(0.,1.,0.));
#1654 = ORIENTED_EDGE('',*,*,#31,.F.);
#1655 = ORIENTED_EDGE('',*,*,#54,.F.);
#1656 = ORIENTED_EDGE('',*,*,#118,.F.);
#1657 = FACE_BOUND('',#1658,.T.);
#1658 = EDGE_LOOP('',(#1659,#1660));
#1659 = ORIENTED_EDGE('',*,*,#1075,.T.);
#1660 = ORIENTED_EDGE('',*,*,#1066,.T.);
#1661 = PLANE('',#1662);
#1662 = AXIS2_PLACEMENT_3D('',#1663,#1664,#1665);
#1663 = CARTESIAN_POINT('',(156.,-160.7140507724,-1.25));
#1664 = DIRECTION('',(-1.,-0.,-0.));
#1665 = DIRECTION('',(0.,0.,-1.));
#1666 = ADVANCED_FACE('',(#1667),#1677,.F.);
#1667 = FACE_BOUND('',#1668,.F.);
#1668 = EDGE_LOOP('',(#1669,#1676));
#1669 = ORIENTED_EDGE('',*,*,#1670,.T.);
#1670 = EDGE_CURVE('',#1642,#1634,#1671,.T.);
#1671 = CIRCLE('',#1672,31.);
#1672 = AXIS2_PLACEMENT_3D('',#1673,#1674,#1675);
#1673 = CARTESIAN_POINT('',(185.,-148.,-1.25));
#1674 = DIRECTION('',(0.,1.,0.));
#1675 = DIRECTION('',(0.,-0.,1.));
#1676 = ORIENTED_EDGE('',*,*,#1641,.F.);
#1677 = PLANE('',#1678);
#1678 = AXIS2_PLACEMENT_3D('',#1679,#1680,#1681);
#1679 = CARTESIAN_POINT('',(185.,-148.,-1.25));
#1680 = DIRECTION('',(0.,1.,0.));
#1681 = DIRECTION('',(0.,-0.,1.));
#1682 = ADVANCED_FACE('',(#1683,#1689,#1693,#1696,#1699,#1702),#1705,.T.
  );
#1683 = FACE_BOUND('',#1684,.T.);
#1684 = EDGE_LOOP('',(#1685,#1686,#1687,#1688));
#1685 = ORIENTED_EDGE('',*,*,#1166,.F.);
#1686 = ORIENTED_EDGE('',*,*,#1212,.T.);
#1687 = ORIENTED_EDGE('',*,*,#1392,.F.);
#1688 = ORIENTED_EDGE('',*,*,#1334,.T.);
#1689 = FACE_BOUND('',#1690,.T.);
#1690 = EDGE_LOOP('',(#1691,#1692));
#1691 = ORIENTED_EDGE('',*,*,#1516,.F.);
#1692 = ORIENTED_EDGE('',*,*,#1496,.F.);
#1693 = FACE_BOUND('',#1694,.T.);
#1694 = EDGE_LOOP('',(#1695));
#1695 = ORIENTED_EDGE('',*,*,#1531,.F.);
#1696 = FACE_BOUND('',#1697,.T.);
#1697 = EDGE_LOOP('',(#1698));
#1698 = ORIENTED_EDGE('',*,*,#1556,.F.);
#1699 = FACE_BOUND('',#1700,.T.);
#1700 = EDGE_LOOP('',(#1701));
#1701 = ORIENTED_EDGE('',*,*,#1581,.F.);
#1702 = FACE_BOUND('',#1703,.T.);
#1703 = EDGE_LOOP('',(#1704));
#1704 = ORIENTED_EDGE('',*,*,#1606,.F.);
#1705 = PLANE('',#1706);
#1706 = AXIS2_PLACEMENT_3D('',#1707,#1708,#1709);
#1707 = CARTESIAN_POINT('',(224.9,-161.2940834934,-1.25));
#1708 = DIRECTION('',(1.,0.,0.));
#1709 = DIRECTION('',(-0.,0.,1.));
#1710 = ADVANCED_FACE('',(#1711),#1719,.F.);
#1711 = FACE_BOUND('',#1712,.F.);
#1712 = EDGE_LOOP('',(#1713,#1714,#1715,#1716,#1717,#1718));
#1713 = ORIENTED_EDGE('',*,*,#682,.T.);
#1714 = ORIENTED_EDGE('',*,*,#549,.F.);
#1715 = ORIENTED_EDGE('',*,*,#558,.F.);
#1716 = ORIENTED_EDGE('',*,*,#332,.F.);
#1717 = ORIENTED_EDGE('',*,*,#764,.T.);
#1718 = ORIENTED_EDGE('',*,*,#773,.T.);
#1719 = CYLINDRICAL_SURFACE('',#1720,28.1);
#1720 = AXIS2_PLACEMENT_3D('',#1721,#1722,#1723);
#1721 = CARTESIAN_POINT('',(185.,-140.,-1.25));
#1722 = DIRECTION('',(0.,1.,0.));
#1723 = DIRECTION('',(0.,-0.,1.));
#1724 = ADVANCED_FACE('',(#1725),#1759,.T.);
#1725 = FACE_BOUND('',#1726,.T.);
#1726 = EDGE_LOOP('',(#1727,#1728,#1729,#1730,#1731,#1732,#1733,#1734,
    #1735,#1736,#1741,#1742,#1743,#1744,#1745,#1746,#1747,#1748,#1749,
    #1750,#1751,#1752,#1753,#1754,#1755,#1756,#1757,#1758));
#1727 = ORIENTED_EDGE('',*,*,#507,.F.);
#1728 = ORIENTED_EDGE('',*,*,#417,.F.);
#1729 = ORIENTED_EDGE('',*,*,#385,.F.);
#1730 = ORIENTED_EDGE('',*,*,#300,.F.);
#1731 = ORIENTED_EDGE('',*,*,#781,.F.);
#1732 = ORIENTED_EDGE('',*,*,#668,.T.);
#1733 = ORIENTED_EDGE('',*,*,#643,.F.);
#1734 = ORIENTED_EDGE('',*,*,#590,.T.);
#1735 = ORIENTED_EDGE('',*,*,#516,.F.);
#1736 = ORIENTED_EDGE('',*,*,#1737,.F.);
#1737 = EDGE_CURVE('',#199,#508,#1738,.T.);
#1738 = B_SPLINE_CURVE_WITH_KNOTS('',1,(#1739,#1740),.UNSPECIFIED.,.F.,
  .F.,(2,2),(8.01,33.),.PIECEWISE_BEZIER_KNOTS.);
#1739 = CARTESIAN_POINT('',(185.,-139.99,29.75));
#1740 = CARTESIAN_POINT('',(185.,-115.,29.75));
#1741 = ORIENTED_EDGE('',*,*,#198,.F.);
#1742 = ORIENTED_EDGE('',*,*,#1198,.F.);
#1743 = ORIENTED_EDGE('',*,*,#1373,.T.);
#1744 = ORIENTED_EDGE('',*,*,#1348,.T.);
#1745 = ORIENTED_EDGE('',*,*,#1318,.T.);
#1746 = ORIENTED_EDGE('',*,*,#1287,.F.);
#1747 = ORIENTED_EDGE('',*,*,#1255,.T.);
#1748 = ORIENTED_EDGE('',*,*,#1406,.F.);
#1749 = ORIENTED_EDGE('',*,*,#233,.T.);
#1750 = ORIENTED_EDGE('',*,*,#63,.T.);
#1751 = ORIENTED_EDGE('',*,*,#39,.T.);
#1752 = ORIENTED_EDGE('',*,*,#1649,.F.);
#1753 = ORIENTED_EDGE('',*,*,#1670,.T.);
#1754 = ORIENTED_EDGE('',*,*,#1633,.T.);
#1755 = ORIENTED_EDGE('',*,*,#1124,.T.);
#1756 = ORIENTED_EDGE('',*,*,#1091,.T.);
#1757 = ORIENTED_EDGE('',*,*,#207,.F.);
#1758 = ORIENTED_EDGE('',*,*,#1737,.T.);
#1759 = CYLINDRICAL_SURFACE('',#1760,31.);
#1760 = AXIS2_PLACEMENT_3D('',#1761,#1762,#1763);
#1761 = CARTESIAN_POINT('',(185.,-148.,-1.25));
#1762 = DIRECTION('',(0.,1.,0.));
#1763 = DIRECTION('',(0.,-0.,1.));
#1764 = MANIFOLD_SOLID_BREP('',#1765);
#1765 = CLOSED_SHELL('',(#1766,#1799,#1819,#1839));
#1766 = ADVANCED_FACE('',(#1767),#1794,.T.);
#1767 = FACE_BOUND('',#1768,.T.);
#1768 = EDGE_LOOP('',(#1769,#1778,#1786,#1793));
#1769 = ORIENTED_EDGE('',*,*,#1770,.F.);
#1770 = EDGE_CURVE('',#1771,#1771,#1773,.T.);
#1771 = VERTEX_POINT('',#1772);
#1772 = CARTESIAN_POINT('',(192.5,-121.,-33.75));
#1773 = CIRCLE('',#1774,3.5);
#1774 = AXIS2_PLACEMENT_3D('',#1775,#1776,#1777);
#1775 = CARTESIAN_POINT('',(192.5,-121.,-37.25));
#1776 = DIRECTION('',(1.,0.,0.));
#1777 = DIRECTION('',(-0.,0.,1.));
#1778 = ORIENTED_EDGE('',*,*,#1779,.F.);
#1779 = EDGE_CURVE('',#1780,#1771,#1782,.T.);
#1780 = VERTEX_POINT('',#1781);
#1781 = CARTESIAN_POINT('',(192.,-121.,-33.75));
#1782 = LINE('',#1783,#1784);
#1783 = CARTESIAN_POINT('',(192.,-121.,-33.75));
#1784 = VECTOR('',#1785,1.);
#1785 = DIRECTION('',(1.,0.,0.));
#1786 = ORIENTED_EDGE('',*,*,#1787,.T.);
#1787 = EDGE_CURVE('',#1780,#1780,#1788,.T.);
#1788 = CIRCLE('',#1789,3.5);
#1789 = AXIS2_PLACEMENT_3D('',#1790,#1791,#1792);
#1790 = CARTESIAN_POINT('',(192.,-121.,-37.25));
#1791 = DIRECTION('',(1.,0.,0.));
#1792 = DIRECTION('',(-0.,0.,1.));
#1793 = ORIENTED_EDGE('',*,*,#1779,.T.);
#1794 = CYLINDRICAL_SURFACE('',#1795,3.5);
#1795 = AXIS2_PLACEMENT_3D('',#1796,#1797,#1798);
#1796 = CARTESIAN_POINT('',(192.,-121.,-37.25));
#1797 = DIRECTION('',(1.,0.,0.));
#1798 = DIRECTION('',(-0.,0.,1.));
#1799 = ADVANCED_FACE('',(#1800,#1803),#1814,.T.);
#1800 = FACE_BOUND('',#1801,.T.);
#1801 = EDGE_LOOP('',(#1802));
#1802 = ORIENTED_EDGE('',*,*,#1770,.T.);
#1803 = FACE_BOUND('',#1804,.T.);
#1804 = EDGE_LOOP('',(#1805));
#1805 = ORIENTED_EDGE('',*,*,#1806,.F.);
#1806 = EDGE_CURVE('',#1807,#1807,#1809,.T.);
#1807 = VERTEX_POINT('',#1808);
#1808 = CARTESIAN_POINT('',(192.5,-121.,-35.65));
#1809 = CIRCLE('',#1810,1.6);
#1810 = AXIS2_PLACEMENT_3D('',#1811,#1812,#1813);
#1811 = CARTESIAN_POINT('',(192.5,-121.,-37.25));
#1812 = DIRECTION('',(1.,0.,0.));
#1813 = DIRECTION('',(-0.,0.,1.));
#1814 = PLANE('',#1815);
#1815 = AXIS2_PLACEMENT_3D('',#1816,#1817,#1818);
#1816 = CARTESIAN_POINT('',(192.5,-121.,-37.25));
#1817 = DIRECTION('',(1.,0.,0.));
#1818 = DIRECTION('',(-0.,0.,1.));
#1819 = ADVANCED_FACE('',(#1820,#1823),#1834,.F.);
#1820 = FACE_BOUND('',#1821,.F.);
#1821 = EDGE_LOOP('',(#1822));
#1822 = ORIENTED_EDGE('',*,*,#1787,.T.);
#1823 = FACE_BOUND('',#1824,.F.);
#1824 = EDGE_LOOP('',(#1825));
#1825 = ORIENTED_EDGE('',*,*,#1826,.F.);
#1826 = EDGE_CURVE('',#1827,#1827,#1829,.T.);
#1827 = VERTEX_POINT('',#1828);
#1828 = CARTESIAN_POINT('',(192.,-121.,-35.65));
#1829 = CIRCLE('',#1830,1.6);
#1830 = AXIS2_PLACEMENT_3D('',#1831,#1832,#1833);
#1831 = CARTESIAN_POINT('',(192.,-121.,-37.25));
#1832 = DIRECTION('',(1.,0.,0.));
#1833 = DIRECTION('',(-0.,0.,1.));
#1834 = PLANE('',#1835);
#1835 = AXIS2_PLACEMENT_3D('',#1836,#1837,#1838);
#1836 = CARTESIAN_POINT('',(192.,-121.,-37.25));
#1837 = DIRECTION('',(1.,0.,0.));
#1838 = DIRECTION('',(-0.,0.,1.));
#1839 = ADVANCED_FACE('',(#1840),#1851,.F.);
#1840 = FACE_BOUND('',#1841,.F.);
#1841 = EDGE_LOOP('',(#1842,#1843,#1849,#1850));
#1842 = ORIENTED_EDGE('',*,*,#1806,.F.);
#1843 = ORIENTED_EDGE('',*,*,#1844,.F.);
#1844 = EDGE_CURVE('',#1827,#1807,#1845,.T.);
#1845 = LINE('',#1846,#1847);
#1846 = CARTESIAN_POINT('',(191.,-121.,-35.65));
#1847 = VECTOR('',#1848,1.);
#1848 = DIRECTION('',(1.,0.,0.));
#1849 = ORIENTED_EDGE('',*,*,#1826,.T.);
#1850 = ORIENTED_EDGE('',*,*,#1844,.T.);
#1851 = CYLINDRICAL_SURFACE('',#1852,1.6);
#1852 = AXIS2_PLACEMENT_3D('',#1853,#1854,#1855);
#1853 = CARTESIAN_POINT('',(191.,-121.,-37.25));
#1854 = DIRECTION('',(1.,0.,0.));
#1855 = DIRECTION('',(-0.,0.,1.));
#1856 = MANIFOLD_SOLID_BREP('',#1857);
#1857 = CLOSED_SHELL('',(#1858,#1891,#1911,#1970,#1995,#2026,#2050,#2074
    ,#2098,#2122,#2139,#2148));
#1858 = ADVANCED_FACE('',(#1859),#1886,.T.);
#1859 = FACE_BOUND('',#1860,.T.);
#1860 = EDGE_LOOP('',(#1861,#1870,#1878,#1885));
#1861 = ORIENTED_EDGE('',*,*,#1862,.F.);
#1862 = EDGE_CURVE('',#1863,#1863,#1865,.T.);
#1863 = VERTEX_POINT('',#1864);
#1864 = CARTESIAN_POINT('',(192.5,-121.,-40.));
#1865 = CIRCLE('',#1866,2.75);
#1866 = AXIS2_PLACEMENT_3D('',#1867,#1868,#1869);
#1867 = CARTESIAN_POINT('',(192.5,-121.,-37.25));
#1868 = DIRECTION('',(-1.,0.,0.));
#1869 = DIRECTION('',(0.,0.,-1.));
#1870 = ORIENTED_EDGE('',*,*,#1871,.F.);
#1871 = EDGE_CURVE('',#1872,#1863,#1874,.T.);
#1872 = VERTEX_POINT('',#1873);
#1873 = CARTESIAN_POINT('',(195.5,-121.,-40.));
#1874 = LINE('',#1875,#1876);
#1875 = CARTESIAN_POINT('',(195.5,-121.,-40.));
#1876 = VECTOR('',#1877,1.);
#1877 = DIRECTION('',(-1.,0.,0.));
#1878 = ORIENTED_EDGE('',*,*,#1879,.T.);
#1879 = EDGE_CURVE('',#1872,#1872,#1880,.T.);
#1880 = CIRCLE('',#1881,2.75);
#1881 = AXIS2_PLACEMENT_3D('',#1882,#1883,#1884);
#1882 = CARTESIAN_POINT('',(195.5,-121.,-37.25));
#1883 = DIRECTION('',(-1.,0.,0.));
#1884 = DIRECTION('',(0.,0.,-1.));
#1885 = ORIENTED_EDGE('',*,*,#1871,.T.);
#1886 = CYLINDRICAL_SURFACE('',#1887,2.75);
#1887 = AXIS2_PLACEMENT_3D('',#1888,#1889,#1890);
#1888 = CARTESIAN_POINT('',(195.5,-121.,-37.25));
#1889 = DIRECTION('',(-1.,0.,0.));
#1890 = DIRECTION('',(0.,0.,-1.));
#1891 = ADVANCED_FACE('',(#1892,#1895),#1906,.T.);
#1892 = FACE_BOUND('',#1893,.T.);
#1893 = EDGE_LOOP('',(#1894));
#1894 = ORIENTED_EDGE('',*,*,#1862,.T.);
#1895 = FACE_BOUND('',#1896,.T.);
#1896 = EDGE_LOOP('',(#1897));
#1897 = ORIENTED_EDGE('',*,*,#1898,.F.);
#1898 = EDGE_CURVE('',#1899,#1899,#1901,.T.);
#1899 = VERTEX_POINT('',#1900);
#1900 = CARTESIAN_POINT('',(192.5,-121.,-38.75));
#1901 = CIRCLE('',#1902,1.5);
#1902 = AXIS2_PLACEMENT_3D('',#1903,#1904,#1905);
#1903 = CARTESIAN_POINT('',(192.5,-121.,-37.25));
#1904 = DIRECTION('',(-1.,0.,0.));
#1905 = DIRECTION('',(0.,0.,-1.));
#1906 = PLANE('',#1907);
#1907 = AXIS2_PLACEMENT_3D('',#1908,#1909,#1910);
#1908 = CARTESIAN_POINT('',(192.5,-121.,-37.25));
#1909 = DIRECTION('',(-1.,0.,0.));
#1910 = DIRECTION('',(0.,0.,-1.));
#1911 = ADVANCED_FACE('',(#1912,#1915),#1965,.F.);
#1912 = FACE_BOUND('',#1913,.F.);
#1913 = EDGE_LOOP('',(#1914));
#1914 = ORIENTED_EDGE('',*,*,#1879,.T.);
#1915 = FACE_BOUND('',#1916,.F.);
#1916 = EDGE_LOOP('',(#1917,#1927,#1935,#1943,#1951,#1959));
#1917 = ORIENTED_EDGE('',*,*,#1918,.T.);
#1918 = EDGE_CURVE('',#1919,#1921,#1923,.T.);
#1919 = VERTEX_POINT('',#1920);
#1920 = CARTESIAN_POINT('',(195.5,-122.25,-37.97168783648));
#1921 = VERTEX_POINT('',#1922);
#1922 = CARTESIAN_POINT('',(195.5,-121.,-38.69337567297));
#1923 = LINE('',#1924,#1925);
#1924 = CARTESIAN_POINT('',(195.5,-121.3125,-38.51295371385));
#1925 = VECTOR('',#1926,1.);
#1926 = DIRECTION('',(0.,0.866025403784,-0.5));
#1927 = ORIENTED_EDGE('',*,*,#1928,.T.);
#1928 = EDGE_CURVE('',#1921,#1929,#1931,.T.);
#1929 = VERTEX_POINT('',#1930);
#1930 = CARTESIAN_POINT('',(195.5,-119.75,-37.97168783648));
#1931 = LINE('',#1932,#1933);
#1932 = CARTESIAN_POINT('',(195.5,-120.0625,-38.1521097956));
#1933 = VECTOR('',#1934,1.);
#1934 = DIRECTION('',(0.,0.866025403784,0.5));
#1935 = ORIENTED_EDGE('',*,*,#1936,.T.);
#1936 = EDGE_CURVE('',#1929,#1937,#1939,.T.);
#1937 = VERTEX_POINT('',#1938);
#1938 = CARTESIAN_POINT('',(195.5,-119.75,-36.52831216351));
#1939 = LINE('',#1940,#1941);
#1940 = CARTESIAN_POINT('',(195.5,-119.75,-36.88915608175));
#1941 = VECTOR('',#1942,1.);
#1942 = DIRECTION('',(0.,-0.,1.));
#1943 = ORIENTED_EDGE('',*,*,#1944,.T.);
#1944 = EDGE_CURVE('',#1937,#1945,#1947,.T.);
#1945 = VERTEX_POINT('',#1946);
#1946 = CARTESIAN_POINT('',(195.5,-121.,-35.80662432702));
#1947 = LINE('',#1948,#1949);
#1948 = CARTESIAN_POINT('',(195.5,-120.6875,-35.98704628614));
#1949 = VECTOR('',#1950,1.);
#1950 = DIRECTION('',(0.,-0.866025403784,0.5));
#1951 = ORIENTED_EDGE('',*,*,#1952,.T.);
#1952 = EDGE_CURVE('',#1945,#1953,#1955,.T.);
#1953 = VERTEX_POINT('',#1954);
#1954 = CARTESIAN_POINT('',(195.5,-122.25,-36.52831216351));
#1955 = LINE('',#1956,#1957);
#1956 = CARTESIAN_POINT('',(195.5,-121.9375,-36.34789020439));
#1957 = VECTOR('',#1958,1.);
#1958 = DIRECTION('',(-0.,-0.866025403784,-0.5));
#1959 = ORIENTED_EDGE('',*,*,#1960,.T.);
#1960 = EDGE_CURVE('',#1953,#1919,#1961,.T.);
#1961 = LINE('',#1962,#1963);
#1962 = CARTESIAN_POINT('',(195.5,-122.25,-37.61084391824));
#1963 = VECTOR('',#1964,1.);
#1964 = DIRECTION('',(-0.,0.,-1.));
#1965 = PLANE('',#1966);
#1966 = AXIS2_PLACEMENT_3D('',#1967,#1968,#1969);
#1967 = CARTESIAN_POINT('',(195.5,-121.,-37.25));
#1968 = DIRECTION('',(-1.,0.,0.));
#1969 = DIRECTION('',(0.,0.,-1.));
#1970 = ADVANCED_FACE('',(#1971),#1990,.T.);
#1971 = FACE_BOUND('',#1972,.T.);
#1972 = EDGE_LOOP('',(#1973,#1982,#1988,#1989));
#1973 = ORIENTED_EDGE('',*,*,#1974,.F.);
#1974 = EDGE_CURVE('',#1975,#1975,#1977,.T.);
#1975 = VERTEX_POINT('',#1976);
#1976 = CARTESIAN_POINT('',(172.5,-121.,-38.75));
#1977 = CIRCLE('',#1978,1.5);
#1978 = AXIS2_PLACEMENT_3D('',#1979,#1980,#1981);
#1979 = CARTESIAN_POINT('',(172.5,-121.,-37.25));
#1980 = DIRECTION('',(-1.,0.,0.));
#1981 = DIRECTION('',(0.,0.,-1.));
#1982 = ORIENTED_EDGE('',*,*,#1983,.F.);
#1983 = EDGE_CURVE('',#1899,#1975,#1984,.T.);
#1984 = LINE('',#1985,#1986);
#1985 = CARTESIAN_POINT('',(192.5,-121.,-38.75));
#1986 = VECTOR('',#1987,1.);
#1987 = DIRECTION('',(-1.,0.,0.));
#1988 = ORIENTED_EDGE('',*,*,#1898,.T.);
#1989 = ORIENTED_EDGE('',*,*,#1983,.T.);
#1990 = CYLINDRICAL_SURFACE('',#1991,1.5);
#1991 = AXIS2_PLACEMENT_3D('',#1992,#1993,#1994);
#1992 = CARTESIAN_POINT('',(192.5,-121.,-37.25));
#1993 = DIRECTION('',(-1.,0.,0.));
#1994 = DIRECTION('',(0.,0.,-1.));
#1995 = ADVANCED_FACE('',(#1996),#2021,.T.);
#1996 = FACE_BOUND('',#1997,.T.);
#1997 = EDGE_LOOP('',(#1998,#1999,#2007,#2015));
#1998 = ORIENTED_EDGE('',*,*,#1918,.T.);
#1999 = ORIENTED_EDGE('',*,*,#2000,.T.);
#2000 = EDGE_CURVE('',#1921,#2001,#2003,.T.);
#2001 = VERTEX_POINT('',#2002);
#2002 = CARTESIAN_POINT('',(193.7,-121.,-38.69337567297));
#2003 = LINE('',#2004,#2005);
#2004 = CARTESIAN_POINT('',(195.6,-121.,-38.69337567297));
#2005 = VECTOR('',#2006,1.);
#2006 = DIRECTION('',(-1.,0.,0.));
#2007 = ORIENTED_EDGE('',*,*,#2008,.T.);
#2008 = EDGE_CURVE('',#2001,#2009,#2011,.T.);
#2009 = VERTEX_POINT('',#2010);
#2010 = CARTESIAN_POINT('',(193.7,-122.25,-37.97168783648));
#2011 = LINE('',#2012,#2013);
#2012 = CARTESIAN_POINT('',(193.7,-121.,-38.69337567297));
#2013 = VECTOR('',#2014,1.);
#2014 = DIRECTION('',(0.,-0.866025403784,0.5));
#2015 = ORIENTED_EDGE('',*,*,#2016,.F.);
#2016 = EDGE_CURVE('',#1919,#2009,#2017,.T.);
#2017 = LINE('',#2018,#2019);
#2018 = CARTESIAN_POINT('',(195.6,-122.25,-37.97168783648));
#2019 = VECTOR('',#2020,1.);
#2020 = DIRECTION('',(-1.,0.,0.));
#2021 = PLANE('',#2022);
#2022 = AXIS2_PLACEMENT_3D('',#2023,#2024,#2025);
#2023 = CARTESIAN_POINT('',(195.6,-121.,-38.69337567297));
#2024 = DIRECTION('',(0.,0.5,0.866025403784));
#2025 = DIRECTION('',(0.,-0.866025403784,0.5));
#2026 = ADVANCED_FACE('',(#2027),#2045,.T.);
#2027 = FACE_BOUND('',#2028,.T.);
#2028 = EDGE_LOOP('',(#2029,#2030,#2031,#2039));
#2029 = ORIENTED_EDGE('',*,*,#1960,.T.);
#2030 = ORIENTED_EDGE('',*,*,#2016,.T.);
#2031 = ORIENTED_EDGE('',*,*,#2032,.T.);
#2032 = EDGE_CURVE('',#2009,#2033,#2035,.T.);
#2033 = VERTEX_POINT('',#2034);
#2034 = CARTESIAN_POINT('',(193.7,-122.25,-36.52831216351));
#2035 = LINE('',#2036,#2037);
#2036 = CARTESIAN_POINT('',(193.7,-122.25,-37.97168783648));
#2037 = VECTOR('',#2038,1.);
#2038 = DIRECTION('',(0.,0.,1.));
#2039 = ORIENTED_EDGE('',*,*,#2040,.F.);
#2040 = EDGE_CURVE('',#1953,#2033,#2041,.T.);
#2041 = LINE('',#2042,#2043);
#2042 = CARTESIAN_POINT('',(195.6,-122.25,-36.52831216351));
#2043 = VECTOR('',#2044,1.);
#2044 = DIRECTION('',(-1.,0.,0.));
#2045 = PLANE('',#2046);
#2046 = AXIS2_PLACEMENT_3D('',#2047,#2048,#2049);
#2047 = CARTESIAN_POINT('',(195.6,-122.25,-37.97168783648));
#2048 = DIRECTION('',(0.,1.,-0.));
#2049 = DIRECTION('',(0.,0.,1.));
#2050 = ADVANCED_FACE('',(#2051),#2069,.T.);
#2051 = FACE_BOUND('',#2052,.T.);
#2052 = EDGE_LOOP('',(#2053,#2054,#2055,#2063));
#2053 = ORIENTED_EDGE('',*,*,#1952,.T.);
#2054 = ORIENTED_EDGE('',*,*,#2040,.T.);
#2055 = ORIENTED_EDGE('',*,*,#2056,.T.);
#2056 = EDGE_CURVE('',#2033,#2057,#2059,.T.);
#2057 = VERTEX_POINT('',#2058);
#2058 = CARTESIAN_POINT('',(193.7,-121.,-35.80662432702));
#2059 = LINE('',#2060,#2061);
#2060 = CARTESIAN_POINT('',(193.7,-122.25,-36.52831216351));
#2061 = VECTOR('',#2062,1.);
#2062 = DIRECTION('',(0.,0.866025403784,0.5));
#2063 = ORIENTED_EDGE('',*,*,#2064,.F.);
#2064 = EDGE_CURVE('',#1945,#2057,#2065,.T.);
#2065 = LINE('',#2066,#2067);
#2066 = CARTESIAN_POINT('',(195.6,-121.,-35.80662432702));
#2067 = VECTOR('',#2068,1.);
#2068 = DIRECTION('',(-1.,0.,0.));
#2069 = PLANE('',#2070);
#2070 = AXIS2_PLACEMENT_3D('',#2071,#2072,#2073);
#2071 = CARTESIAN_POINT('',(195.6,-122.25,-36.52831216351));
#2072 = DIRECTION('',(0.,0.5,-0.866025403784));
#2073 = DIRECTION('',(0.,0.866025403784,0.5));
#2074 = ADVANCED_FACE('',(#2075),#2093,.T.);
#2075 = FACE_BOUND('',#2076,.T.);
#2076 = EDGE_LOOP('',(#2077,#2078,#2079,#2087));
#2077 = ORIENTED_EDGE('',*,*,#1944,.T.);
#2078 = ORIENTED_EDGE('',*,*,#2064,.T.);
#2079 = ORIENTED_EDGE('',*,*,#2080,.T.);
#2080 = EDGE_CURVE('',#2057,#2081,#2083,.T.);
#2081 = VERTEX_POINT('',#2082);
#2082 = CARTESIAN_POINT('',(193.7,-119.75,-36.52831216351));
#2083 = LINE('',#2084,#2085);
#2084 = CARTESIAN_POINT('',(193.7,-121.,-35.80662432702));
#2085 = VECTOR('',#2086,1.);
#2086 = DIRECTION('',(0.,0.866025403784,-0.5));
#2087 = ORIENTED_EDGE('',*,*,#2088,.F.);
#2088 = EDGE_CURVE('',#1937,#2081,#2089,.T.);
#2089 = LINE('',#2090,#2091);
#2090 = CARTESIAN_POINT('',(195.6,-119.75,-36.52831216351));
#2091 = VECTOR('',#2092,1.);
#2092 = DIRECTION('',(-1.,0.,0.));
#2093 = PLANE('',#2094);
#2094 = AXIS2_PLACEMENT_3D('',#2095,#2096,#2097);
#2095 = CARTESIAN_POINT('',(195.6,-121.,-35.80662432702));
#2096 = DIRECTION('',(-0.,-0.5,-0.866025403784));
#2097 = DIRECTION('',(0.,0.866025403784,-0.5));
#2098 = ADVANCED_FACE('',(#2099),#2117,.T.);
#2099 = FACE_BOUND('',#2100,.T.);
#2100 = EDGE_LOOP('',(#2101,#2102,#2103,#2111));
#2101 = ORIENTED_EDGE('',*,*,#1936,.T.);
#2102 = ORIENTED_EDGE('',*,*,#2088,.T.);
#2103 = ORIENTED_EDGE('',*,*,#2104,.T.);
#2104 = EDGE_CURVE('',#2081,#2105,#2107,.T.);
#2105 = VERTEX_POINT('',#2106);
#2106 = CARTESIAN_POINT('',(193.7,-119.75,-37.97168783648));
#2107 = LINE('',#2108,#2109);
#2108 = CARTESIAN_POINT('',(193.7,-119.75,-36.52831216351));
#2109 = VECTOR('',#2110,1.);
#2110 = DIRECTION('',(0.,0.,-1.));
#2111 = ORIENTED_EDGE('',*,*,#2112,.F.);
#2112 = EDGE_CURVE('',#1929,#2105,#2113,.T.);
#2113 = LINE('',#2114,#2115);
#2114 = CARTESIAN_POINT('',(195.6,-119.75,-37.97168783648));
#2115 = VECTOR('',#2116,1.);
#2116 = DIRECTION('',(-1.,0.,0.));
#2117 = PLANE('',#2118);
#2118 = AXIS2_PLACEMENT_3D('',#2119,#2120,#2121);
#2119 = CARTESIAN_POINT('',(195.6,-119.75,-36.52831216351));
#2120 = DIRECTION('',(-0.,-1.,-0.));
#2121 = DIRECTION('',(0.,0.,-1.));
#2122 = ADVANCED_FACE('',(#2123),#2134,.T.);
#2123 = FACE_BOUND('',#2124,.T.);
#2124 = EDGE_LOOP('',(#2125,#2126,#2127,#2133));
#2125 = ORIENTED_EDGE('',*,*,#1928,.T.);
#2126 = ORIENTED_EDGE('',*,*,#2112,.T.);
#2127 = ORIENTED_EDGE('',*,*,#2128,.T.);
#2128 = EDGE_CURVE('',#2105,#2001,#2129,.T.);
#2129 = LINE('',#2130,#2131);
#2130 = CARTESIAN_POINT('',(193.7,-119.75,-37.97168783648));
#2131 = VECTOR('',#2132,1.);
#2132 = DIRECTION('',(0.,-0.866025403784,-0.5));
#2133 = ORIENTED_EDGE('',*,*,#2000,.F.);
#2134 = PLANE('',#2135);
#2135 = AXIS2_PLACEMENT_3D('',#2136,#2137,#2138);
#2136 = CARTESIAN_POINT('',(195.6,-119.75,-37.97168783648));
#2137 = DIRECTION('',(0.,-0.5,0.866025403784));
#2138 = DIRECTION('',(0.,-0.866025403784,-0.5));
#2139 = ADVANCED_FACE('',(#2140),#2143,.T.);
#2140 = FACE_BOUND('',#2141,.T.);
#2141 = EDGE_LOOP('',(#2142));
#2142 = ORIENTED_EDGE('',*,*,#1974,.T.);
#2143 = PLANE('',#2144);
#2144 = AXIS2_PLACEMENT_3D('',#2145,#2146,#2147);
#2145 = CARTESIAN_POINT('',(172.5,-121.,-37.25));
#2146 = DIRECTION('',(-1.,0.,0.));
#2147 = DIRECTION('',(0.,0.,-1.));
#2148 = ADVANCED_FACE('',(#2149),#2157,.F.);
#2149 = FACE_BOUND('',#2150,.F.);
#2150 = EDGE_LOOP('',(#2151,#2152,#2153,#2154,#2155,#2156));
#2151 = ORIENTED_EDGE('',*,*,#2128,.T.);
#2152 = ORIENTED_EDGE('',*,*,#2008,.T.);
#2153 = ORIENTED_EDGE('',*,*,#2032,.T.);
#2154 = ORIENTED_EDGE('',*,*,#2056,.T.);
#2155 = ORIENTED_EDGE('',*,*,#2080,.T.);
#2156 = ORIENTED_EDGE('',*,*,#2104,.T.);
#2157 = PLANE('',#2158);
#2158 = AXIS2_PLACEMENT_3D('',#2159,#2160,#2161);
#2159 = CARTESIAN_POINT('',(193.7,-121.,-37.25));
#2160 = DIRECTION('',(-1.,-0.,-0.));
#2161 = DIRECTION('',(0.,0.,-1.));
#2162 = MANIFOLD_SOLID_BREP('',#2163);
#2163 = CLOSED_SHELL('',(#2164,#2197,#2217,#2237));
#2164 = ADVANCED_FACE('',(#2165),#2192,.T.);
#2165 = FACE_BOUND('',#2166,.T.);
#2166 = EDGE_LOOP('',(#2167,#2176,#2184,#2191));
#2167 = ORIENTED_EDGE('',*,*,#2168,.F.);
#2168 = EDGE_CURVE('',#2169,#2169,#2171,.T.);
#2169 = VERTEX_POINT('',#2170);
#2170 = CARTESIAN_POINT('',(177.5,-121.,-40.75));
#2171 = CIRCLE('',#2172,3.5);
#2172 = AXIS2_PLACEMENT_3D('',#2173,#2174,#2175);
#2173 = CARTESIAN_POINT('',(177.5,-121.,-37.25));
#2174 = DIRECTION('',(-1.,0.,0.));
#2175 = DIRECTION('',(0.,0.,-1.));
#2176 = ORIENTED_EDGE('',*,*,#2177,.F.);
#2177 = EDGE_CURVE('',#2178,#2169,#2180,.T.);
#2178 = VERTEX_POINT('',#2179);
#2179 = CARTESIAN_POINT('',(178.,-121.,-40.75));
#2180 = LINE('',#2181,#2182);
#2181 = CARTESIAN_POINT('',(178.,-121.,-40.75));
#2182 = VECTOR('',#2183,1.);
#2183 = DIRECTION('',(-1.,0.,0.));
#2184 = ORIENTED_EDGE('',*,*,#2185,.T.);
#2185 = EDGE_CURVE('',#2178,#2178,#2186,.T.);
#2186 = CIRCLE('',#2187,3.5);
#2187 = AXIS2_PLACEMENT_3D('',#2188,#2189,#2190);
#2188 = CARTESIAN_POINT('',(178.,-121.,-37.25));
#2189 = DIRECTION('',(-1.,0.,0.));
#2190 = DIRECTION('',(0.,0.,-1.));
#2191 = ORIENTED_EDGE('',*,*,#2177,.T.);
#2192 = CYLINDRICAL_SURFACE('',#2193,3.5);
#2193 = AXIS2_PLACEMENT_3D('',#2194,#2195,#2196);
#2194 = CARTESIAN_POINT('',(178.,-121.,-37.25));
#2195 = DIRECTION('',(-1.,0.,0.));
#2196 = DIRECTION('',(0.,0.,-1.));
#2197 = ADVANCED_FACE('',(#2198,#2201),#2212,.T.);
#2198 = FACE_BOUND('',#2199,.T.);
#2199 = EDGE_LOOP('',(#2200));
#2200 = ORIENTED_EDGE('',*,*,#2168,.T.);
#2201 = FACE_BOUND('',#2202,.T.);
#2202 = EDGE_LOOP('',(#2203));
#2203 = ORIENTED_EDGE('',*,*,#2204,.F.);
#2204 = EDGE_CURVE('',#2205,#2205,#2207,.T.);
#2205 = VERTEX_POINT('',#2206);
#2206 = CARTESIAN_POINT('',(177.5,-121.,-38.85));
#2207 = CIRCLE('',#2208,1.6);
#2208 = AXIS2_PLACEMENT_3D('',#2209,#2210,#2211);
#2209 = CARTESIAN_POINT('',(177.5,-121.,-37.25));
#2210 = DIRECTION('',(-1.,0.,0.));
#2211 = DIRECTION('',(0.,0.,-1.));
#2212 = PLANE('',#2213);
#2213 = AXIS2_PLACEMENT_3D('',#2214,#2215,#2216);
#2214 = CARTESIAN_POINT('',(177.5,-121.,-37.25));
#2215 = DIRECTION('',(-1.,0.,0.));
#2216 = DIRECTION('',(0.,0.,-1.));
#2217 = ADVANCED_FACE('',(#2218,#2221),#2232,.F.);
#2218 = FACE_BOUND('',#2219,.F.);
#2219 = EDGE_LOOP('',(#2220));
#2220 = ORIENTED_EDGE('',*,*,#2185,.T.);
#2221 = FACE_BOUND('',#2222,.F.);
#2222 = EDGE_LOOP('',(#2223));
#2223 = ORIENTED_EDGE('',*,*,#2224,.F.);
#2224 = EDGE_CURVE('',#2225,#2225,#2227,.T.);
#2225 = VERTEX_POINT('',#2226);
#2226 = CARTESIAN_POINT('',(178.,-121.,-38.85));
#2227 = CIRCLE('',#2228,1.6);
#2228 = AXIS2_PLACEMENT_3D('',#2229,#2230,#2231);
#2229 = CARTESIAN_POINT('',(178.,-121.,-37.25));
#2230 = DIRECTION('',(-1.,0.,0.));
#2231 = DIRECTION('',(0.,0.,-1.));
#2232 = PLANE('',#2233);
#2233 = AXIS2_PLACEMENT_3D('',#2234,#2235,#2236);
#2234 = CARTESIAN_POINT('',(178.,-121.,-37.25));
#2235 = DIRECTION('',(-1.,0.,0.));
#2236 = DIRECTION('',(0.,0.,-1.));
#2237 = ADVANCED_FACE('',(#2238),#2249,.F.);
#2238 = FACE_BOUND('',#2239,.F.);
#2239 = EDGE_LOOP('',(#2240,#2241,#2247,#2248));
#2240 = ORIENTED_EDGE('',*,*,#2204,.F.);
#2241 = ORIENTED_EDGE('',*,*,#2242,.F.);
#2242 = EDGE_CURVE('',#2225,#2205,#2243,.T.);
#2243 = LINE('',#2244,#2245);
#2244 = CARTESIAN_POINT('',(179.,-121.,-38.85));
#2245 = VECTOR('',#2246,1.);
#2246 = DIRECTION('',(-1.,0.,0.));
#2247 = ORIENTED_EDGE('',*,*,#2224,.T.);
#2248 = ORIENTED_EDGE('',*,*,#2242,.T.);
#2249 = CYLINDRICAL_SURFACE('',#2250,1.6);
#2250 = AXIS2_PLACEMENT_3D('',#2251,#2252,#2253);
#2251 = CARTESIAN_POINT('',(179.,-121.,-37.25));
#2252 = DIRECTION('',(-1.,0.,0.));
#2253 = DIRECTION('',(0.,0.,-1.));
#2254 = MANIFOLD_SOLID_BREP('',#2255);
#2255 = CLOSED_SHELL('',(#2256,#2296,#2327,#2358,#2402,#2446,#2463,#2480
    ,#2492));
#2256 = ADVANCED_FACE('',(#2257),#2291,.F.);
#2257 = FACE_BOUND('',#2258,.F.);
#2258 = EDGE_LOOP('',(#2259,#2269,#2277,#2285));
#2259 = ORIENTED_EDGE('',*,*,#2260,.T.);
#2260 = EDGE_CURVE('',#2261,#2263,#2265,.T.);
#2261 = VERTEX_POINT('',#2262);
#2262 = CARTESIAN_POINT('',(177.5,-119.4122867597,-34.5));
#2263 = VERTEX_POINT('',#2264);
#2264 = CARTESIAN_POINT('',(173.5,-119.4122867597,-34.5));
#2265 = LINE('',#2266,#2267);
#2266 = CARTESIAN_POINT('',(177.5,-119.4122867597,-34.5));
#2267 = VECTOR('',#2268,1.);
#2268 = DIRECTION('',(-1.,0.,0.));
#2269 = ORIENTED_EDGE('',*,*,#2270,.T.);
#2270 = EDGE_CURVE('',#2263,#2271,#2273,.T.);
#2271 = VERTEX_POINT('',#2272);
#2272 = CARTESIAN_POINT('',(173.5,-117.8245735194,-37.25));
#2273 = LINE('',#2274,#2275);
#2274 = CARTESIAN_POINT('',(173.5,-119.4122867597,-34.5));
#2275 = VECTOR('',#2276,1.);
#2276 = DIRECTION('',(0.,0.5,-0.866025403784));
#2277 = ORIENTED_EDGE('',*,*,#2278,.F.);
#2278 = EDGE_CURVE('',#2279,#2271,#2281,.T.);
#2279 = VERTEX_POINT('',#2280);
#2280 = CARTESIAN_POINT('',(177.5,-117.8245735194,-37.25));
#2281 = LINE('',#2282,#2283);
#2282 = CARTESIAN_POINT('',(177.5,-117.8245735194,-37.25));
#2283 = VECTOR('',#2284,1.);
#2284 = DIRECTION('',(-1.,0.,0.));
#2285 = ORIENTED_EDGE('',*,*,#2286,.F.);
#2286 = EDGE_CURVE('',#2261,#2279,#2287,.T.);
#2287 = LINE('',#2288,#2289);
#2288 = CARTESIAN_POINT('',(177.5,-119.4122867597,-34.5));
#2289 = VECTOR('',#2290,1.);
#2290 = DIRECTION('',(0.,0.5,-0.866025403784));
#2291 = PLANE('',#2292);
#2292 = AXIS2_PLACEMENT_3D('',#2293,#2294,#2295);
#2293 = CARTESIAN_POINT('',(177.5,-119.4122867597,-34.5));
#2294 = DIRECTION('',(-0.,-0.866025403784,-0.5));
#2295 = DIRECTION('',(0.,0.5,-0.866025403784));
#2296 = ADVANCED_FACE('',(#2297),#2322,.F.);
#2297 = FACE_BOUND('',#2298,.F.);
#2298 = EDGE_LOOP('',(#2299,#2309,#2315,#2316));
#2299 = ORIENTED_EDGE('',*,*,#2300,.T.);
#2300 = EDGE_CURVE('',#2301,#2303,#2305,.T.);
#2301 = VERTEX_POINT('',#2302);
#2302 = CARTESIAN_POINT('',(177.5,-122.5877132402,-34.5));
#2303 = VERTEX_POINT('',#2304);
#2304 = CARTESIAN_POINT('',(173.5,-122.5877132402,-34.5));
#2305 = LINE('',#2306,#2307);
#2306 = CARTESIAN_POINT('',(177.5,-122.5877132402,-34.5));
#2307 = VECTOR('',#2308,1.);
#2308 = DIRECTION('',(-1.,0.,0.));
#2309 = ORIENTED_EDGE('',*,*,#2310,.T.);
#2310 = EDGE_CURVE('',#2303,#2263,#2311,.T.);
#2311 = LINE('',#2312,#2313);
#2312 = CARTESIAN_POINT('',(173.5,-122.5877132402,-34.5));
#2313 = VECTOR('',#2314,1.);
#2314 = DIRECTION('',(0.,1.,0.));
#2315 = ORIENTED_EDGE('',*,*,#2260,.F.);
#2316 = ORIENTED_EDGE('',*,*,#2317,.F.);
#2317 = EDGE_CURVE('',#2301,#2261,#2318,.T.);
#2318 = LINE('',#2319,#2320);
#2319 = CARTESIAN_POINT('',(177.5,-122.5877132402,-34.5));
#2320 = VECTOR('',#2321,1.);
#2321 = DIRECTION('',(0.,1.,0.));
#2322 = PLANE('',#2323);
#2323 = AXIS2_PLACEMENT_3D('',#2324,#2325,#2326);
#2324 = CARTESIAN_POINT('',(177.5,-122.5877132402,-34.5));
#2325 = DIRECTION('',(0.,0.,-1.));
#2326 = DIRECTION('',(0.,1.,0.));
#2327 = ADVANCED_FACE('',(#2328),#2353,.F.);
#2328 = FACE_BOUND('',#2329,.F.);
#2329 = EDGE_LOOP('',(#2330,#2331,#2339,#2347));
#2330 = ORIENTED_EDGE('',*,*,#2278,.T.);
#2331 = ORIENTED_EDGE('',*,*,#2332,.T.);
#2332 = EDGE_CURVE('',#2271,#2333,#2335,.T.);
#2333 = VERTEX_POINT('',#2334);
#2334 = CARTESIAN_POINT('',(173.5,-119.4122867597,-40.));
#2335 = LINE('',#2336,#2337);
#2336 = CARTESIAN_POINT('',(173.5,-117.8245735194,-37.25));
#2337 = VECTOR('',#2338,1.);
#2338 = DIRECTION('',(0.,-0.5,-0.866025403784));
#2339 = ORIENTED_EDGE('',*,*,#2340,.F.);
#2340 = EDGE_CURVE('',#2341,#2333,#2343,.T.);
#2341 = VERTEX_POINT('',#2342);
#2342 = CARTESIAN_POINT('',(177.5,-119.4122867597,-40.));
#2343 = LINE('',#2344,#2345);
#2344 = CARTESIAN_POINT('',(177.5,-119.4122867597,-40.));
#2345 = VECTOR('',#2346,1.);
#2346 = DIRECTION('',(-1.,0.,0.));
#2347 = ORIENTED_EDGE('',*,*,#2348,.F.);
#2348 = EDGE_CURVE('',#2279,#2341,#2349,.T.);
#2349 = LINE('',#2350,#2351);
#2350 = CARTESIAN_POINT('',(177.5,-117.8245735194,-37.25));
#2351 = VECTOR('',#2352,1.);
#2352 = DIRECTION('',(0.,-0.5,-0.866025403784));
#2353 = PLANE('',#2354);
#2354 = AXIS2_PLACEMENT_3D('',#2355,#2356,#2357);
#2355 = CARTESIAN_POINT('',(177.5,-117.8245735194,-37.25));
#2356 = DIRECTION('',(0.,-0.866025403784,0.5));
#2357 = DIRECTION('',(0.,-0.5,-0.866025403784));
#2358 = ADVANCED_FACE('',(#2359,#2386),#2397,.F.);
#2359 = FACE_BOUND('',#2360,.F.);
#2360 = EDGE_LOOP('',(#2361,#2362,#2363,#2371,#2379,#2385));
#2361 = ORIENTED_EDGE('',*,*,#2286,.T.);
#2362 = ORIENTED_EDGE('',*,*,#2348,.T.);
#2363 = ORIENTED_EDGE('',*,*,#2364,.T.);
#2364 = EDGE_CURVE('',#2341,#2365,#2367,.T.);
#2365 = VERTEX_POINT('',#2366);
#2366 = CARTESIAN_POINT('',(177.5,-122.5877132402,-40.));
#2367 = LINE('',#2368,#2369);
#2368 = CARTESIAN_POINT('',(177.5,-119.4122867597,-40.));
#2369 = VECTOR('',#2370,1.);
#2370 = DIRECTION('',(0.,-1.,0.));
#2371 = ORIENTED_EDGE('',*,*,#2372,.T.);
#2372 = EDGE_CURVE('',#2365,#2373,#2375,.T.);
#2373 = VERTEX_POINT('',#2374);
#2374 = CARTESIAN_POINT('',(177.5,-124.1754264805,-37.25));
#2375 = LINE('',#2376,#2377);
#2376 = CARTESIAN_POINT('',(177.5,-122.5877132402,-40.));
#2377 = VECTOR('',#2378,1.);
#2378 = DIRECTION('',(0.,-0.5,0.866025403784));
#2379 = ORIENTED_EDGE('',*,*,#2380,.T.);
#2380 = EDGE_CURVE('',#2373,#2301,#2381,.T.);
#2381 = LINE('',#2382,#2383);
#2382 = CARTESIAN_POINT('',(177.5,-124.1754264805,-37.25));
#2383 = VECTOR('',#2384,1.);
#2384 = DIRECTION('',(0.,0.5,0.866025403784));
#2385 = ORIENTED_EDGE('',*,*,#2317,.T.);
#2386 = FACE_BOUND('',#2387,.F.);
#2387 = EDGE_LOOP('',(#2388));
#2388 = ORIENTED_EDGE('',*,*,#2389,.F.);
#2389 = EDGE_CURVE('',#2390,#2390,#2392,.T.);
#2390 = VERTEX_POINT('',#2391);
#2391 = CARTESIAN_POINT('',(177.5,-121.,-38.75));
#2392 = CIRCLE('',#2393,1.5);
#2393 = AXIS2_PLACEMENT_3D('',#2394,#2395,#2396);
#2394 = CARTESIAN_POINT('',(177.5,-121.,-37.25));
#2395 = DIRECTION('',(-1.,0.,0.));
#2396 = DIRECTION('',(0.,0.,-1.));
#2397 = PLANE('',#2398);
#2398 = AXIS2_PLACEMENT_3D('',#2399,#2400,#2401);
#2399 = CARTESIAN_POINT('',(177.5,-121.,-37.25));
#2400 = DIRECTION('',(-1.,-0.,-0.));
#2401 = DIRECTION('',(0.,0.,-1.));
#2402 = ADVANCED_FACE('',(#2403,#2430),#2441,.T.);
#2403 = FACE_BOUND('',#2404,.T.);
#2404 = EDGE_LOOP('',(#2405,#2406,#2407,#2415,#2423,#2429));
#2405 = ORIENTED_EDGE('',*,*,#2270,.T.);
#2406 = ORIENTED_EDGE('',*,*,#2332,.T.);
#2407 = ORIENTED_EDGE('',*,*,#2408,.T.);
#2408 = EDGE_CURVE('',#2333,#2409,#2411,.T.);
#2409 = VERTEX_POINT('',#2410);
#2410 = CARTESIAN_POINT('',(173.5,-122.5877132402,-40.));
#2411 = LINE('',#2412,#2413);
#2412 = CARTESIAN_POINT('',(173.5,-119.4122867597,-40.));
#2413 = VECTOR('',#2414,1.);
#2414 = DIRECTION('',(0.,-1.,0.));
#2415 = ORIENTED_EDGE('',*,*,#2416,.T.);
#2416 = EDGE_CURVE('',#2409,#2417,#2419,.T.);
#2417 = VERTEX_POINT('',#2418);
#2418 = CARTESIAN_POINT('',(173.5,-124.1754264805,-37.25));
#2419 = LINE('',#2420,#2421);
#2420 = CARTESIAN_POINT('',(173.5,-122.5877132402,-40.));
#2421 = VECTOR('',#2422,1.);
#2422 = DIRECTION('',(0.,-0.5,0.866025403784));
#2423 = ORIENTED_EDGE('',*,*,#2424,.T.);
#2424 = EDGE_CURVE('',#2417,#2303,#2425,.T.);
#2425 = LINE('',#2426,#2427);
#2426 = CARTESIAN_POINT('',(173.5,-124.1754264805,-37.25));
#2427 = VECTOR('',#2428,1.);
#2428 = DIRECTION('',(0.,0.5,0.866025403784));
#2429 = ORIENTED_EDGE('',*,*,#2310,.T.);
#2430 = FACE_BOUND('',#2431,.T.);
#2431 = EDGE_LOOP('',(#2432));
#2432 = ORIENTED_EDGE('',*,*,#2433,.F.);
#2433 = EDGE_CURVE('',#2434,#2434,#2436,.T.);
#2434 = VERTEX_POINT('',#2435);
#2435 = CARTESIAN_POINT('',(173.5,-121.,-38.75));
#2436 = CIRCLE('',#2437,1.5);
#2437 = AXIS2_PLACEMENT_3D('',#2438,#2439,#2440);
#2438 = CARTESIAN_POINT('',(173.5,-121.,-37.25));
#2439 = DIRECTION('',(-1.,0.,0.));
#2440 = DIRECTION('',(0.,0.,-1.));
#2441 = PLANE('',#2442);
#2442 = AXIS2_PLACEMENT_3D('',#2443,#2444,#2445);
#2443 = CARTESIAN_POINT('',(173.5,-121.,-37.25));
#2444 = DIRECTION('',(-1.,-0.,-0.));
#2445 = DIRECTION('',(0.,0.,-1.));
#2446 = ADVANCED_FACE('',(#2447),#2458,.F.);
#2447 = FACE_BOUND('',#2448,.F.);
#2448 = EDGE_LOOP('',(#2449,#2455,#2456,#2457));
#2449 = ORIENTED_EDGE('',*,*,#2450,.T.);
#2450 = EDGE_CURVE('',#2373,#2417,#2451,.T.);
#2451 = LINE('',#2452,#2453);
#2452 = CARTESIAN_POINT('',(177.5,-124.1754264805,-37.25));
#2453 = VECTOR('',#2454,1.);
#2454 = DIRECTION('',(-1.,0.,0.));
#2455 = ORIENTED_EDGE('',*,*,#2424,.T.);
#2456 = ORIENTED_EDGE('',*,*,#2300,.F.);
#2457 = ORIENTED_EDGE('',*,*,#2380,.F.);
#2458 = PLANE('',#2459);
#2459 = AXIS2_PLACEMENT_3D('',#2460,#2461,#2462);
#2460 = CARTESIAN_POINT('',(177.5,-124.1754264805,-37.25));
#2461 = DIRECTION('',(0.,0.866025403784,-0.5));
#2462 = DIRECTION('',(0.,0.5,0.866025403784));
#2463 = ADVANCED_FACE('',(#2464),#2475,.F.);
#2464 = FACE_BOUND('',#2465,.F.);
#2465 = EDGE_LOOP('',(#2466,#2467,#2468,#2474));
#2466 = ORIENTED_EDGE('',*,*,#2340,.T.);
#2467 = ORIENTED_EDGE('',*,*,#2408,.T.);
#2468 = ORIENTED_EDGE('',*,*,#2469,.F.);
#2469 = EDGE_CURVE('',#2365,#2409,#2470,.T.);
#2470 = LINE('',#2471,#2472);
#2471 = CARTESIAN_POINT('',(177.5,-122.5877132402,-40.));
#2472 = VECTOR('',#2473,1.);
#2473 = DIRECTION('',(-1.,0.,0.));
#2474 = ORIENTED_EDGE('',*,*,#2364,.F.);
#2475 = PLANE('',#2476);
#2476 = AXIS2_PLACEMENT_3D('',#2477,#2478,#2479);
#2477 = CARTESIAN_POINT('',(177.5,-119.4122867597,-40.));
#2478 = DIRECTION('',(0.,0.,1.));
#2479 = DIRECTION('',(0.,-1.,0.));
#2480 = ADVANCED_FACE('',(#2481),#2487,.F.);
#2481 = FACE_BOUND('',#2482,.F.);
#2482 = EDGE_LOOP('',(#2483,#2484,#2485,#2486));
#2483 = ORIENTED_EDGE('',*,*,#2469,.T.);
#2484 = ORIENTED_EDGE('',*,*,#2416,.T.);
#2485 = ORIENTED_EDGE('',*,*,#2450,.F.);
#2486 = ORIENTED_EDGE('',*,*,#2372,.F.);
#2487 = PLANE('',#2488);
#2488 = AXIS2_PLACEMENT_3D('',#2489,#2490,#2491);
#2489 = CARTESIAN_POINT('',(177.5,-122.5877132402,-40.));
#2490 = DIRECTION('',(0.,0.866025403784,0.5));
#2491 = DIRECTION('',(0.,-0.5,0.866025403784));
#2492 = ADVANCED_FACE('',(#2493),#2504,.F.);
#2493 = FACE_BOUND('',#2494,.F.);
#2494 = EDGE_LOOP('',(#2495,#2496,#2502,#2503));
#2495 = ORIENTED_EDGE('',*,*,#2433,.F.);
#2496 = ORIENTED_EDGE('',*,*,#2497,.F.);
#2497 = EDGE_CURVE('',#2390,#2434,#2498,.T.);
#2498 = LINE('',#2499,#2500);
#2499 = CARTESIAN_POINT('',(178.5,-121.,-38.75));
#2500 = VECTOR('',#2501,1.);
#2501 = DIRECTION('',(-1.,0.,0.));
#2502 = ORIENTED_EDGE('',*,*,#2389,.T.);
#2503 = ORIENTED_EDGE('',*,*,#2497,.T.);
#2504 = CYLINDRICAL_SURFACE('',#2505,1.5);
#2505 = AXIS2_PLACEMENT_3D('',#2506,#2507,#2508);
#2506 = CARTESIAN_POINT('',(178.5,-121.,-37.25));
#2507 = DIRECTION('',(-1.,0.,0.));
#2508 = DIRECTION('',(0.,0.,-1.));
#2509 = MANIFOLD_SOLID_BREP('',#2510);
#2510 = CLOSED_SHELL('',(#2511,#2544,#2564,#2584));
#2511 = ADVANCED_FACE('',(#2512),#2539,.T.);
#2512 = FACE_BOUND('',#2513,.T.);
#2513 = EDGE_LOOP('',(#2514,#2523,#2531,#2538));
#2514 = ORIENTED_EDGE('',*,*,#2515,.F.);
#2515 = EDGE_CURVE('',#2516,#2516,#2518,.T.);
#2516 = VERTEX_POINT('',#2517);
#2517 = CARTESIAN_POINT('',(192.5,-132.,-33.75));
#2518 = CIRCLE('',#2519,3.5);
#2519 = AXIS2_PLACEMENT_3D('',#2520,#2521,#2522);
#2520 = CARTESIAN_POINT('',(192.5,-132.,-37.25));
#2521 = DIRECTION('',(1.,0.,0.));
#2522 = DIRECTION('',(-0.,0.,1.));
#2523 = ORIENTED_EDGE('',*,*,#2524,.F.);
#2524 = EDGE_CURVE('',#2525,#2516,#2527,.T.);
#2525 = VERTEX_POINT('',#2526);
#2526 = CARTESIAN_POINT('',(192.,-132.,-33.75));
#2527 = LINE('',#2528,#2529);
#2528 = CARTESIAN_POINT('',(192.,-132.,-33.75));
#2529 = VECTOR('',#2530,1.);
#2530 = DIRECTION('',(1.,0.,0.));
#2531 = ORIENTED_EDGE('',*,*,#2532,.T.);
#2532 = EDGE_CURVE('',#2525,#2525,#2533,.T.);
#2533 = CIRCLE('',#2534,3.5);
#2534 = AXIS2_PLACEMENT_3D('',#2535,#2536,#2537);
#2535 = CARTESIAN_POINT('',(192.,-132.,-37.25));
#2536 = DIRECTION('',(1.,0.,0.));
#2537 = DIRECTION('',(-0.,0.,1.));
#2538 = ORIENTED_EDGE('',*,*,#2524,.T.);
#2539 = CYLINDRICAL_SURFACE('',#2540,3.5);
#2540 = AXIS2_PLACEMENT_3D('',#2541,#2542,#2543);
#2541 = CARTESIAN_POINT('',(192.,-132.,-37.25));
#2542 = DIRECTION('',(1.,0.,0.));
#2543 = DIRECTION('',(-0.,0.,1.));
#2544 = ADVANCED_FACE('',(#2545,#2548),#2559,.T.);
#2545 = FACE_BOUND('',#2546,.T.);
#2546 = EDGE_LOOP('',(#2547));
#2547 = ORIENTED_EDGE('',*,*,#2515,.T.);
#2548 = FACE_BOUND('',#2549,.T.);
#2549 = EDGE_LOOP('',(#2550));
#2550 = ORIENTED_EDGE('',*,*,#2551,.F.);
#2551 = EDGE_CURVE('',#2552,#2552,#2554,.T.);
#2552 = VERTEX_POINT('',#2553);
#2553 = CARTESIAN_POINT('',(192.5,-132.,-35.65));
#2554 = CIRCLE('',#2555,1.6);
#2555 = AXIS2_PLACEMENT_3D('',#2556,#2557,#2558);
#2556 = CARTESIAN_POINT('',(192.5,-132.,-37.25));
#2557 = DIRECTION('',(1.,0.,0.));
#2558 = DIRECTION('',(-0.,0.,1.));
#2559 = PLANE('',#2560);
#2560 = AXIS2_PLACEMENT_3D('',#2561,#2562,#2563);
#2561 = CARTESIAN_POINT('',(192.5,-132.,-37.25));
#2562 = DIRECTION('',(1.,0.,0.));
#2563 = DIRECTION('',(-0.,0.,1.));
#2564 = ADVANCED_FACE('',(#2565,#2568),#2579,.F.);
#2565 = FACE_BOUND('',#2566,.F.);
#2566 = EDGE_LOOP('',(#2567));
#2567 = ORIENTED_EDGE('',*,*,#2532,.T.);
#2568 = FACE_BOUND('',#2569,.F.);
#2569 = EDGE_LOOP('',(#2570));
#2570 = ORIENTED_EDGE('',*,*,#2571,.F.);
#2571 = EDGE_CURVE('',#2572,#2572,#2574,.T.);
#2572 = VERTEX_POINT('',#2573);
#2573 = CARTESIAN_POINT('',(192.,-132.,-35.65));
#2574 = CIRCLE('',#2575,1.6);
#2575 = AXIS2_PLACEMENT_3D('',#2576,#2577,#2578);
#2576 = CARTESIAN_POINT('',(192.,-132.,-37.25));
#2577 = DIRECTION('',(1.,0.,0.));
#2578 = DIRECTION('',(-0.,0.,1.));
#2579 = PLANE('',#2580);
#2580 = AXIS2_PLACEMENT_3D('',#2581,#2582,#2583);
#2581 = CARTESIAN_POINT('',(192.,-132.,-37.25));
#2582 = DIRECTION('',(1.,0.,0.));
#2583 = DIRECTION('',(-0.,0.,1.));
#2584 = ADVANCED_FACE('',(#2585),#2596,.F.);
#2585 = FACE_BOUND('',#2586,.F.);
#2586 = EDGE_LOOP('',(#2587,#2588,#2594,#2595));
#2587 = ORIENTED_EDGE('',*,*,#2551,.F.);
#2588 = ORIENTED_EDGE('',*,*,#2589,.F.);
#2589 = EDGE_CURVE('',#2572,#2552,#2590,.T.);
#2590 = LINE('',#2591,#2592);
#2591 = CARTESIAN_POINT('',(191.,-132.,-35.65));
#2592 = VECTOR('',#2593,1.);
#2593 = DIRECTION('',(1.,0.,0.));
#2594 = ORIENTED_EDGE('',*,*,#2571,.T.);
#2595 = ORIENTED_EDGE('',*,*,#2589,.T.);
#2596 = CYLINDRICAL_SURFACE('',#2597,1.6);
#2597 = AXIS2_PLACEMENT_3D('',#2598,#2599,#2600);
#2598 = CARTESIAN_POINT('',(191.,-132.,-37.25));
#2599 = DIRECTION('',(1.,0.,0.));
#2600 = DIRECTION('',(-0.,0.,1.));
#2601 = MANIFOLD_SOLID_BREP('',#2602);
#2602 = CLOSED_SHELL('',(#2603,#2636,#2656,#2715,#2740,#2771,#2795,#2819
    ,#2843,#2867,#2884,#2893));
#2603 = ADVANCED_FACE('',(#2604),#2631,.T.);
#2604 = FACE_BOUND('',#2605,.T.);
#2605 = EDGE_LOOP('',(#2606,#2615,#2623,#2630));
#2606 = ORIENTED_EDGE('',*,*,#2607,.F.);
#2607 = EDGE_CURVE('',#2608,#2608,#2610,.T.);
#2608 = VERTEX_POINT('',#2609);
#2609 = CARTESIAN_POINT('',(192.5,-132.,-40.));
#2610 = CIRCLE('',#2611,2.75);
#2611 = AXIS2_PLACEMENT_3D('',#2612,#2613,#2614);
#2612 = CARTESIAN_POINT('',(192.5,-132.,-37.25));
#2613 = DIRECTION('',(-1.,0.,0.));
#2614 = DIRECTION('',(0.,0.,-1.));
#2615 = ORIENTED_EDGE('',*,*,#2616,.F.);
#2616 = EDGE_CURVE('',#2617,#2608,#2619,.T.);
#2617 = VERTEX_POINT('',#2618);
#2618 = CARTESIAN_POINT('',(195.5,-132.,-40.));
#2619 = LINE('',#2620,#2621);
#2620 = CARTESIAN_POINT('',(195.5,-132.,-40.));
#2621 = VECTOR('',#2622,1.);
#2622 = DIRECTION('',(-1.,0.,0.));
#2623 = ORIENTED_EDGE('',*,*,#2624,.T.);
#2624 = EDGE_CURVE('',#2617,#2617,#2625,.T.);
#2625 = CIRCLE('',#2626,2.75);
#2626 = AXIS2_PLACEMENT_3D('',#2627,#2628,#2629);
#2627 = CARTESIAN_POINT('',(195.5,-132.,-37.25));
#2628 = DIRECTION('',(-1.,0.,0.));
#2629 = DIRECTION('',(0.,0.,-1.));
#2630 = ORIENTED_EDGE('',*,*,#2616,.T.);
#2631 = CYLINDRICAL_SURFACE('',#2632,2.75);
#2632 = AXIS2_PLACEMENT_3D('',#2633,#2634,#2635);
#2633 = CARTESIAN_POINT('',(195.5,-132.,-37.25));
#2634 = DIRECTION('',(-1.,0.,0.));
#2635 = DIRECTION('',(0.,0.,-1.));
#2636 = ADVANCED_FACE('',(#2637,#2640),#2651,.T.);
#2637 = FACE_BOUND('',#2638,.T.);
#2638 = EDGE_LOOP('',(#2639));
#2639 = ORIENTED_EDGE('',*,*,#2607,.T.);
#2640 = FACE_BOUND('',#2641,.T.);
#2641 = EDGE_LOOP('',(#2642));
#2642 = ORIENTED_EDGE('',*,*,#2643,.F.);
#2643 = EDGE_CURVE('',#2644,#2644,#2646,.T.);
#2644 = VERTEX_POINT('',#2645);
#2645 = CARTESIAN_POINT('',(192.5,-132.,-38.75));
#2646 = CIRCLE('',#2647,1.5);
#2647 = AXIS2_PLACEMENT_3D('',#2648,#2649,#2650);
#2648 = CARTESIAN_POINT('',(192.5,-132.,-37.25));
#2649 = DIRECTION('',(-1.,0.,0.));
#2650 = DIRECTION('',(0.,0.,-1.));
#2651 = PLANE('',#2652);
#2652 = AXIS2_PLACEMENT_3D('',#2653,#2654,#2655);
#2653 = CARTESIAN_POINT('',(192.5,-132.,-37.25));
#2654 = DIRECTION('',(-1.,0.,0.));
#2655 = DIRECTION('',(0.,0.,-1.));
#2656 = ADVANCED_FACE('',(#2657,#2660),#2710,.F.);
#2657 = FACE_BOUND('',#2658,.F.);
#2658 = EDGE_LOOP('',(#2659));
#2659 = ORIENTED_EDGE('',*,*,#2624,.T.);
#2660 = FACE_BOUND('',#2661,.F.);
#2661 = EDGE_LOOP('',(#2662,#2672,#2680,#2688,#2696,#2704));
#2662 = ORIENTED_EDGE('',*,*,#2663,.T.);
#2663 = EDGE_CURVE('',#2664,#2666,#2668,.T.);
#2664 = VERTEX_POINT('',#2665);
#2665 = CARTESIAN_POINT('',(195.5,-133.25,-37.97168783648));
#2666 = VERTEX_POINT('',#2667);
#2667 = CARTESIAN_POINT('',(195.5,-132.,-38.69337567297));
#2668 = LINE('',#2669,#2670);
#2669 = CARTESIAN_POINT('',(195.5,-132.3125,-38.51295371385));
#2670 = VECTOR('',#2671,1.);
#2671 = DIRECTION('',(0.,0.866025403784,-0.5));
#2672 = ORIENTED_EDGE('',*,*,#2673,.T.);
#2673 = EDGE_CURVE('',#2666,#2674,#2676,.T.);
#2674 = VERTEX_POINT('',#2675);
#2675 = CARTESIAN_POINT('',(195.5,-130.75,-37.97168783648));
#2676 = LINE('',#2677,#2678);
#2677 = CARTESIAN_POINT('',(195.5,-131.0625,-38.1521097956));
#2678 = VECTOR('',#2679,1.);
#2679 = DIRECTION('',(0.,0.866025403784,0.5));
#2680 = ORIENTED_EDGE('',*,*,#2681,.T.);
#2681 = EDGE_CURVE('',#2674,#2682,#2684,.T.);
#2682 = VERTEX_POINT('',#2683);
#2683 = CARTESIAN_POINT('',(195.5,-130.75,-36.52831216351));
#2684 = LINE('',#2685,#2686);
#2685 = CARTESIAN_POINT('',(195.5,-130.75,-36.88915608175));
#2686 = VECTOR('',#2687,1.);
#2687 = DIRECTION('',(0.,-0.,1.));
#2688 = ORIENTED_EDGE('',*,*,#2689,.T.);
#2689 = EDGE_CURVE('',#2682,#2690,#2692,.T.);
#2690 = VERTEX_POINT('',#2691);
#2691 = CARTESIAN_POINT('',(195.5,-132.,-35.80662432702));
#2692 = LINE('',#2693,#2694);
#2693 = CARTESIAN_POINT('',(195.5,-131.6875,-35.98704628614));
#2694 = VECTOR('',#2695,1.);
#2695 = DIRECTION('',(0.,-0.866025403784,0.5));
#2696 = ORIENTED_EDGE('',*,*,#2697,.T.);
#2697 = EDGE_CURVE('',#2690,#2698,#2700,.T.);
#2698 = VERTEX_POINT('',#2699);
#2699 = CARTESIAN_POINT('',(195.5,-133.25,-36.52831216351));
#2700 = LINE('',#2701,#2702);
#2701 = CARTESIAN_POINT('',(195.5,-132.9375,-36.34789020439));
#2702 = VECTOR('',#2703,1.);
#2703 = DIRECTION('',(-0.,-0.866025403784,-0.5));
#2704 = ORIENTED_EDGE('',*,*,#2705,.T.);
#2705 = EDGE_CURVE('',#2698,#2664,#2706,.T.);
#2706 = LINE('',#2707,#2708);
#2707 = CARTESIAN_POINT('',(195.5,-133.25,-37.61084391824));
#2708 = VECTOR('',#2709,1.);
#2709 = DIRECTION('',(-0.,0.,-1.));
#2710 = PLANE('',#2711);
#2711 = AXIS2_PLACEMENT_3D('',#2712,#2713,#2714);
#2712 = CARTESIAN_POINT('',(195.5,-132.,-37.25));
#2713 = DIRECTION('',(-1.,0.,0.));
#2714 = DIRECTION('',(0.,0.,-1.));
#2715 = ADVANCED_FACE('',(#2716),#2735,.T.);
#2716 = FACE_BOUND('',#2717,.T.);
#2717 = EDGE_LOOP('',(#2718,#2727,#2733,#2734));
#2718 = ORIENTED_EDGE('',*,*,#2719,.F.);
#2719 = EDGE_CURVE('',#2720,#2720,#2722,.T.);
#2720 = VERTEX_POINT('',#2721);
#2721 = CARTESIAN_POINT('',(172.5,-132.,-38.75));
#2722 = CIRCLE('',#2723,1.5);
#2723 = AXIS2_PLACEMENT_3D('',#2724,#2725,#2726);
#2724 = CARTESIAN_POINT('',(172.5,-132.,-37.25));
#2725 = DIRECTION('',(-1.,0.,0.));
#2726 = DIRECTION('',(0.,0.,-1.));
#2727 = ORIENTED_EDGE('',*,*,#2728,.F.);
#2728 = EDGE_CURVE('',#2644,#2720,#2729,.T.);
#2729 = LINE('',#2730,#2731);
#2730 = CARTESIAN_POINT('',(192.5,-132.,-38.75));
#2731 = VECTOR('',#2732,1.);
#2732 = DIRECTION('',(-1.,0.,0.));
#2733 = ORIENTED_EDGE('',*,*,#2643,.T.);
#2734 = ORIENTED_EDGE('',*,*,#2728,.T.);
#2735 = CYLINDRICAL_SURFACE('',#2736,1.5);
#2736 = AXIS2_PLACEMENT_3D('',#2737,#2738,#2739);
#2737 = CARTESIAN_POINT('',(192.5,-132.,-37.25));
#2738 = DIRECTION('',(-1.,0.,0.));
#2739 = DIRECTION('',(0.,0.,-1.));
#2740 = ADVANCED_FACE('',(#2741),#2766,.T.);
#2741 = FACE_BOUND('',#2742,.T.);
#2742 = EDGE_LOOP('',(#2743,#2744,#2752,#2760));
#2743 = ORIENTED_EDGE('',*,*,#2663,.T.);
#2744 = ORIENTED_EDGE('',*,*,#2745,.T.);
#2745 = EDGE_CURVE('',#2666,#2746,#2748,.T.);
#2746 = VERTEX_POINT('',#2747);
#2747 = CARTESIAN_POINT('',(193.7,-132.,-38.69337567297));
#2748 = LINE('',#2749,#2750);
#2749 = CARTESIAN_POINT('',(195.6,-132.,-38.69337567297));
#2750 = VECTOR('',#2751,1.);
#2751 = DIRECTION('',(-1.,0.,0.));
#2752 = ORIENTED_EDGE('',*,*,#2753,.T.);
#2753 = EDGE_CURVE('',#2746,#2754,#2756,.T.);
#2754 = VERTEX_POINT('',#2755);
#2755 = CARTESIAN_POINT('',(193.7,-133.25,-37.97168783648));
#2756 = LINE('',#2757,#2758);
#2757 = CARTESIAN_POINT('',(193.7,-132.,-38.69337567297));
#2758 = VECTOR('',#2759,1.);
#2759 = DIRECTION('',(0.,-0.866025403784,0.5));
#2760 = ORIENTED_EDGE('',*,*,#2761,.F.);
#2761 = EDGE_CURVE('',#2664,#2754,#2762,.T.);
#2762 = LINE('',#2763,#2764);
#2763 = CARTESIAN_POINT('',(195.6,-133.25,-37.97168783648));
#2764 = VECTOR('',#2765,1.);
#2765 = DIRECTION('',(-1.,0.,0.));
#2766 = PLANE('',#2767);
#2767 = AXIS2_PLACEMENT_3D('',#2768,#2769,#2770);
#2768 = CARTESIAN_POINT('',(195.6,-132.,-38.69337567297));
#2769 = DIRECTION('',(0.,0.5,0.866025403784));
#2770 = DIRECTION('',(0.,-0.866025403784,0.5));
#2771 = ADVANCED_FACE('',(#2772),#2790,.T.);
#2772 = FACE_BOUND('',#2773,.T.);
#2773 = EDGE_LOOP('',(#2774,#2775,#2776,#2784));
#2774 = ORIENTED_EDGE('',*,*,#2705,.T.);
#2775 = ORIENTED_EDGE('',*,*,#2761,.T.);
#2776 = ORIENTED_EDGE('',*,*,#2777,.T.);
#2777 = EDGE_CURVE('',#2754,#2778,#2780,.T.);
#2778 = VERTEX_POINT('',#2779);
#2779 = CARTESIAN_POINT('',(193.7,-133.25,-36.52831216351));
#2780 = LINE('',#2781,#2782);
#2781 = CARTESIAN_POINT('',(193.7,-133.25,-37.97168783648));
#2782 = VECTOR('',#2783,1.);
#2783 = DIRECTION('',(0.,0.,1.));
#2784 = ORIENTED_EDGE('',*,*,#2785,.F.);
#2785 = EDGE_CURVE('',#2698,#2778,#2786,.T.);
#2786 = LINE('',#2787,#2788);
#2787 = CARTESIAN_POINT('',(195.6,-133.25,-36.52831216351));
#2788 = VECTOR('',#2789,1.);
#2789 = DIRECTION('',(-1.,0.,0.));
#2790 = PLANE('',#2791);
#2791 = AXIS2_PLACEMENT_3D('',#2792,#2793,#2794);
#2792 = CARTESIAN_POINT('',(195.6,-133.25,-37.97168783648));
#2793 = DIRECTION('',(0.,1.,-0.));
#2794 = DIRECTION('',(0.,0.,1.));
#2795 = ADVANCED_FACE('',(#2796),#2814,.T.);
#2796 = FACE_BOUND('',#2797,.T.);
#2797 = EDGE_LOOP('',(#2798,#2799,#2800,#2808));
#2798 = ORIENTED_EDGE('',*,*,#2697,.T.);
#2799 = ORIENTED_EDGE('',*,*,#2785,.T.);
#2800 = ORIENTED_EDGE('',*,*,#2801,.T.);
#2801 = EDGE_CURVE('',#2778,#2802,#2804,.T.);
#2802 = VERTEX_POINT('',#2803);
#2803 = CARTESIAN_POINT('',(193.7,-132.,-35.80662432702));
#2804 = LINE('',#2805,#2806);
#2805 = CARTESIAN_POINT('',(193.7,-133.25,-36.52831216351));
#2806 = VECTOR('',#2807,1.);
#2807 = DIRECTION('',(0.,0.866025403784,0.5));
#2808 = ORIENTED_EDGE('',*,*,#2809,.F.);
#2809 = EDGE_CURVE('',#2690,#2802,#2810,.T.);
#2810 = LINE('',#2811,#2812);
#2811 = CARTESIAN_POINT('',(195.6,-132.,-35.80662432702));
#2812 = VECTOR('',#2813,1.);
#2813 = DIRECTION('',(-1.,0.,0.));
#2814 = PLANE('',#2815);
#2815 = AXIS2_PLACEMENT_3D('',#2816,#2817,#2818);
#2816 = CARTESIAN_POINT('',(195.6,-133.25,-36.52831216351));
#2817 = DIRECTION('',(0.,0.5,-0.866025403784));
#2818 = DIRECTION('',(0.,0.866025403784,0.5));
#2819 = ADVANCED_FACE('',(#2820),#2838,.T.);
#2820 = FACE_BOUND('',#2821,.T.);
#2821 = EDGE_LOOP('',(#2822,#2823,#2824,#2832));
#2822 = ORIENTED_EDGE('',*,*,#2689,.T.);
#2823 = ORIENTED_EDGE('',*,*,#2809,.T.);
#2824 = ORIENTED_EDGE('',*,*,#2825,.T.);
#2825 = EDGE_CURVE('',#2802,#2826,#2828,.T.);
#2826 = VERTEX_POINT('',#2827);
#2827 = CARTESIAN_POINT('',(193.7,-130.75,-36.52831216351));
#2828 = LINE('',#2829,#2830);
#2829 = CARTESIAN_POINT('',(193.7,-132.,-35.80662432702));
#2830 = VECTOR('',#2831,1.);
#2831 = DIRECTION('',(0.,0.866025403784,-0.5));
#2832 = ORIENTED_EDGE('',*,*,#2833,.F.);
#2833 = EDGE_CURVE('',#2682,#2826,#2834,.T.);
#2834 = LINE('',#2835,#2836);
#2835 = CARTESIAN_POINT('',(195.6,-130.75,-36.52831216351));
#2836 = VECTOR('',#2837,1.);
#2837 = DIRECTION('',(-1.,0.,0.));
#2838 = PLANE('',#2839);
#2839 = AXIS2_PLACEMENT_3D('',#2840,#2841,#2842);
#2840 = CARTESIAN_POINT('',(195.6,-132.,-35.80662432702));
#2841 = DIRECTION('',(-0.,-0.5,-0.866025403784));
#2842 = DIRECTION('',(0.,0.866025403784,-0.5));
#2843 = ADVANCED_FACE('',(#2844),#2862,.T.);
#2844 = FACE_BOUND('',#2845,.T.);
#2845 = EDGE_LOOP('',(#2846,#2847,#2848,#2856));
#2846 = ORIENTED_EDGE('',*,*,#2681,.T.);
#2847 = ORIENTED_EDGE('',*,*,#2833,.T.);
#2848 = ORIENTED_EDGE('',*,*,#2849,.T.);
#2849 = EDGE_CURVE('',#2826,#2850,#2852,.T.);
#2850 = VERTEX_POINT('',#2851);
#2851 = CARTESIAN_POINT('',(193.7,-130.75,-37.97168783648));
#2852 = LINE('',#2853,#2854);
#2853 = CARTESIAN_POINT('',(193.7,-130.75,-36.52831216351));
#2854 = VECTOR('',#2855,1.);
#2855 = DIRECTION('',(0.,0.,-1.));
#2856 = ORIENTED_EDGE('',*,*,#2857,.F.);
#2857 = EDGE_CURVE('',#2674,#2850,#2858,.T.);
#2858 = LINE('',#2859,#2860);
#2859 = CARTESIAN_POINT('',(195.6,-130.75,-37.97168783648));
#2860 = VECTOR('',#2861,1.);
#2861 = DIRECTION('',(-1.,0.,0.));
#2862 = PLANE('',#2863);
#2863 = AXIS2_PLACEMENT_3D('',#2864,#2865,#2866);
#2864 = CARTESIAN_POINT('',(195.6,-130.75,-36.52831216351));
#2865 = DIRECTION('',(-0.,-1.,-0.));
#2866 = DIRECTION('',(0.,0.,-1.));
#2867 = ADVANCED_FACE('',(#2868),#2879,.T.);
#2868 = FACE_BOUND('',#2869,.T.);
#2869 = EDGE_LOOP('',(#2870,#2871,#2872,#2878));
#2870 = ORIENTED_EDGE('',*,*,#2673,.T.);
#2871 = ORIENTED_EDGE('',*,*,#2857,.T.);
#2872 = ORIENTED_EDGE('',*,*,#2873,.T.);
#2873 = EDGE_CURVE('',#2850,#2746,#2874,.T.);
#2874 = LINE('',#2875,#2876);
#2875 = CARTESIAN_POINT('',(193.7,-130.75,-37.97168783648));
#2876 = VECTOR('',#2877,1.);
#2877 = DIRECTION('',(0.,-0.866025403784,-0.5));
#2878 = ORIENTED_EDGE('',*,*,#2745,.F.);
#2879 = PLANE('',#2880);
#2880 = AXIS2_PLACEMENT_3D('',#2881,#2882,#2883);
#2881 = CARTESIAN_POINT('',(195.6,-130.75,-37.97168783648));
#2882 = DIRECTION('',(0.,-0.5,0.866025403784));
#2883 = DIRECTION('',(0.,-0.866025403784,-0.5));
#2884 = ADVANCED_FACE('',(#2885),#2888,.T.);
#2885 = FACE_BOUND('',#2886,.T.);
#2886 = EDGE_LOOP('',(#2887));
#2887 = ORIENTED_EDGE('',*,*,#2719,.T.);
#2888 = PLANE('',#2889);
#2889 = AXIS2_PLACEMENT_3D('',#2890,#2891,#2892);
#2890 = CARTESIAN_POINT('',(172.5,-132.,-37.25));
#2891 = DIRECTION('',(-1.,0.,0.));
#2892 = DIRECTION('',(0.,0.,-1.));
#2893 = ADVANCED_FACE('',(#2894),#2902,.F.);
#2894 = FACE_BOUND('',#2895,.F.);
#2895 = EDGE_LOOP('',(#2896,#2897,#2898,#2899,#2900,#2901));
#2896 = ORIENTED_EDGE('',*,*,#2873,.T.);
#2897 = ORIENTED_EDGE('',*,*,#2753,.T.);
#2898 = ORIENTED_EDGE('',*,*,#2777,.T.);
#2899 = ORIENTED_EDGE('',*,*,#2801,.T.);
#2900 = ORIENTED_EDGE('',*,*,#2825,.T.);
#2901 = ORIENTED_EDGE('',*,*,#2849,.T.);
#2902 = PLANE('',#2903);
#2903 = AXIS2_PLACEMENT_3D('',#2904,#2905,#2906);
#2904 = CARTESIAN_POINT('',(193.7,-132.,-37.25));
#2905 = DIRECTION('',(-1.,-0.,-0.));
#2906 = DIRECTION('',(0.,0.,-1.));
#2907 = MANIFOLD_SOLID_BREP('',#2908);
#2908 = CLOSED_SHELL('',(#2909,#2942,#2962,#2982));
#2909 = ADVANCED_FACE('',(#2910),#2937,.T.);
#2910 = FACE_BOUND('',#2911,.T.);
#2911 = EDGE_LOOP('',(#2912,#2921,#2929,#2936));
#2912 = ORIENTED_EDGE('',*,*,#2913,.F.);
#2913 = EDGE_CURVE('',#2914,#2914,#2916,.T.);
#2914 = VERTEX_POINT('',#2915);
#2915 = CARTESIAN_POINT('',(177.5,-132.,-40.75));
#2916 = CIRCLE('',#2917,3.5);
#2917 = AXIS2_PLACEMENT_3D('',#2918,#2919,#2920);
#2918 = CARTESIAN_POINT('',(177.5,-132.,-37.25));
#2919 = DIRECTION('',(-1.,0.,0.));
#2920 = DIRECTION('',(0.,0.,-1.));
#2921 = ORIENTED_EDGE('',*,*,#2922,.F.);
#2922 = EDGE_CURVE('',#2923,#2914,#2925,.T.);
#2923 = VERTEX_POINT('',#2924);
#2924 = CARTESIAN_POINT('',(178.,-132.,-40.75));
#2925 = LINE('',#2926,#2927);
#2926 = CARTESIAN_POINT('',(178.,-132.,-40.75));
#2927 = VECTOR('',#2928,1.);
#2928 = DIRECTION('',(-1.,0.,0.));
#2929 = ORIENTED_EDGE('',*,*,#2930,.T.);
#2930 = EDGE_CURVE('',#2923,#2923,#2931,.T.);
#2931 = CIRCLE('',#2932,3.5);
#2932 = AXIS2_PLACEMENT_3D('',#2933,#2934,#2935);
#2933 = CARTESIAN_POINT('',(178.,-132.,-37.25));
#2934 = DIRECTION('',(-1.,0.,0.));
#2935 = DIRECTION('',(0.,0.,-1.));
#2936 = ORIENTED_EDGE('',*,*,#2922,.T.);
#2937 = CYLINDRICAL_SURFACE('',#2938,3.5);
#2938 = AXIS2_PLACEMENT_3D('',#2939,#2940,#2941);
#2939 = CARTESIAN_POINT('',(178.,-132.,-37.25));
#2940 = DIRECTION('',(-1.,0.,0.));
#2941 = DIRECTION('',(0.,0.,-1.));
#2942 = ADVANCED_FACE('',(#2943,#2946),#2957,.T.);
#2943 = FACE_BOUND('',#2944,.T.);
#2944 = EDGE_LOOP('',(#2945));
#2945 = ORIENTED_EDGE('',*,*,#2913,.T.);
#2946 = FACE_BOUND('',#2947,.T.);
#2947 = EDGE_LOOP('',(#2948));
#2948 = ORIENTED_EDGE('',*,*,#2949,.F.);
#2949 = EDGE_CURVE('',#2950,#2950,#2952,.T.);
#2950 = VERTEX_POINT('',#2951);
#2951 = CARTESIAN_POINT('',(177.5,-132.,-38.85));
#2952 = CIRCLE('',#2953,1.6);
#2953 = AXIS2_PLACEMENT_3D('',#2954,#2955,#2956);
#2954 = CARTESIAN_POINT('',(177.5,-132.,-37.25));
#2955 = DIRECTION('',(-1.,0.,0.));
#2956 = DIRECTION('',(0.,0.,-1.));
#2957 = PLANE('',#2958);
#2958 = AXIS2_PLACEMENT_3D('',#2959,#2960,#2961);
#2959 = CARTESIAN_POINT('',(177.5,-132.,-37.25));
#2960 = DIRECTION('',(-1.,0.,0.));
#2961 = DIRECTION('',(0.,0.,-1.));
#2962 = ADVANCED_FACE('',(#2963,#2966),#2977,.F.);
#2963 = FACE_BOUND('',#2964,.F.);
#2964 = EDGE_LOOP('',(#2965));
#2965 = ORIENTED_EDGE('',*,*,#2930,.T.);
#2966 = FACE_BOUND('',#2967,.F.);
#2967 = EDGE_LOOP('',(#2968));
#2968 = ORIENTED_EDGE('',*,*,#2969,.F.);
#2969 = EDGE_CURVE('',#2970,#2970,#2972,.T.);
#2970 = VERTEX_POINT('',#2971);
#2971 = CARTESIAN_POINT('',(178.,-132.,-38.85));
#2972 = CIRCLE('',#2973,1.6);
#2973 = AXIS2_PLACEMENT_3D('',#2974,#2975,#2976);
#2974 = CARTESIAN_POINT('',(178.,-132.,-37.25));
#2975 = DIRECTION('',(-1.,0.,0.));
#2976 = DIRECTION('',(0.,0.,-1.));
#2977 = PLANE('',#2978);
#2978 = AXIS2_PLACEMENT_3D('',#2979,#2980,#2981);
#2979 = CARTESIAN_POINT('',(178.,-132.,-37.25));
#2980 = DIRECTION('',(-1.,0.,0.));
#2981 = DIRECTION('',(0.,0.,-1.));
#2982 = ADVANCED_FACE('',(#2983),#2994,.F.);
#2983 = FACE_BOUND('',#2984,.F.);
#2984 = EDGE_LOOP('',(#2985,#2986,#2992,#2993));
#2985 = ORIENTED_EDGE('',*,*,#2949,.F.);
#2986 = ORIENTED_EDGE('',*,*,#2987,.F.);
#2987 = EDGE_CURVE('',#2970,#2950,#2988,.T.);
#2988 = LINE('',#2989,#2990);
#2989 = CARTESIAN_POINT('',(179.,-132.,-38.85));
#2990 = VECTOR('',#2991,1.);
#2991 = DIRECTION('',(-1.,0.,0.));
#2992 = ORIENTED_EDGE('',*,*,#2969,.T.);
#2993 = ORIENTED_EDGE('',*,*,#2987,.T.);
#2994 = CYLINDRICAL_SURFACE('',#2995,1.6);
#2995 = AXIS2_PLACEMENT_3D('',#2996,#2997,#2998);
#2996 = CARTESIAN_POINT('',(179.,-132.,-37.25));
#2997 = DIRECTION('',(-1.,0.,0.));
#2998 = DIRECTION('',(0.,0.,-1.));
#2999 = MANIFOLD_SOLID_BREP('',#3000);
#3000 = CLOSED_SHELL('',(#3001,#3041,#3072,#3103,#3147,#3191,#3208,#3225
    ,#3237));
#3001 = ADVANCED_FACE('',(#3002),#3036,.F.);
#3002 = FACE_BOUND('',#3003,.F.);
#3003 = EDGE_LOOP('',(#3004,#3014,#3022,#3030));
#3004 = ORIENTED_EDGE('',*,*,#3005,.T.);
#3005 = EDGE_CURVE('',#3006,#3008,#3010,.T.);
#3006 = VERTEX_POINT('',#3007);
#3007 = CARTESIAN_POINT('',(177.5,-130.4122867597,-34.5));
#3008 = VERTEX_POINT('',#3009);
#3009 = CARTESIAN_POINT('',(173.5,-130.4122867597,-34.5));
#3010 = LINE('',#3011,#3012);
#3011 = CARTESIAN_POINT('',(177.5,-130.4122867597,-34.5));
#3012 = VECTOR('',#3013,1.);
#3013 = DIRECTION('',(-1.,0.,0.));
#3014 = ORIENTED_EDGE('',*,*,#3015,.T.);
#3015 = EDGE_CURVE('',#3008,#3016,#3018,.T.);
#3016 = VERTEX_POINT('',#3017);
#3017 = CARTESIAN_POINT('',(173.5,-128.8245735194,-37.25));
#3018 = LINE('',#3019,#3020);
#3019 = CARTESIAN_POINT('',(173.5,-130.4122867597,-34.5));
#3020 = VECTOR('',#3021,1.);
#3021 = DIRECTION('',(0.,0.5,-0.866025403784));
#3022 = ORIENTED_EDGE('',*,*,#3023,.F.);
#3023 = EDGE_CURVE('',#3024,#3016,#3026,.T.);
#3024 = VERTEX_POINT('',#3025);
#3025 = CARTESIAN_POINT('',(177.5,-128.8245735194,-37.25));
#3026 = LINE('',#3027,#3028);
#3027 = CARTESIAN_POINT('',(177.5,-128.8245735194,-37.25));
#3028 = VECTOR('',#3029,1.);
#3029 = DIRECTION('',(-1.,0.,0.));
#3030 = ORIENTED_EDGE('',*,*,#3031,.F.);
#3031 = EDGE_CURVE('',#3006,#3024,#3032,.T.);
#3032 = LINE('',#3033,#3034);
#3033 = CARTESIAN_POINT('',(177.5,-130.4122867597,-34.5));
#3034 = VECTOR('',#3035,1.);
#3035 = DIRECTION('',(0.,0.5,-0.866025403784));
#3036 = PLANE('',#3037);
#3037 = AXIS2_PLACEMENT_3D('',#3038,#3039,#3040);
#3038 = CARTESIAN_POINT('',(177.5,-130.4122867597,-34.5));
#3039 = DIRECTION('',(-0.,-0.866025403784,-0.5));
#3040 = DIRECTION('',(0.,0.5,-0.866025403784));
#3041 = ADVANCED_FACE('',(#3042),#3067,.F.);
#3042 = FACE_BOUND('',#3043,.F.);
#3043 = EDGE_LOOP('',(#3044,#3054,#3060,#3061));
#3044 = ORIENTED_EDGE('',*,*,#3045,.T.);
#3045 = EDGE_CURVE('',#3046,#3048,#3050,.T.);
#3046 = VERTEX_POINT('',#3047);
#3047 = CARTESIAN_POINT('',(177.5,-133.5877132402,-34.5));
#3048 = VERTEX_POINT('',#3049);
#3049 = CARTESIAN_POINT('',(173.5,-133.5877132402,-34.5));
#3050 = LINE('',#3051,#3052);
#3051 = CARTESIAN_POINT('',(177.5,-133.5877132402,-34.5));
#3052 = VECTOR('',#3053,1.);
#3053 = DIRECTION('',(-1.,0.,0.));
#3054 = ORIENTED_EDGE('',*,*,#3055,.T.);
#3055 = EDGE_CURVE('',#3048,#3008,#3056,.T.);
#3056 = LINE('',#3057,#3058);
#3057 = CARTESIAN_POINT('',(173.5,-133.5877132402,-34.5));
#3058 = VECTOR('',#3059,1.);
#3059 = DIRECTION('',(0.,1.,0.));
#3060 = ORIENTED_EDGE('',*,*,#3005,.F.);
#3061 = ORIENTED_EDGE('',*,*,#3062,.F.);
#3062 = EDGE_CURVE('',#3046,#3006,#3063,.T.);
#3063 = LINE('',#3064,#3065);
#3064 = CARTESIAN_POINT('',(177.5,-133.5877132402,-34.5));
#3065 = VECTOR('',#3066,1.);
#3066 = DIRECTION('',(0.,1.,0.));
#3067 = PLANE('',#3068);
#3068 = AXIS2_PLACEMENT_3D('',#3069,#3070,#3071);
#3069 = CARTESIAN_POINT('',(177.5,-133.5877132402,-34.5));
#3070 = DIRECTION('',(0.,0.,-1.));
#3071 = DIRECTION('',(0.,1.,0.));
#3072 = ADVANCED_FACE('',(#3073),#3098,.F.);
#3073 = FACE_BOUND('',#3074,.F.);
#3074 = EDGE_LOOP('',(#3075,#3076,#3084,#3092));
#3075 = ORIENTED_EDGE('',*,*,#3023,.T.);
#3076 = ORIENTED_EDGE('',*,*,#3077,.T.);
#3077 = EDGE_CURVE('',#3016,#3078,#3080,.T.);
#3078 = VERTEX_POINT('',#3079);
#3079 = CARTESIAN_POINT('',(173.5,-130.4122867597,-40.));
#3080 = LINE('',#3081,#3082);
#3081 = CARTESIAN_POINT('',(173.5,-128.8245735194,-37.25));
#3082 = VECTOR('',#3083,1.);
#3083 = DIRECTION('',(0.,-0.5,-0.866025403784));
#3084 = ORIENTED_EDGE('',*,*,#3085,.F.);
#3085 = EDGE_CURVE('',#3086,#3078,#3088,.T.);
#3086 = VERTEX_POINT('',#3087);
#3087 = CARTESIAN_POINT('',(177.5,-130.4122867597,-40.));
#3088 = LINE('',#3089,#3090);
#3089 = CARTESIAN_POINT('',(177.5,-130.4122867597,-40.));
#3090 = VECTOR('',#3091,1.);
#3091 = DIRECTION('',(-1.,0.,0.));
#3092 = ORIENTED_EDGE('',*,*,#3093,.F.);
#3093 = EDGE_CURVE('',#3024,#3086,#3094,.T.);
#3094 = LINE('',#3095,#3096);
#3095 = CARTESIAN_POINT('',(177.5,-128.8245735194,-37.25));
#3096 = VECTOR('',#3097,1.);
#3097 = DIRECTION('',(0.,-0.5,-0.866025403784));
#3098 = PLANE('',#3099);
#3099 = AXIS2_PLACEMENT_3D('',#3100,#3101,#3102);
#3100 = CARTESIAN_POINT('',(177.5,-128.8245735194,-37.25));
#3101 = DIRECTION('',(0.,-0.866025403784,0.5));
#3102 = DIRECTION('',(0.,-0.5,-0.866025403784));
#3103 = ADVANCED_FACE('',(#3104,#3131),#3142,.F.);
#3104 = FACE_BOUND('',#3105,.F.);
#3105 = EDGE_LOOP('',(#3106,#3107,#3108,#3116,#3124,#3130));
#3106 = ORIENTED_EDGE('',*,*,#3031,.T.);
#3107 = ORIENTED_EDGE('',*,*,#3093,.T.);
#3108 = ORIENTED_EDGE('',*,*,#3109,.T.);
#3109 = EDGE_CURVE('',#3086,#3110,#3112,.T.);
#3110 = VERTEX_POINT('',#3111);
#3111 = CARTESIAN_POINT('',(177.5,-133.5877132402,-40.));
#3112 = LINE('',#3113,#3114);
#3113 = CARTESIAN_POINT('',(177.5,-130.4122867597,-40.));
#3114 = VECTOR('',#3115,1.);
#3115 = DIRECTION('',(0.,-1.,0.));
#3116 = ORIENTED_EDGE('',*,*,#3117,.T.);
#3117 = EDGE_CURVE('',#3110,#3118,#3120,.T.);
#3118 = VERTEX_POINT('',#3119);
#3119 = CARTESIAN_POINT('',(177.5,-135.1754264805,-37.25));
#3120 = LINE('',#3121,#3122);
#3121 = CARTESIAN_POINT('',(177.5,-133.5877132402,-40.));
#3122 = VECTOR('',#3123,1.);
#3123 = DIRECTION('',(0.,-0.5,0.866025403784));
#3124 = ORIENTED_EDGE('',*,*,#3125,.T.);
#3125 = EDGE_CURVE('',#3118,#3046,#3126,.T.);
#3126 = LINE('',#3127,#3128);
#3127 = CARTESIAN_POINT('',(177.5,-135.1754264805,-37.25));
#3128 = VECTOR('',#3129,1.);
#3129 = DIRECTION('',(0.,0.5,0.866025403784));
#3130 = ORIENTED_EDGE('',*,*,#3062,.T.);
#3131 = FACE_BOUND('',#3132,.F.);
#3132 = EDGE_LOOP('',(#3133));
#3133 = ORIENTED_EDGE('',*,*,#3134,.F.);
#3134 = EDGE_CURVE('',#3135,#3135,#3137,.T.);
#3135 = VERTEX_POINT('',#3136);
#3136 = CARTESIAN_POINT('',(177.5,-132.,-38.75));
#3137 = CIRCLE('',#3138,1.5);
#3138 = AXIS2_PLACEMENT_3D('',#3139,#3140,#3141);
#3139 = CARTESIAN_POINT('',(177.5,-132.,-37.25));
#3140 = DIRECTION('',(-1.,0.,0.));
#3141 = DIRECTION('',(0.,0.,-1.));
#3142 = PLANE('',#3143);
#3143 = AXIS2_PLACEMENT_3D('',#3144,#3145,#3146);
#3144 = CARTESIAN_POINT('',(177.5,-132.,-37.25));
#3145 = DIRECTION('',(-1.,-0.,-0.));
#3146 = DIRECTION('',(0.,0.,-1.));
#3147 = ADVANCED_FACE('',(#3148,#3175),#3186,.T.);
#3148 = FACE_BOUND('',#3149,.T.);
#3149 = EDGE_LOOP('',(#3150,#3151,#3152,#3160,#3168,#3174));
#3150 = ORIENTED_EDGE('',*,*,#3015,.T.);
#3151 = ORIENTED_EDGE('',*,*,#3077,.T.);
#3152 = ORIENTED_EDGE('',*,*,#3153,.T.);
#3153 = EDGE_CURVE('',#3078,#3154,#3156,.T.);
#3154 = VERTEX_POINT('',#3155);
#3155 = CARTESIAN_POINT('',(173.5,-133.5877132402,-40.));
#3156 = LINE('',#3157,#3158);
#3157 = CARTESIAN_POINT('',(173.5,-130.4122867597,-40.));
#3158 = VECTOR('',#3159,1.);
#3159 = DIRECTION('',(0.,-1.,0.));
#3160 = ORIENTED_EDGE('',*,*,#3161,.T.);
#3161 = EDGE_CURVE('',#3154,#3162,#3164,.T.);
#3162 = VERTEX_POINT('',#3163);
#3163 = CARTESIAN_POINT('',(173.5,-135.1754264805,-37.25));
#3164 = LINE('',#3165,#3166);
#3165 = CARTESIAN_POINT('',(173.5,-133.5877132402,-40.));
#3166 = VECTOR('',#3167,1.);
#3167 = DIRECTION('',(0.,-0.5,0.866025403784));
#3168 = ORIENTED_EDGE('',*,*,#3169,.T.);
#3169 = EDGE_CURVE('',#3162,#3048,#3170,.T.);
#3170 = LINE('',#3171,#3172);
#3171 = CARTESIAN_POINT('',(173.5,-135.1754264805,-37.25));
#3172 = VECTOR('',#3173,1.);
#3173 = DIRECTION('',(0.,0.5,0.866025403784));
#3174 = ORIENTED_EDGE('',*,*,#3055,.T.);
#3175 = FACE_BOUND('',#3176,.T.);
#3176 = EDGE_LOOP('',(#3177));
#3177 = ORIENTED_EDGE('',*,*,#3178,.F.);
#3178 = EDGE_CURVE('',#3179,#3179,#3181,.T.);
#3179 = VERTEX_POINT('',#3180);
#3180 = CARTESIAN_POINT('',(173.5,-132.,-38.75));
#3181 = CIRCLE('',#3182,1.5);
#3182 = AXIS2_PLACEMENT_3D('',#3183,#3184,#3185);
#3183 = CARTESIAN_POINT('',(173.5,-132.,-37.25));
#3184 = DIRECTION('',(-1.,0.,0.));
#3185 = DIRECTION('',(0.,0.,-1.));
#3186 = PLANE('',#3187);
#3187 = AXIS2_PLACEMENT_3D('',#3188,#3189,#3190);
#3188 = CARTESIAN_POINT('',(173.5,-132.,-37.25));
#3189 = DIRECTION('',(-1.,-0.,-0.));
#3190 = DIRECTION('',(0.,0.,-1.));
#3191 = ADVANCED_FACE('',(#3192),#3203,.F.);
#3192 = FACE_BOUND('',#3193,.F.);
#3193 = EDGE_LOOP('',(#3194,#3200,#3201,#3202));
#3194 = ORIENTED_EDGE('',*,*,#3195,.T.);
#3195 = EDGE_CURVE('',#3118,#3162,#3196,.T.);
#3196 = LINE('',#3197,#3198);
#3197 = CARTESIAN_POINT('',(177.5,-135.1754264805,-37.25));
#3198 = VECTOR('',#3199,1.);
#3199 = DIRECTION('',(-1.,0.,0.));
#3200 = ORIENTED_EDGE('',*,*,#3169,.T.);
#3201 = ORIENTED_EDGE('',*,*,#3045,.F.);
#3202 = ORIENTED_EDGE('',*,*,#3125,.F.);
#3203 = PLANE('',#3204);
#3204 = AXIS2_PLACEMENT_3D('',#3205,#3206,#3207);
#3205 = CARTESIAN_POINT('',(177.5,-135.1754264805,-37.25));
#3206 = DIRECTION('',(0.,0.866025403784,-0.5));
#3207 = DIRECTION('',(0.,0.5,0.866025403784));
#3208 = ADVANCED_FACE('',(#3209),#3220,.F.);
#3209 = FACE_BOUND('',#3210,.F.);
#3210 = EDGE_LOOP('',(#3211,#3212,#3213,#3219));
#3211 = ORIENTED_EDGE('',*,*,#3085,.T.);
#3212 = ORIENTED_EDGE('',*,*,#3153,.T.);
#3213 = ORIENTED_EDGE('',*,*,#3214,.F.);
#3214 = EDGE_CURVE('',#3110,#3154,#3215,.T.);
#3215 = LINE('',#3216,#3217);
#3216 = CARTESIAN_POINT('',(177.5,-133.5877132402,-40.));
#3217 = VECTOR('',#3218,1.);
#3218 = DIRECTION('',(-1.,0.,0.));
#3219 = ORIENTED_EDGE('',*,*,#3109,.F.);
#3220 = PLANE('',#3221);
#3221 = AXIS2_PLACEMENT_3D('',#3222,#3223,#3224);
#3222 = CARTESIAN_POINT('',(177.5,-130.4122867597,-40.));
#3223 = DIRECTION('',(0.,0.,1.));
#3224 = DIRECTION('',(0.,-1.,0.));
#3225 = ADVANCED_FACE('',(#3226),#3232,.F.);
#3226 = FACE_BOUND('',#3227,.F.);
#3227 = EDGE_LOOP('',(#3228,#3229,#3230,#3231));
#3228 = ORIENTED_EDGE('',*,*,#3214,.T.);
#3229 = ORIENTED_EDGE('',*,*,#3161,.T.);
#3230 = ORIENTED_EDGE('',*,*,#3195,.F.);
#3231 = ORIENTED_EDGE('',*,*,#3117,.F.);
#3232 = PLANE('',#3233);
#3233 = AXIS2_PLACEMENT_3D('',#3234,#3235,#3236);
#3234 = CARTESIAN_POINT('',(177.5,-133.5877132402,-40.));
#3235 = DIRECTION('',(0.,0.866025403784,0.5));
#3236 = DIRECTION('',(0.,-0.5,0.866025403784));
#3237 = ADVANCED_FACE('',(#3238),#3249,.F.);
#3238 = FACE_BOUND('',#3239,.F.);
#3239 = EDGE_LOOP('',(#3240,#3241,#3247,#3248));
#3240 = ORIENTED_EDGE('',*,*,#3178,.F.);
#3241 = ORIENTED_EDGE('',*,*,#3242,.F.);
#3242 = EDGE_CURVE('',#3135,#3179,#3243,.T.);
#3243 = LINE('',#3244,#3245);
#3244 = CARTESIAN_POINT('',(178.5,-132.,-38.75));
#3245 = VECTOR('',#3246,1.);
#3246 = DIRECTION('',(-1.,0.,0.));
#3247 = ORIENTED_EDGE('',*,*,#3134,.T.);
#3248 = ORIENTED_EDGE('',*,*,#3242,.T.);
#3249 = CYLINDRICAL_SURFACE('',#3250,1.5);
#3250 = AXIS2_PLACEMENT_3D('',#3251,#3252,#3253);
#3251 = CARTESIAN_POINT('',(178.5,-132.,-37.25));
#3252 = DIRECTION('',(-1.,0.,0.));
#3253 = DIRECTION('',(0.,0.,-1.));
#3254 = MANIFOLD_SOLID_BREP('',#3255);
#3255 = CLOSED_SHELL('',(#3256,#3289,#3309,#3329));
#3256 = ADVANCED_FACE('',(#3257),#3284,.T.);
#3257 = FACE_BOUND('',#3258,.T.);
#3258 = EDGE_LOOP('',(#3259,#3268,#3276,#3283));
#3259 = ORIENTED_EDGE('',*,*,#3260,.F.);
#3260 = EDGE_CURVE('',#3261,#3261,#3263,.T.);
#3261 = VERTEX_POINT('',#3262);
#3262 = CARTESIAN_POINT('',(167.,-173.,6.75));
#3263 = CIRCLE('',#3264,8.);
#3264 = AXIS2_PLACEMENT_3D('',#3265,#3266,#3267);
#3265 = CARTESIAN_POINT('',(167.,-173.,-1.25));
#3266 = DIRECTION('',(1.,0.,0.));
#3267 = DIRECTION('',(-0.,0.,1.));
#3268 = ORIENTED_EDGE('',*,*,#3269,.F.);
#3269 = EDGE_CURVE('',#3270,#3261,#3272,.T.);
#3270 = VERTEX_POINT('',#3271);
#3271 = CARTESIAN_POINT('',(162.,-173.,6.75));
#3272 = LINE('',#3273,#3274);
#3273 = CARTESIAN_POINT('',(162.,-173.,6.75));
#3274 = VECTOR('',#3275,1.);
#3275 = DIRECTION('',(1.,0.,0.));
#3276 = ORIENTED_EDGE('',*,*,#3277,.T.);
#3277 = EDGE_CURVE('',#3270,#3270,#3278,.T.);
#3278 = CIRCLE('',#3279,8.);
#3279 = AXIS2_PLACEMENT_3D('',#3280,#3281,#3282);
#3280 = CARTESIAN_POINT('',(162.,-173.,-1.25));
#3281 = DIRECTION('',(1.,0.,0.));
#3282 = DIRECTION('',(-0.,0.,1.));
#3283 = ORIENTED_EDGE('',*,*,#3269,.T.);
#3284 = CYLINDRICAL_SURFACE('',#3285,8.);
#3285 = AXIS2_PLACEMENT_3D('',#3286,#3287,#3288);
#3286 = CARTESIAN_POINT('',(162.,-173.,-1.25));
#3287 = DIRECTION('',(1.,0.,0.));
#3288 = DIRECTION('',(-0.,0.,1.));
#3289 = ADVANCED_FACE('',(#3290,#3293),#3304,.T.);
#3290 = FACE_BOUND('',#3291,.T.);
#3291 = EDGE_LOOP('',(#3292));
#3292 = ORIENTED_EDGE('',*,*,#3260,.T.);
#3293 = FACE_BOUND('',#3294,.T.);
#3294 = EDGE_LOOP('',(#3295));
#3295 = ORIENTED_EDGE('',*,*,#3296,.F.);
#3296 = EDGE_CURVE('',#3297,#3297,#3299,.T.);
#3297 = VERTEX_POINT('',#3298);
#3298 = CARTESIAN_POINT('',(167.,-173.,5.15));
#3299 = CIRCLE('',#3300,6.4);
#3300 = AXIS2_PLACEMENT_3D('',#3301,#3302,#3303);
#3301 = CARTESIAN_POINT('',(167.,-173.,-1.25));
#3302 = DIRECTION('',(1.,0.,0.));
#3303 = DIRECTION('',(-0.,0.,1.));
#3304 = PLANE('',#3305);
#3305 = AXIS2_PLACEMENT_3D('',#3306,#3307,#3308);
#3306 = CARTESIAN_POINT('',(167.,-173.,-1.25));
#3307 = DIRECTION('',(1.,0.,0.));
#3308 = DIRECTION('',(-0.,0.,1.));
#3309 = ADVANCED_FACE('',(#3310,#3313),#3324,.F.);
#3310 = FACE_BOUND('',#3311,.F.);
#3311 = EDGE_LOOP('',(#3312));
#3312 = ORIENTED_EDGE('',*,*,#3277,.T.);
#3313 = FACE_BOUND('',#3314,.F.);
#3314 = EDGE_LOOP('',(#3315));
#3315 = ORIENTED_EDGE('',*,*,#3316,.F.);
#3316 = EDGE_CURVE('',#3317,#3317,#3319,.T.);
#3317 = VERTEX_POINT('',#3318);
#3318 = CARTESIAN_POINT('',(162.,-173.,5.15));
#3319 = CIRCLE('',#3320,6.4);
#3320 = AXIS2_PLACEMENT_3D('',#3321,#3322,#3323);
#3321 = CARTESIAN_POINT('',(162.,-173.,-1.25));
#3322 = DIRECTION('',(1.,0.,0.));
#3323 = DIRECTION('',(-0.,0.,1.));
#3324 = PLANE('',#3325);
#3325 = AXIS2_PLACEMENT_3D('',#3326,#3327,#3328);
#3326 = CARTESIAN_POINT('',(162.,-173.,-1.25));
#3327 = DIRECTION('',(1.,0.,0.));
#3328 = DIRECTION('',(-0.,0.,1.));
#3329 = ADVANCED_FACE('',(#3330),#3341,.F.);
#3330 = FACE_BOUND('',#3331,.F.);
#3331 = EDGE_LOOP('',(#3332,#3333,#3339,#3340));
#3332 = ORIENTED_EDGE('',*,*,#3296,.F.);
#3333 = ORIENTED_EDGE('',*,*,#3334,.F.);
#3334 = EDGE_CURVE('',#3317,#3297,#3335,.T.);
#3335 = LINE('',#3336,#3337);
#3336 = CARTESIAN_POINT('',(161.,-173.,5.15));
#3337 = VECTOR('',#3338,1.);
#3338 = DIRECTION('',(1.,0.,0.));
#3339 = ORIENTED_EDGE('',*,*,#3316,.T.);
#3340 = ORIENTED_EDGE('',*,*,#3334,.T.);
#3341 = CYLINDRICAL_SURFACE('',#3342,6.4);
#3342 = AXIS2_PLACEMENT_3D('',#3343,#3344,#3345);
#3343 = CARTESIAN_POINT('',(161.,-173.,-1.25));
#3344 = DIRECTION('',(1.,0.,0.));
#3345 = DIRECTION('',(-0.,0.,1.));
#3346 = MANIFOLD_SOLID_BREP('',#3347);
#3347 = CLOSED_SHELL('',(#3348,#3381,#3445,#3509,#3526,#3543,#3560,#3577
    ));
#3348 = ADVANCED_FACE('',(#3349),#3376,.T.);
#3349 = FACE_BOUND('',#3350,.T.);
#3350 = EDGE_LOOP('',(#3351,#3360,#3368,#3375));
#3351 = ORIENTED_EDGE('',*,*,#3352,.F.);
#3352 = EDGE_CURVE('',#3353,#3353,#3355,.T.);
#3353 = VERTEX_POINT('',#3354);
#3354 = CARTESIAN_POINT('',(219.9,-173.,-13.75));
#3355 = CIRCLE('',#3356,12.5);
#3356 = AXIS2_PLACEMENT_3D('',#3357,#3358,#3359);
#3357 = CARTESIAN_POINT('',(219.9,-173.,-1.25));
#3358 = DIRECTION('',(1.,0.,-2.22044604925E-16));
#3359 = DIRECTION('',(-2.22044604925E-16,0.,-1.));
#3360 = ORIENTED_EDGE('',*,*,#3361,.F.);
#3361 = EDGE_CURVE('',#3362,#3353,#3364,.T.);
#3362 = VERTEX_POINT('',#3363);
#3363 = CARTESIAN_POINT('',(216.6,-173.,-13.75));
#3364 = LINE('',#3365,#3366);
#3365 = CARTESIAN_POINT('',(216.6,-173.,-13.75));
#3366 = VECTOR('',#3367,1.);
#3367 = DIRECTION('',(1.,0.,-2.22044604925E-16));
#3368 = ORIENTED_EDGE('',*,*,#3369,.T.);
#3369 = EDGE_CURVE('',#3362,#3362,#3370,.T.);
#3370 = CIRCLE('',#3371,12.5);
#3371 = AXIS2_PLACEMENT_3D('',#3372,#3373,#3374);
#3372 = CARTESIAN_POINT('',(216.6,-173.,-1.25));
#3373 = DIRECTION('',(1.,0.,-2.22044604925E-16));
#3374 = DIRECTION('',(-2.22044604925E-16,0.,-1.));
#3375 = ORIENTED_EDGE('',*,*,#3361,.T.);
#3376 = CYLINDRICAL_SURFACE('',#3377,12.5);
#3377 = AXIS2_PLACEMENT_3D('',#3378,#3379,#3380);
#3378 = CARTESIAN_POINT('',(216.6,-173.,-1.25));
#3379 = DIRECTION('',(1.,0.,-2.22044604925E-16));
#3380 = DIRECTION('',(-2.22044604925E-16,0.,-1.));
#3381 = ADVANCED_FACE('',(#3382,#3385,#3396,#3407,#3418,#3429),#3440,.T.
  );
#3382 = FACE_BOUND('',#3383,.T.);
#3383 = EDGE_LOOP('',(#3384));
#3384 = ORIENTED_EDGE('',*,*,#3352,.T.);
#3385 = FACE_BOUND('',#3386,.T.);
#3386 = EDGE_LOOP('',(#3387));
#3387 = ORIENTED_EDGE('',*,*,#3388,.F.);
#3388 = EDGE_CURVE('',#3389,#3389,#3391,.T.);
#3389 = VERTEX_POINT('',#3390);
#3390 = CARTESIAN_POINT('',(219.9,-179.01040764,3.260407640086));
#3391 = CIRCLE('',#3392,1.5);
#3392 = AXIS2_PLACEMENT_3D('',#3393,#3394,#3395);
#3393 = CARTESIAN_POINT('',(219.9,-179.01040764,4.760407640086));
#3394 = DIRECTION('',(1.,0.,-2.22044604925E-16));
#3395 = DIRECTION('',(-2.22044604925E-16,0.,-1.));
#3396 = FACE_BOUND('',#3397,.T.);
#3397 = EDGE_LOOP('',(#3398));
#3398 = ORIENTED_EDGE('',*,*,#3399,.F.);
#3399 = EDGE_CURVE('',#3400,#3400,#3402,.T.);
#3400 = VERTEX_POINT('',#3401);
#3401 = CARTESIAN_POINT('',(219.9,-179.01040764,-8.760407640086));
#3402 = CIRCLE('',#3403,1.5);
#3403 = AXIS2_PLACEMENT_3D('',#3404,#3405,#3406);
#3404 = CARTESIAN_POINT('',(219.9,-179.01040764,-7.260407640086));
#3405 = DIRECTION('',(1.,0.,-2.22044604925E-16));
#3406 = DIRECTION('',(-2.22044604925E-16,0.,-1.));
#3407 = FACE_BOUND('',#3408,.T.);
#3408 = EDGE_LOOP('',(#3409));
#3409 = ORIENTED_EDGE('',*,*,#3410,.F.);
#3410 = EDGE_CURVE('',#3411,#3411,#3413,.T.);
#3411 = VERTEX_POINT('',#3412);
#3412 = CARTESIAN_POINT('',(219.9,-166.9895923599,3.260407640086));
#3413 = CIRCLE('',#3414,1.5);
#3414 = AXIS2_PLACEMENT_3D('',#3415,#3416,#3417);
#3415 = CARTESIAN_POINT('',(219.9,-166.9895923599,4.760407640086));
#3416 = DIRECTION('',(1.,0.,-2.22044604925E-16));
#3417 = DIRECTION('',(-2.22044604925E-16,0.,-1.));
#3418 = FACE_BOUND('',#3419,.T.);
#3419 = EDGE_LOOP('',(#3420));
#3420 = ORIENTED_EDGE('',*,*,#3421,.F.);
#3421 = EDGE_CURVE('',#3422,#3422,#3424,.T.);
#3422 = VERTEX_POINT('',#3423);
#3423 = CARTESIAN_POINT('',(219.9,-173.,-4.25));
#3424 = CIRCLE('',#3425,3.);
#3425 = AXIS2_PLACEMENT_3D('',#3426,#3427,#3428);
#3426 = CARTESIAN_POINT('',(219.9,-173.,-1.25));
#3427 = DIRECTION('',(1.,0.,-2.22044604925E-16));
#3428 = DIRECTION('',(-2.22044604925E-16,0.,-1.));
#3429 = FACE_BOUND('',#3430,.T.);
#3430 = EDGE_LOOP('',(#3431));
#3431 = ORIENTED_EDGE('',*,*,#3432,.F.);
#3432 = EDGE_CURVE('',#3433,#3433,#3435,.T.);
#3433 = VERTEX_POINT('',#3434);
#3434 = CARTESIAN_POINT('',(219.9,-166.9895923599,-8.760407640086));
#3435 = CIRCLE('',#3436,1.5);
#3436 = AXIS2_PLACEMENT_3D('',#3437,#3438,#3439);
#3437 = CARTESIAN_POINT('',(219.9,-166.9895923599,-7.260407640086));
#3438 = DIRECTION('',(1.,0.,-2.22044604925E-16));
#3439 = DIRECTION('',(-2.22044604925E-16,0.,-1.));
#3440 = PLANE('',#3441);
#3441 = AXIS2_PLACEMENT_3D('',#3442,#3443,#3444);
#3442 = CARTESIAN_POINT('',(219.9,-173.,-1.25));
#3443 = DIRECTION('',(1.,0.,-2.22044604925E-16));
#3444 = DIRECTION('',(-2.22044604925E-16,0.,-1.));
#3445 = ADVANCED_FACE('',(#3446,#3449,#3460,#3471,#3482,#3493),#3504,.F.
  );
#3446 = FACE_BOUND('',#3447,.F.);
#3447 = EDGE_LOOP('',(#3448));
#3448 = ORIENTED_EDGE('',*,*,#3369,.T.);
#3449 = FACE_BOUND('',#3450,.F.);
#3450 = EDGE_LOOP('',(#3451));
#3451 = ORIENTED_EDGE('',*,*,#3452,.F.);
#3452 = EDGE_CURVE('',#3453,#3453,#3455,.T.);
#3453 = VERTEX_POINT('',#3454);
#3454 = CARTESIAN_POINT('',(216.6,-179.01040764,3.260407640086));
#3455 = CIRCLE('',#3456,1.5);
#3456 = AXIS2_PLACEMENT_3D('',#3457,#3458,#3459);
#3457 = CARTESIAN_POINT('',(216.6,-179.01040764,4.760407640086));
#3458 = DIRECTION('',(1.,0.,-2.22044604925E-16));
#3459 = DIRECTION('',(-2.22044604925E-16,0.,-1.));
#3460 = FACE_BOUND('',#3461,.F.);
#3461 = EDGE_LOOP('',(#3462));
#3462 = ORIENTED_EDGE('',*,*,#3463,.F.);
#3463 = EDGE_CURVE('',#3464,#3464,#3466,.T.);
#3464 = VERTEX_POINT('',#3465);
#3465 = CARTESIAN_POINT('',(216.6,-179.01040764,-8.760407640086));
#3466 = CIRCLE('',#3467,1.5);
#3467 = AXIS2_PLACEMENT_3D('',#3468,#3469,#3470);
#3468 = CARTESIAN_POINT('',(216.6,-179.01040764,-7.260407640086));
#3469 = DIRECTION('',(1.,0.,-2.22044604925E-16));
#3470 = DIRECTION('',(-2.22044604925E-16,0.,-1.));
#3471 = FACE_BOUND('',#3472,.F.);
#3472 = EDGE_LOOP('',(#3473));
#3473 = ORIENTED_EDGE('',*,*,#3474,.F.);
#3474 = EDGE_CURVE('',#3475,#3475,#3477,.T.);
#3475 = VERTEX_POINT('',#3476);
#3476 = CARTESIAN_POINT('',(216.6,-166.9895923599,3.260407640086));
#3477 = CIRCLE('',#3478,1.5);
#3478 = AXIS2_PLACEMENT_3D('',#3479,#3480,#3481);
#3479 = CARTESIAN_POINT('',(216.6,-166.9895923599,4.760407640086));
#3480 = DIRECTION('',(1.,0.,-2.22044604925E-16));
#3481 = DIRECTION('',(-2.22044604925E-16,0.,-1.));
#3482 = FACE_BOUND('',#3483,.F.);
#3483 = EDGE_LOOP('',(#3484));
#3484 = ORIENTED_EDGE('',*,*,#3485,.F.);
#3485 = EDGE_CURVE('',#3486,#3486,#3488,.T.);
#3486 = VERTEX_POINT('',#3487);
#3487 = CARTESIAN_POINT('',(216.6,-173.,-4.25));
#3488 = CIRCLE('',#3489,3.);
#3489 = AXIS2_PLACEMENT_3D('',#3490,#3491,#3492);
#3490 = CARTESIAN_POINT('',(216.6,-173.,-1.25));
#3491 = DIRECTION('',(1.,0.,-2.22044604925E-16));
#3492 = DIRECTION('',(-2.22044604925E-16,0.,-1.));
#3493 = FACE_BOUND('',#3494,.F.);
#3494 = EDGE_LOOP('',(#3495));
#3495 = ORIENTED_EDGE('',*,*,#3496,.F.);
#3496 = EDGE_CURVE('',#3497,#3497,#3499,.T.);
#3497 = VERTEX_POINT('',#3498);
#3498 = CARTESIAN_POINT('',(216.6,-166.9895923599,-8.760407640086));
#3499 = CIRCLE('',#3500,1.5);
#3500 = AXIS2_PLACEMENT_3D('',#3501,#3502,#3503);
#3501 = CARTESIAN_POINT('',(216.6,-166.9895923599,-7.260407640086));
#3502 = DIRECTION('',(1.,0.,-2.22044604925E-16));
#3503 = DIRECTION('',(-2.22044604925E-16,0.,-1.));
#3504 = PLANE('',#3505);
#3505 = AXIS2_PLACEMENT_3D('',#3506,#3507,#3508);
#3506 = CARTESIAN_POINT('',(216.6,-173.,-1.25));
#3507 = DIRECTION('',(1.,0.,-2.22044604925E-16));
#3508 = DIRECTION('',(-2.22044604925E-16,0.,-1.));
#3509 = ADVANCED_FACE('',(#3510),#3521,.F.);
#3510 = FACE_BOUND('',#3511,.F.);
#3511 = EDGE_LOOP('',(#3512,#3513,#3519,#3520));
#3512 = ORIENTED_EDGE('',*,*,#3388,.F.);
#3513 = ORIENTED_EDGE('',*,*,#3514,.F.);
#3514 = EDGE_CURVE('',#3453,#3389,#3515,.T.);
#3515 = LINE('',#3516,#3517);
#3516 = CARTESIAN_POINT('',(215.6,-179.01040764,3.260407640086));
#3517 = VECTOR('',#3518,1.);
#3518 = DIRECTION('',(1.,0.,-2.22044604925E-16));
#3519 = ORIENTED_EDGE('',*,*,#3452,.T.);
#3520 = ORIENTED_EDGE('',*,*,#3514,.T.);
#3521 = CYLINDRICAL_SURFACE('',#3522,1.5);
#3522 = AXIS2_PLACEMENT_3D('',#3523,#3524,#3525);
#3523 = CARTESIAN_POINT('',(215.6,-179.01040764,4.760407640086));
#3524 = DIRECTION('',(1.,0.,-2.22044604925E-16));
#3525 = DIRECTION('',(-2.22044604925E-16,0.,-1.));
#3526 = ADVANCED_FACE('',(#3527),#3538,.F.);
#3527 = FACE_BOUND('',#3528,.F.);
#3528 = EDGE_LOOP('',(#3529,#3530,#3536,#3537));
#3529 = ORIENTED_EDGE('',*,*,#3399,.F.);
#3530 = ORIENTED_EDGE('',*,*,#3531,.F.);
#3531 = EDGE_CURVE('',#3464,#3400,#3532,.T.);
#3532 = LINE('',#3533,#3534);
#3533 = CARTESIAN_POINT('',(215.6,-179.01040764,-8.760407640086));
#3534 = VECTOR('',#3535,1.);
#3535 = DIRECTION('',(1.,0.,-2.22044604925E-16));
#3536 = ORIENTED_EDGE('',*,*,#3463,.T.);
#3537 = ORIENTED_EDGE('',*,*,#3531,.T.);
#3538 = CYLINDRICAL_SURFACE('',#3539,1.5);
#3539 = AXIS2_PLACEMENT_3D('',#3540,#3541,#3542);
#3540 = CARTESIAN_POINT('',(215.6,-179.01040764,-7.260407640086));
#3541 = DIRECTION('',(1.,0.,-2.22044604925E-16));
#3542 = DIRECTION('',(-2.22044604925E-16,0.,-1.));
#3543 = ADVANCED_FACE('',(#3544),#3555,.F.);
#3544 = FACE_BOUND('',#3545,.F.);
#3545 = EDGE_LOOP('',(#3546,#3547,#3553,#3554));
#3546 = ORIENTED_EDGE('',*,*,#3410,.F.);
#3547 = ORIENTED_EDGE('',*,*,#3548,.F.);
#3548 = EDGE_CURVE('',#3475,#3411,#3549,.T.);
#3549 = LINE('',#3550,#3551);
#3550 = CARTESIAN_POINT('',(215.6,-166.9895923599,3.260407640086));
#3551 = VECTOR('',#3552,1.);
#3552 = DIRECTION('',(1.,0.,-2.22044604925E-16));
#3553 = ORIENTED_EDGE('',*,*,#3474,.T.);
#3554 = ORIENTED_EDGE('',*,*,#3548,.T.);
#3555 = CYLINDRICAL_SURFACE('',#3556,1.5);
#3556 = AXIS2_PLACEMENT_3D('',#3557,#3558,#3559);
#3557 = CARTESIAN_POINT('',(215.6,-166.9895923599,4.760407640086));
#3558 = DIRECTION('',(1.,0.,-2.22044604925E-16));
#3559 = DIRECTION('',(-2.22044604925E-16,0.,-1.));
#3560 = ADVANCED_FACE('',(#3561),#3572,.F.);
#3561 = FACE_BOUND('',#3562,.F.);
#3562 = EDGE_LOOP('',(#3563,#3564,#3570,#3571));
#3563 = ORIENTED_EDGE('',*,*,#3421,.F.);
#3564 = ORIENTED_EDGE('',*,*,#3565,.F.);
#3565 = EDGE_CURVE('',#3486,#3422,#3566,.T.);
#3566 = LINE('',#3567,#3568);
#3567 = CARTESIAN_POINT('',(215.6,-173.,-4.25));
#3568 = VECTOR('',#3569,1.);
#3569 = DIRECTION('',(1.,0.,-2.22044604925E-16));
#3570 = ORIENTED_EDGE('',*,*,#3485,.T.);
#3571 = ORIENTED_EDGE('',*,*,#3565,.T.);
#3572 = CYLINDRICAL_SURFACE('',#3573,3.);
#3573 = AXIS2_PLACEMENT_3D('',#3574,#3575,#3576);
#3574 = CARTESIAN_POINT('',(215.6,-173.,-1.25));
#3575 = DIRECTION('',(1.,0.,-2.22044604925E-16));
#3576 = DIRECTION('',(-2.22044604925E-16,0.,-1.));
#3577 = ADVANCED_FACE('',(#3578),#3589,.F.);
#3578 = FACE_BOUND('',#3579,.F.);
#3579 = EDGE_LOOP('',(#3580,#3581,#3587,#3588));
#3580 = ORIENTED_EDGE('',*,*,#3432,.F.);
#3581 = ORIENTED_EDGE('',*,*,#3582,.F.);
#3582 = EDGE_CURVE('',#3497,#3433,#3583,.T.);
#3583 = LINE('',#3584,#3585);
#3584 = CARTESIAN_POINT('',(215.6,-166.9895923599,-8.760407640086));
#3585 = VECTOR('',#3586,1.);
#3586 = DIRECTION('',(1.,0.,-2.22044604925E-16));
#3587 = ORIENTED_EDGE('',*,*,#3496,.T.);
#3588 = ORIENTED_EDGE('',*,*,#3582,.T.);
#3589 = CYLINDRICAL_SURFACE('',#3590,1.5);
#3590 = AXIS2_PLACEMENT_3D('',#3591,#3592,#3593);
#3591 = CARTESIAN_POINT('',(215.6,-166.9895923599,-7.260407640086));
#3592 = DIRECTION('',(1.,0.,-2.22044604925E-16));
#3593 = DIRECTION('',(-2.22044604925E-16,0.,-1.));
#3594 = MANIFOLD_SOLID_BREP('',#3595);
#3595 = CLOSED_SHELL('',(#3596,#3629,#3649,#3708,#3733,#3764,#3788,#3812
    ,#3836,#3860,#3877,#3886));
#3596 = ADVANCED_FACE('',(#3597),#3624,.T.);
#3597 = FACE_BOUND('',#3598,.T.);
#3598 = EDGE_LOOP('',(#3599,#3608,#3616,#3623));
#3599 = ORIENTED_EDGE('',*,*,#3600,.F.);
#3600 = EDGE_CURVE('',#3601,#3601,#3603,.T.);
#3601 = VERTEX_POINT('',#3602);
#3602 = CARTESIAN_POINT('',(219.9,-173.,1.5));
#3603 = CIRCLE('',#3604,2.75);
#3604 = AXIS2_PLACEMENT_3D('',#3605,#3606,#3607);
#3605 = CARTESIAN_POINT('',(219.9,-173.,-1.25));
#3606 = DIRECTION('',(-1.,0.,2.22044604925E-16));
#3607 = DIRECTION('',(2.22044604925E-16,0.,1.));
#3608 = ORIENTED_EDGE('',*,*,#3609,.F.);
#3609 = EDGE_CURVE('',#3610,#3601,#3612,.T.);
#3610 = VERTEX_POINT('',#3611);
#3611 = CARTESIAN_POINT('',(222.9,-173.,1.5));
#3612 = LINE('',#3613,#3614);
#3613 = CARTESIAN_POINT('',(222.9,-173.,1.5));
#3614 = VECTOR('',#3615,1.);
#3615 = DIRECTION('',(-1.,0.,2.22044604925E-16));
#3616 = ORIENTED_EDGE('',*,*,#3617,.T.);
#3617 = EDGE_CURVE('',#3610,#3610,#3618,.T.);
#3618 = CIRCLE('',#3619,2.75);
#3619 = AXIS2_PLACEMENT_3D('',#3620,#3621,#3622);
#3620 = CARTESIAN_POINT('',(222.9,-173.,-1.25));
#3621 = DIRECTION('',(-1.,0.,2.22044604925E-16));
#3622 = DIRECTION('',(2.22044604925E-16,0.,1.));
#3623 = ORIENTED_EDGE('',*,*,#3609,.T.);
#3624 = CYLINDRICAL_SURFACE('',#3625,2.75);
#3625 = AXIS2_PLACEMENT_3D('',#3626,#3627,#3628);
#3626 = CARTESIAN_POINT('',(222.9,-173.,-1.25));
#3627 = DIRECTION('',(-1.,0.,2.22044604925E-16));
#3628 = DIRECTION('',(2.22044604925E-16,0.,1.));
#3629 = ADVANCED_FACE('',(#3630,#3633),#3644,.T.);
#3630 = FACE_BOUND('',#3631,.T.);
#3631 = EDGE_LOOP('',(#3632));
#3632 = ORIENTED_EDGE('',*,*,#3600,.T.);
#3633 = FACE_BOUND('',#3634,.T.);
#3634 = EDGE_LOOP('',(#3635));
#3635 = ORIENTED_EDGE('',*,*,#3636,.F.);
#3636 = EDGE_CURVE('',#3637,#3637,#3639,.T.);
#3637 = VERTEX_POINT('',#3638);
#3638 = CARTESIAN_POINT('',(219.9,-173.,0.25));
#3639 = CIRCLE('',#3640,1.5);
#3640 = AXIS2_PLACEMENT_3D('',#3641,#3642,#3643);
#3641 = CARTESIAN_POINT('',(219.9,-173.,-1.25));
#3642 = DIRECTION('',(-1.,0.,2.22044604925E-16));
#3643 = DIRECTION('',(2.22044604925E-16,0.,1.));
#3644 = PLANE('',#3645);
#3645 = AXIS2_PLACEMENT_3D('',#3646,#3647,#3648);
#3646 = CARTESIAN_POINT('',(219.9,-173.,-1.25));
#3647 = DIRECTION('',(-1.,0.,2.22044604925E-16));
#3648 = DIRECTION('',(2.22044604925E-16,0.,1.));
#3649 = ADVANCED_FACE('',(#3650,#3653),#3703,.F.);
#3650 = FACE_BOUND('',#3651,.F.);
#3651 = EDGE_LOOP('',(#3652));
#3652 = ORIENTED_EDGE('',*,*,#3617,.T.);
#3653 = FACE_BOUND('',#3654,.F.);
#3654 = EDGE_LOOP('',(#3655,#3665,#3673,#3681,#3689,#3697));
#3655 = ORIENTED_EDGE('',*,*,#3656,.T.);
#3656 = EDGE_CURVE('',#3657,#3659,#3661,.T.);
#3657 = VERTEX_POINT('',#3658);
#3658 = CARTESIAN_POINT('',(222.9,-173.7216878364,-1.554312234475E-15));
#3659 = VERTEX_POINT('',#3660);
#3660 = CARTESIAN_POINT('',(222.9,-174.4433756729,-1.25));
#3661 = LINE('',#3662,#3663);
#3662 = CARTESIAN_POINT('',(222.9,-174.2629537138,-0.9375));
#3663 = VECTOR('',#3664,1.);
#3664 = DIRECTION('',(-1.922962686384E-16,-0.5,-0.866025403784));
#3665 = ORIENTED_EDGE('',*,*,#3666,.T.);
#3666 = EDGE_CURVE('',#3659,#3667,#3669,.T.);
#3667 = VERTEX_POINT('',#3668);
#3668 = CARTESIAN_POINT('',(222.9,-173.7216878364,-2.5));
#3669 = LINE('',#3670,#3671);
#3670 = CARTESIAN_POINT('',(222.9,-173.9021097956,-2.1875));
#3671 = VECTOR('',#3672,1.);
#3672 = DIRECTION('',(-1.922962686384E-16,0.5,-0.866025403784));
#3673 = ORIENTED_EDGE('',*,*,#3674,.T.);
#3674 = EDGE_CURVE('',#3667,#3675,#3677,.T.);
#3675 = VERTEX_POINT('',#3676);
#3676 = CARTESIAN_POINT('',(222.9,-172.2783121635,-2.5));
#3677 = LINE('',#3678,#3679);
#3678 = CARTESIAN_POINT('',(222.9,-172.6391560817,-2.5));
#3679 = VECTOR('',#3680,1.);
#3680 = DIRECTION('',(6.831735839738E-32,1.,3.076740298214E-16));
#3681 = ORIENTED_EDGE('',*,*,#3682,.T.);
#3682 = EDGE_CURVE('',#3675,#3683,#3685,.T.);
#3683 = VERTEX_POINT('',#3684);
#3684 = CARTESIAN_POINT('',(222.9,-171.556624327,-1.25));
#3685 = LINE('',#3686,#3687);
#3686 = CARTESIAN_POINT('',(222.9,-171.7370462861,-1.5625));
#3687 = VECTOR('',#3688,1.);
#3688 = DIRECTION('',(1.922962686384E-16,0.5,0.866025403784));
#3689 = ORIENTED_EDGE('',*,*,#3690,.T.);
#3690 = EDGE_CURVE('',#3683,#3691,#3693,.T.);
#3691 = VERTEX_POINT('',#3692);
#3692 = CARTESIAN_POINT('',(222.9,-172.2783121635,-1.7763568394E-15));
#3693 = LINE('',#3694,#3695);
#3694 = CARTESIAN_POINT('',(222.9,-172.0978902043,-0.3125));
#3695 = VECTOR('',#3696,1.);
#3696 = DIRECTION('',(1.922962686384E-16,-0.5,0.866025403784));
#3697 = ORIENTED_EDGE('',*,*,#3698,.T.);
#3698 = EDGE_CURVE('',#3691,#3657,#3699,.T.);
#3699 = LINE('',#3700,#3701);
#3700 = CARTESIAN_POINT('',(222.9,-173.3608439182,-1.554312234475E-15));
#3701 = VECTOR('',#3702,1.);
#3702 = DIRECTION('',(3.415867919869E-32,-1.,1.538370149107E-16));
#3703 = PLANE('',#3704);
#3704 = AXIS2_PLACEMENT_3D('',#3705,#3706,#3707);
#3705 = CARTESIAN_POINT('',(222.9,-173.,-1.25));
#3706 = DIRECTION('',(-1.,0.,2.22044604925E-16));
#3707 = DIRECTION('',(2.22044604925E-16,0.,1.));
#3708 = ADVANCED_FACE('',(#3709),#3728,.T.);
#3709 = FACE_BOUND('',#3710,.T.);
#3710 = EDGE_LOOP('',(#3711,#3720,#3726,#3727));
#3711 = ORIENTED_EDGE('',*,*,#3712,.F.);
#3712 = EDGE_CURVE('',#3713,#3713,#3715,.T.);
#3713 = VERTEX_POINT('',#3714);
#3714 = CARTESIAN_POINT('',(214.9,-173.,0.25));
#3715 = CIRCLE('',#3716,1.5);
#3716 = AXIS2_PLACEMENT_3D('',#3717,#3718,#3719);
#3717 = CARTESIAN_POINT('',(214.9,-173.,-1.25));
#3718 = DIRECTION('',(-1.,0.,2.22044604925E-16));
#3719 = DIRECTION('',(2.22044604925E-16,0.,1.));
#3720 = ORIENTED_EDGE('',*,*,#3721,.F.);
#3721 = EDGE_CURVE('',#3637,#3713,#3722,.T.);
#3722 = LINE('',#3723,#3724);
#3723 = CARTESIAN_POINT('',(219.9,-173.,0.25));
#3724 = VECTOR('',#3725,1.);
#3725 = DIRECTION('',(-1.,0.,2.22044604925E-16));
#3726 = ORIENTED_EDGE('',*,*,#3636,.T.);
#3727 = ORIENTED_EDGE('',*,*,#3721,.T.);
#3728 = CYLINDRICAL_SURFACE('',#3729,1.5);
#3729 = AXIS2_PLACEMENT_3D('',#3730,#3731,#3732);
#3730 = CARTESIAN_POINT('',(219.9,-173.,-1.25));
#3731 = DIRECTION('',(-1.,0.,2.22044604925E-16));
#3732 = DIRECTION('',(2.22044604925E-16,0.,1.));
#3733 = ADVANCED_FACE('',(#3734),#3759,.T.);
#3734 = FACE_BOUND('',#3735,.T.);
#3735 = EDGE_LOOP('',(#3736,#3737,#3745,#3753));
#3736 = ORIENTED_EDGE('',*,*,#3656,.T.);
#3737 = ORIENTED_EDGE('',*,*,#3738,.T.);
#3738 = EDGE_CURVE('',#3659,#3739,#3741,.T.);
#3739 = VERTEX_POINT('',#3740);
#3740 = CARTESIAN_POINT('',(221.1,-174.4433756729,-1.25));
#3741 = LINE('',#3742,#3743);
#3742 = CARTESIAN_POINT('',(223.,-174.4433756729,-1.25));
#3743 = VECTOR('',#3744,1.);
#3744 = DIRECTION('',(-1.,0.,2.22044604925E-16));
#3745 = ORIENTED_EDGE('',*,*,#3746,.T.);
#3746 = EDGE_CURVE('',#3739,#3747,#3749,.T.);
#3747 = VERTEX_POINT('',#3748);
#3748 = CARTESIAN_POINT('',(221.1,-173.7216878364,-1.110223024625E-15));
#3749 = LINE('',#3750,#3751);
#3750 = CARTESIAN_POINT('',(221.1,-174.4433756729,-1.25));
#3751 = VECTOR('',#3752,1.);
#3752 = DIRECTION('',(1.922962686384E-16,0.5,0.866025403784));
#3753 = ORIENTED_EDGE('',*,*,#3754,.F.);
#3754 = EDGE_CURVE('',#3657,#3747,#3755,.T.);
#3755 = LINE('',#3756,#3757);
#3756 = CARTESIAN_POINT('',(223.,-173.7216878364,-1.554312234475E-15));
#3757 = VECTOR('',#3758,1.);
#3758 = DIRECTION('',(-1.,0.,2.22044604925E-16));
#3759 = PLANE('',#3760);
#3760 = AXIS2_PLACEMENT_3D('',#3761,#3762,#3763);
#3761 = CARTESIAN_POINT('',(223.,-174.4433756729,-1.25));
#3762 = DIRECTION('',(-1.110223024625E-16,0.866025403784,-0.5));
#3763 = DIRECTION('',(1.922962686384E-16,0.5,0.866025403784));
#3764 = ADVANCED_FACE('',(#3765),#3783,.T.);
#3765 = FACE_BOUND('',#3766,.T.);
#3766 = EDGE_LOOP('',(#3767,#3768,#3769,#3777));
#3767 = ORIENTED_EDGE('',*,*,#3698,.T.);
#3768 = ORIENTED_EDGE('',*,*,#3754,.T.);
#3769 = ORIENTED_EDGE('',*,*,#3770,.T.);
#3770 = EDGE_CURVE('',#3747,#3771,#3773,.T.);
#3771 = VERTEX_POINT('',#3772);
#3772 = CARTESIAN_POINT('',(221.1,-172.2783121635,-1.33226762955E-15));
#3773 = LINE('',#3774,#3775);
#3774 = CARTESIAN_POINT('',(221.1,-173.7216878364,-1.110223024625E-15));
#3775 = VECTOR('',#3776,1.);
#3776 = DIRECTION('',(-3.415867919869E-32,1.,-1.538370149107E-16));
#3777 = ORIENTED_EDGE('',*,*,#3778,.F.);
#3778 = EDGE_CURVE('',#3691,#3771,#3779,.T.);
#3779 = LINE('',#3780,#3781);
#3780 = CARTESIAN_POINT('',(223.,-172.2783121635,-1.7763568394E-15));
#3781 = VECTOR('',#3782,1.);
#3782 = DIRECTION('',(-1.,0.,2.22044604925E-16));
#3783 = PLANE('',#3784);
#3784 = AXIS2_PLACEMENT_3D('',#3785,#3786,#3787);
#3785 = CARTESIAN_POINT('',(223.,-173.7216878364,-1.554312234475E-15));
#3786 = DIRECTION('',(-2.22044604925E-16,-1.538370149107E-16,-1.));
#3787 = DIRECTION('',(-3.415867919869E-32,1.,-1.538370149107E-16));
#3788 = ADVANCED_FACE('',(#3789),#3807,.T.);
#3789 = FACE_BOUND('',#3790,.T.);
#3790 = EDGE_LOOP('',(#3791,#3792,#3793,#3801));
#3791 = ORIENTED_EDGE('',*,*,#3690,.T.);
#3792 = ORIENTED_EDGE('',*,*,#3778,.T.);
#3793 = ORIENTED_EDGE('',*,*,#3794,.T.);
#3794 = EDGE_CURVE('',#3771,#3795,#3797,.T.);
#3795 = VERTEX_POINT('',#3796);
#3796 = CARTESIAN_POINT('',(221.1,-171.556624327,-1.25));
#3797 = LINE('',#3798,#3799);
#3798 = CARTESIAN_POINT('',(221.1,-172.2783121635,-1.33226762955E-15));
#3799 = VECTOR('',#3800,1.);
#3800 = DIRECTION('',(-1.922962686384E-16,0.5,-0.866025403784));
#3801 = ORIENTED_EDGE('',*,*,#3802,.F.);
#3802 = EDGE_CURVE('',#3683,#3795,#3803,.T.);
#3803 = LINE('',#3804,#3805);
#3804 = CARTESIAN_POINT('',(223.,-171.556624327,-1.25));
#3805 = VECTOR('',#3806,1.);
#3806 = DIRECTION('',(-1.,0.,2.22044604925E-16));
#3807 = PLANE('',#3808);
#3808 = AXIS2_PLACEMENT_3D('',#3809,#3810,#3811);
#3809 = CARTESIAN_POINT('',(223.,-172.2783121635,-1.7763568394E-15));
#3810 = DIRECTION('',(-1.110223024625E-16,-0.866025403784,-0.5));
#3811 = DIRECTION('',(-1.922962686384E-16,0.5,-0.866025403784));
#3812 = ADVANCED_FACE('',(#3813),#3831,.T.);
#3813 = FACE_BOUND('',#3814,.T.);
#3814 = EDGE_LOOP('',(#3815,#3816,#3817,#3825));
#3815 = ORIENTED_EDGE('',*,*,#3682,.T.);
#3816 = ORIENTED_EDGE('',*,*,#3802,.T.);
#3817 = ORIENTED_EDGE('',*,*,#3818,.T.);
#3818 = EDGE_CURVE('',#3795,#3819,#3821,.T.);
#3819 = VERTEX_POINT('',#3820);
#3820 = CARTESIAN_POINT('',(221.1,-172.2783121635,-2.5));
#3821 = LINE('',#3822,#3823);
#3822 = CARTESIAN_POINT('',(221.1,-171.556624327,-1.25));
#3823 = VECTOR('',#3824,1.);
#3824 = DIRECTION('',(-1.922962686384E-16,-0.5,-0.866025403784));
#3825 = ORIENTED_EDGE('',*,*,#3826,.F.);
#3826 = EDGE_CURVE('',#3675,#3819,#3827,.T.);
#3827 = LINE('',#3828,#3829);
#3828 = CARTESIAN_POINT('',(223.,-172.2783121635,-2.5));
#3829 = VECTOR('',#3830,1.);
#3830 = DIRECTION('',(-1.,0.,2.22044604925E-16));
#3831 = PLANE('',#3832);
#3832 = AXIS2_PLACEMENT_3D('',#3833,#3834,#3835);
#3833 = CARTESIAN_POINT('',(223.,-171.556624327,-1.25));
#3834 = DIRECTION('',(1.110223024625E-16,-0.866025403784,0.5));
#3835 = DIRECTION('',(-1.922962686384E-16,-0.5,-0.866025403784));
#3836 = ADVANCED_FACE('',(#3837),#3855,.T.);
#3837 = FACE_BOUND('',#3838,.T.);
#3838 = EDGE_LOOP('',(#3839,#3840,#3841,#3849));
#3839 = ORIENTED_EDGE('',*,*,#3674,.T.);
#3840 = ORIENTED_EDGE('',*,*,#3826,.T.);
#3841 = ORIENTED_EDGE('',*,*,#3842,.T.);
#3842 = EDGE_CURVE('',#3819,#3843,#3845,.T.);
#3843 = VERTEX_POINT('',#3844);
#3844 = CARTESIAN_POINT('',(221.1,-173.7216878364,-2.5));
#3845 = LINE('',#3846,#3847);
#3846 = CARTESIAN_POINT('',(221.1,-172.2783121635,-2.5));
#3847 = VECTOR('',#3848,1.);
#3848 = DIRECTION('',(-6.831735839738E-32,-1.,-3.076740298214E-16));
#3849 = ORIENTED_EDGE('',*,*,#3850,.F.);
#3850 = EDGE_CURVE('',#3667,#3843,#3851,.T.);
#3851 = LINE('',#3852,#3853);
#3852 = CARTESIAN_POINT('',(223.,-173.7216878364,-2.5));
#3853 = VECTOR('',#3854,1.);
#3854 = DIRECTION('',(-1.,0.,2.22044604925E-16));
#3855 = PLANE('',#3856);
#3856 = AXIS2_PLACEMENT_3D('',#3857,#3858,#3859);
#3857 = CARTESIAN_POINT('',(223.,-172.2783121635,-2.5));
#3858 = DIRECTION('',(2.22044604925E-16,-3.076740298214E-16,1.));
#3859 = DIRECTION('',(-6.831735839738E-32,-1.,-3.076740298214E-16));
#3860 = ADVANCED_FACE('',(#3861),#3872,.T.);
#3861 = FACE_BOUND('',#3862,.T.);
#3862 = EDGE_LOOP('',(#3863,#3864,#3865,#3871));
#3863 = ORIENTED_EDGE('',*,*,#3666,.T.);
#3864 = ORIENTED_EDGE('',*,*,#3850,.T.);
#3865 = ORIENTED_EDGE('',*,*,#3866,.T.);
#3866 = EDGE_CURVE('',#3843,#3739,#3867,.T.);
#3867 = LINE('',#3868,#3869);
#3868 = CARTESIAN_POINT('',(221.1,-173.7216878364,-2.5));
#3869 = VECTOR('',#3870,1.);
#3870 = DIRECTION('',(1.922962686384E-16,-0.5,0.866025403784));
#3871 = ORIENTED_EDGE('',*,*,#3738,.F.);
#3872 = PLANE('',#3873);
#3873 = AXIS2_PLACEMENT_3D('',#3874,#3875,#3876);
#3874 = CARTESIAN_POINT('',(223.,-173.7216878364,-2.5));
#3875 = DIRECTION('',(1.110223024625E-16,0.866025403784,0.5));
#3876 = DIRECTION('',(1.922962686384E-16,-0.5,0.866025403784));
#3877 = ADVANCED_FACE('',(#3878),#3881,.T.);
#3878 = FACE_BOUND('',#3879,.T.);
#3879 = EDGE_LOOP('',(#3880));
#3880 = ORIENTED_EDGE('',*,*,#3712,.T.);
#3881 = PLANE('',#3882);
#3882 = AXIS2_PLACEMENT_3D('',#3883,#3884,#3885);
#3883 = CARTESIAN_POINT('',(214.9,-173.,-1.25));
#3884 = DIRECTION('',(-1.,0.,2.22044604925E-16));
#3885 = DIRECTION('',(2.22044604925E-16,0.,1.));
#3886 = ADVANCED_FACE('',(#3887),#3895,.F.);
#3887 = FACE_BOUND('',#3888,.F.);
#3888 = EDGE_LOOP('',(#3889,#3890,#3891,#3892,#3893,#3894));
#3889 = ORIENTED_EDGE('',*,*,#3866,.T.);
#3890 = ORIENTED_EDGE('',*,*,#3746,.T.);
#3891 = ORIENTED_EDGE('',*,*,#3770,.T.);
#3892 = ORIENTED_EDGE('',*,*,#3794,.T.);
#3893 = ORIENTED_EDGE('',*,*,#3818,.T.);
#3894 = ORIENTED_EDGE('',*,*,#3842,.T.);
#3895 = PLANE('',#3896);
#3896 = AXIS2_PLACEMENT_3D('',#3897,#3898,#3899);
#3897 = CARTESIAN_POINT('',(221.1,-173.,-1.25));
#3898 = DIRECTION('',(-1.,-0.,2.22044604925E-16));
#3899 = DIRECTION('',(2.22044604925E-16,0.,1.));
#3900 = MANIFOLD_SOLID_BREP('',#3901);
#3901 = CLOSED_SHELL('',(#3902,#3935,#3955,#4014,#4039,#4070,#4094,#4118
    ,#4142,#4166,#4183,#4192));
#3902 = ADVANCED_FACE('',(#3903),#3930,.T.);
#3903 = FACE_BOUND('',#3904,.T.);
#3904 = EDGE_LOOP('',(#3905,#3914,#3922,#3929));
#3905 = ORIENTED_EDGE('',*,*,#3906,.F.);
#3906 = EDGE_CURVE('',#3907,#3907,#3909,.T.);
#3907 = VERTEX_POINT('',#3908);
#3908 = CARTESIAN_POINT('',(224.9,-166.9895923599,-10.01040764008));
#3909 = CIRCLE('',#3910,2.75);
#3910 = AXIS2_PLACEMENT_3D('',#3911,#3912,#3913);
#3911 = CARTESIAN_POINT('',(224.9,-166.9895923599,-7.260407640086));
#3912 = DIRECTION('',(-1.,0.,0.));
#3913 = DIRECTION('',(0.,0.,-1.));
#3914 = ORIENTED_EDGE('',*,*,#3915,.F.);
#3915 = EDGE_CURVE('',#3916,#3907,#3918,.T.);
#3916 = VERTEX_POINT('',#3917);
#3917 = CARTESIAN_POINT('',(227.9,-166.9895923599,-10.01040764008));
#3918 = LINE('',#3919,#3920);
#3919 = CARTESIAN_POINT('',(227.9,-166.9895923599,-10.01040764008));
#3920 = VECTOR('',#3921,1.);
#3921 = DIRECTION('',(-1.,0.,0.));
#3922 = ORIENTED_EDGE('',*,*,#3923,.T.);
#3923 = EDGE_CURVE('',#3916,#3916,#3924,.T.);
#3924 = CIRCLE('',#3925,2.75);
#3925 = AXIS2_PLACEMENT_3D('',#3926,#3927,#3928);
#3926 = CARTESIAN_POINT('',(227.9,-166.9895923599,-7.260407640086));
#3927 = DIRECTION('',(-1.,0.,0.));
#3928 = DIRECTION('',(0.,0.,-1.));
#3929 = ORIENTED_EDGE('',*,*,#3915,.T.);
#3930 = CYLINDRICAL_SURFACE('',#3931,2.75);
#3931 = AXIS2_PLACEMENT_3D('',#3932,#3933,#3934);
#3932 = CARTESIAN_POINT('',(227.9,-166.9895923599,-7.260407640086));
#3933 = DIRECTION('',(-1.,0.,0.));
#3934 = DIRECTION('',(0.,0.,-1.));
#3935 = ADVANCED_FACE('',(#3936,#3939),#3950,.T.);
#3936 = FACE_BOUND('',#3937,.T.);
#3937 = EDGE_LOOP('',(#3938));
#3938 = ORIENTED_EDGE('',*,*,#3906,.T.);
#3939 = FACE_BOUND('',#3940,.T.);
#3940 = EDGE_LOOP('',(#3941));
#3941 = ORIENTED_EDGE('',*,*,#3942,.F.);
#3942 = EDGE_CURVE('',#3943,#3943,#3945,.T.);
#3943 = VERTEX_POINT('',#3944);
#3944 = CARTESIAN_POINT('',(224.9,-166.9895923599,-8.760407640086));
#3945 = CIRCLE('',#3946,1.5);
#3946 = AXIS2_PLACEMENT_3D('',#3947,#3948,#3949);
#3947 = CARTESIAN_POINT('',(224.9,-166.9895923599,-7.260407640086));
#3948 = DIRECTION('',(-1.,0.,0.));
#3949 = DIRECTION('',(0.,0.,-1.));
#3950 = PLANE('',#3951);
#3951 = AXIS2_PLACEMENT_3D('',#3952,#3953,#3954);
#3952 = CARTESIAN_POINT('',(224.9,-166.9895923599,-7.260407640086));
#3953 = DIRECTION('',(-1.,0.,0.));
#3954 = DIRECTION('',(0.,0.,-1.));
#3955 = ADVANCED_FACE('',(#3956,#3959),#4009,.F.);
#3956 = FACE_BOUND('',#3957,.F.);
#3957 = EDGE_LOOP('',(#3958));
#3958 = ORIENTED_EDGE('',*,*,#3923,.T.);
#3959 = FACE_BOUND('',#3960,.F.);
#3960 = EDGE_LOOP('',(#3961,#3971,#3979,#3987,#3995,#4003));
#3961 = ORIENTED_EDGE('',*,*,#3962,.T.);
#3962 = EDGE_CURVE('',#3963,#3965,#3967,.T.);
#3963 = VERTEX_POINT('',#3964);
#3964 = CARTESIAN_POINT('',(227.9,-168.2395923599,-7.982095476573));
#3965 = VERTEX_POINT('',#3966);
#3966 = CARTESIAN_POINT('',(227.9,-166.9895923599,-8.70378331306));
#3967 = LINE('',#3968,#3969);
#3968 = CARTESIAN_POINT('',(227.9,-167.3020923599,-8.523361353938));
#3969 = VECTOR('',#3970,1.);
#3970 = DIRECTION('',(0.,0.866025403784,-0.5));
#3971 = ORIENTED_EDGE('',*,*,#3972,.T.);
#3972 = EDGE_CURVE('',#3965,#3973,#3975,.T.);
#3973 = VERTEX_POINT('',#3974);
#3974 = CARTESIAN_POINT('',(227.9,-165.7395923599,-7.982095476573));
#3975 = LINE('',#3976,#3977);
#3976 = CARTESIAN_POINT('',(227.9,-166.0520923599,-8.162517435694));
#3977 = VECTOR('',#3978,1.);
#3978 = DIRECTION('',(0.,0.866025403784,0.5));
#3979 = ORIENTED_EDGE('',*,*,#3980,.T.);
#3980 = EDGE_CURVE('',#3973,#3981,#3983,.T.);
#3981 = VERTEX_POINT('',#3982);
#3982 = CARTESIAN_POINT('',(227.9,-165.7395923599,-6.538719803599));
#3983 = LINE('',#3984,#3985);
#3984 = CARTESIAN_POINT('',(227.9,-165.7395923599,-6.899563721842));
#3985 = VECTOR('',#3986,1.);
#3986 = DIRECTION('',(0.,-0.,1.));
#3987 = ORIENTED_EDGE('',*,*,#3988,.T.);
#3988 = EDGE_CURVE('',#3981,#3989,#3991,.T.);
#3989 = VERTEX_POINT('',#3990);
#3990 = CARTESIAN_POINT('',(227.9,-166.9895923599,-5.817031967112));
#3991 = LINE('',#3992,#3993);
#3992 = CARTESIAN_POINT('',(227.9,-166.6770923599,-5.997453926233));
#3993 = VECTOR('',#3994,1.);
#3994 = DIRECTION('',(0.,-0.866025403784,0.5));
#3995 = ORIENTED_EDGE('',*,*,#3996,.T.);
#3996 = EDGE_CURVE('',#3989,#3997,#3999,.T.);
#3997 = VERTEX_POINT('',#3998);
#3998 = CARTESIAN_POINT('',(227.9,-168.2395923599,-6.538719803599));
#3999 = LINE('',#4000,#4001);
#4000 = CARTESIAN_POINT('',(227.9,-167.9270923599,-6.358297844477));
#4001 = VECTOR('',#4002,1.);
#4002 = DIRECTION('',(-0.,-0.866025403784,-0.5));
#4003 = ORIENTED_EDGE('',*,*,#4004,.T.);
#4004 = EDGE_CURVE('',#3997,#3963,#4005,.T.);
#4005 = LINE('',#4006,#4007);
#4006 = CARTESIAN_POINT('',(227.9,-168.2395923599,-7.621251558329));
#4007 = VECTOR('',#4008,1.);
#4008 = DIRECTION('',(-0.,0.,-1.));
#4009 = PLANE('',#4010);
#4010 = AXIS2_PLACEMENT_3D('',#4011,#4012,#4013);
#4011 = CARTESIAN_POINT('',(227.9,-166.9895923599,-7.260407640086));
#4012 = DIRECTION('',(-1.,0.,0.));
#4013 = DIRECTION('',(0.,0.,-1.));
#4014 = ADVANCED_FACE('',(#4015),#4034,.T.);
#4015 = FACE_BOUND('',#4016,.T.);
#4016 = EDGE_LOOP('',(#4017,#4026,#4032,#4033));
#4017 = ORIENTED_EDGE('',*,*,#4018,.F.);
#4018 = EDGE_CURVE('',#4019,#4019,#4021,.T.);
#4019 = VERTEX_POINT('',#4020);
#4020 = CARTESIAN_POINT('',(216.9,-166.9895923599,-8.760407640086));
#4021 = CIRCLE('',#4022,1.5);
#4022 = AXIS2_PLACEMENT_3D('',#4023,#4024,#4025);
#4023 = CARTESIAN_POINT('',(216.9,-166.9895923599,-7.260407640086));
#4024 = DIRECTION('',(-1.,0.,0.));
#4025 = DIRECTION('',(0.,0.,-1.));
#4026 = ORIENTED_EDGE('',*,*,#4027,.F.);
#4027 = EDGE_CURVE('',#3943,#4019,#4028,.T.);
#4028 = LINE('',#4029,#4030);
#4029 = CARTESIAN_POINT('',(224.9,-166.9895923599,-8.760407640086));
#4030 = VECTOR('',#4031,1.);
#4031 = DIRECTION('',(-1.,0.,0.));
#4032 = ORIENTED_EDGE('',*,*,#3942,.T.);
#4033 = ORIENTED_EDGE('',*,*,#4027,.T.);
#4034 = CYLINDRICAL_SURFACE('',#4035,1.5);
#4035 = AXIS2_PLACEMENT_3D('',#4036,#4037,#4038);
#4036 = CARTESIAN_POINT('',(224.9,-166.9895923599,-7.260407640086));
#4037 = DIRECTION('',(-1.,0.,0.));
#4038 = DIRECTION('',(0.,0.,-1.));
#4039 = ADVANCED_FACE('',(#4040),#4065,.T.);
#4040 = FACE_BOUND('',#4041,.T.);
#4041 = EDGE_LOOP('',(#4042,#4043,#4051,#4059));
#4042 = ORIENTED_EDGE('',*,*,#3962,.T.);
#4043 = ORIENTED_EDGE('',*,*,#4044,.T.);
#4044 = EDGE_CURVE('',#3965,#4045,#4047,.T.);
#4045 = VERTEX_POINT('',#4046);
#4046 = CARTESIAN_POINT('',(226.1,-166.9895923599,-8.70378331306));
#4047 = LINE('',#4048,#4049);
#4048 = CARTESIAN_POINT('',(228.,-166.9895923599,-8.70378331306));
#4049 = VECTOR('',#4050,1.);
#4050 = DIRECTION('',(-1.,0.,0.));
#4051 = ORIENTED_EDGE('',*,*,#4052,.T.);
#4052 = EDGE_CURVE('',#4045,#4053,#4055,.T.);
#4053 = VERTEX_POINT('',#4054);
#4054 = CARTESIAN_POINT('',(226.1,-168.2395923599,-7.982095476573));
#4055 = LINE('',#4056,#4057);
#4056 = CARTESIAN_POINT('',(226.1,-166.9895923599,-8.70378331306));
#4057 = VECTOR('',#4058,1.);
#4058 = DIRECTION('',(0.,-0.866025403784,0.5));
#4059 = ORIENTED_EDGE('',*,*,#4060,.F.);
#4060 = EDGE_CURVE('',#3963,#4053,#4061,.T.);
#4061 = LINE('',#4062,#4063);
#4062 = CARTESIAN_POINT('',(228.,-168.2395923599,-7.982095476573));
#4063 = VECTOR('',#4064,1.);
#4064 = DIRECTION('',(-1.,0.,0.));
#4065 = PLANE('',#4066);
#4066 = AXIS2_PLACEMENT_3D('',#4067,#4068,#4069);
#4067 = CARTESIAN_POINT('',(228.,-166.9895923599,-8.70378331306));
#4068 = DIRECTION('',(0.,0.5,0.866025403784));
#4069 = DIRECTION('',(0.,-0.866025403784,0.5));
#4070 = ADVANCED_FACE('',(#4071),#4089,.T.);
#4071 = FACE_BOUND('',#4072,.T.);
#4072 = EDGE_LOOP('',(#4073,#4074,#4075,#4083));
#4073 = ORIENTED_EDGE('',*,*,#4004,.T.);
#4074 = ORIENTED_EDGE('',*,*,#4060,.T.);
#4075 = ORIENTED_EDGE('',*,*,#4076,.T.);
#4076 = EDGE_CURVE('',#4053,#4077,#4079,.T.);
#4077 = VERTEX_POINT('',#4078);
#4078 = CARTESIAN_POINT('',(226.1,-168.2395923599,-6.538719803599));
#4079 = LINE('',#4080,#4081);
#4080 = CARTESIAN_POINT('',(226.1,-168.2395923599,-7.982095476573));
#4081 = VECTOR('',#4082,1.);
#4082 = DIRECTION('',(0.,0.,1.));
#4083 = ORIENTED_EDGE('',*,*,#4084,.F.);
#4084 = EDGE_CURVE('',#3997,#4077,#4085,.T.);
#4085 = LINE('',#4086,#4087);
#4086 = CARTESIAN_POINT('',(228.,-168.2395923599,-6.538719803599));
#4087 = VECTOR('',#4088,1.);
#4088 = DIRECTION('',(-1.,0.,0.));
#4089 = PLANE('',#4090);
#4090 = AXIS2_PLACEMENT_3D('',#4091,#4092,#4093);
#4091 = CARTESIAN_POINT('',(228.,-168.2395923599,-7.982095476573));
#4092 = DIRECTION('',(0.,1.,-0.));
#4093 = DIRECTION('',(0.,0.,1.));
#4094 = ADVANCED_FACE('',(#4095),#4113,.T.);
#4095 = FACE_BOUND('',#4096,.T.);
#4096 = EDGE_LOOP('',(#4097,#4098,#4099,#4107));
#4097 = ORIENTED_EDGE('',*,*,#3996,.T.);
#4098 = ORIENTED_EDGE('',*,*,#4084,.T.);
#4099 = ORIENTED_EDGE('',*,*,#4100,.T.);
#4100 = EDGE_CURVE('',#4077,#4101,#4103,.T.);
#4101 = VERTEX_POINT('',#4102);
#4102 = CARTESIAN_POINT('',(226.1,-166.9895923599,-5.817031967112));
#4103 = LINE('',#4104,#4105);
#4104 = CARTESIAN_POINT('',(226.1,-168.2395923599,-6.538719803599));
#4105 = VECTOR('',#4106,1.);
#4106 = DIRECTION('',(0.,0.866025403784,0.5));
#4107 = ORIENTED_EDGE('',*,*,#4108,.F.);
#4108 = EDGE_CURVE('',#3989,#4101,#4109,.T.);
#4109 = LINE('',#4110,#4111);
#4110 = CARTESIAN_POINT('',(228.,-166.9895923599,-5.817031967112));
#4111 = VECTOR('',#4112,1.);
#4112 = DIRECTION('',(-1.,0.,0.));
#4113 = PLANE('',#4114);
#4114 = AXIS2_PLACEMENT_3D('',#4115,#4116,#4117);
#4115 = CARTESIAN_POINT('',(228.,-168.2395923599,-6.538719803599));
#4116 = DIRECTION('',(0.,0.5,-0.866025403784));
#4117 = DIRECTION('',(0.,0.866025403784,0.5));
#4118 = ADVANCED_FACE('',(#4119),#4137,.T.);
#4119 = FACE_BOUND('',#4120,.T.);
#4120 = EDGE_LOOP('',(#4121,#4122,#4123,#4131));
#4121 = ORIENTED_EDGE('',*,*,#3988,.T.);
#4122 = ORIENTED_EDGE('',*,*,#4108,.T.);
#4123 = ORIENTED_EDGE('',*,*,#4124,.T.);
#4124 = EDGE_CURVE('',#4101,#4125,#4127,.T.);
#4125 = VERTEX_POINT('',#4126);
#4126 = CARTESIAN_POINT('',(226.1,-165.7395923599,-6.538719803599));
#4127 = LINE('',#4128,#4129);
#4128 = CARTESIAN_POINT('',(226.1,-166.9895923599,-5.817031967112));
#4129 = VECTOR('',#4130,1.);
#4130 = DIRECTION('',(0.,0.866025403784,-0.5));
#4131 = ORIENTED_EDGE('',*,*,#4132,.F.);
#4132 = EDGE_CURVE('',#3981,#4125,#4133,.T.);
#4133 = LINE('',#4134,#4135);
#4134 = CARTESIAN_POINT('',(228.,-165.7395923599,-6.538719803599));
#4135 = VECTOR('',#4136,1.);
#4136 = DIRECTION('',(-1.,0.,0.));
#4137 = PLANE('',#4138);
#4138 = AXIS2_PLACEMENT_3D('',#4139,#4140,#4141);
#4139 = CARTESIAN_POINT('',(228.,-166.9895923599,-5.817031967112));
#4140 = DIRECTION('',(-0.,-0.5,-0.866025403784));
#4141 = DIRECTION('',(0.,0.866025403784,-0.5));
#4142 = ADVANCED_FACE('',(#4143),#4161,.T.);
#4143 = FACE_BOUND('',#4144,.T.);
#4144 = EDGE_LOOP('',(#4145,#4146,#4147,#4155));
#4145 = ORIENTED_EDGE('',*,*,#3980,.T.);
#4146 = ORIENTED_EDGE('',*,*,#4132,.T.);
#4147 = ORIENTED_EDGE('',*,*,#4148,.T.);
#4148 = EDGE_CURVE('',#4125,#4149,#4151,.T.);
#4149 = VERTEX_POINT('',#4150);
#4150 = CARTESIAN_POINT('',(226.1,-165.7395923599,-7.982095476573));
#4151 = LINE('',#4152,#4153);
#4152 = CARTESIAN_POINT('',(226.1,-165.7395923599,-6.538719803599));
#4153 = VECTOR('',#4154,1.);
#4154 = DIRECTION('',(0.,0.,-1.));
#4155 = ORIENTED_EDGE('',*,*,#4156,.F.);
#4156 = EDGE_CURVE('',#3973,#4149,#4157,.T.);
#4157 = LINE('',#4158,#4159);
#4158 = CARTESIAN_POINT('',(228.,-165.7395923599,-7.982095476573));
#4159 = VECTOR('',#4160,1.);
#4160 = DIRECTION('',(-1.,0.,0.));
#4161 = PLANE('',#4162);
#4162 = AXIS2_PLACEMENT_3D('',#4163,#4164,#4165);
#4163 = CARTESIAN_POINT('',(228.,-165.7395923599,-6.538719803599));
#4164 = DIRECTION('',(-0.,-1.,-0.));
#4165 = DIRECTION('',(0.,0.,-1.));
#4166 = ADVANCED_FACE('',(#4167),#4178,.T.);
#4167 = FACE_BOUND('',#4168,.T.);
#4168 = EDGE_LOOP('',(#4169,#4170,#4171,#4177));
#4169 = ORIENTED_EDGE('',*,*,#3972,.T.);
#4170 = ORIENTED_EDGE('',*,*,#4156,.T.);
#4171 = ORIENTED_EDGE('',*,*,#4172,.T.);
#4172 = EDGE_CURVE('',#4149,#4045,#4173,.T.);
#4173 = LINE('',#4174,#4175);
#4174 = CARTESIAN_POINT('',(226.1,-165.7395923599,-7.982095476573));
#4175 = VECTOR('',#4176,1.);
#4176 = DIRECTION('',(0.,-0.866025403784,-0.5));
#4177 = ORIENTED_EDGE('',*,*,#4044,.F.);
#4178 = PLANE('',#4179);
#4179 = AXIS2_PLACEMENT_3D('',#4180,#4181,#4182);
#4180 = CARTESIAN_POINT('',(228.,-165.7395923599,-7.982095476573));
#4181 = DIRECTION('',(0.,-0.5,0.866025403784));
#4182 = DIRECTION('',(0.,-0.866025403784,-0.5));
#4183 = ADVANCED_FACE('',(#4184),#4187,.T.);
#4184 = FACE_BOUND('',#4185,.T.);
#4185 = EDGE_LOOP('',(#4186));
#4186 = ORIENTED_EDGE('',*,*,#4018,.T.);
#4187 = PLANE('',#4188);
#4188 = AXIS2_PLACEMENT_3D('',#4189,#4190,#4191);
#4189 = CARTESIAN_POINT('',(216.9,-166.9895923599,-7.260407640086));
#4190 = DIRECTION('',(-1.,0.,0.));
#4191 = DIRECTION('',(0.,0.,-1.));
#4192 = ADVANCED_FACE('',(#4193),#4201,.F.);
#4193 = FACE_BOUND('',#4194,.F.);
#4194 = EDGE_LOOP('',(#4195,#4196,#4197,#4198,#4199,#4200));
#4195 = ORIENTED_EDGE('',*,*,#4172,.T.);
#4196 = ORIENTED_EDGE('',*,*,#4052,.T.);
#4197 = ORIENTED_EDGE('',*,*,#4076,.T.);
#4198 = ORIENTED_EDGE('',*,*,#4100,.T.);
#4199 = ORIENTED_EDGE('',*,*,#4124,.T.);
#4200 = ORIENTED_EDGE('',*,*,#4148,.T.);
#4201 = PLANE('',#4202);
#4202 = AXIS2_PLACEMENT_3D('',#4203,#4204,#4205);
#4203 = CARTESIAN_POINT('',(226.1,-166.9895923599,-7.260407640086));
#4204 = DIRECTION('',(-1.,-0.,-0.));
#4205 = DIRECTION('',(0.,0.,-1.));
#4206 = MANIFOLD_SOLID_BREP('',#4207);
#4207 = CLOSED_SHELL('',(#4208,#4241,#4261,#4320,#4345,#4376,#4400,#4424
    ,#4448,#4472,#4489,#4498));
#4208 = ADVANCED_FACE('',(#4209),#4236,.T.);
#4209 = FACE_BOUND('',#4210,.T.);
#4210 = EDGE_LOOP('',(#4211,#4220,#4228,#4235));
#4211 = ORIENTED_EDGE('',*,*,#4212,.F.);
#4212 = EDGE_CURVE('',#4213,#4213,#4215,.T.);
#4213 = VERTEX_POINT('',#4214);
#4214 = CARTESIAN_POINT('',(224.9,-166.9895923599,2.010407640086));
#4215 = CIRCLE('',#4216,2.75);
#4216 = AXIS2_PLACEMENT_3D('',#4217,#4218,#4219);
#4217 = CARTESIAN_POINT('',(224.9,-166.9895923599,4.760407640086));
#4218 = DIRECTION('',(-1.,0.,0.));
#4219 = DIRECTION('',(0.,0.,-1.));
#4220 = ORIENTED_EDGE('',*,*,#4221,.F.);
#4221 = EDGE_CURVE('',#4222,#4213,#4224,.T.);
#4222 = VERTEX_POINT('',#4223);
#4223 = CARTESIAN_POINT('',(227.9,-166.9895923599,2.010407640086));
#4224 = LINE('',#4225,#4226);
#4225 = CARTESIAN_POINT('',(227.9,-166.9895923599,2.010407640086));
#4226 = VECTOR('',#4227,1.);
#4227 = DIRECTION('',(-1.,0.,0.));
#4228 = ORIENTED_EDGE('',*,*,#4229,.T.);
#4229 = EDGE_CURVE('',#4222,#4222,#4230,.T.);
#4230 = CIRCLE('',#4231,2.75);
#4231 = AXIS2_PLACEMENT_3D('',#4232,#4233,#4234);
#4232 = CARTESIAN_POINT('',(227.9,-166.9895923599,4.760407640086));
#4233 = DIRECTION('',(-1.,0.,0.));
#4234 = DIRECTION('',(0.,0.,-1.));
#4235 = ORIENTED_EDGE('',*,*,#4221,.T.);
#4236 = CYLINDRICAL_SURFACE('',#4237,2.75);
#4237 = AXIS2_PLACEMENT_3D('',#4238,#4239,#4240);
#4238 = CARTESIAN_POINT('',(227.9,-166.9895923599,4.760407640086));
#4239 = DIRECTION('',(-1.,0.,0.));
#4240 = DIRECTION('',(0.,0.,-1.));
#4241 = ADVANCED_FACE('',(#4242,#4245),#4256,.T.);
#4242 = FACE_BOUND('',#4243,.T.);
#4243 = EDGE_LOOP('',(#4244));
#4244 = ORIENTED_EDGE('',*,*,#4212,.T.);
#4245 = FACE_BOUND('',#4246,.T.);
#4246 = EDGE_LOOP('',(#4247));
#4247 = ORIENTED_EDGE('',*,*,#4248,.F.);
#4248 = EDGE_CURVE('',#4249,#4249,#4251,.T.);
#4249 = VERTEX_POINT('',#4250);
#4250 = CARTESIAN_POINT('',(224.9,-166.9895923599,3.260407640086));
#4251 = CIRCLE('',#4252,1.5);
#4252 = AXIS2_PLACEMENT_3D('',#4253,#4254,#4255);
#4253 = CARTESIAN_POINT('',(224.9,-166.9895923599,4.760407640086));
#4254 = DIRECTION('',(-1.,0.,0.));
#4255 = DIRECTION('',(0.,0.,-1.));
#4256 = PLANE('',#4257);
#4257 = AXIS2_PLACEMENT_3D('',#4258,#4259,#4260);
#4258 = CARTESIAN_POINT('',(224.9,-166.9895923599,4.760407640086));
#4259 = DIRECTION('',(-1.,0.,0.));
#4260 = DIRECTION('',(0.,0.,-1.));
#4261 = ADVANCED_FACE('',(#4262,#4265),#4315,.F.);
#4262 = FACE_BOUND('',#4263,.F.);
#4263 = EDGE_LOOP('',(#4264));
#4264 = ORIENTED_EDGE('',*,*,#4229,.T.);
#4265 = FACE_BOUND('',#4266,.F.);
#4266 = EDGE_LOOP('',(#4267,#4277,#4285,#4293,#4301,#4309));
#4267 = ORIENTED_EDGE('',*,*,#4268,.T.);
#4268 = EDGE_CURVE('',#4269,#4271,#4273,.T.);
#4269 = VERTEX_POINT('',#4270);
#4270 = CARTESIAN_POINT('',(227.9,-168.2395923599,4.038719803599));
#4271 = VERTEX_POINT('',#4272);
#4272 = CARTESIAN_POINT('',(227.9,-166.9895923599,3.317031967112));
#4273 = LINE('',#4274,#4275);
#4274 = CARTESIAN_POINT('',(227.9,-167.3020923599,3.497453926233));
#4275 = VECTOR('',#4276,1.);
#4276 = DIRECTION('',(0.,0.866025403784,-0.5));
#4277 = ORIENTED_EDGE('',*,*,#4278,.T.);
#4278 = EDGE_CURVE('',#4271,#4279,#4281,.T.);
#4279 = VERTEX_POINT('',#4280);
#4280 = CARTESIAN_POINT('',(227.9,-165.7395923599,4.038719803599));
#4281 = LINE('',#4282,#4283);
#4282 = CARTESIAN_POINT('',(227.9,-166.0520923599,3.858297844477));
#4283 = VECTOR('',#4284,1.);
#4284 = DIRECTION('',(0.,0.866025403784,0.5));
#4285 = ORIENTED_EDGE('',*,*,#4286,.T.);
#4286 = EDGE_CURVE('',#4279,#4287,#4289,.T.);
#4287 = VERTEX_POINT('',#4288);
#4288 = CARTESIAN_POINT('',(227.9,-165.7395923599,5.482095476573));
#4289 = LINE('',#4290,#4291);
#4290 = CARTESIAN_POINT('',(227.9,-165.7395923599,5.121251558329));
#4291 = VECTOR('',#4292,1.);
#4292 = DIRECTION('',(0.,-0.,1.));
#4293 = ORIENTED_EDGE('',*,*,#4294,.T.);
#4294 = EDGE_CURVE('',#4287,#4295,#4297,.T.);
#4295 = VERTEX_POINT('',#4296);
#4296 = CARTESIAN_POINT('',(227.9,-166.9895923599,6.20378331306));
#4297 = LINE('',#4298,#4299);
#4298 = CARTESIAN_POINT('',(227.9,-166.6770923599,6.023361353938));
#4299 = VECTOR('',#4300,1.);
#4300 = DIRECTION('',(0.,-0.866025403784,0.5));
#4301 = ORIENTED_EDGE('',*,*,#4302,.T.);
#4302 = EDGE_CURVE('',#4295,#4303,#4305,.T.);
#4303 = VERTEX_POINT('',#4304);
#4304 = CARTESIAN_POINT('',(227.9,-168.2395923599,5.482095476573));
#4305 = LINE('',#4306,#4307);
#4306 = CARTESIAN_POINT('',(227.9,-167.9270923599,5.662517435694));
#4307 = VECTOR('',#4308,1.);
#4308 = DIRECTION('',(-0.,-0.866025403784,-0.5));
#4309 = ORIENTED_EDGE('',*,*,#4310,.T.);
#4310 = EDGE_CURVE('',#4303,#4269,#4311,.T.);
#4311 = LINE('',#4312,#4313);
#4312 = CARTESIAN_POINT('',(227.9,-168.2395923599,4.399563721842));
#4313 = VECTOR('',#4314,1.);
#4314 = DIRECTION('',(-0.,0.,-1.));
#4315 = PLANE('',#4316);
#4316 = AXIS2_PLACEMENT_3D('',#4317,#4318,#4319);
#4317 = CARTESIAN_POINT('',(227.9,-166.9895923599,4.760407640086));
#4318 = DIRECTION('',(-1.,0.,0.));
#4319 = DIRECTION('',(0.,0.,-1.));
#4320 = ADVANCED_FACE('',(#4321),#4340,.T.);
#4321 = FACE_BOUND('',#4322,.T.);
#4322 = EDGE_LOOP('',(#4323,#4332,#4338,#4339));
#4323 = ORIENTED_EDGE('',*,*,#4324,.F.);
#4324 = EDGE_CURVE('',#4325,#4325,#4327,.T.);
#4325 = VERTEX_POINT('',#4326);
#4326 = CARTESIAN_POINT('',(216.9,-166.9895923599,3.260407640086));
#4327 = CIRCLE('',#4328,1.5);
#4328 = AXIS2_PLACEMENT_3D('',#4329,#4330,#4331);
#4329 = CARTESIAN_POINT('',(216.9,-166.9895923599,4.760407640086));
#4330 = DIRECTION('',(-1.,0.,0.));
#4331 = DIRECTION('',(0.,0.,-1.));
#4332 = ORIENTED_EDGE('',*,*,#4333,.F.);
#4333 = EDGE_CURVE('',#4249,#4325,#4334,.T.);
#4334 = LINE('',#4335,#4336);
#4335 = CARTESIAN_POINT('',(224.9,-166.9895923599,3.260407640086));
#4336 = VECTOR('',#4337,1.);
#4337 = DIRECTION('',(-1.,0.,0.));
#4338 = ORIENTED_EDGE('',*,*,#4248,.T.);
#4339 = ORIENTED_EDGE('',*,*,#4333,.T.);
#4340 = CYLINDRICAL_SURFACE('',#4341,1.5);
#4341 = AXIS2_PLACEMENT_3D('',#4342,#4343,#4344);
#4342 = CARTESIAN_POINT('',(224.9,-166.9895923599,4.760407640086));
#4343 = DIRECTION('',(-1.,0.,0.));
#4344 = DIRECTION('',(0.,0.,-1.));
#4345 = ADVANCED_FACE('',(#4346),#4371,.T.);
#4346 = FACE_BOUND('',#4347,.T.);
#4347 = EDGE_LOOP('',(#4348,#4349,#4357,#4365));
#4348 = ORIENTED_EDGE('',*,*,#4268,.T.);
#4349 = ORIENTED_EDGE('',*,*,#4350,.T.);
#4350 = EDGE_CURVE('',#4271,#4351,#4353,.T.);
#4351 = VERTEX_POINT('',#4352);
#4352 = CARTESIAN_POINT('',(226.1,-166.9895923599,3.317031967112));
#4353 = LINE('',#4354,#4355);
#4354 = CARTESIAN_POINT('',(228.,-166.9895923599,3.317031967112));
#4355 = VECTOR('',#4356,1.);
#4356 = DIRECTION('',(-1.,0.,0.));
#4357 = ORIENTED_EDGE('',*,*,#4358,.T.);
#4358 = EDGE_CURVE('',#4351,#4359,#4361,.T.);
#4359 = VERTEX_POINT('',#4360);
#4360 = CARTESIAN_POINT('',(226.1,-168.2395923599,4.038719803599));
#4361 = LINE('',#4362,#4363);
#4362 = CARTESIAN_POINT('',(226.1,-166.9895923599,3.317031967112));
#4363 = VECTOR('',#4364,1.);
#4364 = DIRECTION('',(0.,-0.866025403784,0.5));
#4365 = ORIENTED_EDGE('',*,*,#4366,.F.);
#4366 = EDGE_CURVE('',#4269,#4359,#4367,.T.);
#4367 = LINE('',#4368,#4369);
#4368 = CARTESIAN_POINT('',(228.,-168.2395923599,4.038719803599));
#4369 = VECTOR('',#4370,1.);
#4370 = DIRECTION('',(-1.,0.,0.));
#4371 = PLANE('',#4372);
#4372 = AXIS2_PLACEMENT_3D('',#4373,#4374,#4375);
#4373 = CARTESIAN_POINT('',(228.,-166.9895923599,3.317031967112));
#4374 = DIRECTION('',(0.,0.5,0.866025403784));
#4375 = DIRECTION('',(0.,-0.866025403784,0.5));
#4376 = ADVANCED_FACE('',(#4377),#4395,.T.);
#4377 = FACE_BOUND('',#4378,.T.);
#4378 = EDGE_LOOP('',(#4379,#4380,#4381,#4389));
#4379 = ORIENTED_EDGE('',*,*,#4310,.T.);
#4380 = ORIENTED_EDGE('',*,*,#4366,.T.);
#4381 = ORIENTED_EDGE('',*,*,#4382,.T.);
#4382 = EDGE_CURVE('',#4359,#4383,#4385,.T.);
#4383 = VERTEX_POINT('',#4384);
#4384 = CARTESIAN_POINT('',(226.1,-168.2395923599,5.482095476573));
#4385 = LINE('',#4386,#4387);
#4386 = CARTESIAN_POINT('',(226.1,-168.2395923599,4.038719803599));
#4387 = VECTOR('',#4388,1.);
#4388 = DIRECTION('',(0.,0.,1.));
#4389 = ORIENTED_EDGE('',*,*,#4390,.F.);
#4390 = EDGE_CURVE('',#4303,#4383,#4391,.T.);
#4391 = LINE('',#4392,#4393);
#4392 = CARTESIAN_POINT('',(228.,-168.2395923599,5.482095476573));
#4393 = VECTOR('',#4394,1.);
#4394 = DIRECTION('',(-1.,0.,0.));
#4395 = PLANE('',#4396);
#4396 = AXIS2_PLACEMENT_3D('',#4397,#4398,#4399);
#4397 = CARTESIAN_POINT('',(228.,-168.2395923599,4.038719803599));
#4398 = DIRECTION('',(0.,1.,-0.));
#4399 = DIRECTION('',(0.,0.,1.));
#4400 = ADVANCED_FACE('',(#4401),#4419,.T.);
#4401 = FACE_BOUND('',#4402,.T.);
#4402 = EDGE_LOOP('',(#4403,#4404,#4405,#4413));
#4403 = ORIENTED_EDGE('',*,*,#4302,.T.);
#4404 = ORIENTED_EDGE('',*,*,#4390,.T.);
#4405 = ORIENTED_EDGE('',*,*,#4406,.T.);
#4406 = EDGE_CURVE('',#4383,#4407,#4409,.T.);
#4407 = VERTEX_POINT('',#4408);
#4408 = CARTESIAN_POINT('',(226.1,-166.9895923599,6.20378331306));
#4409 = LINE('',#4410,#4411);
#4410 = CARTESIAN_POINT('',(226.1,-168.2395923599,5.482095476573));
#4411 = VECTOR('',#4412,1.);
#4412 = DIRECTION('',(0.,0.866025403784,0.5));
#4413 = ORIENTED_EDGE('',*,*,#4414,.F.);
#4414 = EDGE_CURVE('',#4295,#4407,#4415,.T.);
#4415 = LINE('',#4416,#4417);
#4416 = CARTESIAN_POINT('',(228.,-166.9895923599,6.20378331306));
#4417 = VECTOR('',#4418,1.);
#4418 = DIRECTION('',(-1.,0.,0.));
#4419 = PLANE('',#4420);
#4420 = AXIS2_PLACEMENT_3D('',#4421,#4422,#4423);
#4421 = CARTESIAN_POINT('',(228.,-168.2395923599,5.482095476573));
#4422 = DIRECTION('',(0.,0.5,-0.866025403784));
#4423 = DIRECTION('',(0.,0.866025403784,0.5));
#4424 = ADVANCED_FACE('',(#4425),#4443,.T.);
#4425 = FACE_BOUND('',#4426,.T.);
#4426 = EDGE_LOOP('',(#4427,#4428,#4429,#4437));
#4427 = ORIENTED_EDGE('',*,*,#4294,.T.);
#4428 = ORIENTED_EDGE('',*,*,#4414,.T.);
#4429 = ORIENTED_EDGE('',*,*,#4430,.T.);
#4430 = EDGE_CURVE('',#4407,#4431,#4433,.T.);
#4431 = VERTEX_POINT('',#4432);
#4432 = CARTESIAN_POINT('',(226.1,-165.7395923599,5.482095476573));
#4433 = LINE('',#4434,#4435);
#4434 = CARTESIAN_POINT('',(226.1,-166.9895923599,6.20378331306));
#4435 = VECTOR('',#4436,1.);
#4436 = DIRECTION('',(0.,0.866025403784,-0.5));
#4437 = ORIENTED_EDGE('',*,*,#4438,.F.);
#4438 = EDGE_CURVE('',#4287,#4431,#4439,.T.);
#4439 = LINE('',#4440,#4441);
#4440 = CARTESIAN_POINT('',(228.,-165.7395923599,5.482095476573));
#4441 = VECTOR('',#4442,1.);
#4442 = DIRECTION('',(-1.,0.,0.));
#4443 = PLANE('',#4444);
#4444 = AXIS2_PLACEMENT_3D('',#4445,#4446,#4447);
#4445 = CARTESIAN_POINT('',(228.,-166.9895923599,6.20378331306));
#4446 = DIRECTION('',(-0.,-0.5,-0.866025403784));
#4447 = DIRECTION('',(0.,0.866025403784,-0.5));
#4448 = ADVANCED_FACE('',(#4449),#4467,.T.);
#4449 = FACE_BOUND('',#4450,.T.);
#4450 = EDGE_LOOP('',(#4451,#4452,#4453,#4461));
#4451 = ORIENTED_EDGE('',*,*,#4286,.T.);
#4452 = ORIENTED_EDGE('',*,*,#4438,.T.);
#4453 = ORIENTED_EDGE('',*,*,#4454,.T.);
#4454 = EDGE_CURVE('',#4431,#4455,#4457,.T.);
#4455 = VERTEX_POINT('',#4456);
#4456 = CARTESIAN_POINT('',(226.1,-165.7395923599,4.038719803599));
#4457 = LINE('',#4458,#4459);
#4458 = CARTESIAN_POINT('',(226.1,-165.7395923599,5.482095476573));
#4459 = VECTOR('',#4460,1.);
#4460 = DIRECTION('',(0.,0.,-1.));
#4461 = ORIENTED_EDGE('',*,*,#4462,.F.);
#4462 = EDGE_CURVE('',#4279,#4455,#4463,.T.);
#4463 = LINE('',#4464,#4465);
#4464 = CARTESIAN_POINT('',(228.,-165.7395923599,4.038719803599));
#4465 = VECTOR('',#4466,1.);
#4466 = DIRECTION('',(-1.,0.,0.));
#4467 = PLANE('',#4468);
#4468 = AXIS2_PLACEMENT_3D('',#4469,#4470,#4471);
#4469 = CARTESIAN_POINT('',(228.,-165.7395923599,5.482095476573));
#4470 = DIRECTION('',(-0.,-1.,-0.));
#4471 = DIRECTION('',(0.,0.,-1.));
#4472 = ADVANCED_FACE('',(#4473),#4484,.T.);
#4473 = FACE_BOUND('',#4474,.T.);
#4474 = EDGE_LOOP('',(#4475,#4476,#4477,#4483));
#4475 = ORIENTED_EDGE('',*,*,#4278,.T.);
#4476 = ORIENTED_EDGE('',*,*,#4462,.T.);
#4477 = ORIENTED_EDGE('',*,*,#4478,.T.);
#4478 = EDGE_CURVE('',#4455,#4351,#4479,.T.);
#4479 = LINE('',#4480,#4481);
#4480 = CARTESIAN_POINT('',(226.1,-165.7395923599,4.038719803599));
#4481 = VECTOR('',#4482,1.);
#4482 = DIRECTION('',(0.,-0.866025403784,-0.5));
#4483 = ORIENTED_EDGE('',*,*,#4350,.F.);
#4484 = PLANE('',#4485);
#4485 = AXIS2_PLACEMENT_3D('',#4486,#4487,#4488);
#4486 = CARTESIAN_POINT('',(228.,-165.7395923599,4.038719803599));
#4487 = DIRECTION('',(0.,-0.5,0.866025403784));
#4488 = DIRECTION('',(0.,-0.866025403784,-0.5));
#4489 = ADVANCED_FACE('',(#4490),#4493,.T.);
#4490 = FACE_BOUND('',#4491,.T.);
#4491 = EDGE_LOOP('',(#4492));
#4492 = ORIENTED_EDGE('',*,*,#4324,.T.);
#4493 = PLANE('',#4494);
#4494 = AXIS2_PLACEMENT_3D('',#4495,#4496,#4497);
#4495 = CARTESIAN_POINT('',(216.9,-166.9895923599,4.760407640086));
#4496 = DIRECTION('',(-1.,0.,0.));
#4497 = DIRECTION('',(0.,0.,-1.));
#4498 = ADVANCED_FACE('',(#4499),#4507,.F.);
#4499 = FACE_BOUND('',#4500,.F.);
#4500 = EDGE_LOOP('',(#4501,#4502,#4503,#4504,#4505,#4506));
#4501 = ORIENTED_EDGE('',*,*,#4478,.T.);
#4502 = ORIENTED_EDGE('',*,*,#4358,.T.);
#4503 = ORIENTED_EDGE('',*,*,#4382,.T.);
#4504 = ORIENTED_EDGE('',*,*,#4406,.T.);
#4505 = ORIENTED_EDGE('',*,*,#4430,.T.);
#4506 = ORIENTED_EDGE('',*,*,#4454,.T.);
#4507 = PLANE('',#4508);
#4508 = AXIS2_PLACEMENT_3D('',#4509,#4510,#4511);
#4509 = CARTESIAN_POINT('',(226.1,-166.9895923599,4.760407640086));
#4510 = DIRECTION('',(-1.,-0.,-0.));
#4511 = DIRECTION('',(0.,0.,-1.));
#4512 = MANIFOLD_SOLID_BREP('',#4513);
#4513 = CLOSED_SHELL('',(#4514,#4547,#4567,#4626,#4651,#4682,#4706,#4730
    ,#4754,#4778,#4795,#4804));
#4514 = ADVANCED_FACE('',(#4515),#4542,.T.);
#4515 = FACE_BOUND('',#4516,.T.);
#4516 = EDGE_LOOP('',(#4517,#4526,#4534,#4541));
#4517 = ORIENTED_EDGE('',*,*,#4518,.F.);
#4518 = EDGE_CURVE('',#4519,#4519,#4521,.T.);
#4519 = VERTEX_POINT('',#4520);
#4520 = CARTESIAN_POINT('',(224.9,-179.01040764,2.010407640086));
#4521 = CIRCLE('',#4522,2.75);
#4522 = AXIS2_PLACEMENT_3D('',#4523,#4524,#4525);
#4523 = CARTESIAN_POINT('',(224.9,-179.01040764,4.760407640086));
#4524 = DIRECTION('',(-1.,0.,0.));
#4525 = DIRECTION('',(0.,0.,-1.));
#4526 = ORIENTED_EDGE('',*,*,#4527,.F.);
#4527 = EDGE_CURVE('',#4528,#4519,#4530,.T.);
#4528 = VERTEX_POINT('',#4529);
#4529 = CARTESIAN_POINT('',(227.9,-179.01040764,2.010407640086));
#4530 = LINE('',#4531,#4532);
#4531 = CARTESIAN_POINT('',(227.9,-179.01040764,2.010407640086));
#4532 = VECTOR('',#4533,1.);
#4533 = DIRECTION('',(-1.,0.,0.));
#4534 = ORIENTED_EDGE('',*,*,#4535,.T.);
#4535 = EDGE_CURVE('',#4528,#4528,#4536,.T.);
#4536 = CIRCLE('',#4537,2.75);
#4537 = AXIS2_PLACEMENT_3D('',#4538,#4539,#4540);
#4538 = CARTESIAN_POINT('',(227.9,-179.01040764,4.760407640086));
#4539 = DIRECTION('',(-1.,0.,0.));
#4540 = DIRECTION('',(0.,0.,-1.));
#4541 = ORIENTED_EDGE('',*,*,#4527,.T.);
#4542 = CYLINDRICAL_SURFACE('',#4543,2.75);
#4543 = AXIS2_PLACEMENT_3D('',#4544,#4545,#4546);
#4544 = CARTESIAN_POINT('',(227.9,-179.01040764,4.760407640086));
#4545 = DIRECTION('',(-1.,0.,0.));
#4546 = DIRECTION('',(0.,0.,-1.));
#4547 = ADVANCED_FACE('',(#4548,#4551),#4562,.T.);
#4548 = FACE_BOUND('',#4549,.T.);
#4549 = EDGE_LOOP('',(#4550));
#4550 = ORIENTED_EDGE('',*,*,#4518,.T.);
#4551 = FACE_BOUND('',#4552,.T.);
#4552 = EDGE_LOOP('',(#4553));
#4553 = ORIENTED_EDGE('',*,*,#4554,.F.);
#4554 = EDGE_CURVE('',#4555,#4555,#4557,.T.);
#4555 = VERTEX_POINT('',#4556);
#4556 = CARTESIAN_POINT('',(224.9,-179.01040764,3.260407640086));
#4557 = CIRCLE('',#4558,1.5);
#4558 = AXIS2_PLACEMENT_3D('',#4559,#4560,#4561);
#4559 = CARTESIAN_POINT('',(224.9,-179.01040764,4.760407640086));
#4560 = DIRECTION('',(-1.,0.,0.));
#4561 = DIRECTION('',(0.,0.,-1.));
#4562 = PLANE('',#4563);
#4563 = AXIS2_PLACEMENT_3D('',#4564,#4565,#4566);
#4564 = CARTESIAN_POINT('',(224.9,-179.01040764,4.760407640086));
#4565 = DIRECTION('',(-1.,0.,0.));
#4566 = DIRECTION('',(0.,0.,-1.));
#4567 = ADVANCED_FACE('',(#4568,#4571),#4621,.F.);
#4568 = FACE_BOUND('',#4569,.F.);
#4569 = EDGE_LOOP('',(#4570));
#4570 = ORIENTED_EDGE('',*,*,#4535,.T.);
#4571 = FACE_BOUND('',#4572,.F.);
#4572 = EDGE_LOOP('',(#4573,#4583,#4591,#4599,#4607,#4615));
#4573 = ORIENTED_EDGE('',*,*,#4574,.T.);
#4574 = EDGE_CURVE('',#4575,#4577,#4579,.T.);
#4575 = VERTEX_POINT('',#4576);
#4576 = CARTESIAN_POINT('',(227.9,-180.26040764,4.038719803599));
#4577 = VERTEX_POINT('',#4578);
#4578 = CARTESIAN_POINT('',(227.9,-179.01040764,3.317031967112));
#4579 = LINE('',#4580,#4581);
#4580 = CARTESIAN_POINT('',(227.9,-179.32290764,3.497453926233));
#4581 = VECTOR('',#4582,1.);
#4582 = DIRECTION('',(0.,0.866025403784,-0.5));
#4583 = ORIENTED_EDGE('',*,*,#4584,.T.);
#4584 = EDGE_CURVE('',#4577,#4585,#4587,.T.);
#4585 = VERTEX_POINT('',#4586);
#4586 = CARTESIAN_POINT('',(227.9,-177.76040764,4.038719803599));
#4587 = LINE('',#4588,#4589);
#4588 = CARTESIAN_POINT('',(227.9,-178.07290764,3.858297844477));
#4589 = VECTOR('',#4590,1.);
#4590 = DIRECTION('',(0.,0.866025403784,0.5));
#4591 = ORIENTED_EDGE('',*,*,#4592,.T.);
#4592 = EDGE_CURVE('',#4585,#4593,#4595,.T.);
#4593 = VERTEX_POINT('',#4594);
#4594 = CARTESIAN_POINT('',(227.9,-177.76040764,5.482095476573));
#4595 = LINE('',#4596,#4597);
#4596 = CARTESIAN_POINT('',(227.9,-177.76040764,5.121251558329));
#4597 = VECTOR('',#4598,1.);
#4598 = DIRECTION('',(0.,-0.,1.));
#4599 = ORIENTED_EDGE('',*,*,#4600,.T.);
#4600 = EDGE_CURVE('',#4593,#4601,#4603,.T.);
#4601 = VERTEX_POINT('',#4602);
#4602 = CARTESIAN_POINT('',(227.9,-179.01040764,6.20378331306));
#4603 = LINE('',#4604,#4605);
#4604 = CARTESIAN_POINT('',(227.9,-178.69790764,6.023361353938));
#4605 = VECTOR('',#4606,1.);
#4606 = DIRECTION('',(0.,-0.866025403784,0.5));
#4607 = ORIENTED_EDGE('',*,*,#4608,.T.);
#4608 = EDGE_CURVE('',#4601,#4609,#4611,.T.);
#4609 = VERTEX_POINT('',#4610);
#4610 = CARTESIAN_POINT('',(227.9,-180.26040764,5.482095476573));
#4611 = LINE('',#4612,#4613);
#4612 = CARTESIAN_POINT('',(227.9,-179.94790764,5.662517435694));
#4613 = VECTOR('',#4614,1.);
#4614 = DIRECTION('',(-0.,-0.866025403784,-0.5));
#4615 = ORIENTED_EDGE('',*,*,#4616,.T.);
#4616 = EDGE_CURVE('',#4609,#4575,#4617,.T.);
#4617 = LINE('',#4618,#4619);
#4618 = CARTESIAN_POINT('',(227.9,-180.26040764,4.399563721842));
#4619 = VECTOR('',#4620,1.);
#4620 = DIRECTION('',(-0.,0.,-1.));
#4621 = PLANE('',#4622);
#4622 = AXIS2_PLACEMENT_3D('',#4623,#4624,#4625);
#4623 = CARTESIAN_POINT('',(227.9,-179.01040764,4.760407640086));
#4624 = DIRECTION('',(-1.,0.,0.));
#4625 = DIRECTION('',(0.,0.,-1.));
#4626 = ADVANCED_FACE('',(#4627),#4646,.T.);
#4627 = FACE_BOUND('',#4628,.T.);
#4628 = EDGE_LOOP('',(#4629,#4638,#4644,#4645));
#4629 = ORIENTED_EDGE('',*,*,#4630,.F.);
#4630 = EDGE_CURVE('',#4631,#4631,#4633,.T.);
#4631 = VERTEX_POINT('',#4632);
#4632 = CARTESIAN_POINT('',(216.9,-179.01040764,3.260407640086));
#4633 = CIRCLE('',#4634,1.5);
#4634 = AXIS2_PLACEMENT_3D('',#4635,#4636,#4637);
#4635 = CARTESIAN_POINT('',(216.9,-179.01040764,4.760407640086));
#4636 = DIRECTION('',(-1.,0.,0.));
#4637 = DIRECTION('',(0.,0.,-1.));
#4638 = ORIENTED_EDGE('',*,*,#4639,.F.);
#4639 = EDGE_CURVE('',#4555,#4631,#4640,.T.);
#4640 = LINE('',#4641,#4642);
#4641 = CARTESIAN_POINT('',(224.9,-179.01040764,3.260407640086));
#4642 = VECTOR('',#4643,1.);
#4643 = DIRECTION('',(-1.,0.,0.));
#4644 = ORIENTED_EDGE('',*,*,#4554,.T.);
#4645 = ORIENTED_EDGE('',*,*,#4639,.T.);
#4646 = CYLINDRICAL_SURFACE('',#4647,1.5);
#4647 = AXIS2_PLACEMENT_3D('',#4648,#4649,#4650);
#4648 = CARTESIAN_POINT('',(224.9,-179.01040764,4.760407640086));
#4649 = DIRECTION('',(-1.,0.,0.));
#4650 = DIRECTION('',(0.,0.,-1.));
#4651 = ADVANCED_FACE('',(#4652),#4677,.T.);
#4652 = FACE_BOUND('',#4653,.T.);
#4653 = EDGE_LOOP('',(#4654,#4655,#4663,#4671));
#4654 = ORIENTED_EDGE('',*,*,#4574,.T.);
#4655 = ORIENTED_EDGE('',*,*,#4656,.T.);
#4656 = EDGE_CURVE('',#4577,#4657,#4659,.T.);
#4657 = VERTEX_POINT('',#4658);
#4658 = CARTESIAN_POINT('',(226.1,-179.01040764,3.317031967112));
#4659 = LINE('',#4660,#4661);
#4660 = CARTESIAN_POINT('',(228.,-179.01040764,3.317031967112));
#4661 = VECTOR('',#4662,1.);
#4662 = DIRECTION('',(-1.,0.,0.));
#4663 = ORIENTED_EDGE('',*,*,#4664,.T.);
#4664 = EDGE_CURVE('',#4657,#4665,#4667,.T.);
#4665 = VERTEX_POINT('',#4666);
#4666 = CARTESIAN_POINT('',(226.1,-180.26040764,4.038719803599));
#4667 = LINE('',#4668,#4669);
#4668 = CARTESIAN_POINT('',(226.1,-179.01040764,3.317031967112));
#4669 = VECTOR('',#4670,1.);
#4670 = DIRECTION('',(0.,-0.866025403784,0.5));
#4671 = ORIENTED_EDGE('',*,*,#4672,.F.);
#4672 = EDGE_CURVE('',#4575,#4665,#4673,.T.);
#4673 = LINE('',#4674,#4675);
#4674 = CARTESIAN_POINT('',(228.,-180.26040764,4.038719803599));
#4675 = VECTOR('',#4676,1.);
#4676 = DIRECTION('',(-1.,0.,0.));
#4677 = PLANE('',#4678);
#4678 = AXIS2_PLACEMENT_3D('',#4679,#4680,#4681);
#4679 = CARTESIAN_POINT('',(228.,-179.01040764,3.317031967112));
#4680 = DIRECTION('',(0.,0.5,0.866025403784));
#4681 = DIRECTION('',(0.,-0.866025403784,0.5));
#4682 = ADVANCED_FACE('',(#4683),#4701,.T.);
#4683 = FACE_BOUND('',#4684,.T.);
#4684 = EDGE_LOOP('',(#4685,#4686,#4687,#4695));
#4685 = ORIENTED_EDGE('',*,*,#4616,.T.);
#4686 = ORIENTED_EDGE('',*,*,#4672,.T.);
#4687 = ORIENTED_EDGE('',*,*,#4688,.T.);
#4688 = EDGE_CURVE('',#4665,#4689,#4691,.T.);
#4689 = VERTEX_POINT('',#4690);
#4690 = CARTESIAN_POINT('',(226.1,-180.26040764,5.482095476573));
#4691 = LINE('',#4692,#4693);
#4692 = CARTESIAN_POINT('',(226.1,-180.26040764,4.038719803599));
#4693 = VECTOR('',#4694,1.);
#4694 = DIRECTION('',(0.,0.,1.));
#4695 = ORIENTED_EDGE('',*,*,#4696,.F.);
#4696 = EDGE_CURVE('',#4609,#4689,#4697,.T.);
#4697 = LINE('',#4698,#4699);
#4698 = CARTESIAN_POINT('',(228.,-180.26040764,5.482095476573));
#4699 = VECTOR('',#4700,1.);
#4700 = DIRECTION('',(-1.,0.,0.));
#4701 = PLANE('',#4702);
#4702 = AXIS2_PLACEMENT_3D('',#4703,#4704,#4705);
#4703 = CARTESIAN_POINT('',(228.,-180.26040764,4.038719803599));
#4704 = DIRECTION('',(0.,1.,-0.));
#4705 = DIRECTION('',(0.,0.,1.));
#4706 = ADVANCED_FACE('',(#4707),#4725,.T.);
#4707 = FACE_BOUND('',#4708,.T.);
#4708 = EDGE_LOOP('',(#4709,#4710,#4711,#4719));
#4709 = ORIENTED_EDGE('',*,*,#4608,.T.);
#4710 = ORIENTED_EDGE('',*,*,#4696,.T.);
#4711 = ORIENTED_EDGE('',*,*,#4712,.T.);
#4712 = EDGE_CURVE('',#4689,#4713,#4715,.T.);
#4713 = VERTEX_POINT('',#4714);
#4714 = CARTESIAN_POINT('',(226.1,-179.01040764,6.20378331306));
#4715 = LINE('',#4716,#4717);
#4716 = CARTESIAN_POINT('',(226.1,-180.26040764,5.482095476573));
#4717 = VECTOR('',#4718,1.);
#4718 = DIRECTION('',(0.,0.866025403784,0.5));
#4719 = ORIENTED_EDGE('',*,*,#4720,.F.);
#4720 = EDGE_CURVE('',#4601,#4713,#4721,.T.);
#4721 = LINE('',#4722,#4723);
#4722 = CARTESIAN_POINT('',(228.,-179.01040764,6.20378331306));
#4723 = VECTOR('',#4724,1.);
#4724 = DIRECTION('',(-1.,0.,0.));
#4725 = PLANE('',#4726);
#4726 = AXIS2_PLACEMENT_3D('',#4727,#4728,#4729);
#4727 = CARTESIAN_POINT('',(228.,-180.26040764,5.482095476573));
#4728 = DIRECTION('',(0.,0.5,-0.866025403784));
#4729 = DIRECTION('',(0.,0.866025403784,0.5));
#4730 = ADVANCED_FACE('',(#4731),#4749,.T.);
#4731 = FACE_BOUND('',#4732,.T.);
#4732 = EDGE_LOOP('',(#4733,#4734,#4735,#4743));
#4733 = ORIENTED_EDGE('',*,*,#4600,.T.);
#4734 = ORIENTED_EDGE('',*,*,#4720,.T.);
#4735 = ORIENTED_EDGE('',*,*,#4736,.T.);
#4736 = EDGE_CURVE('',#4713,#4737,#4739,.T.);
#4737 = VERTEX_POINT('',#4738);
#4738 = CARTESIAN_POINT('',(226.1,-177.76040764,5.482095476573));
#4739 = LINE('',#4740,#4741);
#4740 = CARTESIAN_POINT('',(226.1,-179.01040764,6.20378331306));
#4741 = VECTOR('',#4742,1.);
#4742 = DIRECTION('',(0.,0.866025403784,-0.5));
#4743 = ORIENTED_EDGE('',*,*,#4744,.F.);
#4744 = EDGE_CURVE('',#4593,#4737,#4745,.T.);
#4745 = LINE('',#4746,#4747);
#4746 = CARTESIAN_POINT('',(228.,-177.76040764,5.482095476573));
#4747 = VECTOR('',#4748,1.);
#4748 = DIRECTION('',(-1.,0.,0.));
#4749 = PLANE('',#4750);
#4750 = AXIS2_PLACEMENT_3D('',#4751,#4752,#4753);
#4751 = CARTESIAN_POINT('',(228.,-179.01040764,6.20378331306));
#4752 = DIRECTION('',(-0.,-0.5,-0.866025403784));
#4753 = DIRECTION('',(0.,0.866025403784,-0.5));
#4754 = ADVANCED_FACE('',(#4755),#4773,.T.);
#4755 = FACE_BOUND('',#4756,.T.);
#4756 = EDGE_LOOP('',(#4757,#4758,#4759,#4767));
#4757 = ORIENTED_EDGE('',*,*,#4592,.T.);
#4758 = ORIENTED_EDGE('',*,*,#4744,.T.);
#4759 = ORIENTED_EDGE('',*,*,#4760,.T.);
#4760 = EDGE_CURVE('',#4737,#4761,#4763,.T.);
#4761 = VERTEX_POINT('',#4762);
#4762 = CARTESIAN_POINT('',(226.1,-177.76040764,4.038719803599));
#4763 = LINE('',#4764,#4765);
#4764 = CARTESIAN_POINT('',(226.1,-177.76040764,5.482095476573));
#4765 = VECTOR('',#4766,1.);
#4766 = DIRECTION('',(0.,0.,-1.));
#4767 = ORIENTED_EDGE('',*,*,#4768,.F.);
#4768 = EDGE_CURVE('',#4585,#4761,#4769,.T.);
#4769 = LINE('',#4770,#4771);
#4770 = CARTESIAN_POINT('',(228.,-177.76040764,4.038719803599));
#4771 = VECTOR('',#4772,1.);
#4772 = DIRECTION('',(-1.,0.,0.));
#4773 = PLANE('',#4774);
#4774 = AXIS2_PLACEMENT_3D('',#4775,#4776,#4777);
#4775 = CARTESIAN_POINT('',(228.,-177.76040764,5.482095476573));
#4776 = DIRECTION('',(-0.,-1.,-0.));
#4777 = DIRECTION('',(0.,0.,-1.));
#4778 = ADVANCED_FACE('',(#4779),#4790,.T.);
#4779 = FACE_BOUND('',#4780,.T.);
#4780 = EDGE_LOOP('',(#4781,#4782,#4783,#4789));
#4781 = ORIENTED_EDGE('',*,*,#4584,.T.);
#4782 = ORIENTED_EDGE('',*,*,#4768,.T.);
#4783 = ORIENTED_EDGE('',*,*,#4784,.T.);
#4784 = EDGE_CURVE('',#4761,#4657,#4785,.T.);
#4785 = LINE('',#4786,#4787);
#4786 = CARTESIAN_POINT('',(226.1,-177.76040764,4.038719803599));
#4787 = VECTOR('',#4788,1.);
#4788 = DIRECTION('',(0.,-0.866025403784,-0.5));
#4789 = ORIENTED_EDGE('',*,*,#4656,.F.);
#4790 = PLANE('',#4791);
#4791 = AXIS2_PLACEMENT_3D('',#4792,#4793,#4794);
#4792 = CARTESIAN_POINT('',(228.,-177.76040764,4.038719803599));
#4793 = DIRECTION('',(0.,-0.5,0.866025403784));
#4794 = DIRECTION('',(0.,-0.866025403784,-0.5));
#4795 = ADVANCED_FACE('',(#4796),#4799,.T.);
#4796 = FACE_BOUND('',#4797,.T.);
#4797 = EDGE_LOOP('',(#4798));
#4798 = ORIENTED_EDGE('',*,*,#4630,.T.);
#4799 = PLANE('',#4800);
#4800 = AXIS2_PLACEMENT_3D('',#4801,#4802,#4803);
#4801 = CARTESIAN_POINT('',(216.9,-179.01040764,4.760407640086));
#4802 = DIRECTION('',(-1.,0.,0.));
#4803 = DIRECTION('',(0.,0.,-1.));
#4804 = ADVANCED_FACE('',(#4805),#4813,.F.);
#4805 = FACE_BOUND('',#4806,.F.);
#4806 = EDGE_LOOP('',(#4807,#4808,#4809,#4810,#4811,#4812));
#4807 = ORIENTED_EDGE('',*,*,#4784,.T.);
#4808 = ORIENTED_EDGE('',*,*,#4664,.T.);
#4809 = ORIENTED_EDGE('',*,*,#4688,.T.);
#4810 = ORIENTED_EDGE('',*,*,#4712,.T.);
#4811 = ORIENTED_EDGE('',*,*,#4736,.T.);
#4812 = ORIENTED_EDGE('',*,*,#4760,.T.);
#4813 = PLANE('',#4814);
#4814 = AXIS2_PLACEMENT_3D('',#4815,#4816,#4817);
#4815 = CARTESIAN_POINT('',(226.1,-179.01040764,4.760407640086));
#4816 = DIRECTION('',(-1.,-0.,-0.));
#4817 = DIRECTION('',(0.,0.,-1.));
#4818 = MANIFOLD_SOLID_BREP('',#4819);
#4819 = CLOSED_SHELL('',(#4820,#4853,#4873,#4932,#4957,#4988,#5012,#5036
    ,#5060,#5084,#5101,#5110));
#4820 = ADVANCED_FACE('',(#4821),#4848,.T.);
#4821 = FACE_BOUND('',#4822,.T.);
#4822 = EDGE_LOOP('',(#4823,#4832,#4840,#4847));
#4823 = ORIENTED_EDGE('',*,*,#4824,.F.);
#4824 = EDGE_CURVE('',#4825,#4825,#4827,.T.);
#4825 = VERTEX_POINT('',#4826);
#4826 = CARTESIAN_POINT('',(224.9,-179.01040764,-10.01040764008));
#4827 = CIRCLE('',#4828,2.75);
#4828 = AXIS2_PLACEMENT_3D('',#4829,#4830,#4831);
#4829 = CARTESIAN_POINT('',(224.9,-179.01040764,-7.260407640086));
#4830 = DIRECTION('',(-1.,0.,0.));
#4831 = DIRECTION('',(0.,0.,-1.));
#4832 = ORIENTED_EDGE('',*,*,#4833,.F.);
#4833 = EDGE_CURVE('',#4834,#4825,#4836,.T.);
#4834 = VERTEX_POINT('',#4835);
#4835 = CARTESIAN_POINT('',(227.9,-179.01040764,-10.01040764008));
#4836 = LINE('',#4837,#4838);
#4837 = CARTESIAN_POINT('',(227.9,-179.01040764,-10.01040764008));
#4838 = VECTOR('',#4839,1.);
#4839 = DIRECTION('',(-1.,0.,0.));
#4840 = ORIENTED_EDGE('',*,*,#4841,.T.);
#4841 = EDGE_CURVE('',#4834,#4834,#4842,.T.);
#4842 = CIRCLE('',#4843,2.75);
#4843 = AXIS2_PLACEMENT_3D('',#4844,#4845,#4846);
#4844 = CARTESIAN_POINT('',(227.9,-179.01040764,-7.260407640086));
#4845 = DIRECTION('',(-1.,0.,0.));
#4846 = DIRECTION('',(0.,0.,-1.));
#4847 = ORIENTED_EDGE('',*,*,#4833,.T.);
#4848 = CYLINDRICAL_SURFACE('',#4849,2.75);
#4849 = AXIS2_PLACEMENT_3D('',#4850,#4851,#4852);
#4850 = CARTESIAN_POINT('',(227.9,-179.01040764,-7.260407640086));
#4851 = DIRECTION('',(-1.,0.,0.));
#4852 = DIRECTION('',(0.,0.,-1.));
#4853 = ADVANCED_FACE('',(#4854,#4857),#4868,.T.);
#4854 = FACE_BOUND('',#4855,.T.);
#4855 = EDGE_LOOP('',(#4856));
#4856 = ORIENTED_EDGE('',*,*,#4824,.T.);
#4857 = FACE_BOUND('',#4858,.T.);
#4858 = EDGE_LOOP('',(#4859));
#4859 = ORIENTED_EDGE('',*,*,#4860,.F.);
#4860 = EDGE_CURVE('',#4861,#4861,#4863,.T.);
#4861 = VERTEX_POINT('',#4862);
#4862 = CARTESIAN_POINT('',(224.9,-179.01040764,-8.760407640086));
#4863 = CIRCLE('',#4864,1.5);
#4864 = AXIS2_PLACEMENT_3D('',#4865,#4866,#4867);
#4865 = CARTESIAN_POINT('',(224.9,-179.01040764,-7.260407640086));
#4866 = DIRECTION('',(-1.,0.,0.));
#4867 = DIRECTION('',(0.,0.,-1.));
#4868 = PLANE('',#4869);
#4869 = AXIS2_PLACEMENT_3D('',#4870,#4871,#4872);
#4870 = CARTESIAN_POINT('',(224.9,-179.01040764,-7.260407640086));
#4871 = DIRECTION('',(-1.,0.,0.));
#4872 = DIRECTION('',(0.,0.,-1.));
#4873 = ADVANCED_FACE('',(#4874,#4877),#4927,.F.);
#4874 = FACE_BOUND('',#4875,.F.);
#4875 = EDGE_LOOP('',(#4876));
#4876 = ORIENTED_EDGE('',*,*,#4841,.T.);
#4877 = FACE_BOUND('',#4878,.F.);
#4878 = EDGE_LOOP('',(#4879,#4889,#4897,#4905,#4913,#4921));
#4879 = ORIENTED_EDGE('',*,*,#4880,.T.);
#4880 = EDGE_CURVE('',#4881,#4883,#4885,.T.);
#4881 = VERTEX_POINT('',#4882);
#4882 = CARTESIAN_POINT('',(227.9,-180.26040764,-7.982095476573));
#4883 = VERTEX_POINT('',#4884);
#4884 = CARTESIAN_POINT('',(227.9,-179.01040764,-8.70378331306));
#4885 = LINE('',#4886,#4887);
#4886 = CARTESIAN_POINT('',(227.9,-179.32290764,-8.523361353938));
#4887 = VECTOR('',#4888,1.);
#4888 = DIRECTION('',(0.,0.866025403784,-0.5));
#4889 = ORIENTED_EDGE('',*,*,#4890,.T.);
#4890 = EDGE_CURVE('',#4883,#4891,#4893,.T.);
#4891 = VERTEX_POINT('',#4892);
#4892 = CARTESIAN_POINT('',(227.9,-177.76040764,-7.982095476573));
#4893 = LINE('',#4894,#4895);
#4894 = CARTESIAN_POINT('',(227.9,-178.07290764,-8.162517435694));
#4895 = VECTOR('',#4896,1.);
#4896 = DIRECTION('',(0.,0.866025403784,0.5));
#4897 = ORIENTED_EDGE('',*,*,#4898,.T.);
#4898 = EDGE_CURVE('',#4891,#4899,#4901,.T.);
#4899 = VERTEX_POINT('',#4900);
#4900 = CARTESIAN_POINT('',(227.9,-177.76040764,-6.538719803599));
#4901 = LINE('',#4902,#4903);
#4902 = CARTESIAN_POINT('',(227.9,-177.76040764,-6.899563721842));
#4903 = VECTOR('',#4904,1.);
#4904 = DIRECTION('',(0.,-0.,1.));
#4905 = ORIENTED_EDGE('',*,*,#4906,.T.);
#4906 = EDGE_CURVE('',#4899,#4907,#4909,.T.);
#4907 = VERTEX_POINT('',#4908);
#4908 = CARTESIAN_POINT('',(227.9,-179.01040764,-5.817031967112));
#4909 = LINE('',#4910,#4911);
#4910 = CARTESIAN_POINT('',(227.9,-178.69790764,-5.997453926233));
#4911 = VECTOR('',#4912,1.);
#4912 = DIRECTION('',(0.,-0.866025403784,0.5));
#4913 = ORIENTED_EDGE('',*,*,#4914,.T.);
#4914 = EDGE_CURVE('',#4907,#4915,#4917,.T.);
#4915 = VERTEX_POINT('',#4916);
#4916 = CARTESIAN_POINT('',(227.9,-180.26040764,-6.538719803599));
#4917 = LINE('',#4918,#4919);
#4918 = CARTESIAN_POINT('',(227.9,-179.94790764,-6.358297844477));
#4919 = VECTOR('',#4920,1.);
#4920 = DIRECTION('',(-0.,-0.866025403784,-0.5));
#4921 = ORIENTED_EDGE('',*,*,#4922,.T.);
#4922 = EDGE_CURVE('',#4915,#4881,#4923,.T.);
#4923 = LINE('',#4924,#4925);
#4924 = CARTESIAN_POINT('',(227.9,-180.26040764,-7.621251558329));
#4925 = VECTOR('',#4926,1.);
#4926 = DIRECTION('',(-0.,0.,-1.));
#4927 = PLANE('',#4928);
#4928 = AXIS2_PLACEMENT_3D('',#4929,#4930,#4931);
#4929 = CARTESIAN_POINT('',(227.9,-179.01040764,-7.260407640086));
#4930 = DIRECTION('',(-1.,0.,0.));
#4931 = DIRECTION('',(0.,0.,-1.));
#4932 = ADVANCED_FACE('',(#4933),#4952,.T.);
#4933 = FACE_BOUND('',#4934,.T.);
#4934 = EDGE_LOOP('',(#4935,#4944,#4950,#4951));
#4935 = ORIENTED_EDGE('',*,*,#4936,.F.);
#4936 = EDGE_CURVE('',#4937,#4937,#4939,.T.);
#4937 = VERTEX_POINT('',#4938);
#4938 = CARTESIAN_POINT('',(216.9,-179.01040764,-8.760407640086));
#4939 = CIRCLE('',#4940,1.5);
#4940 = AXIS2_PLACEMENT_3D('',#4941,#4942,#4943);
#4941 = CARTESIAN_POINT('',(216.9,-179.01040764,-7.260407640086));
#4942 = DIRECTION('',(-1.,0.,0.));
#4943 = DIRECTION('',(0.,0.,-1.));
#4944 = ORIENTED_EDGE('',*,*,#4945,.F.);
#4945 = EDGE_CURVE('',#4861,#4937,#4946,.T.);
#4946 = LINE('',#4947,#4948);
#4947 = CARTESIAN_POINT('',(224.9,-179.01040764,-8.760407640086));
#4948 = VECTOR('',#4949,1.);
#4949 = DIRECTION('',(-1.,0.,0.));
#4950 = ORIENTED_EDGE('',*,*,#4860,.T.);
#4951 = ORIENTED_EDGE('',*,*,#4945,.T.);
#4952 = CYLINDRICAL_SURFACE('',#4953,1.5);
#4953 = AXIS2_PLACEMENT_3D('',#4954,#4955,#4956);
#4954 = CARTESIAN_POINT('',(224.9,-179.01040764,-7.260407640086));
#4955 = DIRECTION('',(-1.,0.,0.));
#4956 = DIRECTION('',(0.,0.,-1.));
#4957 = ADVANCED_FACE('',(#4958),#4983,.T.);
#4958 = FACE_BOUND('',#4959,.T.);
#4959 = EDGE_LOOP('',(#4960,#4961,#4969,#4977));
#4960 = ORIENTED_EDGE('',*,*,#4880,.T.);
#4961 = ORIENTED_EDGE('',*,*,#4962,.T.);
#4962 = EDGE_CURVE('',#4883,#4963,#4965,.T.);
#4963 = VERTEX_POINT('',#4964);
#4964 = CARTESIAN_POINT('',(226.1,-179.01040764,-8.70378331306));
#4965 = LINE('',#4966,#4967);
#4966 = CARTESIAN_POINT('',(228.,-179.01040764,-8.70378331306));
#4967 = VECTOR('',#4968,1.);
#4968 = DIRECTION('',(-1.,0.,0.));
#4969 = ORIENTED_EDGE('',*,*,#4970,.T.);
#4970 = EDGE_CURVE('',#4963,#4971,#4973,.T.);
#4971 = VERTEX_POINT('',#4972);
#4972 = CARTESIAN_POINT('',(226.1,-180.26040764,-7.982095476573));
#4973 = LINE('',#4974,#4975);
#4974 = CARTESIAN_POINT('',(226.1,-179.01040764,-8.70378331306));
#4975 = VECTOR('',#4976,1.);
#4976 = DIRECTION('',(0.,-0.866025403784,0.5));
#4977 = ORIENTED_EDGE('',*,*,#4978,.F.);
#4978 = EDGE_CURVE('',#4881,#4971,#4979,.T.);
#4979 = LINE('',#4980,#4981);
#4980 = CARTESIAN_POINT('',(228.,-180.26040764,-7.982095476573));
#4981 = VECTOR('',#4982,1.);
#4982 = DIRECTION('',(-1.,0.,0.));
#4983 = PLANE('',#4984);
#4984 = AXIS2_PLACEMENT_3D('',#4985,#4986,#4987);
#4985 = CARTESIAN_POINT('',(228.,-179.01040764,-8.70378331306));
#4986 = DIRECTION('',(0.,0.5,0.866025403784));
#4987 = DIRECTION('',(0.,-0.866025403784,0.5));
#4988 = ADVANCED_FACE('',(#4989),#5007,.T.);
#4989 = FACE_BOUND('',#4990,.T.);
#4990 = EDGE_LOOP('',(#4991,#4992,#4993,#5001));
#4991 = ORIENTED_EDGE('',*,*,#4922,.T.);
#4992 = ORIENTED_EDGE('',*,*,#4978,.T.);
#4993 = ORIENTED_EDGE('',*,*,#4994,.T.);
#4994 = EDGE_CURVE('',#4971,#4995,#4997,.T.);
#4995 = VERTEX_POINT('',#4996);
#4996 = CARTESIAN_POINT('',(226.1,-180.26040764,-6.538719803599));
#4997 = LINE('',#4998,#4999);
#4998 = CARTESIAN_POINT('',(226.1,-180.26040764,-7.982095476573));
#4999 = VECTOR('',#5000,1.);
#5000 = DIRECTION('',(0.,0.,1.));
#5001 = ORIENTED_EDGE('',*,*,#5002,.F.);
#5002 = EDGE_CURVE('',#4915,#4995,#5003,.T.);
#5003 = LINE('',#5004,#5005);
#5004 = CARTESIAN_POINT('',(228.,-180.26040764,-6.538719803599));
#5005 = VECTOR('',#5006,1.);
#5006 = DIRECTION('',(-1.,0.,0.));
#5007 = PLANE('',#5008);
#5008 = AXIS2_PLACEMENT_3D('',#5009,#5010,#5011);
#5009 = CARTESIAN_POINT('',(228.,-180.26040764,-7.982095476573));
#5010 = DIRECTION('',(0.,1.,-0.));
#5011 = DIRECTION('',(0.,0.,1.));
#5012 = ADVANCED_FACE('',(#5013),#5031,.T.);
#5013 = FACE_BOUND('',#5014,.T.);
#5014 = EDGE_LOOP('',(#5015,#5016,#5017,#5025));
#5015 = ORIENTED_EDGE('',*,*,#4914,.T.);
#5016 = ORIENTED_EDGE('',*,*,#5002,.T.);
#5017 = ORIENTED_EDGE('',*,*,#5018,.T.);
#5018 = EDGE_CURVE('',#4995,#5019,#5021,.T.);
#5019 = VERTEX_POINT('',#5020);
#5020 = CARTESIAN_POINT('',(226.1,-179.01040764,-5.817031967112));
#5021 = LINE('',#5022,#5023);
#5022 = CARTESIAN_POINT('',(226.1,-180.26040764,-6.538719803599));
#5023 = VECTOR('',#5024,1.);
#5024 = DIRECTION('',(0.,0.866025403784,0.5));
#5025 = ORIENTED_EDGE('',*,*,#5026,.F.);
#5026 = EDGE_CURVE('',#4907,#5019,#5027,.T.);
#5027 = LINE('',#5028,#5029);
#5028 = CARTESIAN_POINT('',(228.,-179.01040764,-5.817031967112));
#5029 = VECTOR('',#5030,1.);
#5030 = DIRECTION('',(-1.,0.,0.));
#5031 = PLANE('',#5032);
#5032 = AXIS2_PLACEMENT_3D('',#5033,#5034,#5035);
#5033 = CARTESIAN_POINT('',(228.,-180.26040764,-6.538719803599));
#5034 = DIRECTION('',(0.,0.5,-0.866025403784));
#5035 = DIRECTION('',(0.,0.866025403784,0.5));
#5036 = ADVANCED_FACE('',(#5037),#5055,.T.);
#5037 = FACE_BOUND('',#5038,.T.);
#5038 = EDGE_LOOP('',(#5039,#5040,#5041,#5049));
#5039 = ORIENTED_EDGE('',*,*,#4906,.T.);
#5040 = ORIENTED_EDGE('',*,*,#5026,.T.);
#5041 = ORIENTED_EDGE('',*,*,#5042,.T.);
#5042 = EDGE_CURVE('',#5019,#5043,#5045,.T.);
#5043 = VERTEX_POINT('',#5044);
#5044 = CARTESIAN_POINT('',(226.1,-177.76040764,-6.538719803599));
#5045 = LINE('',#5046,#5047);
#5046 = CARTESIAN_POINT('',(226.1,-179.01040764,-5.817031967112));
#5047 = VECTOR('',#5048,1.);
#5048 = DIRECTION('',(0.,0.866025403784,-0.5));
#5049 = ORIENTED_EDGE('',*,*,#5050,.F.);
#5050 = EDGE_CURVE('',#4899,#5043,#5051,.T.);
#5051 = LINE('',#5052,#5053);
#5052 = CARTESIAN_POINT('',(228.,-177.76040764,-6.538719803599));
#5053 = VECTOR('',#5054,1.);
#5054 = DIRECTION('',(-1.,0.,0.));
#5055 = PLANE('',#5056);
#5056 = AXIS2_PLACEMENT_3D('',#5057,#5058,#5059);
#5057 = CARTESIAN_POINT('',(228.,-179.01040764,-5.817031967112));
#5058 = DIRECTION('',(-0.,-0.5,-0.866025403784));
#5059 = DIRECTION('',(0.,0.866025403784,-0.5));
#5060 = ADVANCED_FACE('',(#5061),#5079,.T.);
#5061 = FACE_BOUND('',#5062,.T.);
#5062 = EDGE_LOOP('',(#5063,#5064,#5065,#5073));
#5063 = ORIENTED_EDGE('',*,*,#4898,.T.);
#5064 = ORIENTED_EDGE('',*,*,#5050,.T.);
#5065 = ORIENTED_EDGE('',*,*,#5066,.T.);
#5066 = EDGE_CURVE('',#5043,#5067,#5069,.T.);
#5067 = VERTEX_POINT('',#5068);
#5068 = CARTESIAN_POINT('',(226.1,-177.76040764,-7.982095476573));
#5069 = LINE('',#5070,#5071);
#5070 = CARTESIAN_POINT('',(226.1,-177.76040764,-6.538719803599));
#5071 = VECTOR('',#5072,1.);
#5072 = DIRECTION('',(0.,0.,-1.));
#5073 = ORIENTED_EDGE('',*,*,#5074,.F.);
#5074 = EDGE_CURVE('',#4891,#5067,#5075,.T.);
#5075 = LINE('',#5076,#5077);
#5076 = CARTESIAN_POINT('',(228.,-177.76040764,-7.982095476573));
#5077 = VECTOR('',#5078,1.);
#5078 = DIRECTION('',(-1.,0.,0.));
#5079 = PLANE('',#5080);
#5080 = AXIS2_PLACEMENT_3D('',#5081,#5082,#5083);
#5081 = CARTESIAN_POINT('',(228.,-177.76040764,-6.538719803599));
#5082 = DIRECTION('',(-0.,-1.,-0.));
#5083 = DIRECTION('',(0.,0.,-1.));
#5084 = ADVANCED_FACE('',(#5085),#5096,.T.);
#5085 = FACE_BOUND('',#5086,.T.);
#5086 = EDGE_LOOP('',(#5087,#5088,#5089,#5095));
#5087 = ORIENTED_EDGE('',*,*,#4890,.T.);
#5088 = ORIENTED_EDGE('',*,*,#5074,.T.);
#5089 = ORIENTED_EDGE('',*,*,#5090,.T.);
#5090 = EDGE_CURVE('',#5067,#4963,#5091,.T.);
#5091 = LINE('',#5092,#5093);
#5092 = CARTESIAN_POINT('',(226.1,-177.76040764,-7.982095476573));
#5093 = VECTOR('',#5094,1.);
#5094 = DIRECTION('',(0.,-0.866025403784,-0.5));
#5095 = ORIENTED_EDGE('',*,*,#4962,.F.);
#5096 = PLANE('',#5097);
#5097 = AXIS2_PLACEMENT_3D('',#5098,#5099,#5100);
#5098 = CARTESIAN_POINT('',(228.,-177.76040764,-7.982095476573));
#5099 = DIRECTION('',(0.,-0.5,0.866025403784));
#5100 = DIRECTION('',(0.,-0.866025403784,-0.5));
#5101 = ADVANCED_FACE('',(#5102),#5105,.T.);
#5102 = FACE_BOUND('',#5103,.T.);
#5103 = EDGE_LOOP('',(#5104));
#5104 = ORIENTED_EDGE('',*,*,#4936,.T.);
#5105 = PLANE('',#5106);
#5106 = AXIS2_PLACEMENT_3D('',#5107,#5108,#5109);
#5107 = CARTESIAN_POINT('',(216.9,-179.01040764,-7.260407640086));
#5108 = DIRECTION('',(-1.,0.,0.));
#5109 = DIRECTION('',(0.,0.,-1.));
#5110 = ADVANCED_FACE('',(#5111),#5119,.F.);
#5111 = FACE_BOUND('',#5112,.F.);
#5112 = EDGE_LOOP('',(#5113,#5114,#5115,#5116,#5117,#5118));
#5113 = ORIENTED_EDGE('',*,*,#5090,.T.);
#5114 = ORIENTED_EDGE('',*,*,#4970,.T.);
#5115 = ORIENTED_EDGE('',*,*,#4994,.T.);
#5116 = ORIENTED_EDGE('',*,*,#5018,.T.);
#5117 = ORIENTED_EDGE('',*,*,#5042,.T.);
#5118 = ORIENTED_EDGE('',*,*,#5066,.T.);
#5119 = PLANE('',#5120);
#5120 = AXIS2_PLACEMENT_3D('',#5121,#5122,#5123);
#5121 = CARTESIAN_POINT('',(226.1,-179.01040764,-7.260407640086));
#5122 = DIRECTION('',(-1.,-0.,-0.));
#5123 = DIRECTION('',(0.,0.,-1.));
#5124 = MANIFOLD_SOLID_BREP('',#5125);
#5125 = CLOSED_SHELL('',(#5126,#5166,#5197,#5297,#5321,#5352,#5376,#5400
    ,#5425,#5450,#5475,#5500,#5561,#5592,#5616,#5640,#5657,#5810,#5841,
    #5872,#5889,#5920,#5954,#6064,#6088,#6112,#6136,#6160,#6185,#6210,
    #6235,#6260,#6277,#6308,#6332,#6356,#6419,#6444,#6464,#6489,#6509,
    #6534,#6543,#6574,#6605,#6673,#6692,#6711,#6737,#6753));
#5126 = ADVANCED_FACE('',(#5127),#5161,.F.);
#5127 = FACE_BOUND('',#5128,.F.);
#5128 = EDGE_LOOP('',(#5129,#5139,#5147,#5155));
#5129 = ORIENTED_EDGE('',*,*,#5130,.F.);
#5130 = EDGE_CURVE('',#5131,#5133,#5135,.T.);
#5131 = VERTEX_POINT('',#5132);
#5132 = CARTESIAN_POINT('',(166.6,-215.,9.75));
#5133 = VERTEX_POINT('',#5134);
#5134 = CARTESIAN_POINT('',(223.7,-215.,9.75));
#5135 = LINE('',#5136,#5137);
#5136 = CARTESIAN_POINT('',(163.6,-215.,9.75));
#5137 = VECTOR('',#5138,1.);
#5138 = DIRECTION('',(1.,0.,-0.));
#5139 = ORIENTED_EDGE('',*,*,#5140,.T.);
#5140 = EDGE_CURVE('',#5131,#5141,#5143,.T.);
#5141 = VERTEX_POINT('',#5142);
#5142 = CARTESIAN_POINT('',(166.6,-238.1,9.75));
#5143 = LINE('',#5144,#5145);
#5144 = CARTESIAN_POINT('',(166.6,-253.1,9.75));
#5145 = VECTOR('',#5146,1.);
#5146 = DIRECTION('',(0.,-1.,0.));
#5147 = ORIENTED_EDGE('',*,*,#5148,.F.);
#5148 = EDGE_CURVE('',#5149,#5141,#5151,.T.);
#5149 = VERTEX_POINT('',#5150);
#5150 = CARTESIAN_POINT('',(223.7,-238.1,9.75));
#5151 = LINE('',#5152,#5153);
#5152 = CARTESIAN_POINT('',(163.6,-238.1,9.75));
#5153 = VECTOR('',#5154,1.);
#5154 = DIRECTION('',(-1.,-0.,0.));
#5155 = ORIENTED_EDGE('',*,*,#5156,.F.);
#5156 = EDGE_CURVE('',#5133,#5149,#5157,.T.);
#5157 = LINE('',#5158,#5159);
#5158 = CARTESIAN_POINT('',(223.7,-253.1,9.75));
#5159 = VECTOR('',#5160,1.);
#5160 = DIRECTION('',(0.,-1.,0.));
#5161 = PLANE('',#5162);
#5162 = AXIS2_PLACEMENT_3D('',#5163,#5164,#5165);
#5163 = CARTESIAN_POINT('',(163.6,-253.1,9.75));
#5164 = DIRECTION('',(0.,0.,1.));
#5165 = DIRECTION('',(1.,0.,-0.));
#5166 = ADVANCED_FACE('',(#5167),#5192,.F.);
#5167 = FACE_BOUND('',#5168,.F.);
#5168 = EDGE_LOOP('',(#5169,#5177,#5178,#5186));
#5169 = ORIENTED_EDGE('',*,*,#5170,.F.);
#5170 = EDGE_CURVE('',#5133,#5171,#5173,.T.);
#5171 = VERTEX_POINT('',#5172);
#5172 = CARTESIAN_POINT('',(223.7,-215.,-15.25));
#5173 = LINE('',#5174,#5175);
#5174 = CARTESIAN_POINT('',(223.7,-215.,-15.25));
#5175 = VECTOR('',#5176,1.);
#5176 = DIRECTION('',(-0.,0.,-1.));
#5177 = ORIENTED_EDGE('',*,*,#5156,.T.);
#5178 = ORIENTED_EDGE('',*,*,#5179,.F.);
#5179 = EDGE_CURVE('',#5180,#5149,#5182,.T.);
#5180 = VERTEX_POINT('',#5181);
#5181 = CARTESIAN_POINT('',(223.7,-238.1,-15.25));
#5182 = LINE('',#5183,#5184);
#5183 = CARTESIAN_POINT('',(223.7,-238.1,-15.25));
#5184 = VECTOR('',#5185,1.);
#5185 = DIRECTION('',(0.,0.,1.));
#5186 = ORIENTED_EDGE('',*,*,#5187,.T.);
#5187 = EDGE_CURVE('',#5180,#5171,#5188,.T.);
#5188 = LINE('',#5189,#5190);
#5189 = CARTESIAN_POINT('',(223.7,-253.1,-15.25));
#5190 = VECTOR('',#5191,1.);
#5191 = DIRECTION('',(-0.,1.,0.));
#5192 = PLANE('',#5193);
#5193 = AXIS2_PLACEMENT_3D('',#5194,#5195,#5196);
#5194 = CARTESIAN_POINT('',(223.7,-253.1,-15.25));
#5195 = DIRECTION('',(1.,0.,-0.));
#5196 = DIRECTION('',(0.,0.,1.));
#5197 = ADVANCED_FACE('',(#5198,#5248,#5259,#5270,#5281),#5292,.T.);
#5198 = FACE_BOUND('',#5199,.T.);
#5199 = EDGE_LOOP('',(#5200,#5210,#5216,#5217,#5218,#5226,#5234,#5242));
#5200 = ORIENTED_EDGE('',*,*,#5201,.F.);
#5201 = EDGE_CURVE('',#5202,#5204,#5206,.T.);
#5202 = VERTEX_POINT('',#5203);
#5203 = CARTESIAN_POINT('',(166.6,-238.1,-15.25));
#5204 = VERTEX_POINT('',#5205);
#5205 = CARTESIAN_POINT('',(174.6,-238.1,-15.25));
#5206 = LINE('',#5207,#5208);
#5207 = CARTESIAN_POINT('',(163.6,-238.1,-15.25));
#5208 = VECTOR('',#5209,1.);
#5209 = DIRECTION('',(1.,0.,-0.));
#5210 = ORIENTED_EDGE('',*,*,#5211,.T.);
#5211 = EDGE_CURVE('',#5202,#5141,#5212,.T.);
#5212 = LINE('',#5213,#5214);
#5213 = CARTESIAN_POINT('',(166.6,-238.1,-15.25));
#5214 = VECTOR('',#5215,1.);
#5215 = DIRECTION('',(0.,0.,1.));
#5216 = ORIENTED_EDGE('',*,*,#5148,.F.);
#5217 = ORIENTED_EDGE('',*,*,#5179,.F.);
#5218 = ORIENTED_EDGE('',*,*,#5219,.F.);
#5219 = EDGE_CURVE('',#5220,#5180,#5222,.T.);
#5220 = VERTEX_POINT('',#5221);
#5221 = CARTESIAN_POINT('',(215.7,-238.1,-15.25));
#5222 = LINE('',#5223,#5224);
#5223 = CARTESIAN_POINT('',(163.6,-238.1,-15.25));
#5224 = VECTOR('',#5225,1.);
#5225 = DIRECTION('',(1.,0.,-0.));
#5226 = ORIENTED_EDGE('',*,*,#5227,.F.);
#5227 = EDGE_CURVE('',#5228,#5220,#5230,.T.);
#5228 = VERTEX_POINT('',#5229);
#5229 = CARTESIAN_POINT('',(215.7,-238.1,8.8));
#5230 = LINE('',#5231,#5232);
#5231 = CARTESIAN_POINT('',(215.7,-238.1,-18.25));
#5232 = VECTOR('',#5233,1.);
#5233 = DIRECTION('',(-0.,0.,-1.));
#5234 = ORIENTED_EDGE('',*,*,#5235,.F.);
#5235 = EDGE_CURVE('',#5236,#5228,#5238,.T.);
#5236 = VERTEX_POINT('',#5237);
#5237 = CARTESIAN_POINT('',(174.6,-238.1,8.8));
#5238 = LINE('',#5239,#5240);
#5239 = CARTESIAN_POINT('',(169.1,-238.1,8.8));
#5240 = VECTOR('',#5241,1.);
#5241 = DIRECTION('',(1.,0.,-0.));
#5242 = ORIENTED_EDGE('',*,*,#5243,.T.);
#5243 = EDGE_CURVE('',#5236,#5204,#5244,.T.);
#5244 = LINE('',#5245,#5246);
#5245 = CARTESIAN_POINT('',(174.6,-238.1,-18.25));
#5246 = VECTOR('',#5247,1.);
#5247 = DIRECTION('',(-0.,0.,-1.));
#5248 = FACE_BOUND('',#5249,.T.);
#5249 = EDGE_LOOP('',(#5250));
#5250 = ORIENTED_EDGE('',*,*,#5251,.T.);
#5251 = EDGE_CURVE('',#5252,#5252,#5254,.T.);
#5252 = VERTEX_POINT('',#5253);
#5253 = CARTESIAN_POINT('',(170.4,-238.1,-8.5));
#5254 = CIRCLE('',#5255,2.25);
#5255 = AXIS2_PLACEMENT_3D('',#5256,#5257,#5258);
#5256 = CARTESIAN_POINT('',(170.4,-238.1,-6.25));
#5257 = DIRECTION('',(0.,-1.,0.));
#5258 = DIRECTION('',(0.,-0.,-1.));
#5259 = FACE_BOUND('',#5260,.T.);
#5260 = EDGE_LOOP('',(#5261));
#5261 = ORIENTED_EDGE('',*,*,#5262,.T.);
#5262 = EDGE_CURVE('',#5263,#5263,#5265,.T.);
#5263 = VERTEX_POINT('',#5264);
#5264 = CARTESIAN_POINT('',(170.4,-238.1,1.5));
#5265 = CIRCLE('',#5266,2.25);
#5266 = AXIS2_PLACEMENT_3D('',#5267,#5268,#5269);
#5267 = CARTESIAN_POINT('',(170.4,-238.1,3.75));
#5268 = DIRECTION('',(0.,-1.,0.));
#5269 = DIRECTION('',(0.,-0.,-1.));
#5270 = FACE_BOUND('',#5271,.T.);
#5271 = EDGE_LOOP('',(#5272));
#5272 = ORIENTED_EDGE('',*,*,#5273,.T.);
#5273 = EDGE_CURVE('',#5274,#5274,#5276,.T.);
#5274 = VERTEX_POINT('',#5275);
#5275 = CARTESIAN_POINT('',(219.9,-238.1,-8.5));
#5276 = CIRCLE('',#5277,2.25);
#5277 = AXIS2_PLACEMENT_3D('',#5278,#5279,#5280);
#5278 = CARTESIAN_POINT('',(219.9,-238.1,-6.25));
#5279 = DIRECTION('',(0.,-1.,0.));
#5280 = DIRECTION('',(0.,-0.,-1.));
#5281 = FACE_BOUND('',#5282,.T.);
#5282 = EDGE_LOOP('',(#5283));
#5283 = ORIENTED_EDGE('',*,*,#5284,.T.);
#5284 = EDGE_CURVE('',#5285,#5285,#5287,.T.);
#5285 = VERTEX_POINT('',#5286);
#5286 = CARTESIAN_POINT('',(219.9,-238.1,1.5));
#5287 = CIRCLE('',#5288,2.25);
#5288 = AXIS2_PLACEMENT_3D('',#5289,#5290,#5291);
#5289 = CARTESIAN_POINT('',(219.9,-238.1,3.75));
#5290 = DIRECTION('',(0.,-1.,0.));
#5291 = DIRECTION('',(0.,-0.,-1.));
#5292 = PLANE('',#5293);
#5293 = AXIS2_PLACEMENT_3D('',#5294,#5295,#5296);
#5294 = CARTESIAN_POINT('',(163.6,-238.1,-15.25));
#5295 = DIRECTION('',(-0.,1.,0.));
#5296 = DIRECTION('',(0.,0.,1.));
#5297 = ADVANCED_FACE('',(#5298),#5316,.T.);
#5298 = FACE_BOUND('',#5299,.T.);
#5299 = EDGE_LOOP('',(#5300,#5308,#5309,#5310));
#5300 = ORIENTED_EDGE('',*,*,#5301,.F.);
#5301 = EDGE_CURVE('',#5131,#5302,#5304,.T.);
#5302 = VERTEX_POINT('',#5303);
#5303 = CARTESIAN_POINT('',(166.6,-215.,-15.25));
#5304 = LINE('',#5305,#5306);
#5305 = CARTESIAN_POINT('',(166.6,-215.,-15.25));
#5306 = VECTOR('',#5307,1.);
#5307 = DIRECTION('',(-0.,0.,-1.));
#5308 = ORIENTED_EDGE('',*,*,#5140,.T.);
#5309 = ORIENTED_EDGE('',*,*,#5211,.F.);
#5310 = ORIENTED_EDGE('',*,*,#5311,.T.);
#5311 = EDGE_CURVE('',#5202,#5302,#5312,.T.);
#5312 = LINE('',#5313,#5314);
#5313 = CARTESIAN_POINT('',(166.6,-253.1,-15.25));
#5314 = VECTOR('',#5315,1.);
#5315 = DIRECTION('',(-0.,1.,0.));
#5316 = PLANE('',#5317);
#5317 = AXIS2_PLACEMENT_3D('',#5318,#5319,#5320);
#5318 = CARTESIAN_POINT('',(166.6,-253.1,-15.25));
#5319 = DIRECTION('',(1.,0.,-0.));
#5320 = DIRECTION('',(0.,0.,1.));
#5321 = ADVANCED_FACE('',(#5322),#5347,.T.);
#5322 = FACE_BOUND('',#5323,.T.);
#5323 = EDGE_LOOP('',(#5324,#5332,#5340,#5346));
#5324 = ORIENTED_EDGE('',*,*,#5325,.F.);
#5325 = EDGE_CURVE('',#5326,#5236,#5328,.T.);
#5326 = VERTEX_POINT('',#5327);
#5327 = CARTESIAN_POINT('',(174.6,-243.1,8.8));
#5328 = LINE('',#5329,#5330);
#5329 = CARTESIAN_POINT('',(174.6,-243.2,8.8));
#5330 = VECTOR('',#5331,1.);
#5331 = DIRECTION('',(-0.,1.,0.));
#5332 = ORIENTED_EDGE('',*,*,#5333,.T.);
#5333 = EDGE_CURVE('',#5326,#5334,#5336,.T.);
#5334 = VERTEX_POINT('',#5335);
#5335 = CARTESIAN_POINT('',(174.6,-243.1,-15.25));
#5336 = LINE('',#5337,#5338);
#5337 = CARTESIAN_POINT('',(174.6,-243.1,-18.25));
#5338 = VECTOR('',#5339,1.);
#5339 = DIRECTION('',(-0.,0.,-1.));
#5340 = ORIENTED_EDGE('',*,*,#5341,.T.);
#5341 = EDGE_CURVE('',#5334,#5204,#5342,.T.);
#5342 = LINE('',#5343,#5344);
#5343 = CARTESIAN_POINT('',(174.6,-243.15,-15.25));
#5344 = VECTOR('',#5345,1.);
#5345 = DIRECTION('',(-0.,1.,0.));
#5346 = ORIENTED_EDGE('',*,*,#5243,.F.);
#5347 = PLANE('',#5348);
#5348 = AXIS2_PLACEMENT_3D('',#5349,#5350,#5351);
#5349 = CARTESIAN_POINT('',(174.6,-243.2,-21.25));
#5350 = DIRECTION('',(1.,0.,-0.));
#5351 = DIRECTION('',(0.,0.,1.));
#5352 = ADVANCED_FACE('',(#5353),#5371,.F.);
#5353 = FACE_BOUND('',#5354,.F.);
#5354 = EDGE_LOOP('',(#5355,#5356,#5364,#5370));
#5355 = ORIENTED_EDGE('',*,*,#5325,.F.);
#5356 = ORIENTED_EDGE('',*,*,#5357,.T.);
#5357 = EDGE_CURVE('',#5326,#5358,#5360,.T.);
#5358 = VERTEX_POINT('',#5359);
#5359 = CARTESIAN_POINT('',(215.7,-243.1,8.8));
#5360 = LINE('',#5361,#5362);
#5361 = CARTESIAN_POINT('',(169.1,-243.1,8.8));
#5362 = VECTOR('',#5363,1.);
#5363 = DIRECTION('',(1.,0.,-0.));
#5364 = ORIENTED_EDGE('',*,*,#5365,.T.);
#5365 = EDGE_CURVE('',#5358,#5228,#5366,.T.);
#5366 = LINE('',#5367,#5368);
#5367 = CARTESIAN_POINT('',(215.7,-243.2,8.8));
#5368 = VECTOR('',#5369,1.);
#5369 = DIRECTION('',(-0.,1.,0.));
#5370 = ORIENTED_EDGE('',*,*,#5235,.F.);
#5371 = PLANE('',#5372);
#5372 = AXIS2_PLACEMENT_3D('',#5373,#5374,#5375);
#5373 = CARTESIAN_POINT('',(174.6,-243.2,8.8));
#5374 = DIRECTION('',(0.,0.,1.));
#5375 = DIRECTION('',(1.,0.,-0.));
#5376 = ADVANCED_FACE('',(#5377),#5395,.F.);
#5377 = FACE_BOUND('',#5378,.F.);
#5378 = EDGE_LOOP('',(#5379,#5380,#5388,#5394));
#5379 = ORIENTED_EDGE('',*,*,#5365,.F.);
#5380 = ORIENTED_EDGE('',*,*,#5381,.T.);
#5381 = EDGE_CURVE('',#5358,#5382,#5384,.T.);
#5382 = VERTEX_POINT('',#5383);
#5383 = CARTESIAN_POINT('',(215.7,-243.1,-15.25));
#5384 = LINE('',#5385,#5386);
#5385 = CARTESIAN_POINT('',(215.7,-243.1,-18.25));
#5386 = VECTOR('',#5387,1.);
#5387 = DIRECTION('',(-0.,0.,-1.));
#5388 = ORIENTED_EDGE('',*,*,#5389,.T.);
#5389 = EDGE_CURVE('',#5382,#5220,#5390,.T.);
#5390 = LINE('',#5391,#5392);
#5391 = CARTESIAN_POINT('',(215.7,-243.15,-15.25));
#5392 = VECTOR('',#5393,1.);
#5393 = DIRECTION('',(-0.,1.,0.));
#5394 = ORIENTED_EDGE('',*,*,#5227,.F.);
#5395 = PLANE('',#5396);
#5396 = AXIS2_PLACEMENT_3D('',#5397,#5398,#5399);
#5397 = CARTESIAN_POINT('',(215.7,-243.2,-21.25));
#5398 = DIRECTION('',(1.,0.,-0.));
#5399 = DIRECTION('',(0.,0.,1.));
#5400 = ADVANCED_FACE('',(#5401),#5420,.F.);
#5401 = FACE_BOUND('',#5402,.F.);
#5402 = EDGE_LOOP('',(#5403,#5412,#5418,#5419));
#5403 = ORIENTED_EDGE('',*,*,#5404,.F.);
#5404 = EDGE_CURVE('',#5405,#5405,#5407,.T.);
#5405 = VERTEX_POINT('',#5406);
#5406 = CARTESIAN_POINT('',(170.4,-243.1,-8.5));
#5407 = CIRCLE('',#5408,2.25);
#5408 = AXIS2_PLACEMENT_3D('',#5409,#5410,#5411);
#5409 = CARTESIAN_POINT('',(170.4,-243.1,-6.25));
#5410 = DIRECTION('',(0.,-1.,0.));
#5411 = DIRECTION('',(0.,-0.,-1.));
#5412 = ORIENTED_EDGE('',*,*,#5413,.F.);
#5413 = EDGE_CURVE('',#5252,#5405,#5414,.T.);
#5414 = LINE('',#5415,#5416);
#5415 = CARTESIAN_POINT('',(170.4,-237.1,-8.5));
#5416 = VECTOR('',#5417,1.);
#5417 = DIRECTION('',(0.,-1.,0.));
#5418 = ORIENTED_EDGE('',*,*,#5251,.T.);
#5419 = ORIENTED_EDGE('',*,*,#5413,.T.);
#5420 = CYLINDRICAL_SURFACE('',#5421,2.25);
#5421 = AXIS2_PLACEMENT_3D('',#5422,#5423,#5424);
#5422 = CARTESIAN_POINT('',(170.4,-237.1,-6.25));
#5423 = DIRECTION('',(0.,-1.,0.));
#5424 = DIRECTION('',(0.,-0.,-1.));
#5425 = ADVANCED_FACE('',(#5426),#5445,.F.);
#5426 = FACE_BOUND('',#5427,.F.);
#5427 = EDGE_LOOP('',(#5428,#5437,#5443,#5444));
#5428 = ORIENTED_EDGE('',*,*,#5429,.F.);
#5429 = EDGE_CURVE('',#5430,#5430,#5432,.T.);
#5430 = VERTEX_POINT('',#5431);
#5431 = CARTESIAN_POINT('',(170.4,-243.1,1.5));
#5432 = CIRCLE('',#5433,2.25);
#5433 = AXIS2_PLACEMENT_3D('',#5434,#5435,#5436);
#5434 = CARTESIAN_POINT('',(170.4,-243.1,3.75));
#5435 = DIRECTION('',(0.,-1.,0.));
#5436 = DIRECTION('',(0.,-0.,-1.));
#5437 = ORIENTED_EDGE('',*,*,#5438,.F.);
#5438 = EDGE_CURVE('',#5263,#5430,#5439,.T.);
#5439 = LINE('',#5440,#5441);
#5440 = CARTESIAN_POINT('',(170.4,-237.1,1.5));
#5441 = VECTOR('',#5442,1.);
#5442 = DIRECTION('',(0.,-1.,0.));
#5443 = ORIENTED_EDGE('',*,*,#5262,.T.);
#5444 = ORIENTED_EDGE('',*,*,#5438,.T.);
#5445 = CYLINDRICAL_SURFACE('',#5446,2.25);
#5446 = AXIS2_PLACEMENT_3D('',#5447,#5448,#5449);
#5447 = CARTESIAN_POINT('',(170.4,-237.1,3.75));
#5448 = DIRECTION('',(0.,-1.,0.));
#5449 = DIRECTION('',(0.,-0.,-1.));
#5450 = ADVANCED_FACE('',(#5451),#5470,.F.);
#5451 = FACE_BOUND('',#5452,.F.);
#5452 = EDGE_LOOP('',(#5453,#5462,#5468,#5469));
#5453 = ORIENTED_EDGE('',*,*,#5454,.F.);
#5454 = EDGE_CURVE('',#5455,#5455,#5457,.T.);
#5455 = VERTEX_POINT('',#5456);
#5456 = CARTESIAN_POINT('',(219.9,-243.1,-8.5));
#5457 = CIRCLE('',#5458,2.25);
#5458 = AXIS2_PLACEMENT_3D('',#5459,#5460,#5461);
#5459 = CARTESIAN_POINT('',(219.9,-243.1,-6.25));
#5460 = DIRECTION('',(0.,-1.,0.));
#5461 = DIRECTION('',(0.,-0.,-1.));
#5462 = ORIENTED_EDGE('',*,*,#5463,.F.);
#5463 = EDGE_CURVE('',#5274,#5455,#5464,.T.);
#5464 = LINE('',#5465,#5466);
#5465 = CARTESIAN_POINT('',(219.9,-237.1,-8.5));
#5466 = VECTOR('',#5467,1.);
#5467 = DIRECTION('',(0.,-1.,0.));
#5468 = ORIENTED_EDGE('',*,*,#5273,.T.);
#5469 = ORIENTED_EDGE('',*,*,#5463,.T.);
#5470 = CYLINDRICAL_SURFACE('',#5471,2.25);
#5471 = AXIS2_PLACEMENT_3D('',#5472,#5473,#5474);
#5472 = CARTESIAN_POINT('',(219.9,-237.1,-6.25));
#5473 = DIRECTION('',(0.,-1.,0.));
#5474 = DIRECTION('',(0.,-0.,-1.));
#5475 = ADVANCED_FACE('',(#5476),#5495,.F.);
#5476 = FACE_BOUND('',#5477,.F.);
#5477 = EDGE_LOOP('',(#5478,#5487,#5493,#5494));
#5478 = ORIENTED_EDGE('',*,*,#5479,.F.);
#5479 = EDGE_CURVE('',#5480,#5480,#5482,.T.);
#5480 = VERTEX_POINT('',#5481);
#5481 = CARTESIAN_POINT('',(219.9,-243.1,1.5));
#5482 = CIRCLE('',#5483,2.25);
#5483 = AXIS2_PLACEMENT_3D('',#5484,#5485,#5486);
#5484 = CARTESIAN_POINT('',(219.9,-243.1,3.75));
#5485 = DIRECTION('',(0.,-1.,0.));
#5486 = DIRECTION('',(0.,-0.,-1.));
#5487 = ORIENTED_EDGE('',*,*,#5488,.F.);
#5488 = EDGE_CURVE('',#5285,#5480,#5489,.T.);
#5489 = LINE('',#5490,#5491);
#5490 = CARTESIAN_POINT('',(219.9,-237.1,1.5));
#5491 = VECTOR('',#5492,1.);
#5492 = DIRECTION('',(0.,-1.,0.));
#5493 = ORIENTED_EDGE('',*,*,#5284,.T.);
#5494 = ORIENTED_EDGE('',*,*,#5488,.T.);
#5495 = CYLINDRICAL_SURFACE('',#5496,2.25);
#5496 = AXIS2_PLACEMENT_3D('',#5497,#5498,#5499);
#5497 = CARTESIAN_POINT('',(219.9,-237.1,3.75));
#5498 = DIRECTION('',(0.,-1.,0.));
#5499 = DIRECTION('',(0.,-0.,-1.));
#5500 = ADVANCED_FACE('',(#5501,#5544,#5547,#5550,#5553),#5556,.F.);
#5501 = FACE_BOUND('',#5502,.F.);
#5502 = EDGE_LOOP('',(#5503,#5511,#5519,#5527,#5535,#5541,#5542,#5543));
#5503 = ORIENTED_EDGE('',*,*,#5504,.F.);
#5504 = EDGE_CURVE('',#5505,#5334,#5507,.T.);
#5505 = VERTEX_POINT('',#5506);
#5506 = CARTESIAN_POINT('',(166.6,-243.1,-15.25));
#5507 = LINE('',#5508,#5509);
#5508 = CARTESIAN_POINT('',(163.6,-243.1,-15.25));
#5509 = VECTOR('',#5510,1.);
#5510 = DIRECTION('',(1.,0.,-0.));
#5511 = ORIENTED_EDGE('',*,*,#5512,.T.);
#5512 = EDGE_CURVE('',#5505,#5513,#5515,.T.);
#5513 = VERTEX_POINT('',#5514);
#5514 = CARTESIAN_POINT('',(166.6,-243.1,9.75));
#5515 = LINE('',#5516,#5517);
#5516 = CARTESIAN_POINT('',(166.6,-243.1,-15.25));
#5517 = VECTOR('',#5518,1.);
#5518 = DIRECTION('',(0.,0.,1.));
#5519 = ORIENTED_EDGE('',*,*,#5520,.F.);
#5520 = EDGE_CURVE('',#5521,#5513,#5523,.T.);
#5521 = VERTEX_POINT('',#5522);
#5522 = CARTESIAN_POINT('',(223.7,-243.1,9.75));
#5523 = LINE('',#5524,#5525);
#5524 = CARTESIAN_POINT('',(163.6,-243.1,9.75));
#5525 = VECTOR('',#5526,1.);
#5526 = DIRECTION('',(-1.,-0.,0.));
#5527 = ORIENTED_EDGE('',*,*,#5528,.F.);
#5528 = EDGE_CURVE('',#5529,#5521,#5531,.T.);
#5529 = VERTEX_POINT('',#5530);
#5530 = CARTESIAN_POINT('',(223.7,-243.1,-15.25));
#5531 = LINE('',#5532,#5533);
#5532 = CARTESIAN_POINT('',(223.7,-243.1,-15.25));
#5533 = VECTOR('',#5534,1.);
#5534 = DIRECTION('',(0.,0.,1.));
#5535 = ORIENTED_EDGE('',*,*,#5536,.F.);
#5536 = EDGE_CURVE('',#5382,#5529,#5537,.T.);
#5537 = LINE('',#5538,#5539);
#5538 = CARTESIAN_POINT('',(163.6,-243.1,-15.25));
#5539 = VECTOR('',#5540,1.);
#5540 = DIRECTION('',(1.,0.,-0.));
#5541 = ORIENTED_EDGE('',*,*,#5381,.F.);
#5542 = ORIENTED_EDGE('',*,*,#5357,.F.);
#5543 = ORIENTED_EDGE('',*,*,#5333,.T.);
#5544 = FACE_BOUND('',#5545,.F.);
#5545 = EDGE_LOOP('',(#5546));
#5546 = ORIENTED_EDGE('',*,*,#5404,.T.);
#5547 = FACE_BOUND('',#5548,.F.);
#5548 = EDGE_LOOP('',(#5549));
#5549 = ORIENTED_EDGE('',*,*,#5429,.T.);
#5550 = FACE_BOUND('',#5551,.F.);
#5551 = EDGE_LOOP('',(#5552));
#5552 = ORIENTED_EDGE('',*,*,#5454,.T.);
#5553 = FACE_BOUND('',#5554,.F.);
#5554 = EDGE_LOOP('',(#5555));
#5555 = ORIENTED_EDGE('',*,*,#5479,.T.);
#5556 = PLANE('',#5557);
#5557 = AXIS2_PLACEMENT_3D('',#5558,#5559,#5560);
#5558 = CARTESIAN_POINT('',(163.6,-243.1,-15.25));
#5559 = DIRECTION('',(-0.,1.,0.));
#5560 = DIRECTION('',(0.,0.,1.));
#5561 = ADVANCED_FACE('',(#5562),#5587,.T.);
#5562 = FACE_BOUND('',#5563,.T.);
#5563 = EDGE_LOOP('',(#5564,#5565,#5573,#5581));
#5564 = ORIENTED_EDGE('',*,*,#5512,.T.);
#5565 = ORIENTED_EDGE('',*,*,#5566,.T.);
#5566 = EDGE_CURVE('',#5513,#5567,#5569,.T.);
#5567 = VERTEX_POINT('',#5568);
#5568 = CARTESIAN_POINT('',(166.6,-253.1,9.75));
#5569 = LINE('',#5570,#5571);
#5570 = CARTESIAN_POINT('',(166.6,-253.1,9.75));
#5571 = VECTOR('',#5572,1.);
#5572 = DIRECTION('',(0.,-1.,0.));
#5573 = ORIENTED_EDGE('',*,*,#5574,.F.);
#5574 = EDGE_CURVE('',#5575,#5567,#5577,.T.);
#5575 = VERTEX_POINT('',#5576);
#5576 = CARTESIAN_POINT('',(166.6,-253.1,-15.25));
#5577 = LINE('',#5578,#5579);
#5578 = CARTESIAN_POINT('',(166.6,-253.1,-15.25));
#5579 = VECTOR('',#5580,1.);
#5580 = DIRECTION('',(0.,0.,1.));
#5581 = ORIENTED_EDGE('',*,*,#5582,.T.);
#5582 = EDGE_CURVE('',#5575,#5505,#5583,.T.);
#5583 = LINE('',#5584,#5585);
#5584 = CARTESIAN_POINT('',(166.6,-253.1,-15.25));
#5585 = VECTOR('',#5586,1.);
#5586 = DIRECTION('',(-0.,1.,0.));
#5587 = PLANE('',#5588);
#5588 = AXIS2_PLACEMENT_3D('',#5589,#5590,#5591);
#5589 = CARTESIAN_POINT('',(166.6,-253.1,-15.25));
#5590 = DIRECTION('',(1.,0.,-0.));
#5591 = DIRECTION('',(0.,0.,1.));
#5592 = ADVANCED_FACE('',(#5593),#5611,.F.);
#5593 = FACE_BOUND('',#5594,.F.);
#5594 = EDGE_LOOP('',(#5595,#5596,#5597,#5605));
#5595 = ORIENTED_EDGE('',*,*,#5520,.T.);
#5596 = ORIENTED_EDGE('',*,*,#5566,.T.);
#5597 = ORIENTED_EDGE('',*,*,#5598,.T.);
#5598 = EDGE_CURVE('',#5567,#5599,#5601,.T.);
#5599 = VERTEX_POINT('',#5600);
#5600 = CARTESIAN_POINT('',(223.7,-253.1,9.75));
#5601 = LINE('',#5602,#5603);
#5602 = CARTESIAN_POINT('',(163.6,-253.1,9.75));
#5603 = VECTOR('',#5604,1.);
#5604 = DIRECTION('',(1.,0.,-0.));
#5605 = ORIENTED_EDGE('',*,*,#5606,.F.);
#5606 = EDGE_CURVE('',#5521,#5599,#5607,.T.);
#5607 = LINE('',#5608,#5609);
#5608 = CARTESIAN_POINT('',(223.7,-253.1,9.75));
#5609 = VECTOR('',#5610,1.);
#5610 = DIRECTION('',(0.,-1.,0.));
#5611 = PLANE('',#5612);
#5612 = AXIS2_PLACEMENT_3D('',#5613,#5614,#5615);
#5613 = CARTESIAN_POINT('',(163.6,-253.1,9.75));
#5614 = DIRECTION('',(0.,0.,1.));
#5615 = DIRECTION('',(1.,0.,-0.));
#5616 = ADVANCED_FACE('',(#5617),#5635,.F.);
#5617 = FACE_BOUND('',#5618,.F.);
#5618 = EDGE_LOOP('',(#5619,#5620,#5621,#5629));
#5619 = ORIENTED_EDGE('',*,*,#5528,.T.);
#5620 = ORIENTED_EDGE('',*,*,#5606,.T.);
#5621 = ORIENTED_EDGE('',*,*,#5622,.F.);
#5622 = EDGE_CURVE('',#5623,#5599,#5625,.T.);
#5623 = VERTEX_POINT('',#5624);
#5624 = CARTESIAN_POINT('',(223.7,-253.1,-15.25));
#5625 = LINE('',#5626,#5627);
#5626 = CARTESIAN_POINT('',(223.7,-253.1,-15.25));
#5627 = VECTOR('',#5628,1.);
#5628 = DIRECTION('',(0.,0.,1.));
#5629 = ORIENTED_EDGE('',*,*,#5630,.T.);
#5630 = EDGE_CURVE('',#5623,#5529,#5631,.T.);
#5631 = LINE('',#5632,#5633);
#5632 = CARTESIAN_POINT('',(223.7,-253.1,-15.25));
#5633 = VECTOR('',#5634,1.);
#5634 = DIRECTION('',(-0.,1.,0.));
#5635 = PLANE('',#5636);
#5636 = AXIS2_PLACEMENT_3D('',#5637,#5638,#5639);
#5637 = CARTESIAN_POINT('',(223.7,-253.1,-15.25));
#5638 = DIRECTION('',(1.,0.,-0.));
#5639 = DIRECTION('',(0.,0.,1.));
#5640 = ADVANCED_FACE('',(#5641),#5652,.T.);
#5641 = FACE_BOUND('',#5642,.T.);
#5642 = EDGE_LOOP('',(#5643,#5644,#5645,#5651));
#5643 = ORIENTED_EDGE('',*,*,#5130,.F.);
#5644 = ORIENTED_EDGE('',*,*,#5301,.T.);
#5645 = ORIENTED_EDGE('',*,*,#5646,.T.);
#5646 = EDGE_CURVE('',#5302,#5171,#5647,.T.);
#5647 = LINE('',#5648,#5649);
#5648 = CARTESIAN_POINT('',(163.6,-215.,-15.25));
#5649 = VECTOR('',#5650,1.);
#5650 = DIRECTION('',(1.,0.,-0.));
#5651 = ORIENTED_EDGE('',*,*,#5170,.F.);
#5652 = PLANE('',#5653);
#5653 = AXIS2_PLACEMENT_3D('',#5654,#5655,#5656);
#5654 = CARTESIAN_POINT('',(195.15,-215.,-2.75));
#5655 = DIRECTION('',(-0.,-1.,-0.));
#5656 = DIRECTION('',(0.,0.,-1.));
#5657 = ADVANCED_FACE('',(#5658),#5805,.T.);
#5658 = FACE_BOUND('',#5659,.T.);
#5659 = EDGE_LOOP('',(#5660,#5661,#5662,#5663,#5664,#5665,#5666,#5674,
    #5682,#5690,#5698,#5706,#5714,#5722,#5730,#5738,#5746,#5754,#5762,
    #5770,#5778,#5786,#5794,#5800,#5801,#5802,#5803,#5804));
#5660 = ORIENTED_EDGE('',*,*,#5646,.F.);
#5661 = ORIENTED_EDGE('',*,*,#5311,.F.);
#5662 = ORIENTED_EDGE('',*,*,#5201,.T.);
#5663 = ORIENTED_EDGE('',*,*,#5341,.F.);
#5664 = ORIENTED_EDGE('',*,*,#5504,.F.);
#5665 = ORIENTED_EDGE('',*,*,#5582,.F.);
#5666 = ORIENTED_EDGE('',*,*,#5667,.F.);
#5667 = EDGE_CURVE('',#5668,#5575,#5670,.T.);
#5668 = VERTEX_POINT('',#5669);
#5669 = CARTESIAN_POINT('',(163.6,-253.1,-15.25));
#5670 = LINE('',#5671,#5672);
#5671 = CARTESIAN_POINT('',(163.6,-253.1,-15.25));
#5672 = VECTOR('',#5673,1.);
#5673 = DIRECTION('',(1.,0.,-0.));
#5674 = ORIENTED_EDGE('',*,*,#5675,.T.);
#5675 = EDGE_CURVE('',#5668,#5676,#5678,.T.);
#5676 = VERTEX_POINT('',#5677);
#5677 = CARTESIAN_POINT('',(163.6,-205.,-15.25));
#5678 = LINE('',#5679,#5680);
#5679 = CARTESIAN_POINT('',(163.6,-253.1,-15.25));
#5680 = VECTOR('',#5681,1.);
#5681 = DIRECTION('',(-0.,1.,0.));
#5682 = ORIENTED_EDGE('',*,*,#5683,.T.);
#5683 = EDGE_CURVE('',#5676,#5684,#5686,.T.);
#5684 = VERTEX_POINT('',#5685);
#5685 = CARTESIAN_POINT('',(166.6,-205.,-15.25));
#5686 = LINE('',#5687,#5688);
#5687 = CARTESIAN_POINT('',(163.6,-205.,-15.25));
#5688 = VECTOR('',#5689,1.);
#5689 = DIRECTION('',(1.,0.,-0.));
#5690 = ORIENTED_EDGE('',*,*,#5691,.F.);
#5691 = EDGE_CURVE('',#5692,#5684,#5694,.T.);
#5692 = VERTEX_POINT('',#5693);
#5693 = CARTESIAN_POINT('',(166.6,-212.5,-15.25));
#5694 = LINE('',#5695,#5696);
#5695 = CARTESIAN_POINT('',(166.6,-253.1,-15.25));
#5696 = VECTOR('',#5697,1.);
#5697 = DIRECTION('',(-0.,1.,0.));
#5698 = ORIENTED_EDGE('',*,*,#5699,.T.);
#5699 = EDGE_CURVE('',#5692,#5700,#5702,.T.);
#5700 = VERTEX_POINT('',#5701);
#5701 = CARTESIAN_POINT('',(168.,-212.5,-15.25));
#5702 = LINE('',#5703,#5704);
#5703 = CARTESIAN_POINT('',(163.6,-212.5,-15.25));
#5704 = VECTOR('',#5705,1.);
#5705 = DIRECTION('',(1.,0.,-0.));
#5706 = ORIENTED_EDGE('',*,*,#5707,.T.);
#5707 = EDGE_CURVE('',#5700,#5708,#5710,.T.);
#5708 = VERTEX_POINT('',#5709);
#5709 = CARTESIAN_POINT('',(168.,-157.3475241575,-15.25));
#5710 = LINE('',#5711,#5712);
#5711 = CARTESIAN_POINT('',(168.,-215.,-15.25));
#5712 = VECTOR('',#5713,1.);
#5713 = DIRECTION('',(-0.,1.,0.));
#5714 = ORIENTED_EDGE('',*,*,#5715,.T.);
#5715 = EDGE_CURVE('',#5708,#5716,#5718,.T.);
#5716 = VERTEX_POINT('',#5717);
#5717 = CARTESIAN_POINT('',(176.5,-157.3475241575,-15.25));
#5718 = LINE('',#5719,#5720);
#5719 = CARTESIAN_POINT('',(150.,-157.3475241575,-15.25));
#5720 = VECTOR('',#5721,1.);
#5721 = DIRECTION('',(1.,0.,0.));
#5722 = ORIENTED_EDGE('',*,*,#5723,.F.);
#5723 = EDGE_CURVE('',#5724,#5716,#5726,.T.);
#5724 = VERTEX_POINT('',#5725);
#5725 = CARTESIAN_POINT('',(176.5,-212.5,-15.25));
#5726 = LINE('',#5727,#5728);
#5727 = CARTESIAN_POINT('',(176.5,-215.,-15.25));
#5728 = VECTOR('',#5729,1.);
#5729 = DIRECTION('',(-0.,1.,0.));
#5730 = ORIENTED_EDGE('',*,*,#5731,.T.);
#5731 = EDGE_CURVE('',#5724,#5732,#5734,.T.);
#5732 = VERTEX_POINT('',#5733);
#5733 = CARTESIAN_POINT('',(198.6,-212.5,-15.25));
#5734 = LINE('',#5735,#5736);
#5735 = CARTESIAN_POINT('',(163.6,-212.5,-15.25));
#5736 = VECTOR('',#5737,1.);
#5737 = DIRECTION('',(1.,0.,-0.));
#5738 = ORIENTED_EDGE('',*,*,#5739,.T.);
#5739 = EDGE_CURVE('',#5732,#5740,#5742,.T.);
#5740 = VERTEX_POINT('',#5741);
#5741 = CARTESIAN_POINT('',(198.6,-203.7,-15.25));
#5742 = LINE('',#5743,#5744);
#5743 = CARTESIAN_POINT('',(198.6,-215.,-15.25));
#5744 = VECTOR('',#5745,1.);
#5745 = DIRECTION('',(-0.,1.,0.));
#5746 = ORIENTED_EDGE('',*,*,#5747,.F.);
#5747 = EDGE_CURVE('',#5748,#5740,#5750,.T.);
#5748 = VERTEX_POINT('',#5749);
#5749 = CARTESIAN_POINT('',(203.6,-203.7,-15.25));
#5750 = LINE('',#5751,#5752);
#5751 = CARTESIAN_POINT('',(198.55,-203.7,-15.25));
#5752 = VECTOR('',#5753,1.);
#5753 = DIRECTION('',(-1.,-0.,0.));
#5754 = ORIENTED_EDGE('',*,*,#5755,.F.);
#5755 = EDGE_CURVE('',#5756,#5748,#5758,.T.);
#5756 = VERTEX_POINT('',#5757);
#5757 = CARTESIAN_POINT('',(203.6,-212.5,-15.25));
#5758 = LINE('',#5759,#5760);
#5759 = CARTESIAN_POINT('',(203.6,-215.,-15.25));
#5760 = VECTOR('',#5761,1.);
#5761 = DIRECTION('',(-0.,1.,0.));
#5762 = ORIENTED_EDGE('',*,*,#5763,.T.);
#5763 = EDGE_CURVE('',#5756,#5764,#5766,.T.);
#5764 = VERTEX_POINT('',#5765);
#5765 = CARTESIAN_POINT('',(223.7,-212.5,-15.25));
#5766 = LINE('',#5767,#5768);
#5767 = CARTESIAN_POINT('',(163.6,-212.5,-15.25));
#5768 = VECTOR('',#5769,1.);
#5769 = DIRECTION('',(1.,0.,-0.));
#5770 = ORIENTED_EDGE('',*,*,#5771,.T.);
#5771 = EDGE_CURVE('',#5764,#5772,#5774,.T.);
#5772 = VERTEX_POINT('',#5773);
#5773 = CARTESIAN_POINT('',(223.7,-205.,-15.25));
#5774 = LINE('',#5775,#5776);
#5775 = CARTESIAN_POINT('',(223.7,-253.1,-15.25));
#5776 = VECTOR('',#5777,1.);
#5777 = DIRECTION('',(-0.,1.,0.));
#5778 = ORIENTED_EDGE('',*,*,#5779,.T.);
#5779 = EDGE_CURVE('',#5772,#5780,#5782,.T.);
#5780 = VERTEX_POINT('',#5781);
#5781 = CARTESIAN_POINT('',(226.7,-205.,-15.25));
#5782 = LINE('',#5783,#5784);
#5783 = CARTESIAN_POINT('',(223.7,-205.,-15.25));
#5784 = VECTOR('',#5785,1.);
#5785 = DIRECTION('',(1.,0.,-0.));
#5786 = ORIENTED_EDGE('',*,*,#5787,.F.);
#5787 = EDGE_CURVE('',#5788,#5780,#5790,.T.);
#5788 = VERTEX_POINT('',#5789);
#5789 = CARTESIAN_POINT('',(226.7,-253.1,-15.25));
#5790 = LINE('',#5791,#5792);
#5791 = CARTESIAN_POINT('',(226.7,-253.1,-15.25));
#5792 = VECTOR('',#5793,1.);
#5793 = DIRECTION('',(-0.,1.,0.));
#5794 = ORIENTED_EDGE('',*,*,#5795,.F.);
#5795 = EDGE_CURVE('',#5623,#5788,#5796,.T.);
#5796 = LINE('',#5797,#5798);
#5797 = CARTESIAN_POINT('',(223.7,-253.1,-15.25));
#5798 = VECTOR('',#5799,1.);
#5799 = DIRECTION('',(1.,0.,-0.));
#5800 = ORIENTED_EDGE('',*,*,#5630,.T.);
#5801 = ORIENTED_EDGE('',*,*,#5536,.F.);
#5802 = ORIENTED_EDGE('',*,*,#5389,.T.);
#5803 = ORIENTED_EDGE('',*,*,#5219,.T.);
#5804 = ORIENTED_EDGE('',*,*,#5187,.T.);
#5805 = PLANE('',#5806);
#5806 = AXIS2_PLACEMENT_3D('',#5807,#5808,#5809);
#5807 = CARTESIAN_POINT('',(190.03650882114,-214.1609929019,-15.25));
#5808 = DIRECTION('',(-0.,-0.,-1.));
#5809 = DIRECTION('',(-1.,0.,0.));
#5810 = ADVANCED_FACE('',(#5811),#5836,.T.);
#5811 = FACE_BOUND('',#5812,.T.);
#5812 = EDGE_LOOP('',(#5813,#5814,#5822,#5830));
#5813 = ORIENTED_EDGE('',*,*,#5699,.F.);
#5814 = ORIENTED_EDGE('',*,*,#5815,.F.);
#5815 = EDGE_CURVE('',#5816,#5692,#5818,.T.);
#5816 = VERTEX_POINT('',#5817);
#5817 = CARTESIAN_POINT('',(166.6,-212.5,9.75));
#5818 = LINE('',#5819,#5820);
#5819 = CARTESIAN_POINT('',(166.6,-212.5,-15.25));
#5820 = VECTOR('',#5821,1.);
#5821 = DIRECTION('',(-0.,0.,-1.));
#5822 = ORIENTED_EDGE('',*,*,#5823,.T.);
#5823 = EDGE_CURVE('',#5816,#5824,#5826,.T.);
#5824 = VERTEX_POINT('',#5825);
#5825 = CARTESIAN_POINT('',(168.,-212.5,9.75));
#5826 = LINE('',#5827,#5828);
#5827 = CARTESIAN_POINT('',(163.6,-212.5,9.75));
#5828 = VECTOR('',#5829,1.);
#5829 = DIRECTION('',(1.,0.,-0.));
#5830 = ORIENTED_EDGE('',*,*,#5831,.F.);
#5831 = EDGE_CURVE('',#5700,#5824,#5832,.T.);
#5832 = LINE('',#5833,#5834);
#5833 = CARTESIAN_POINT('',(168.,-212.5,-15.25));
#5834 = VECTOR('',#5835,1.);
#5835 = DIRECTION('',(0.,0.,1.));
#5836 = PLANE('',#5837);
#5837 = AXIS2_PLACEMENT_3D('',#5838,#5839,#5840);
#5838 = CARTESIAN_POINT('',(163.6,-212.5,-15.25));
#5839 = DIRECTION('',(-0.,1.,0.));
#5840 = DIRECTION('',(0.,0.,1.));
#5841 = ADVANCED_FACE('',(#5842),#5867,.F.);
#5842 = FACE_BOUND('',#5843,.F.);
#5843 = EDGE_LOOP('',(#5844,#5854,#5860,#5861));
#5844 = ORIENTED_EDGE('',*,*,#5845,.F.);
#5845 = EDGE_CURVE('',#5846,#5848,#5850,.T.);
#5846 = VERTEX_POINT('',#5847);
#5847 = CARTESIAN_POINT('',(166.6,-205.,9.75));
#5848 = VERTEX_POINT('',#5849);
#5849 = CARTESIAN_POINT('',(168.,-205.,9.75));
#5850 = LINE('',#5851,#5852);
#5851 = CARTESIAN_POINT('',(163.6,-205.,9.75));
#5852 = VECTOR('',#5853,1.);
#5853 = DIRECTION('',(1.,0.,-0.));
#5854 = ORIENTED_EDGE('',*,*,#5855,.T.);
#5855 = EDGE_CURVE('',#5846,#5816,#5856,.T.);
#5856 = LINE('',#5857,#5858);
#5857 = CARTESIAN_POINT('',(166.6,-253.1,9.75));
#5858 = VECTOR('',#5859,1.);
#5859 = DIRECTION('',(0.,-1.,0.));
#5860 = ORIENTED_EDGE('',*,*,#5823,.T.);
#5861 = ORIENTED_EDGE('',*,*,#5862,.T.);
#5862 = EDGE_CURVE('',#5824,#5848,#5863,.T.);
#5863 = LINE('',#5864,#5865);
#5864 = CARTESIAN_POINT('',(168.,-215.,9.75));
#5865 = VECTOR('',#5866,1.);
#5866 = DIRECTION('',(-0.,1.,0.));
#5867 = PLANE('',#5868);
#5868 = AXIS2_PLACEMENT_3D('',#5869,#5870,#5871);
#5869 = CARTESIAN_POINT('',(163.6,-253.1,9.75));
#5870 = DIRECTION('',(0.,0.,1.));
#5871 = DIRECTION('',(1.,0.,-0.));
#5872 = ADVANCED_FACE('',(#5873),#5884,.T.);
#5873 = FACE_BOUND('',#5874,.T.);
#5874 = EDGE_LOOP('',(#5875,#5876,#5877,#5878));
#5875 = ORIENTED_EDGE('',*,*,#5855,.T.);
#5876 = ORIENTED_EDGE('',*,*,#5815,.T.);
#5877 = ORIENTED_EDGE('',*,*,#5691,.T.);
#5878 = ORIENTED_EDGE('',*,*,#5879,.T.);
#5879 = EDGE_CURVE('',#5684,#5846,#5880,.T.);
#5880 = LINE('',#5881,#5882);
#5881 = CARTESIAN_POINT('',(166.6,-205.,-15.25));
#5882 = VECTOR('',#5883,1.);
#5883 = DIRECTION('',(0.,0.,1.));
#5884 = PLANE('',#5885);
#5885 = AXIS2_PLACEMENT_3D('',#5886,#5887,#5888);
#5886 = CARTESIAN_POINT('',(166.6,-253.1,-15.25));
#5887 = DIRECTION('',(1.,0.,-0.));
#5888 = DIRECTION('',(0.,0.,1.));
#5889 = ADVANCED_FACE('',(#5890),#5915,.T.);
#5890 = FACE_BOUND('',#5891,.T.);
#5891 = EDGE_LOOP('',(#5892,#5893,#5901,#5909));
#5892 = ORIENTED_EDGE('',*,*,#5731,.F.);
#5893 = ORIENTED_EDGE('',*,*,#5894,.T.);
#5894 = EDGE_CURVE('',#5724,#5895,#5897,.T.);
#5895 = VERTEX_POINT('',#5896);
#5896 = CARTESIAN_POINT('',(176.5,-212.5,9.75));
#5897 = LINE('',#5898,#5899);
#5898 = CARTESIAN_POINT('',(176.5,-212.5,-15.25));
#5899 = VECTOR('',#5900,1.);
#5900 = DIRECTION('',(0.,0.,1.));
#5901 = ORIENTED_EDGE('',*,*,#5902,.F.);
#5902 = EDGE_CURVE('',#5903,#5895,#5905,.T.);
#5903 = VERTEX_POINT('',#5904);
#5904 = CARTESIAN_POINT('',(198.6,-212.5,9.75));
#5905 = LINE('',#5906,#5907);
#5906 = CARTESIAN_POINT('',(165.8,-212.5,9.75));
#5907 = VECTOR('',#5908,1.);
#5908 = DIRECTION('',(-1.,-0.,0.));
#5909 = ORIENTED_EDGE('',*,*,#5910,.F.);
#5910 = EDGE_CURVE('',#5732,#5903,#5911,.T.);
#5911 = LINE('',#5912,#5913);
#5912 = CARTESIAN_POINT('',(198.6,-212.5,-15.25));
#5913 = VECTOR('',#5914,1.);
#5914 = DIRECTION('',(0.,0.,1.));
#5915 = PLANE('',#5916);
#5916 = AXIS2_PLACEMENT_3D('',#5917,#5918,#5919);
#5917 = CARTESIAN_POINT('',(163.6,-212.5,-15.25));
#5918 = DIRECTION('',(-0.,1.,0.));
#5919 = DIRECTION('',(0.,0.,1.));
#5920 = ADVANCED_FACE('',(#5921),#5949,.T.);
#5921 = FACE_BOUND('',#5922,.T.);
#5922 = EDGE_LOOP('',(#5923,#5924,#5925,#5934,#5943));
#5923 = ORIENTED_EDGE('',*,*,#5894,.F.);
#5924 = ORIENTED_EDGE('',*,*,#5723,.T.);
#5925 = ORIENTED_EDGE('',*,*,#5926,.T.);
#5926 = EDGE_CURVE('',#5716,#5927,#5929,.T.);
#5927 = VERTEX_POINT('',#5928);
#5928 = CARTESIAN_POINT('',(176.5,-152.,-1.25));
#5929 = CIRCLE('',#5930,21.);
#5930 = AXIS2_PLACEMENT_3D('',#5931,#5932,#5933);
#5931 = CARTESIAN_POINT('',(176.5,-173.,-1.25));
#5932 = DIRECTION('',(1.,0.,0.));
#5933 = DIRECTION('',(-0.,0.,1.));
#5934 = ORIENTED_EDGE('',*,*,#5935,.T.);
#5935 = EDGE_CURVE('',#5927,#5936,#5938,.T.);
#5936 = VERTEX_POINT('',#5937);
#5937 = CARTESIAN_POINT('',(176.5,-155.11145618,9.75));
#5938 = CIRCLE('',#5939,21.);
#5939 = AXIS2_PLACEMENT_3D('',#5940,#5941,#5942);
#5940 = CARTESIAN_POINT('',(176.5,-173.,-1.25));
#5941 = DIRECTION('',(1.,0.,0.));
#5942 = DIRECTION('',(-0.,0.,1.));
#5943 = ORIENTED_EDGE('',*,*,#5944,.T.);
#5944 = EDGE_CURVE('',#5936,#5895,#5945,.T.);
#5945 = LINE('',#5946,#5947);
#5946 = CARTESIAN_POINT('',(176.5,-215.,9.75));
#5947 = VECTOR('',#5948,1.);
#5948 = DIRECTION('',(0.,-1.,0.));
#5949 = PLANE('',#5950);
#5950 = AXIS2_PLACEMENT_3D('',#5951,#5952,#5953);
#5951 = CARTESIAN_POINT('',(176.5,-215.,-15.25));
#5952 = DIRECTION('',(1.,0.,-0.));
#5953 = DIRECTION('',(0.,0.,1.));
#5954 = ADVANCED_FACE('',(#5955,#6015,#6026,#6037,#6048),#6059,.F.);
#5955 = FACE_BOUND('',#5956,.F.);
#5956 = EDGE_LOOP('',(#5957,#5958,#5959,#5967,#5975,#5983,#5991,#6000,
    #6009));
#5957 = ORIENTED_EDGE('',*,*,#5910,.F.);
#5958 = ORIENTED_EDGE('',*,*,#5739,.T.);
#5959 = ORIENTED_EDGE('',*,*,#5960,.T.);
#5960 = EDGE_CURVE('',#5740,#5961,#5963,.T.);
#5961 = VERTEX_POINT('',#5962);
#5962 = CARTESIAN_POINT('',(198.6,-203.7,8.8));
#5963 = LINE('',#5964,#5965);
#5964 = CARTESIAN_POINT('',(198.6,-203.7,-18.25));
#5965 = VECTOR('',#5966,1.);
#5966 = DIRECTION('',(0.,0.,1.));
#5967 = ORIENTED_EDGE('',*,*,#5968,.F.);
#5968 = EDGE_CURVE('',#5969,#5961,#5971,.T.);
#5969 = VERTEX_POINT('',#5970);
#5970 = CARTESIAN_POINT('',(198.6,-162.6,8.8));
#5971 = LINE('',#5972,#5973);
#5972 = CARTESIAN_POINT('',(198.6,-209.35,8.8));
#5973 = VECTOR('',#5974,1.);
#5974 = DIRECTION('',(0.,-1.,0.));
#5975 = ORIENTED_EDGE('',*,*,#5976,.F.);
#5976 = EDGE_CURVE('',#5977,#5969,#5979,.T.);
#5977 = VERTEX_POINT('',#5978);
#5978 = CARTESIAN_POINT('',(198.6,-162.6,-15.25));
#5979 = LINE('',#5980,#5981);
#5980 = CARTESIAN_POINT('',(198.6,-162.6,-18.25));
#5981 = VECTOR('',#5982,1.);
#5982 = DIRECTION('',(0.,0.,1.));
#5983 = ORIENTED_EDGE('',*,*,#5984,.T.);
#5984 = EDGE_CURVE('',#5977,#5985,#5987,.T.);
#5985 = VERTEX_POINT('',#5986);
#5986 = CARTESIAN_POINT('',(198.6,-157.3475241575,-15.25));
#5987 = LINE('',#5988,#5989);
#5988 = CARTESIAN_POINT('',(198.6,-215.,-15.25));
#5989 = VECTOR('',#5990,1.);
#5990 = DIRECTION('',(-0.,1.,0.));
#5991 = ORIENTED_EDGE('',*,*,#5992,.T.);
#5992 = EDGE_CURVE('',#5985,#5993,#5995,.T.);
#5993 = VERTEX_POINT('',#5994);
#5994 = CARTESIAN_POINT('',(198.6,-152.,-1.25));
#5995 = CIRCLE('',#5996,21.);
#5996 = AXIS2_PLACEMENT_3D('',#5997,#5998,#5999);
#5997 = CARTESIAN_POINT('',(198.6,-173.,-1.25));
#5998 = DIRECTION('',(1.,0.,0.));
#5999 = DIRECTION('',(-0.,0.,1.));
#6000 = ORIENTED_EDGE('',*,*,#6001,.T.);
#6001 = EDGE_CURVE('',#5993,#6002,#6004,.T.);
#6002 = VERTEX_POINT('',#6003);
#6003 = CARTESIAN_POINT('',(198.6,-155.11145618,9.75));
#6004 = CIRCLE('',#6005,21.);
#6005 = AXIS2_PLACEMENT_3D('',#6006,#6007,#6008);
#6006 = CARTESIAN_POINT('',(198.6,-173.,-1.25));
#6007 = DIRECTION('',(1.,0.,0.));
#6008 = DIRECTION('',(-0.,0.,1.));
#6009 = ORIENTED_EDGE('',*,*,#6010,.F.);
#6010 = EDGE_CURVE('',#5903,#6002,#6011,.T.);
#6011 = LINE('',#6012,#6013);
#6012 = CARTESIAN_POINT('',(198.6,-215.,9.75));
#6013 = VECTOR('',#6014,1.);
#6014 = DIRECTION('',(-0.,1.,0.));
#6015 = FACE_BOUND('',#6016,.F.);
#6016 = EDGE_LOOP('',(#6017));
#6017 = ORIENTED_EDGE('',*,*,#6018,.F.);
#6018 = EDGE_CURVE('',#6019,#6019,#6021,.T.);
#6019 = VERTEX_POINT('',#6020);
#6020 = CARTESIAN_POINT('',(198.6,-158.4,-4.));
#6021 = CIRCLE('',#6022,2.25);
#6022 = AXIS2_PLACEMENT_3D('',#6023,#6024,#6025);
#6023 = CARTESIAN_POINT('',(198.6,-158.4,-6.25));
#6024 = DIRECTION('',(1.,0.,0.));
#6025 = DIRECTION('',(-0.,0.,1.));
#6026 = FACE_BOUND('',#6027,.F.);
#6027 = EDGE_LOOP('',(#6028));
#6028 = ORIENTED_EDGE('',*,*,#6029,.F.);
#6029 = EDGE_CURVE('',#6030,#6030,#6032,.T.);
#6030 = VERTEX_POINT('',#6031);
#6031 = CARTESIAN_POINT('',(198.6,-158.4,6.));
#6032 = CIRCLE('',#6033,2.25);
#6033 = AXIS2_PLACEMENT_3D('',#6034,#6035,#6036);
#6034 = CARTESIAN_POINT('',(198.6,-158.4,3.75));
#6035 = DIRECTION('',(1.,0.,0.));
#6036 = DIRECTION('',(-0.,0.,1.));
#6037 = FACE_BOUND('',#6038,.F.);
#6038 = EDGE_LOOP('',(#6039));
#6039 = ORIENTED_EDGE('',*,*,#6040,.F.);
#6040 = EDGE_CURVE('',#6041,#6041,#6043,.T.);
#6041 = VERTEX_POINT('',#6042);
#6042 = CARTESIAN_POINT('',(198.6,-207.9,-4.));
#6043 = CIRCLE('',#6044,2.25);
#6044 = AXIS2_PLACEMENT_3D('',#6045,#6046,#6047);
#6045 = CARTESIAN_POINT('',(198.6,-207.9,-6.25));
#6046 = DIRECTION('',(1.,0.,0.));
#6047 = DIRECTION('',(-0.,0.,1.));
#6048 = FACE_BOUND('',#6049,.F.);
#6049 = EDGE_LOOP('',(#6050));
#6050 = ORIENTED_EDGE('',*,*,#6051,.F.);
#6051 = EDGE_CURVE('',#6052,#6052,#6054,.T.);
#6052 = VERTEX_POINT('',#6053);
#6053 = CARTESIAN_POINT('',(198.6,-207.9,6.));
#6054 = CIRCLE('',#6055,2.25);
#6055 = AXIS2_PLACEMENT_3D('',#6056,#6057,#6058);
#6056 = CARTESIAN_POINT('',(198.6,-207.9,3.75));
#6057 = DIRECTION('',(1.,0.,0.));
#6058 = DIRECTION('',(-0.,0.,1.));
#6059 = PLANE('',#6060);
#6060 = AXIS2_PLACEMENT_3D('',#6061,#6062,#6063);
#6061 = CARTESIAN_POINT('',(198.6,-215.,-15.25));
#6062 = DIRECTION('',(1.,0.,-0.));
#6063 = DIRECTION('',(0.,0.,1.));
#6064 = ADVANCED_FACE('',(#6065),#6083,.T.);
#6065 = FACE_BOUND('',#6066,.T.);
#6066 = EDGE_LOOP('',(#6067,#6075,#6081,#6082));
#6067 = ORIENTED_EDGE('',*,*,#6068,.T.);
#6068 = EDGE_CURVE('',#5961,#6069,#6071,.T.);
#6069 = VERTEX_POINT('',#6070);
#6070 = CARTESIAN_POINT('',(203.6,-203.7,8.8));
#6071 = LINE('',#6072,#6073);
#6072 = CARTESIAN_POINT('',(198.5,-203.7,8.8));
#6073 = VECTOR('',#6074,1.);
#6074 = DIRECTION('',(1.,0.,-0.));
#6075 = ORIENTED_EDGE('',*,*,#6076,.F.);
#6076 = EDGE_CURVE('',#5748,#6069,#6077,.T.);
#6077 = LINE('',#6078,#6079);
#6078 = CARTESIAN_POINT('',(203.6,-203.7,-18.25));
#6079 = VECTOR('',#6080,1.);
#6080 = DIRECTION('',(0.,0.,1.));
#6081 = ORIENTED_EDGE('',*,*,#5747,.T.);
#6082 = ORIENTED_EDGE('',*,*,#5960,.T.);
#6083 = PLANE('',#6084);
#6084 = AXIS2_PLACEMENT_3D('',#6085,#6086,#6087);
#6085 = CARTESIAN_POINT('',(198.5,-203.7,-21.25));
#6086 = DIRECTION('',(-0.,1.,0.));
#6087 = DIRECTION('',(0.,0.,1.));
#6088 = ADVANCED_FACE('',(#6089),#6107,.F.);
#6089 = FACE_BOUND('',#6090,.F.);
#6090 = EDGE_LOOP('',(#6091,#6099,#6100,#6101));
#6091 = ORIENTED_EDGE('',*,*,#6092,.F.);
#6092 = EDGE_CURVE('',#5969,#6093,#6095,.T.);
#6093 = VERTEX_POINT('',#6094);
#6094 = CARTESIAN_POINT('',(203.6,-162.6,8.8));
#6095 = LINE('',#6096,#6097);
#6096 = CARTESIAN_POINT('',(198.5,-162.6,8.8));
#6097 = VECTOR('',#6098,1.);
#6098 = DIRECTION('',(1.,0.,-0.));
#6099 = ORIENTED_EDGE('',*,*,#5968,.T.);
#6100 = ORIENTED_EDGE('',*,*,#6068,.T.);
#6101 = ORIENTED_EDGE('',*,*,#6102,.F.);
#6102 = EDGE_CURVE('',#6093,#6069,#6103,.T.);
#6103 = LINE('',#6104,#6105);
#6104 = CARTESIAN_POINT('',(203.6,-209.35,8.8));
#6105 = VECTOR('',#6106,1.);
#6106 = DIRECTION('',(0.,-1.,0.));
#6107 = PLANE('',#6108);
#6108 = AXIS2_PLACEMENT_3D('',#6109,#6110,#6111);
#6109 = CARTESIAN_POINT('',(198.5,-203.7,8.8));
#6110 = DIRECTION('',(0.,0.,1.));
#6111 = DIRECTION('',(1.,0.,-0.));
#6112 = ADVANCED_FACE('',(#6113),#6131,.F.);
#6113 = FACE_BOUND('',#6114,.F.);
#6114 = EDGE_LOOP('',(#6115,#6116,#6124,#6130));
#6115 = ORIENTED_EDGE('',*,*,#6092,.T.);
#6116 = ORIENTED_EDGE('',*,*,#6117,.F.);
#6117 = EDGE_CURVE('',#6118,#6093,#6120,.T.);
#6118 = VERTEX_POINT('',#6119);
#6119 = CARTESIAN_POINT('',(203.6,-162.6,-15.25));
#6120 = LINE('',#6121,#6122);
#6121 = CARTESIAN_POINT('',(203.6,-162.6,-18.25));
#6122 = VECTOR('',#6123,1.);
#6123 = DIRECTION('',(0.,0.,1.));
#6124 = ORIENTED_EDGE('',*,*,#6125,.T.);
#6125 = EDGE_CURVE('',#6118,#5977,#6126,.T.);
#6126 = LINE('',#6127,#6128);
#6127 = CARTESIAN_POINT('',(198.55,-162.6,-15.25));
#6128 = VECTOR('',#6129,1.);
#6129 = DIRECTION('',(-1.,-0.,0.));
#6130 = ORIENTED_EDGE('',*,*,#5976,.T.);
#6131 = PLANE('',#6132);
#6132 = AXIS2_PLACEMENT_3D('',#6133,#6134,#6135);
#6133 = CARTESIAN_POINT('',(198.5,-162.6,-21.25));
#6134 = DIRECTION('',(-0.,1.,0.));
#6135 = DIRECTION('',(0.,0.,1.));
#6136 = ADVANCED_FACE('',(#6137),#6155,.F.);
#6137 = FACE_BOUND('',#6138,.F.);
#6138 = EDGE_LOOP('',(#6139,#6140,#6141,#6149));
#6139 = ORIENTED_EDGE('',*,*,#5984,.F.);
#6140 = ORIENTED_EDGE('',*,*,#6125,.F.);
#6141 = ORIENTED_EDGE('',*,*,#6142,.T.);
#6142 = EDGE_CURVE('',#6118,#6143,#6145,.T.);
#6143 = VERTEX_POINT('',#6144);
#6144 = CARTESIAN_POINT('',(203.6,-157.3475241575,-15.25));
#6145 = LINE('',#6146,#6147);
#6146 = CARTESIAN_POINT('',(203.6,-215.,-15.25));
#6147 = VECTOR('',#6148,1.);
#6148 = DIRECTION('',(-0.,1.,0.));
#6149 = ORIENTED_EDGE('',*,*,#6150,.F.);
#6150 = EDGE_CURVE('',#5985,#6143,#6151,.T.);
#6151 = LINE('',#6152,#6153);
#6152 = CARTESIAN_POINT('',(150.,-157.3475241575,-15.25));
#6153 = VECTOR('',#6154,1.);
#6154 = DIRECTION('',(1.,0.,0.));
#6155 = PLANE('',#6156);
#6156 = AXIS2_PLACEMENT_3D('',#6157,#6158,#6159);
#6157 = CARTESIAN_POINT('',(198.6,-215.,-15.25));
#6158 = DIRECTION('',(0.,0.,1.));
#6159 = DIRECTION('',(1.,0.,-0.));
#6160 = ADVANCED_FACE('',(#6161),#6180,.F.);
#6161 = FACE_BOUND('',#6162,.F.);
#6162 = EDGE_LOOP('',(#6163,#6172,#6178,#6179));
#6163 = ORIENTED_EDGE('',*,*,#6164,.F.);
#6164 = EDGE_CURVE('',#6165,#6165,#6167,.T.);
#6165 = VERTEX_POINT('',#6166);
#6166 = CARTESIAN_POINT('',(203.6,-158.4,-4.));
#6167 = CIRCLE('',#6168,2.25);
#6168 = AXIS2_PLACEMENT_3D('',#6169,#6170,#6171);
#6169 = CARTESIAN_POINT('',(203.6,-158.4,-6.25));
#6170 = DIRECTION('',(1.,0.,0.));
#6171 = DIRECTION('',(-0.,0.,1.));
#6172 = ORIENTED_EDGE('',*,*,#6173,.F.);
#6173 = EDGE_CURVE('',#6019,#6165,#6174,.T.);
#6174 = LINE('',#6175,#6176);
#6175 = CARTESIAN_POINT('',(197.6,-158.4,-4.));
#6176 = VECTOR('',#6177,1.);
#6177 = DIRECTION('',(1.,0.,0.));
#6178 = ORIENTED_EDGE('',*,*,#6018,.T.);
#6179 = ORIENTED_EDGE('',*,*,#6173,.T.);
#6180 = CYLINDRICAL_SURFACE('',#6181,2.25);
#6181 = AXIS2_PLACEMENT_3D('',#6182,#6183,#6184);
#6182 = CARTESIAN_POINT('',(197.6,-158.4,-6.25));
#6183 = DIRECTION('',(1.,0.,0.));
#6184 = DIRECTION('',(-0.,0.,1.));
#6185 = ADVANCED_FACE('',(#6186),#6205,.F.);
#6186 = FACE_BOUND('',#6187,.F.);
#6187 = EDGE_LOOP('',(#6188,#6197,#6203,#6204));
#6188 = ORIENTED_EDGE('',*,*,#6189,.F.);
#6189 = EDGE_CURVE('',#6190,#6190,#6192,.T.);
#6190 = VERTEX_POINT('',#6191);
#6191 = CARTESIAN_POINT('',(203.6,-158.4,6.));
#6192 = CIRCLE('',#6193,2.25);
#6193 = AXIS2_PLACEMENT_3D('',#6194,#6195,#6196);
#6194 = CARTESIAN_POINT('',(203.6,-158.4,3.75));
#6195 = DIRECTION('',(1.,0.,0.));
#6196 = DIRECTION('',(-0.,0.,1.));
#6197 = ORIENTED_EDGE('',*,*,#6198,.F.);
#6198 = EDGE_CURVE('',#6030,#6190,#6199,.T.);
#6199 = LINE('',#6200,#6201);
#6200 = CARTESIAN_POINT('',(197.6,-158.4,6.));
#6201 = VECTOR('',#6202,1.);
#6202 = DIRECTION('',(1.,0.,0.));
#6203 = ORIENTED_EDGE('',*,*,#6029,.T.);
#6204 = ORIENTED_EDGE('',*,*,#6198,.T.);
#6205 = CYLINDRICAL_SURFACE('',#6206,2.25);
#6206 = AXIS2_PLACEMENT_3D('',#6207,#6208,#6209);
#6207 = CARTESIAN_POINT('',(197.6,-158.4,3.75));
#6208 = DIRECTION('',(1.,0.,0.));
#6209 = DIRECTION('',(-0.,0.,1.));
#6210 = ADVANCED_FACE('',(#6211),#6230,.F.);
#6211 = FACE_BOUND('',#6212,.F.);
#6212 = EDGE_LOOP('',(#6213,#6222,#6228,#6229));
#6213 = ORIENTED_EDGE('',*,*,#6214,.F.);
#6214 = EDGE_CURVE('',#6215,#6215,#6217,.T.);
#6215 = VERTEX_POINT('',#6216);
#6216 = CARTESIAN_POINT('',(203.6,-207.9,-4.));
#6217 = CIRCLE('',#6218,2.25);
#6218 = AXIS2_PLACEMENT_3D('',#6219,#6220,#6221);
#6219 = CARTESIAN_POINT('',(203.6,-207.9,-6.25));
#6220 = DIRECTION('',(1.,0.,0.));
#6221 = DIRECTION('',(-0.,0.,1.));
#6222 = ORIENTED_EDGE('',*,*,#6223,.F.);
#6223 = EDGE_CURVE('',#6041,#6215,#6224,.T.);
#6224 = LINE('',#6225,#6226);
#6225 = CARTESIAN_POINT('',(197.6,-207.9,-4.));
#6226 = VECTOR('',#6227,1.);
#6227 = DIRECTION('',(1.,0.,0.));
#6228 = ORIENTED_EDGE('',*,*,#6040,.T.);
#6229 = ORIENTED_EDGE('',*,*,#6223,.T.);
#6230 = CYLINDRICAL_SURFACE('',#6231,2.25);
#6231 = AXIS2_PLACEMENT_3D('',#6232,#6233,#6234);
#6232 = CARTESIAN_POINT('',(197.6,-207.9,-6.25));
#6233 = DIRECTION('',(1.,0.,0.));
#6234 = DIRECTION('',(-0.,0.,1.));
#6235 = ADVANCED_FACE('',(#6236),#6255,.F.);
#6236 = FACE_BOUND('',#6237,.F.);
#6237 = EDGE_LOOP('',(#6238,#6247,#6253,#6254));
#6238 = ORIENTED_EDGE('',*,*,#6239,.F.);
#6239 = EDGE_CURVE('',#6240,#6240,#6242,.T.);
#6240 = VERTEX_POINT('',#6241);
#6241 = CARTESIAN_POINT('',(203.6,-207.9,6.));
#6242 = CIRCLE('',#6243,2.25);
#6243 = AXIS2_PLACEMENT_3D('',#6244,#6245,#6246);
#6244 = CARTESIAN_POINT('',(203.6,-207.9,3.75));
#6245 = DIRECTION('',(1.,0.,0.));
#6246 = DIRECTION('',(-0.,0.,1.));
#6247 = ORIENTED_EDGE('',*,*,#6248,.F.);
#6248 = EDGE_CURVE('',#6052,#6240,#6249,.T.);
#6249 = LINE('',#6250,#6251);
#6250 = CARTESIAN_POINT('',(197.6,-207.9,6.));
#6251 = VECTOR('',#6252,1.);
#6252 = DIRECTION('',(1.,0.,0.));
#6253 = ORIENTED_EDGE('',*,*,#6051,.T.);
#6254 = ORIENTED_EDGE('',*,*,#6248,.T.);
#6255 = CYLINDRICAL_SURFACE('',#6256,2.25);
#6256 = AXIS2_PLACEMENT_3D('',#6257,#6258,#6259);
#6257 = CARTESIAN_POINT('',(197.6,-207.9,3.75));
#6258 = DIRECTION('',(1.,0.,0.));
#6259 = DIRECTION('',(-0.,0.,1.));
#6260 = ADVANCED_FACE('',(#6261),#6272,.F.);
#6261 = FACE_BOUND('',#6262,.T.);
#6262 = EDGE_LOOP('',(#6263,#6264,#6265,#6266));
#6263 = ORIENTED_EDGE('',*,*,#6010,.F.);
#6264 = ORIENTED_EDGE('',*,*,#5902,.T.);
#6265 = ORIENTED_EDGE('',*,*,#5944,.F.);
#6266 = ORIENTED_EDGE('',*,*,#6267,.T.);
#6267 = EDGE_CURVE('',#5936,#6002,#6268,.T.);
#6268 = LINE('',#6269,#6270);
#6269 = CARTESIAN_POINT('',(150.,-155.11145618,9.75));
#6270 = VECTOR('',#6271,1.);
#6271 = DIRECTION('',(1.,0.,0.));
#6272 = PLANE('',#6273);
#6273 = AXIS2_PLACEMENT_3D('',#6274,#6275,#6276);
#6274 = CARTESIAN_POINT('',(168.,-215.,9.75));
#6275 = DIRECTION('',(0.,0.,1.));
#6276 = DIRECTION('',(1.,0.,-0.));
#6277 = ADVANCED_FACE('',(#6278),#6303,.T.);
#6278 = FACE_BOUND('',#6279,.T.);
#6279 = EDGE_LOOP('',(#6280,#6281,#6289,#6297));
#6280 = ORIENTED_EDGE('',*,*,#5763,.F.);
#6281 = ORIENTED_EDGE('',*,*,#6282,.T.);
#6282 = EDGE_CURVE('',#5756,#6283,#6285,.T.);
#6283 = VERTEX_POINT('',#6284);
#6284 = CARTESIAN_POINT('',(203.6,-212.5,9.75));
#6285 = LINE('',#6286,#6287);
#6286 = CARTESIAN_POINT('',(203.6,-212.5,-15.25));
#6287 = VECTOR('',#6288,1.);
#6288 = DIRECTION('',(0.,0.,1.));
#6289 = ORIENTED_EDGE('',*,*,#6290,.T.);
#6290 = EDGE_CURVE('',#6283,#6291,#6293,.T.);
#6291 = VERTEX_POINT('',#6292);
#6292 = CARTESIAN_POINT('',(223.7,-212.5,9.75));
#6293 = LINE('',#6294,#6295);
#6294 = CARTESIAN_POINT('',(163.6,-212.5,9.75));
#6295 = VECTOR('',#6296,1.);
#6296 = DIRECTION('',(1.,0.,-0.));
#6297 = ORIENTED_EDGE('',*,*,#6298,.T.);
#6298 = EDGE_CURVE('',#6291,#5764,#6299,.T.);
#6299 = LINE('',#6300,#6301);
#6300 = CARTESIAN_POINT('',(223.7,-212.5,-15.25));
#6301 = VECTOR('',#6302,1.);
#6302 = DIRECTION('',(-0.,0.,-1.));
#6303 = PLANE('',#6304);
#6304 = AXIS2_PLACEMENT_3D('',#6305,#6306,#6307);
#6305 = CARTESIAN_POINT('',(163.6,-212.5,-15.25));
#6306 = DIRECTION('',(-0.,1.,0.));
#6307 = DIRECTION('',(0.,0.,1.));
#6308 = ADVANCED_FACE('',(#6309),#6327,.F.);
#6309 = FACE_BOUND('',#6310,.F.);
#6310 = EDGE_LOOP('',(#6311,#6319,#6320,#6321));
#6311 = ORIENTED_EDGE('',*,*,#6312,.T.);
#6312 = EDGE_CURVE('',#6313,#6291,#6315,.T.);
#6313 = VERTEX_POINT('',#6314);
#6314 = CARTESIAN_POINT('',(223.7,-205.,9.75));
#6315 = LINE('',#6316,#6317);
#6316 = CARTESIAN_POINT('',(223.7,-253.1,9.75));
#6317 = VECTOR('',#6318,1.);
#6318 = DIRECTION('',(0.,-1.,0.));
#6319 = ORIENTED_EDGE('',*,*,#6298,.T.);
#6320 = ORIENTED_EDGE('',*,*,#5771,.T.);
#6321 = ORIENTED_EDGE('',*,*,#6322,.T.);
#6322 = EDGE_CURVE('',#5772,#6313,#6323,.T.);
#6323 = LINE('',#6324,#6325);
#6324 = CARTESIAN_POINT('',(223.7,-205.,-15.25));
#6325 = VECTOR('',#6326,1.);
#6326 = DIRECTION('',(0.,0.,1.));
#6327 = PLANE('',#6328);
#6328 = AXIS2_PLACEMENT_3D('',#6329,#6330,#6331);
#6329 = CARTESIAN_POINT('',(223.7,-253.1,-15.25));
#6330 = DIRECTION('',(1.,0.,-0.));
#6331 = DIRECTION('',(0.,0.,1.));
#6332 = ADVANCED_FACE('',(#6333),#6351,.F.);
#6333 = FACE_BOUND('',#6334,.F.);
#6334 = EDGE_LOOP('',(#6335,#6336,#6344,#6350));
#6335 = ORIENTED_EDGE('',*,*,#6312,.F.);
#6336 = ORIENTED_EDGE('',*,*,#6337,.F.);
#6337 = EDGE_CURVE('',#6338,#6313,#6340,.T.);
#6338 = VERTEX_POINT('',#6339);
#6339 = CARTESIAN_POINT('',(203.6,-205.,9.75));
#6340 = LINE('',#6341,#6342);
#6341 = CARTESIAN_POINT('',(163.6,-205.,9.75));
#6342 = VECTOR('',#6343,1.);
#6343 = DIRECTION('',(1.,0.,-0.));
#6344 = ORIENTED_EDGE('',*,*,#6345,.F.);
#6345 = EDGE_CURVE('',#6283,#6338,#6346,.T.);
#6346 = LINE('',#6347,#6348);
#6347 = CARTESIAN_POINT('',(203.6,-215.,9.75));
#6348 = VECTOR('',#6349,1.);
#6349 = DIRECTION('',(-0.,1.,0.));
#6350 = ORIENTED_EDGE('',*,*,#6290,.T.);
#6351 = PLANE('',#6352);
#6352 = AXIS2_PLACEMENT_3D('',#6353,#6354,#6355);
#6353 = CARTESIAN_POINT('',(163.6,-253.1,9.75));
#6354 = DIRECTION('',(0.,0.,1.));
#6355 = DIRECTION('',(1.,0.,-0.));
#6356 = ADVANCED_FACE('',(#6357,#6403),#6414,.T.);
#6357 = FACE_BOUND('',#6358,.T.);
#6358 = EDGE_LOOP('',(#6359,#6360,#6361,#6369,#6377,#6386,#6395,#6402));
#6359 = ORIENTED_EDGE('',*,*,#5831,.T.);
#6360 = ORIENTED_EDGE('',*,*,#5862,.T.);
#6361 = ORIENTED_EDGE('',*,*,#6362,.T.);
#6362 = EDGE_CURVE('',#5848,#6363,#6365,.T.);
#6363 = VERTEX_POINT('',#6364);
#6364 = CARTESIAN_POINT('',(168.,-205.,12.75));
#6365 = LINE('',#6366,#6367);
#6366 = CARTESIAN_POINT('',(168.,-205.,-2.75));
#6367 = VECTOR('',#6368,1.);
#6368 = DIRECTION('',(0.,0.,1.));
#6369 = ORIENTED_EDGE('',*,*,#6370,.T.);
#6370 = EDGE_CURVE('',#6363,#6371,#6373,.T.);
#6371 = VERTEX_POINT('',#6372);
#6372 = CARTESIAN_POINT('',(168.,-157.3475241575,12.75));
#6373 = LINE('',#6374,#6375);
#6374 = CARTESIAN_POINT('',(168.,-215.,12.75));
#6375 = VECTOR('',#6376,1.);
#6376 = DIRECTION('',(-0.,1.,0.));
#6377 = ORIENTED_EDGE('',*,*,#6378,.F.);
#6378 = EDGE_CURVE('',#6379,#6371,#6381,.T.);
#6379 = VERTEX_POINT('',#6380);
#6380 = CARTESIAN_POINT('',(168.,-155.11145618,9.75));
#6381 = CIRCLE('',#6382,21.);
#6382 = AXIS2_PLACEMENT_3D('',#6383,#6384,#6385);
#6383 = CARTESIAN_POINT('',(168.,-173.,-1.25));
#6384 = DIRECTION('',(1.,0.,0.));
#6385 = DIRECTION('',(-0.,0.,1.));
#6386 = ORIENTED_EDGE('',*,*,#6387,.F.);
#6387 = EDGE_CURVE('',#6388,#6379,#6390,.T.);
#6388 = VERTEX_POINT('',#6389);
#6389 = CARTESIAN_POINT('',(168.,-152.,-1.25));
#6390 = CIRCLE('',#6391,21.);
#6391 = AXIS2_PLACEMENT_3D('',#6392,#6393,#6394);
#6392 = CARTESIAN_POINT('',(168.,-173.,-1.25));
#6393 = DIRECTION('',(1.,0.,0.));
#6394 = DIRECTION('',(-0.,0.,1.));
#6395 = ORIENTED_EDGE('',*,*,#6396,.F.);
#6396 = EDGE_CURVE('',#5708,#6388,#6397,.T.);
#6397 = CIRCLE('',#6398,21.);
#6398 = AXIS2_PLACEMENT_3D('',#6399,#6400,#6401);
#6399 = CARTESIAN_POINT('',(168.,-173.,-1.25));
#6400 = DIRECTION('',(1.,0.,0.));
#6401 = DIRECTION('',(-0.,0.,1.));
#6402 = ORIENTED_EDGE('',*,*,#5707,.F.);
#6403 = FACE_BOUND('',#6404,.T.);
#6404 = EDGE_LOOP('',(#6405));
#6405 = ORIENTED_EDGE('',*,*,#6406,.T.);
#6406 = EDGE_CURVE('',#6407,#6407,#6409,.T.);
#6407 = VERTEX_POINT('',#6408);
#6408 = CARTESIAN_POINT('',(168.,-173.,2.75));
#6409 = CIRCLE('',#6410,4.);
#6410 = AXIS2_PLACEMENT_3D('',#6411,#6412,#6413);
#6411 = CARTESIAN_POINT('',(168.,-173.,-1.25));
#6412 = DIRECTION('',(1.,0.,0.));
#6413 = DIRECTION('',(-0.,0.,1.));
#6414 = PLANE('',#6415);
#6415 = AXIS2_PLACEMENT_3D('',#6416,#6417,#6418);
#6416 = CARTESIAN_POINT('',(168.,-183.7397015108,-1.380059343269));
#6417 = DIRECTION('',(-1.,-0.,-0.));
#6418 = DIRECTION('',(0.,0.,-1.));
#6419 = ADVANCED_FACE('',(#6420),#6439,.T.);
#6420 = FACE_BOUND('',#6421,.T.);
#6421 = EDGE_LOOP('',(#6422,#6423,#6431,#6438));
#6422 = ORIENTED_EDGE('',*,*,#6406,.F.);
#6423 = ORIENTED_EDGE('',*,*,#6424,.F.);
#6424 = EDGE_CURVE('',#6425,#6407,#6427,.T.);
#6425 = VERTEX_POINT('',#6426);
#6426 = CARTESIAN_POINT('',(167.,-173.,2.75));
#6427 = LINE('',#6428,#6429);
#6428 = CARTESIAN_POINT('',(167.,-173.,2.75));
#6429 = VECTOR('',#6430,1.);
#6430 = DIRECTION('',(1.,0.,0.));
#6431 = ORIENTED_EDGE('',*,*,#6432,.T.);
#6432 = EDGE_CURVE('',#6425,#6425,#6433,.T.);
#6433 = CIRCLE('',#6434,4.);
#6434 = AXIS2_PLACEMENT_3D('',#6435,#6436,#6437);
#6435 = CARTESIAN_POINT('',(167.,-173.,-1.25));
#6436 = DIRECTION('',(1.,0.,0.));
#6437 = DIRECTION('',(-0.,0.,1.));
#6438 = ORIENTED_EDGE('',*,*,#6424,.T.);
#6439 = CYLINDRICAL_SURFACE('',#6440,4.);
#6440 = AXIS2_PLACEMENT_3D('',#6441,#6442,#6443);
#6441 = CARTESIAN_POINT('',(167.,-173.,-1.25));
#6442 = DIRECTION('',(1.,0.,0.));
#6443 = DIRECTION('',(-0.,0.,1.));
#6444 = ADVANCED_FACE('',(#6445,#6448),#6459,.F.);
#6445 = FACE_BOUND('',#6446,.F.);
#6446 = EDGE_LOOP('',(#6447));
#6447 = ORIENTED_EDGE('',*,*,#6432,.T.);
#6448 = FACE_BOUND('',#6449,.F.);
#6449 = EDGE_LOOP('',(#6450));
#6450 = ORIENTED_EDGE('',*,*,#6451,.F.);
#6451 = EDGE_CURVE('',#6452,#6452,#6454,.T.);
#6452 = VERTEX_POINT('',#6453);
#6453 = CARTESIAN_POINT('',(167.,-173.,1.5));
#6454 = CIRCLE('',#6455,2.75);
#6455 = AXIS2_PLACEMENT_3D('',#6456,#6457,#6458);
#6456 = CARTESIAN_POINT('',(167.,-173.,-1.25));
#6457 = DIRECTION('',(1.,0.,0.));
#6458 = DIRECTION('',(-0.,0.,1.));
#6459 = PLANE('',#6460);
#6460 = AXIS2_PLACEMENT_3D('',#6461,#6462,#6463);
#6461 = CARTESIAN_POINT('',(167.,-173.,-1.25));
#6462 = DIRECTION('',(1.,0.,0.));
#6463 = DIRECTION('',(-0.,0.,1.));
#6464 = ADVANCED_FACE('',(#6465),#6484,.F.);
#6465 = FACE_BOUND('',#6466,.F.);
#6466 = EDGE_LOOP('',(#6467,#6468,#6476,#6483));
#6467 = ORIENTED_EDGE('',*,*,#6451,.T.);
#6468 = ORIENTED_EDGE('',*,*,#6469,.T.);
#6469 = EDGE_CURVE('',#6452,#6470,#6472,.T.);
#6470 = VERTEX_POINT('',#6471);
#6471 = CARTESIAN_POINT('',(168.,-173.,1.5));
#6472 = LINE('',#6473,#6474);
#6473 = CARTESIAN_POINT('',(166.9,-173.,1.5));
#6474 = VECTOR('',#6475,1.);
#6475 = DIRECTION('',(1.,0.,0.));
#6476 = ORIENTED_EDGE('',*,*,#6477,.F.);
#6477 = EDGE_CURVE('',#6470,#6470,#6478,.T.);
#6478 = CIRCLE('',#6479,2.75);
#6479 = AXIS2_PLACEMENT_3D('',#6480,#6481,#6482);
#6480 = CARTESIAN_POINT('',(168.,-173.,-1.25));
#6481 = DIRECTION('',(1.,0.,0.));
#6482 = DIRECTION('',(-0.,0.,1.));
#6483 = ORIENTED_EDGE('',*,*,#6469,.F.);
#6484 = CYLINDRICAL_SURFACE('',#6485,2.75);
#6485 = AXIS2_PLACEMENT_3D('',#6486,#6487,#6488);
#6486 = CARTESIAN_POINT('',(166.9,-173.,-1.25));
#6487 = DIRECTION('',(1.,0.,0.));
#6488 = DIRECTION('',(-0.,0.,1.));
#6489 = ADVANCED_FACE('',(#6490,#6501),#6504,.T.);
#6490 = FACE_BOUND('',#6491,.T.);
#6491 = EDGE_LOOP('',(#6492));
#6492 = ORIENTED_EDGE('',*,*,#6493,.T.);
#6493 = EDGE_CURVE('',#6494,#6494,#6496,.T.);
#6494 = VERTEX_POINT('',#6495);
#6495 = CARTESIAN_POINT('',(168.,-173.,2.25));
#6496 = CIRCLE('',#6497,3.5);
#6497 = AXIS2_PLACEMENT_3D('',#6498,#6499,#6500);
#6498 = CARTESIAN_POINT('',(168.,-173.,-1.25));
#6499 = DIRECTION('',(1.,0.,0.));
#6500 = DIRECTION('',(-0.,0.,1.));
#6501 = FACE_BOUND('',#6502,.T.);
#6502 = EDGE_LOOP('',(#6503));
#6503 = ORIENTED_EDGE('',*,*,#6477,.F.);
#6504 = PLANE('',#6505);
#6505 = AXIS2_PLACEMENT_3D('',#6506,#6507,#6508);
#6506 = CARTESIAN_POINT('',(168.,-173.,-1.25));
#6507 = DIRECTION('',(1.,0.,0.));
#6508 = DIRECTION('',(-0.,0.,1.));
#6509 = ADVANCED_FACE('',(#6510),#6529,.F.);
#6510 = FACE_BOUND('',#6511,.F.);
#6511 = EDGE_LOOP('',(#6512,#6521,#6527,#6528));
#6512 = ORIENTED_EDGE('',*,*,#6513,.F.);
#6513 = EDGE_CURVE('',#6514,#6514,#6516,.T.);
#6514 = VERTEX_POINT('',#6515);
#6515 = CARTESIAN_POINT('',(175.5,-173.,2.25));
#6516 = CIRCLE('',#6517,3.5);
#6517 = AXIS2_PLACEMENT_3D('',#6518,#6519,#6520);
#6518 = CARTESIAN_POINT('',(175.5,-173.,-1.25));
#6519 = DIRECTION('',(1.,0.,0.));
#6520 = DIRECTION('',(-0.,0.,1.));
#6521 = ORIENTED_EDGE('',*,*,#6522,.F.);
#6522 = EDGE_CURVE('',#6494,#6514,#6523,.T.);
#6523 = LINE('',#6524,#6525);
#6524 = CARTESIAN_POINT('',(168.,-173.,2.25));
#6525 = VECTOR('',#6526,1.);
#6526 = DIRECTION('',(1.,0.,0.));
#6527 = ORIENTED_EDGE('',*,*,#6493,.T.);
#6528 = ORIENTED_EDGE('',*,*,#6522,.T.);
#6529 = CYLINDRICAL_SURFACE('',#6530,3.5);
#6530 = AXIS2_PLACEMENT_3D('',#6531,#6532,#6533);
#6531 = CARTESIAN_POINT('',(168.,-173.,-1.25));
#6532 = DIRECTION('',(1.,0.,0.));
#6533 = DIRECTION('',(-0.,0.,1.));
#6534 = ADVANCED_FACE('',(#6535),#6538,.F.);
#6535 = FACE_BOUND('',#6536,.F.);
#6536 = EDGE_LOOP('',(#6537));
#6537 = ORIENTED_EDGE('',*,*,#6513,.T.);
#6538 = PLANE('',#6539);
#6539 = AXIS2_PLACEMENT_3D('',#6540,#6541,#6542);
#6540 = CARTESIAN_POINT('',(175.5,-173.,-1.25));
#6541 = DIRECTION('',(1.,0.,0.));
#6542 = DIRECTION('',(-0.,0.,1.));
#6543 = ADVANCED_FACE('',(#6544),#6569,.T.);
#6544 = FACE_BOUND('',#6545,.T.);
#6545 = EDGE_LOOP('',(#6546,#6547,#6555,#6563));
#6546 = ORIENTED_EDGE('',*,*,#5787,.T.);
#6547 = ORIENTED_EDGE('',*,*,#6548,.T.);
#6548 = EDGE_CURVE('',#5780,#6549,#6551,.T.);
#6549 = VERTEX_POINT('',#6550);
#6550 = CARTESIAN_POINT('',(226.7,-205.,12.75));
#6551 = LINE('',#6552,#6553);
#6552 = CARTESIAN_POINT('',(226.7,-205.,-15.25));
#6553 = VECTOR('',#6554,1.);
#6554 = DIRECTION('',(0.,0.,1.));
#6555 = ORIENTED_EDGE('',*,*,#6556,.F.);
#6556 = EDGE_CURVE('',#6557,#6549,#6559,.T.);
#6557 = VERTEX_POINT('',#6558);
#6558 = CARTESIAN_POINT('',(226.7,-253.1,12.75));
#6559 = LINE('',#6560,#6561);
#6560 = CARTESIAN_POINT('',(226.7,-253.1,12.75));
#6561 = VECTOR('',#6562,1.);
#6562 = DIRECTION('',(-0.,1.,0.));
#6563 = ORIENTED_EDGE('',*,*,#6564,.F.);
#6564 = EDGE_CURVE('',#5788,#6557,#6565,.T.);
#6565 = LINE('',#6566,#6567);
#6566 = CARTESIAN_POINT('',(226.7,-253.1,-15.25));
#6567 = VECTOR('',#6568,1.);
#6568 = DIRECTION('',(0.,0.,1.));
#6569 = PLANE('',#6570);
#6570 = AXIS2_PLACEMENT_3D('',#6571,#6572,#6573);
#6571 = CARTESIAN_POINT('',(226.7,-229.05,-1.25));
#6572 = DIRECTION('',(1.,0.,0.));
#6573 = DIRECTION('',(-0.,0.,1.));
#6574 = ADVANCED_FACE('',(#6575),#6600,.T.);
#6575 = FACE_BOUND('',#6576,.T.);
#6576 = EDGE_LOOP('',(#6577,#6578,#6586,#6594));
#6577 = ORIENTED_EDGE('',*,*,#5675,.F.);
#6578 = ORIENTED_EDGE('',*,*,#6579,.T.);
#6579 = EDGE_CURVE('',#5668,#6580,#6582,.T.);
#6580 = VERTEX_POINT('',#6581);
#6581 = CARTESIAN_POINT('',(163.6,-253.1,12.75));
#6582 = LINE('',#6583,#6584);
#6583 = CARTESIAN_POINT('',(163.6,-253.1,-15.25));
#6584 = VECTOR('',#6585,1.);
#6585 = DIRECTION('',(0.,0.,1.));
#6586 = ORIENTED_EDGE('',*,*,#6587,.T.);
#6587 = EDGE_CURVE('',#6580,#6588,#6590,.T.);
#6588 = VERTEX_POINT('',#6589);
#6589 = CARTESIAN_POINT('',(163.6,-205.,12.75));
#6590 = LINE('',#6591,#6592);
#6591 = CARTESIAN_POINT('',(163.6,-253.1,12.75));
#6592 = VECTOR('',#6593,1.);
#6593 = DIRECTION('',(-0.,1.,0.));
#6594 = ORIENTED_EDGE('',*,*,#6595,.F.);
#6595 = EDGE_CURVE('',#5676,#6588,#6596,.T.);
#6596 = LINE('',#6597,#6598);
#6597 = CARTESIAN_POINT('',(163.6,-205.,-15.25));
#6598 = VECTOR('',#6599,1.);
#6599 = DIRECTION('',(0.,0.,1.));
#6600 = PLANE('',#6601);
#6601 = AXIS2_PLACEMENT_3D('',#6602,#6603,#6604);
#6602 = CARTESIAN_POINT('',(163.6,-229.05,-1.25));
#6603 = DIRECTION('',(-1.,-0.,-0.));
#6604 = DIRECTION('',(0.,0.,-1.));
#6605 = ADVANCED_FACE('',(#6606,#6656,#6659,#6662,#6665),#6668,.T.);
#6606 = FACE_BOUND('',#6607,.T.);
#6607 = EDGE_LOOP('',(#6608,#6609,#6610,#6611,#6612,#6613,#6614,#6623,
    #6632,#6641,#6649,#6655));
#6608 = ORIENTED_EDGE('',*,*,#6282,.F.);
#6609 = ORIENTED_EDGE('',*,*,#5755,.T.);
#6610 = ORIENTED_EDGE('',*,*,#6076,.T.);
#6611 = ORIENTED_EDGE('',*,*,#6102,.F.);
#6612 = ORIENTED_EDGE('',*,*,#6117,.F.);
#6613 = ORIENTED_EDGE('',*,*,#6142,.T.);
#6614 = ORIENTED_EDGE('',*,*,#6615,.T.);
#6615 = EDGE_CURVE('',#6143,#6616,#6618,.T.);
#6616 = VERTEX_POINT('',#6617);
#6617 = CARTESIAN_POINT('',(203.6,-152.,-1.25));
#6618 = CIRCLE('',#6619,21.);
#6619 = AXIS2_PLACEMENT_3D('',#6620,#6621,#6622);
#6620 = CARTESIAN_POINT('',(203.6,-173.,-1.25));
#6621 = DIRECTION('',(1.,0.,0.));
#6622 = DIRECTION('',(-0.,0.,1.));
#6623 = ORIENTED_EDGE('',*,*,#6624,.T.);
#6624 = EDGE_CURVE('',#6616,#6625,#6627,.T.);
#6625 = VERTEX_POINT('',#6626);
#6626 = CARTESIAN_POINT('',(203.6,-155.11145618,9.75));
#6627 = CIRCLE('',#6628,21.);
#6628 = AXIS2_PLACEMENT_3D('',#6629,#6630,#6631);
#6629 = CARTESIAN_POINT('',(203.6,-173.,-1.25));
#6630 = DIRECTION('',(1.,0.,0.));
#6631 = DIRECTION('',(-0.,0.,1.));
#6632 = ORIENTED_EDGE('',*,*,#6633,.T.);
#6633 = EDGE_CURVE('',#6625,#6634,#6636,.T.);
#6634 = VERTEX_POINT('',#6635);
#6635 = CARTESIAN_POINT('',(203.6,-157.3475241575,12.75));
#6636 = CIRCLE('',#6637,21.);
#6637 = AXIS2_PLACEMENT_3D('',#6638,#6639,#6640);
#6638 = CARTESIAN_POINT('',(203.6,-173.,-1.25));
#6639 = DIRECTION('',(1.,0.,0.));
#6640 = DIRECTION('',(-0.,0.,1.));
#6641 = ORIENTED_EDGE('',*,*,#6642,.F.);
#6642 = EDGE_CURVE('',#6643,#6634,#6645,.T.);
#6643 = VERTEX_POINT('',#6644);
#6644 = CARTESIAN_POINT('',(203.6,-205.,12.75));
#6645 = LINE('',#6646,#6647);
#6646 = CARTESIAN_POINT('',(203.6,-215.,12.75));
#6647 = VECTOR('',#6648,1.);
#6648 = DIRECTION('',(-0.,1.,0.));
#6649 = ORIENTED_EDGE('',*,*,#6650,.F.);
#6650 = EDGE_CURVE('',#6338,#6643,#6651,.T.);
#6651 = LINE('',#6652,#6653);
#6652 = CARTESIAN_POINT('',(203.6,-205.,9.75));
#6653 = VECTOR('',#6654,1.);
#6654 = DIRECTION('',(0.,0.,1.));
#6655 = ORIENTED_EDGE('',*,*,#6345,.F.);
#6656 = FACE_BOUND('',#6657,.T.);
#6657 = EDGE_LOOP('',(#6658));
#6658 = ORIENTED_EDGE('',*,*,#6164,.F.);
#6659 = FACE_BOUND('',#6660,.T.);
#6660 = EDGE_LOOP('',(#6661));
#6661 = ORIENTED_EDGE('',*,*,#6189,.F.);
#6662 = FACE_BOUND('',#6663,.T.);
#6663 = EDGE_LOOP('',(#6664));
#6664 = ORIENTED_EDGE('',*,*,#6214,.F.);
#6665 = FACE_BOUND('',#6666,.T.);
#6666 = EDGE_LOOP('',(#6667));
#6667 = ORIENTED_EDGE('',*,*,#6239,.F.);
#6668 = PLANE('',#6669);
#6669 = AXIS2_PLACEMENT_3D('',#6670,#6671,#6672);
#6670 = CARTESIAN_POINT('',(203.6,-183.6089882245,2.766105679961));
#6671 = DIRECTION('',(1.,0.,0.));
#6672 = DIRECTION('',(-0.,0.,1.));
#6673 = ADVANCED_FACE('',(#6674),#6687,.T.);
#6674 = FACE_BOUND('',#6675,.T.);
#6675 = EDGE_LOOP('',(#6676,#6677,#6678,#6679,#6680,#6686));
#6676 = ORIENTED_EDGE('',*,*,#5845,.F.);
#6677 = ORIENTED_EDGE('',*,*,#5879,.F.);
#6678 = ORIENTED_EDGE('',*,*,#5683,.F.);
#6679 = ORIENTED_EDGE('',*,*,#6595,.T.);
#6680 = ORIENTED_EDGE('',*,*,#6681,.T.);
#6681 = EDGE_CURVE('',#6588,#6363,#6682,.T.);
#6682 = LINE('',#6683,#6684);
#6683 = CARTESIAN_POINT('',(163.6,-205.,12.75));
#6684 = VECTOR('',#6685,1.);
#6685 = DIRECTION('',(1.,0.,-0.));
#6686 = ORIENTED_EDGE('',*,*,#6362,.F.);
#6687 = PLANE('',#6688);
#6688 = AXIS2_PLACEMENT_3D('',#6689,#6690,#6691);
#6689 = CARTESIAN_POINT('',(165.25987654321,-205.,-0.70987654321));
#6690 = DIRECTION('',(0.,1.,0.));
#6691 = DIRECTION('',(0.,-0.,1.));
#6692 = ADVANCED_FACE('',(#6693),#6706,.T.);
#6693 = FACE_BOUND('',#6694,.T.);
#6694 = EDGE_LOOP('',(#6695,#6696,#6697,#6698,#6699,#6700));
#6695 = ORIENTED_EDGE('',*,*,#6548,.F.);
#6696 = ORIENTED_EDGE('',*,*,#5779,.F.);
#6697 = ORIENTED_EDGE('',*,*,#6322,.T.);
#6698 = ORIENTED_EDGE('',*,*,#6337,.F.);
#6699 = ORIENTED_EDGE('',*,*,#6650,.T.);
#6700 = ORIENTED_EDGE('',*,*,#6701,.T.);
#6701 = EDGE_CURVE('',#6643,#6549,#6702,.T.);
#6702 = LINE('',#6703,#6704);
#6703 = CARTESIAN_POINT('',(163.6,-205.,12.75));
#6704 = VECTOR('',#6705,1.);
#6705 = DIRECTION('',(1.,0.,-0.));
#6706 = PLANE('',#6707);
#6707 = AXIS2_PLACEMENT_3D('',#6708,#6709,#6710);
#6708 = CARTESIAN_POINT('',(220.06682974559,-205.,3.666829745597));
#6709 = DIRECTION('',(0.,1.,0.));
#6710 = DIRECTION('',(0.,-0.,1.));
#6711 = ADVANCED_FACE('',(#6712),#6732,.T.);
#6712 = FACE_BOUND('',#6713,.T.);
#6713 = EDGE_LOOP('',(#6714,#6715,#6716,#6717,#6723,#6724,#6725,#6726));
#6714 = ORIENTED_EDGE('',*,*,#6370,.F.);
#6715 = ORIENTED_EDGE('',*,*,#6681,.F.);
#6716 = ORIENTED_EDGE('',*,*,#6587,.F.);
#6717 = ORIENTED_EDGE('',*,*,#6718,.T.);
#6718 = EDGE_CURVE('',#6580,#6557,#6719,.T.);
#6719 = LINE('',#6720,#6721);
#6720 = CARTESIAN_POINT('',(163.6,-253.1,12.75));
#6721 = VECTOR('',#6722,1.);
#6722 = DIRECTION('',(1.,0.,-0.));
#6723 = ORIENTED_EDGE('',*,*,#6556,.T.);
#6724 = ORIENTED_EDGE('',*,*,#6701,.F.);
#6725 = ORIENTED_EDGE('',*,*,#6642,.T.);
#6726 = ORIENTED_EDGE('',*,*,#6727,.F.);
#6727 = EDGE_CURVE('',#6371,#6634,#6728,.T.);
#6728 = LINE('',#6729,#6730);
#6729 = CARTESIAN_POINT('',(150.,-157.3475241575,12.75));
#6730 = VECTOR('',#6731,1.);
#6731 = DIRECTION('',(1.,0.,0.));
#6732 = PLANE('',#6733);
#6733 = AXIS2_PLACEMENT_3D('',#6734,#6735,#6736);
#6734 = CARTESIAN_POINT('',(192.34519228917,-209.3484793005,12.75));
#6735 = DIRECTION('',(0.,0.,1.));
#6736 = DIRECTION('',(1.,0.,-0.));
#6737 = ADVANCED_FACE('',(#6738),#6748,.T.);
#6738 = FACE_BOUND('',#6739,.T.);
#6739 = EDGE_LOOP('',(#6740,#6741,#6742,#6743,#6744,#6745,#6746,#6747));
#6740 = ORIENTED_EDGE('',*,*,#6564,.T.);
#6741 = ORIENTED_EDGE('',*,*,#6718,.F.);
#6742 = ORIENTED_EDGE('',*,*,#6579,.F.);
#6743 = ORIENTED_EDGE('',*,*,#5667,.T.);
#6744 = ORIENTED_EDGE('',*,*,#5574,.T.);
#6745 = ORIENTED_EDGE('',*,*,#5598,.T.);
#6746 = ORIENTED_EDGE('',*,*,#5622,.F.);
#6747 = ORIENTED_EDGE('',*,*,#5795,.T.);
#6748 = PLANE('',#6749);
#6749 = AXIS2_PLACEMENT_3D('',#6750,#6751,#6752);
#6750 = CARTESIAN_POINT('',(195.15,-253.1,4.574720068906));
#6751 = DIRECTION('',(-0.,-1.,-0.));
#6752 = DIRECTION('',(0.,0.,-1.));
#6753 = ADVANCED_FACE('',(#6754),#6770,.T.);
#6754 = FACE_BOUND('',#6755,.T.);
#6755 = EDGE_LOOP('',(#6756,#6757,#6758,#6759,#6760,#6761,#6762,#6763,
    #6764,#6765,#6766,#6767,#6768,#6769));
#6756 = ORIENTED_EDGE('',*,*,#6615,.F.);
#6757 = ORIENTED_EDGE('',*,*,#6150,.F.);
#6758 = ORIENTED_EDGE('',*,*,#5992,.T.);
#6759 = ORIENTED_EDGE('',*,*,#6001,.T.);
#6760 = ORIENTED_EDGE('',*,*,#6267,.F.);
#6761 = ORIENTED_EDGE('',*,*,#5935,.F.);
#6762 = ORIENTED_EDGE('',*,*,#5926,.F.);
#6763 = ORIENTED_EDGE('',*,*,#5715,.F.);
#6764 = ORIENTED_EDGE('',*,*,#6396,.T.);
#6765 = ORIENTED_EDGE('',*,*,#6387,.T.);
#6766 = ORIENTED_EDGE('',*,*,#6378,.T.);
#6767 = ORIENTED_EDGE('',*,*,#6727,.T.);
#6768 = ORIENTED_EDGE('',*,*,#6633,.F.);
#6769 = ORIENTED_EDGE('',*,*,#6624,.F.);
#6770 = CYLINDRICAL_SURFACE('',#6771,21.);
#6771 = AXIS2_PLACEMENT_3D('',#6772,#6773,#6774);
#6772 = CARTESIAN_POINT('',(150.,-173.,-1.25));
#6773 = DIRECTION('',(1.,0.,0.));
#6774 = DIRECTION('',(-0.,0.,1.));
#6775 = MANIFOLD_SOLID_BREP('',#6776);
#6776 = CLOSED_SHELL('',(#6777,#6810,#6830,#6850));
#6777 = ADVANCED_FACE('',(#6778),#6805,.T.);
#6778 = FACE_BOUND('',#6779,.T.);
#6779 = EDGE_LOOP('',(#6780,#6789,#6797,#6804));
#6780 = ORIENTED_EDGE('',*,*,#6781,.F.);
#6781 = EDGE_CURVE('',#6782,#6782,#6784,.T.);
#6782 = VERTEX_POINT('',#6783);
#6783 = CARTESIAN_POINT('',(167.,-173.,2.85));
#6784 = CIRCLE('',#6785,4.1);
#6785 = AXIS2_PLACEMENT_3D('',#6786,#6787,#6788);
#6786 = CARTESIAN_POINT('',(167.,-173.,-1.25));
#6787 = DIRECTION('',(1.,0.,0.));
#6788 = DIRECTION('',(-0.,0.,1.));
#6789 = ORIENTED_EDGE('',*,*,#6790,.F.);
#6790 = EDGE_CURVE('',#6791,#6782,#6793,.T.);
#6791 = VERTEX_POINT('',#6792);
#6792 = CARTESIAN_POINT('',(162.,-173.,2.85));
#6793 = LINE('',#6794,#6795);
#6794 = CARTESIAN_POINT('',(162.,-173.,2.85));
#6795 = VECTOR('',#6796,1.);
#6796 = DIRECTION('',(1.,0.,0.));
#6797 = ORIENTED_EDGE('',*,*,#6798,.T.);
#6798 = EDGE_CURVE('',#6791,#6791,#6799,.T.);
#6799 = CIRCLE('',#6800,4.1);
#6800 = AXIS2_PLACEMENT_3D('',#6801,#6802,#6803);
#6801 = CARTESIAN_POINT('',(162.,-173.,-1.25));
#6802 = DIRECTION('',(1.,0.,0.));
#6803 = DIRECTION('',(-0.,0.,1.));
#6804 = ORIENTED_EDGE('',*,*,#6790,.T.);
#6805 = CYLINDRICAL_SURFACE('',#6806,4.1);
#6806 = AXIS2_PLACEMENT_3D('',#6807,#6808,#6809);
#6807 = CARTESIAN_POINT('',(162.,-173.,-1.25));
#6808 = DIRECTION('',(1.,0.,0.));
#6809 = DIRECTION('',(-0.,0.,1.));
#6810 = ADVANCED_FACE('',(#6811,#6814),#6825,.T.);
#6811 = FACE_BOUND('',#6812,.T.);
#6812 = EDGE_LOOP('',(#6813));
#6813 = ORIENTED_EDGE('',*,*,#6781,.T.);
#6814 = FACE_BOUND('',#6815,.T.);
#6815 = EDGE_LOOP('',(#6816));
#6816 = ORIENTED_EDGE('',*,*,#6817,.F.);
#6817 = EDGE_CURVE('',#6818,#6818,#6820,.T.);
#6818 = VERTEX_POINT('',#6819);
#6819 = CARTESIAN_POINT('',(167.,-173.,1.25));
#6820 = CIRCLE('',#6821,2.5);
#6821 = AXIS2_PLACEMENT_3D('',#6822,#6823,#6824);
#6822 = CARTESIAN_POINT('',(167.,-173.,-1.25));
#6823 = DIRECTION('',(1.,0.,0.));
#6824 = DIRECTION('',(-0.,0.,1.));
#6825 = PLANE('',#6826);
#6826 = AXIS2_PLACEMENT_3D('',#6827,#6828,#6829);
#6827 = CARTESIAN_POINT('',(167.,-173.,-1.25));
#6828 = DIRECTION('',(1.,0.,0.));
#6829 = DIRECTION('',(-0.,0.,1.));
#6830 = ADVANCED_FACE('',(#6831,#6834),#6845,.F.);
#6831 = FACE_BOUND('',#6832,.F.);
#6832 = EDGE_LOOP('',(#6833));
#6833 = ORIENTED_EDGE('',*,*,#6798,.T.);
#6834 = FACE_BOUND('',#6835,.F.);
#6835 = EDGE_LOOP('',(#6836));
#6836 = ORIENTED_EDGE('',*,*,#6837,.F.);
#6837 = EDGE_CURVE('',#6838,#6838,#6840,.T.);
#6838 = VERTEX_POINT('',#6839);
#6839 = CARTESIAN_POINT('',(162.,-173.,1.25));
#6840 = CIRCLE('',#6841,2.5);
#6841 = AXIS2_PLACEMENT_3D('',#6842,#6843,#6844);
#6842 = CARTESIAN_POINT('',(162.,-173.,-1.25));
#6843 = DIRECTION('',(1.,0.,0.));
#6844 = DIRECTION('',(-0.,0.,1.));
#6845 = PLANE('',#6846);
#6846 = AXIS2_PLACEMENT_3D('',#6847,#6848,#6849);
#6847 = CARTESIAN_POINT('',(162.,-173.,-1.25));
#6848 = DIRECTION('',(1.,0.,0.));
#6849 = DIRECTION('',(-0.,0.,1.));
#6850 = ADVANCED_FACE('',(#6851),#6862,.F.);
#6851 = FACE_BOUND('',#6852,.F.);
#6852 = EDGE_LOOP('',(#6853,#6854,#6860,#6861));
#6853 = ORIENTED_EDGE('',*,*,#6817,.F.);
#6854 = ORIENTED_EDGE('',*,*,#6855,.F.);
#6855 = EDGE_CURVE('',#6838,#6818,#6856,.T.);
#6856 = LINE('',#6857,#6858);
#6857 = CARTESIAN_POINT('',(161.,-173.,1.25));
#6858 = VECTOR('',#6859,1.);
#6859 = DIRECTION('',(1.,0.,0.));
#6860 = ORIENTED_EDGE('',*,*,#6837,.T.);
#6861 = ORIENTED_EDGE('',*,*,#6855,.T.);
#6862 = CYLINDRICAL_SURFACE('',#6863,2.5);
#6863 = AXIS2_PLACEMENT_3D('',#6864,#6865,#6866);
#6864 = CARTESIAN_POINT('',(161.,-173.,-1.25));
#6865 = DIRECTION('',(1.,0.,0.));
#6866 = DIRECTION('',(-0.,0.,1.));
#6867 = MANIFOLD_SOLID_BREP('',#6868);
#6868 = CLOSED_SHELL('',(#6869,#6902,#6922,#6942));
#6869 = ADVANCED_FACE('',(#6870),#6897,.T.);
#6870 = FACE_BOUND('',#6871,.T.);
#6871 = EDGE_LOOP('',(#6872,#6881,#6889,#6896));
#6872 = ORIENTED_EDGE('',*,*,#6873,.F.);
#6873 = EDGE_CURVE('',#6874,#6874,#6876,.T.);
#6874 = VERTEX_POINT('',#6875);
#6875 = CARTESIAN_POINT('',(161.,-173.,-6.25));
#6876 = CIRCLE('',#6877,5.);
#6877 = AXIS2_PLACEMENT_3D('',#6878,#6879,#6880);
#6878 = CARTESIAN_POINT('',(161.,-173.,-1.25));
#6879 = DIRECTION('',(-1.,0.,0.));
#6880 = DIRECTION('',(0.,0.,-1.));
#6881 = ORIENTED_EDGE('',*,*,#6882,.F.);
#6882 = EDGE_CURVE('',#6883,#6874,#6885,.T.);
#6883 = VERTEX_POINT('',#6884);
#6884 = CARTESIAN_POINT('',(162.,-173.,-6.25));
#6885 = LINE('',#6886,#6887);
#6886 = CARTESIAN_POINT('',(162.,-173.,-6.25));
#6887 = VECTOR('',#6888,1.);
#6888 = DIRECTION('',(-1.,0.,0.));
#6889 = ORIENTED_EDGE('',*,*,#6890,.T.);
#6890 = EDGE_CURVE('',#6883,#6883,#6891,.T.);
#6891 = CIRCLE('',#6892,5.);
#6892 = AXIS2_PLACEMENT_3D('',#6893,#6894,#6895);
#6893 = CARTESIAN_POINT('',(162.,-173.,-1.25));
#6894 = DIRECTION('',(-1.,0.,0.));
#6895 = DIRECTION('',(0.,0.,-1.));
#6896 = ORIENTED_EDGE('',*,*,#6882,.T.);
#6897 = CYLINDRICAL_SURFACE('',#6898,5.);
#6898 = AXIS2_PLACEMENT_3D('',#6899,#6900,#6901);
#6899 = CARTESIAN_POINT('',(162.,-173.,-1.25));
#6900 = DIRECTION('',(-1.,0.,0.));
#6901 = DIRECTION('',(0.,0.,-1.));
#6902 = ADVANCED_FACE('',(#6903,#6906),#6917,.T.);
#6903 = FACE_BOUND('',#6904,.T.);
#6904 = EDGE_LOOP('',(#6905));
#6905 = ORIENTED_EDGE('',*,*,#6873,.T.);
#6906 = FACE_BOUND('',#6907,.T.);
#6907 = EDGE_LOOP('',(#6908));
#6908 = ORIENTED_EDGE('',*,*,#6909,.F.);
#6909 = EDGE_CURVE('',#6910,#6910,#6912,.T.);
#6910 = VERTEX_POINT('',#6911);
#6911 = CARTESIAN_POINT('',(161.,-173.,-3.9));
#6912 = CIRCLE('',#6913,2.65);
#6913 = AXIS2_PLACEMENT_3D('',#6914,#6915,#6916);
#6914 = CARTESIAN_POINT('',(161.,-173.,-1.25));
#6915 = DIRECTION('',(-1.,0.,0.));
#6916 = DIRECTION('',(0.,0.,-1.));
#6917 = PLANE('',#6918);
#6918 = AXIS2_PLACEMENT_3D('',#6919,#6920,#6921);
#6919 = CARTESIAN_POINT('',(161.,-173.,-1.25));
#6920 = DIRECTION('',(-1.,0.,0.));
#6921 = DIRECTION('',(0.,0.,-1.));
#6922 = ADVANCED_FACE('',(#6923,#6926),#6937,.F.);
#6923 = FACE_BOUND('',#6924,.F.);
#6924 = EDGE_LOOP('',(#6925));
#6925 = ORIENTED_EDGE('',*,*,#6890,.T.);
#6926 = FACE_BOUND('',#6927,.F.);
#6927 = EDGE_LOOP('',(#6928));
#6928 = ORIENTED_EDGE('',*,*,#6929,.F.);
#6929 = EDGE_CURVE('',#6930,#6930,#6932,.T.);
#6930 = VERTEX_POINT('',#6931);
#6931 = CARTESIAN_POINT('',(162.,-173.,-3.9));
#6932 = CIRCLE('',#6933,2.65);
#6933 = AXIS2_PLACEMENT_3D('',#6934,#6935,#6936);
#6934 = CARTESIAN_POINT('',(162.,-173.,-1.25));
#6935 = DIRECTION('',(-1.,0.,0.));
#6936 = DIRECTION('',(0.,0.,-1.));
#6937 = PLANE('',#6938);
#6938 = AXIS2_PLACEMENT_3D('',#6939,#6940,#6941);
#6939 = CARTESIAN_POINT('',(162.,-173.,-1.25));
#6940 = DIRECTION('',(-1.,0.,0.));
#6941 = DIRECTION('',(0.,0.,-1.));
#6942 = ADVANCED_FACE('',(#6943),#6954,.F.);
#6943 = FACE_BOUND('',#6944,.F.);
#6944 = EDGE_LOOP('',(#6945,#6946,#6952,#6953));
#6945 = ORIENTED_EDGE('',*,*,#6909,.F.);
#6946 = ORIENTED_EDGE('',*,*,#6947,.F.);
#6947 = EDGE_CURVE('',#6930,#6910,#6948,.T.);
#6948 = LINE('',#6949,#6950);
#6949 = CARTESIAN_POINT('',(163.,-173.,-3.9));
#6950 = VECTOR('',#6951,1.);
#6951 = DIRECTION('',(-1.,0.,0.));
#6952 = ORIENTED_EDGE('',*,*,#6929,.T.);
#6953 = ORIENTED_EDGE('',*,*,#6947,.T.);
#6954 = CYLINDRICAL_SURFACE('',#6955,2.65);
#6955 = AXIS2_PLACEMENT_3D('',#6956,#6957,#6958);
#6956 = CARTESIAN_POINT('',(163.,-173.,-1.25));
#6957 = DIRECTION('',(-1.,0.,0.));
#6958 = DIRECTION('',(0.,0.,-1.));
#6959 = MANIFOLD_SOLID_BREP('',#6960);
#6960 = CLOSED_SHELL('',(#6961,#6994,#7014,#7073,#7098,#7129,#7153,#7177
    ,#7201,#7225,#7242,#7251));
#6961 = ADVANCED_FACE('',(#6962),#6989,.T.);
#6962 = FACE_BOUND('',#6963,.T.);
#6963 = EDGE_LOOP('',(#6964,#6973,#6981,#6988));
#6964 = ORIENTED_EDGE('',*,*,#6965,.F.);
#6965 = EDGE_CURVE('',#6966,#6966,#6968,.T.);
#6966 = VERTEX_POINT('',#6967);
#6967 = CARTESIAN_POINT('',(161.,-173.,3.));
#6968 = CIRCLE('',#6969,4.25);
#6969 = AXIS2_PLACEMENT_3D('',#6970,#6971,#6972);
#6970 = CARTESIAN_POINT('',(161.,-173.,-1.25));
#6971 = DIRECTION('',(1.,0.,0.));
#6972 = DIRECTION('',(-0.,0.,1.));
#6973 = ORIENTED_EDGE('',*,*,#6974,.F.);
#6974 = EDGE_CURVE('',#6975,#6966,#6977,.T.);
#6975 = VERTEX_POINT('',#6976);
#6976 = CARTESIAN_POINT('',(156.,-173.,3.));
#6977 = LINE('',#6978,#6979);
#6978 = CARTESIAN_POINT('',(156.,-173.,3.));
#6979 = VECTOR('',#6980,1.);
#6980 = DIRECTION('',(1.,0.,0.));
#6981 = ORIENTED_EDGE('',*,*,#6982,.T.);
#6982 = EDGE_CURVE('',#6975,#6975,#6983,.T.);
#6983 = CIRCLE('',#6984,4.25);
#6984 = AXIS2_PLACEMENT_3D('',#6985,#6986,#6987);
#6985 = CARTESIAN_POINT('',(156.,-173.,-1.25));
#6986 = DIRECTION('',(1.,0.,0.));
#6987 = DIRECTION('',(-0.,0.,1.));
#6988 = ORIENTED_EDGE('',*,*,#6974,.T.);
#6989 = CYLINDRICAL_SURFACE('',#6990,4.25);
#6990 = AXIS2_PLACEMENT_3D('',#6991,#6992,#6993);
#6991 = CARTESIAN_POINT('',(156.,-173.,-1.25));
#6992 = DIRECTION('',(1.,0.,0.));
#6993 = DIRECTION('',(-0.,0.,1.));
#6994 = ADVANCED_FACE('',(#6995,#6998),#7009,.T.);
#6995 = FACE_BOUND('',#6996,.T.);
#6996 = EDGE_LOOP('',(#6997));
#6997 = ORIENTED_EDGE('',*,*,#6965,.T.);
#6998 = FACE_BOUND('',#6999,.T.);
#6999 = EDGE_LOOP('',(#7000));
#7000 = ORIENTED_EDGE('',*,*,#7001,.F.);
#7001 = EDGE_CURVE('',#7002,#7002,#7004,.T.);
#7002 = VERTEX_POINT('',#7003);
#7003 = CARTESIAN_POINT('',(161.,-173.,1.25));
#7004 = CIRCLE('',#7005,2.5);
#7005 = AXIS2_PLACEMENT_3D('',#7006,#7007,#7008);
#7006 = CARTESIAN_POINT('',(161.,-173.,-1.25));
#7007 = DIRECTION('',(1.,0.,0.));
#7008 = DIRECTION('',(-0.,0.,1.));
#7009 = PLANE('',#7010);
#7010 = AXIS2_PLACEMENT_3D('',#7011,#7012,#7013);
#7011 = CARTESIAN_POINT('',(161.,-173.,-1.25));
#7012 = DIRECTION('',(1.,0.,0.));
#7013 = DIRECTION('',(-0.,0.,1.));
#7014 = ADVANCED_FACE('',(#7015,#7018),#7068,.F.);
#7015 = FACE_BOUND('',#7016,.F.);
#7016 = EDGE_LOOP('',(#7017));
#7017 = ORIENTED_EDGE('',*,*,#6982,.T.);
#7018 = FACE_BOUND('',#7019,.F.);
#7019 = EDGE_LOOP('',(#7020,#7030,#7038,#7046,#7054,#7062));
#7020 = ORIENTED_EDGE('',*,*,#7021,.T.);
#7021 = EDGE_CURVE('',#7022,#7024,#7026,.T.);
#7022 = VERTEX_POINT('',#7023);
#7023 = CARTESIAN_POINT('',(156.,-175.,-9.529946162075E-02));
#7024 = VERTEX_POINT('',#7025);
#7025 = CARTESIAN_POINT('',(156.,-173.,1.059401076759));
#7026 = LINE('',#7027,#7028);
#7027 = CARTESIAN_POINT('',(156.,-173.5,0.770725942164));
#7028 = VECTOR('',#7029,1.);
#7029 = DIRECTION('',(-0.,0.866025403784,0.5));
#7030 = ORIENTED_EDGE('',*,*,#7031,.T.);
#7031 = EDGE_CURVE('',#7024,#7032,#7034,.T.);
#7032 = VERTEX_POINT('',#7033);
#7033 = CARTESIAN_POINT('',(156.,-171.,-9.529946162075E-02));
#7034 = LINE('',#7035,#7036);
#7035 = CARTESIAN_POINT('',(156.,-171.5,0.193375672974));
#7036 = VECTOR('',#7037,1.);
#7037 = DIRECTION('',(0.,0.866025403784,-0.5));
#7038 = ORIENTED_EDGE('',*,*,#7039,.T.);
#7039 = EDGE_CURVE('',#7032,#7040,#7042,.T.);
#7040 = VERTEX_POINT('',#7041);
#7041 = CARTESIAN_POINT('',(156.,-171.,-2.404700538379));
#7042 = LINE('',#7043,#7044);
#7043 = CARTESIAN_POINT('',(156.,-171.,-1.82735026919));
#7044 = VECTOR('',#7045,1.);
#7045 = DIRECTION('',(0.,0.,-1.));
#7046 = ORIENTED_EDGE('',*,*,#7047,.T.);
#7047 = EDGE_CURVE('',#7040,#7048,#7050,.T.);
#7048 = VERTEX_POINT('',#7049);
#7049 = CARTESIAN_POINT('',(156.,-173.,-3.559401076759));
#7050 = LINE('',#7051,#7052);
#7051 = CARTESIAN_POINT('',(156.,-172.5,-3.270725942164));
#7052 = VECTOR('',#7053,1.);
#7053 = DIRECTION('',(0.,-0.866025403784,-0.5));
#7054 = ORIENTED_EDGE('',*,*,#7055,.T.);
#7055 = EDGE_CURVE('',#7048,#7056,#7058,.T.);
#7056 = VERTEX_POINT('',#7057);
#7057 = CARTESIAN_POINT('',(156.,-175.,-2.404700538379));
#7058 = LINE('',#7059,#7060);
#7059 = CARTESIAN_POINT('',(156.,-174.5,-2.693375672974));
#7060 = VECTOR('',#7061,1.);
#7061 = DIRECTION('',(0.,-0.866025403784,0.5));
#7062 = ORIENTED_EDGE('',*,*,#7063,.T.);
#7063 = EDGE_CURVE('',#7056,#7022,#7064,.T.);
#7064 = LINE('',#7065,#7066);
#7065 = CARTESIAN_POINT('',(156.,-175.,-0.67264973081));
#7066 = VECTOR('',#7067,1.);
#7067 = DIRECTION('',(0.,-0.,1.));
#7068 = PLANE('',#7069);
#7069 = AXIS2_PLACEMENT_3D('',#7070,#7071,#7072);
#7070 = CARTESIAN_POINT('',(156.,-173.,-1.25));
#7071 = DIRECTION('',(1.,0.,0.));
#7072 = DIRECTION('',(-0.,0.,1.));
#7073 = ADVANCED_FACE('',(#7074),#7093,.T.);
#7074 = FACE_BOUND('',#7075,.T.);
#7075 = EDGE_LOOP('',(#7076,#7085,#7091,#7092));
#7076 = ORIENTED_EDGE('',*,*,#7077,.F.);
#7077 = EDGE_CURVE('',#7078,#7078,#7080,.T.);
#7078 = VERTEX_POINT('',#7079);
#7079 = CARTESIAN_POINT('',(173.,-173.,1.25));
#7080 = CIRCLE('',#7081,2.5);
#7081 = AXIS2_PLACEMENT_3D('',#7082,#7083,#7084);
#7082 = CARTESIAN_POINT('',(173.,-173.,-1.25));
#7083 = DIRECTION('',(1.,0.,0.));
#7084 = DIRECTION('',(-0.,0.,1.));
#7085 = ORIENTED_EDGE('',*,*,#7086,.F.);
#7086 = EDGE_CURVE('',#7002,#7078,#7087,.T.);
#7087 = LINE('',#7088,#7089);
#7088 = CARTESIAN_POINT('',(161.,-173.,1.25));
#7089 = VECTOR('',#7090,1.);
#7090 = DIRECTION('',(1.,0.,0.));
#7091 = ORIENTED_EDGE('',*,*,#7001,.T.);
#7092 = ORIENTED_EDGE('',*,*,#7086,.T.);
#7093 = CYLINDRICAL_SURFACE('',#7094,2.5);
#7094 = AXIS2_PLACEMENT_3D('',#7095,#7096,#7097);
#7095 = CARTESIAN_POINT('',(161.,-173.,-1.25));
#7096 = DIRECTION('',(1.,0.,0.));
#7097 = DIRECTION('',(-0.,0.,1.));
#7098 = ADVANCED_FACE('',(#7099),#7124,.T.);
#7099 = FACE_BOUND('',#7100,.T.);
#7100 = EDGE_LOOP('',(#7101,#7102,#7110,#7118));
#7101 = ORIENTED_EDGE('',*,*,#7021,.T.);
#7102 = ORIENTED_EDGE('',*,*,#7103,.T.);
#7103 = EDGE_CURVE('',#7024,#7104,#7106,.T.);
#7104 = VERTEX_POINT('',#7105);
#7105 = CARTESIAN_POINT('',(159.,-173.,1.059401076759));
#7106 = LINE('',#7107,#7108);
#7107 = CARTESIAN_POINT('',(155.9,-173.,1.059401076759));
#7108 = VECTOR('',#7109,1.);
#7109 = DIRECTION('',(1.,0.,0.));
#7110 = ORIENTED_EDGE('',*,*,#7111,.T.);
#7111 = EDGE_CURVE('',#7104,#7112,#7114,.T.);
#7112 = VERTEX_POINT('',#7113);
#7113 = CARTESIAN_POINT('',(159.,-175.,-9.529946162075E-02));
#7114 = LINE('',#7115,#7116);
#7115 = CARTESIAN_POINT('',(159.,-173.,1.059401076759));
#7116 = VECTOR('',#7117,1.);
#7117 = DIRECTION('',(0.,-0.866025403784,-0.5));
#7118 = ORIENTED_EDGE('',*,*,#7119,.F.);
#7119 = EDGE_CURVE('',#7022,#7112,#7120,.T.);
#7120 = LINE('',#7121,#7122);
#7121 = CARTESIAN_POINT('',(155.9,-175.,-9.529946162075E-02));
#7122 = VECTOR('',#7123,1.);
#7123 = DIRECTION('',(1.,0.,0.));
#7124 = PLANE('',#7125);
#7125 = AXIS2_PLACEMENT_3D('',#7126,#7127,#7128);
#7126 = CARTESIAN_POINT('',(155.9,-173.,1.059401076759));
#7127 = DIRECTION('',(0.,0.5,-0.866025403784));
#7128 = DIRECTION('',(0.,-0.866025403784,-0.5));
#7129 = ADVANCED_FACE('',(#7130),#7148,.T.);
#7130 = FACE_BOUND('',#7131,.T.);
#7131 = EDGE_LOOP('',(#7132,#7133,#7134,#7142));
#7132 = ORIENTED_EDGE('',*,*,#7063,.T.);
#7133 = ORIENTED_EDGE('',*,*,#7119,.T.);
#7134 = ORIENTED_EDGE('',*,*,#7135,.T.);
#7135 = EDGE_CURVE('',#7112,#7136,#7138,.T.);
#7136 = VERTEX_POINT('',#7137);
#7137 = CARTESIAN_POINT('',(159.,-175.,-2.404700538379));
#7138 = LINE('',#7139,#7140);
#7139 = CARTESIAN_POINT('',(159.,-175.,-9.529946162075E-02));
#7140 = VECTOR('',#7141,1.);
#7141 = DIRECTION('',(0.,0.,-1.));
#7142 = ORIENTED_EDGE('',*,*,#7143,.F.);
#7143 = EDGE_CURVE('',#7056,#7136,#7144,.T.);
#7144 = LINE('',#7145,#7146);
#7145 = CARTESIAN_POINT('',(155.9,-175.,-2.404700538379));
#7146 = VECTOR('',#7147,1.);
#7147 = DIRECTION('',(1.,0.,0.));
#7148 = PLANE('',#7149);
#7149 = AXIS2_PLACEMENT_3D('',#7150,#7151,#7152);
#7150 = CARTESIAN_POINT('',(155.9,-175.,-9.529946162075E-02));
#7151 = DIRECTION('',(-0.,1.,0.));
#7152 = DIRECTION('',(0.,0.,-1.));
#7153 = ADVANCED_FACE('',(#7154),#7172,.T.);
#7154 = FACE_BOUND('',#7155,.T.);
#7155 = EDGE_LOOP('',(#7156,#7157,#7158,#7166));
#7156 = ORIENTED_EDGE('',*,*,#7055,.T.);
#7157 = ORIENTED_EDGE('',*,*,#7143,.T.);
#7158 = ORIENTED_EDGE('',*,*,#7159,.T.);
#7159 = EDGE_CURVE('',#7136,#7160,#7162,.T.);
#7160 = VERTEX_POINT('',#7161);
#7161 = CARTESIAN_POINT('',(159.,-173.,-3.559401076759));
#7162 = LINE('',#7163,#7164);
#7163 = CARTESIAN_POINT('',(159.,-175.,-2.404700538379));
#7164 = VECTOR('',#7165,1.);
#7165 = DIRECTION('',(0.,0.866025403784,-0.5));
#7166 = ORIENTED_EDGE('',*,*,#7167,.F.);
#7167 = EDGE_CURVE('',#7048,#7160,#7168,.T.);
#7168 = LINE('',#7169,#7170);
#7169 = CARTESIAN_POINT('',(155.9,-173.,-3.559401076759));
#7170 = VECTOR('',#7171,1.);
#7171 = DIRECTION('',(1.,0.,0.));
#7172 = PLANE('',#7173);
#7173 = AXIS2_PLACEMENT_3D('',#7174,#7175,#7176);
#7174 = CARTESIAN_POINT('',(155.9,-175.,-2.404700538379));
#7175 = DIRECTION('',(-0.,0.5,0.866025403784));
#7176 = DIRECTION('',(0.,0.866025403784,-0.5));
#7177 = ADVANCED_FACE('',(#7178),#7196,.T.);
#7178 = FACE_BOUND('',#7179,.T.);
#7179 = EDGE_LOOP('',(#7180,#7181,#7182,#7190));
#7180 = ORIENTED_EDGE('',*,*,#7047,.T.);
#7181 = ORIENTED_EDGE('',*,*,#7167,.T.);
#7182 = ORIENTED_EDGE('',*,*,#7183,.T.);
#7183 = EDGE_CURVE('',#7160,#7184,#7186,.T.);
#7184 = VERTEX_POINT('',#7185);
#7185 = CARTESIAN_POINT('',(159.,-171.,-2.404700538379));
#7186 = LINE('',#7187,#7188);
#7187 = CARTESIAN_POINT('',(159.,-173.,-3.559401076759));
#7188 = VECTOR('',#7189,1.);
#7189 = DIRECTION('',(0.,0.866025403784,0.5));
#7190 = ORIENTED_EDGE('',*,*,#7191,.F.);
#7191 = EDGE_CURVE('',#7040,#7184,#7192,.T.);
#7192 = LINE('',#7193,#7194);
#7193 = CARTESIAN_POINT('',(155.9,-171.,-2.404700538379));
#7194 = VECTOR('',#7195,1.);
#7195 = DIRECTION('',(1.,0.,0.));
#7196 = PLANE('',#7197);
#7197 = AXIS2_PLACEMENT_3D('',#7198,#7199,#7200);
#7198 = CARTESIAN_POINT('',(155.9,-173.,-3.559401076759));
#7199 = DIRECTION('',(0.,-0.5,0.866025403784));
#7200 = DIRECTION('',(0.,0.866025403784,0.5));
#7201 = ADVANCED_FACE('',(#7202),#7220,.T.);
#7202 = FACE_BOUND('',#7203,.T.);
#7203 = EDGE_LOOP('',(#7204,#7205,#7206,#7214));
#7204 = ORIENTED_EDGE('',*,*,#7039,.T.);
#7205 = ORIENTED_EDGE('',*,*,#7191,.T.);
#7206 = ORIENTED_EDGE('',*,*,#7207,.T.);
#7207 = EDGE_CURVE('',#7184,#7208,#7210,.T.);
#7208 = VERTEX_POINT('',#7209);
#7209 = CARTESIAN_POINT('',(159.,-171.,-9.529946162075E-02));
#7210 = LINE('',#7211,#7212);
#7211 = CARTESIAN_POINT('',(159.,-171.,-2.404700538379));
#7212 = VECTOR('',#7213,1.);
#7213 = DIRECTION('',(0.,0.,1.));
#7214 = ORIENTED_EDGE('',*,*,#7215,.F.);
#7215 = EDGE_CURVE('',#7032,#7208,#7216,.T.);
#7216 = LINE('',#7217,#7218);
#7217 = CARTESIAN_POINT('',(155.9,-171.,-9.529946162075E-02));
#7218 = VECTOR('',#7219,1.);
#7219 = DIRECTION('',(1.,0.,0.));
#7220 = PLANE('',#7221);
#7221 = AXIS2_PLACEMENT_3D('',#7222,#7223,#7224);
#7222 = CARTESIAN_POINT('',(155.9,-171.,-2.404700538379));
#7223 = DIRECTION('',(0.,-1.,0.));
#7224 = DIRECTION('',(0.,0.,1.));
#7225 = ADVANCED_FACE('',(#7226),#7237,.T.);
#7226 = FACE_BOUND('',#7227,.T.);
#7227 = EDGE_LOOP('',(#7228,#7229,#7230,#7236));
#7228 = ORIENTED_EDGE('',*,*,#7031,.T.);
#7229 = ORIENTED_EDGE('',*,*,#7215,.T.);
#7230 = ORIENTED_EDGE('',*,*,#7231,.T.);
#7231 = EDGE_CURVE('',#7208,#7104,#7232,.T.);
#7232 = LINE('',#7233,#7234);
#7233 = CARTESIAN_POINT('',(159.,-171.,-9.529946162075E-02));
#7234 = VECTOR('',#7235,1.);
#7235 = DIRECTION('',(0.,-0.866025403784,0.5));
#7236 = ORIENTED_EDGE('',*,*,#7103,.F.);
#7237 = PLANE('',#7238);
#7238 = AXIS2_PLACEMENT_3D('',#7239,#7240,#7241);
#7239 = CARTESIAN_POINT('',(155.9,-171.,-9.529946162075E-02));
#7240 = DIRECTION('',(0.,-0.5,-0.866025403784));
#7241 = DIRECTION('',(0.,-0.866025403784,0.5));
#7242 = ADVANCED_FACE('',(#7243),#7246,.T.);
#7243 = FACE_BOUND('',#7244,.T.);
#7244 = EDGE_LOOP('',(#7245));
#7245 = ORIENTED_EDGE('',*,*,#7077,.T.);
#7246 = PLANE('',#7247);
#7247 = AXIS2_PLACEMENT_3D('',#7248,#7249,#7250);
#7248 = CARTESIAN_POINT('',(173.,-173.,-1.25));
#7249 = DIRECTION('',(1.,0.,0.));
#7250 = DIRECTION('',(-0.,0.,1.));
#7251 = ADVANCED_FACE('',(#7252),#7260,.F.);
#7252 = FACE_BOUND('',#7253,.F.);
#7253 = EDGE_LOOP('',(#7254,#7255,#7256,#7257,#7258,#7259));
#7254 = ORIENTED_EDGE('',*,*,#7231,.T.);
#7255 = ORIENTED_EDGE('',*,*,#7111,.T.);
#7256 = ORIENTED_EDGE('',*,*,#7135,.T.);
#7257 = ORIENTED_EDGE('',*,*,#7159,.T.);
#7258 = ORIENTED_EDGE('',*,*,#7183,.T.);
#7259 = ORIENTED_EDGE('',*,*,#7207,.T.);
#7260 = PLANE('',#7261);
#7261 = AXIS2_PLACEMENT_3D('',#7262,#7263,#7264);
#7262 = CARTESIAN_POINT('',(159.,-173.,-1.25));
#7263 = DIRECTION('',(1.,0.,0.));
#7264 = DIRECTION('',(-0.,0.,1.));
#7265 = MANIFOLD_SOLID_BREP('',#7266);
#7266 = CLOSED_SHELL('',(#7267,#7300,#7320,#7340));
#7267 = ADVANCED_FACE('',(#7268),#7295,.T.);
#7268 = FACE_BOUND('',#7269,.T.);
#7269 = EDGE_LOOP('',(#7270,#7279,#7287,#7294));
#7270 = ORIENTED_EDGE('',*,*,#7271,.F.);
#7271 = EDGE_CURVE('',#7272,#7272,#7274,.T.);
#7272 = VERTEX_POINT('',#7273);
#7273 = CARTESIAN_POINT('',(175.,-173.,2.25));
#7274 = CIRCLE('',#7275,3.5);
#7275 = AXIS2_PLACEMENT_3D('',#7276,#7277,#7278);
#7276 = CARTESIAN_POINT('',(175.,-173.,-1.25));
#7277 = DIRECTION('',(1.,0.,0.));
#7278 = DIRECTION('',(-0.,0.,1.));
#7279 = ORIENTED_EDGE('',*,*,#7280,.F.);
#7280 = EDGE_CURVE('',#7281,#7272,#7283,.T.);
#7281 = VERTEX_POINT('',#7282);
#7282 = CARTESIAN_POINT('',(168.,-173.,2.25));
#7283 = LINE('',#7284,#7285);
#7284 = CARTESIAN_POINT('',(168.,-173.,2.25));
#7285 = VECTOR('',#7286,1.);
#7286 = DIRECTION('',(1.,0.,0.));
#7287 = ORIENTED_EDGE('',*,*,#7288,.T.);
#7288 = EDGE_CURVE('',#7281,#7281,#7289,.T.);
#7289 = CIRCLE('',#7290,3.5);
#7290 = AXIS2_PLACEMENT_3D('',#7291,#7292,#7293);
#7291 = CARTESIAN_POINT('',(168.,-173.,-1.25));
#7292 = DIRECTION('',(1.,0.,0.));
#7293 = DIRECTION('',(-0.,0.,1.));
#7294 = ORIENTED_EDGE('',*,*,#7280,.T.);
#7295 = CYLINDRICAL_SURFACE('',#7296,3.5);
#7296 = AXIS2_PLACEMENT_3D('',#7297,#7298,#7299);
#7297 = CARTESIAN_POINT('',(168.,-173.,-1.25));
#7298 = DIRECTION('',(1.,0.,0.));
#7299 = DIRECTION('',(-0.,0.,1.));
#7300 = ADVANCED_FACE('',(#7301,#7304),#7315,.T.);
#7301 = FACE_BOUND('',#7302,.T.);
#7302 = EDGE_LOOP('',(#7303));
#7303 = ORIENTED_EDGE('',*,*,#7271,.T.);
#7304 = FACE_BOUND('',#7305,.T.);
#7305 = EDGE_LOOP('',(#7306));
#7306 = ORIENTED_EDGE('',*,*,#7307,.F.);
#7307 = EDGE_CURVE('',#7308,#7308,#7310,.T.);
#7308 = VERTEX_POINT('',#7309);
#7309 = CARTESIAN_POINT('',(175.,-173.,1.25));
#7310 = CIRCLE('',#7311,2.5);
#7311 = AXIS2_PLACEMENT_3D('',#7312,#7313,#7314);
#7312 = CARTESIAN_POINT('',(175.,-173.,-1.25));
#7313 = DIRECTION('',(1.,0.,0.));
#7314 = DIRECTION('',(-0.,0.,1.));
#7315 = PLANE('',#7316);
#7316 = AXIS2_PLACEMENT_3D('',#7317,#7318,#7319);
#7317 = CARTESIAN_POINT('',(175.,-173.,-1.25));
#7318 = DIRECTION('',(1.,0.,0.));
#7319 = DIRECTION('',(-0.,0.,1.));
#7320 = ADVANCED_FACE('',(#7321,#7324),#7335,.F.);
#7321 = FACE_BOUND('',#7322,.F.);
#7322 = EDGE_LOOP('',(#7323));
#7323 = ORIENTED_EDGE('',*,*,#7288,.T.);
#7324 = FACE_BOUND('',#7325,.F.);
#7325 = EDGE_LOOP('',(#7326));
#7326 = ORIENTED_EDGE('',*,*,#7327,.F.);
#7327 = EDGE_CURVE('',#7328,#7328,#7330,.T.);
#7328 = VERTEX_POINT('',#7329);
#7329 = CARTESIAN_POINT('',(168.,-173.,1.25));
#7330 = CIRCLE('',#7331,2.5);
#7331 = AXIS2_PLACEMENT_3D('',#7332,#7333,#7334);
#7332 = CARTESIAN_POINT('',(168.,-173.,-1.25));
#7333 = DIRECTION('',(1.,0.,0.));
#7334 = DIRECTION('',(-0.,0.,1.));
#7335 = PLANE('',#7336);
#7336 = AXIS2_PLACEMENT_3D('',#7337,#7338,#7339);
#7337 = CARTESIAN_POINT('',(168.,-173.,-1.25));
#7338 = DIRECTION('',(1.,0.,0.));
#7339 = DIRECTION('',(-0.,0.,1.));
#7340 = ADVANCED_FACE('',(#7341),#7352,.F.);
#7341 = FACE_BOUND('',#7342,.F.);
#7342 = EDGE_LOOP('',(#7343,#7344,#7350,#7351));
#7343 = ORIENTED_EDGE('',*,*,#7307,.F.);
#7344 = ORIENTED_EDGE('',*,*,#7345,.F.);
#7345 = EDGE_CURVE('',#7328,#7308,#7346,.T.);
#7346 = LINE('',#7347,#7348);
#7347 = CARTESIAN_POINT('',(167.,-173.,1.25));
#7348 = VECTOR('',#7349,1.);
#7349 = DIRECTION('',(1.,0.,0.));
#7350 = ORIENTED_EDGE('',*,*,#7327,.T.);
#7351 = ORIENTED_EDGE('',*,*,#7345,.T.);
#7352 = CYLINDRICAL_SURFACE('',#7353,2.5);
#7353 = AXIS2_PLACEMENT_3D('',#7354,#7355,#7356);
#7354 = CARTESIAN_POINT('',(167.,-173.,-1.25));
#7355 = DIRECTION('',(1.,0.,0.));
#7356 = DIRECTION('',(-0.,0.,1.));
#7357 = MANIFOLD_SOLID_BREP('',#7358);
#7358 = CLOSED_SHELL('',(#7359,#7399,#7430,#7461,#7544,#7627,#7658,#7689
    ,#7720,#7785,#7816,#7847,#7878,#7961,#7983,#8005,#8027,#8047,#8067,
    #8081,#8095,#8109));
#7359 = ADVANCED_FACE('',(#7360),#7394,.T.);
#7360 = FACE_BOUND('',#7361,.T.);
#7361 = EDGE_LOOP('',(#7362,#7372,#7380,#7388));
#7362 = ORIENTED_EDGE('',*,*,#7363,.F.);
#7363 = EDGE_CURVE('',#7364,#7366,#7368,.T.);
#7364 = VERTEX_POINT('',#7365);
#7365 = CARTESIAN_POINT('',(177.,-162.8,-11.1));
#7366 = VERTEX_POINT('',#7367);
#7367 = CARTESIAN_POINT('',(203.6,-162.8,-11.1));
#7368 = LINE('',#7369,#7370);
#7369 = CARTESIAN_POINT('',(177.,-162.8,-11.1));
#7370 = VECTOR('',#7371,1.);
#7371 = DIRECTION('',(1.,0.,-2.22044604925E-16));
#7372 = ORIENTED_EDGE('',*,*,#7373,.F.);
#7373 = EDGE_CURVE('',#7374,#7364,#7376,.T.);
#7374 = VERTEX_POINT('',#7375);
#7375 = CARTESIAN_POINT('',(177.,-162.8,8.6));
#7376 = LINE('',#7377,#7378);
#7377 = CARTESIAN_POINT('',(177.,-162.8,8.6));
#7378 = VECTOR('',#7379,1.);
#7379 = DIRECTION('',(-2.22044604925E-16,0.,-1.));
#7380 = ORIENTED_EDGE('',*,*,#7381,.T.);
#7381 = EDGE_CURVE('',#7374,#7382,#7384,.T.);
#7382 = VERTEX_POINT('',#7383);
#7383 = CARTESIAN_POINT('',(203.6,-162.8,8.6));
#7384 = LINE('',#7385,#7386);
#7385 = CARTESIAN_POINT('',(177.,-162.8,8.6));
#7386 = VECTOR('',#7387,1.);
#7387 = DIRECTION('',(1.,0.,-2.22044604925E-16));
#7388 = ORIENTED_EDGE('',*,*,#7389,.T.);
#7389 = EDGE_CURVE('',#7382,#7366,#7390,.T.);
#7390 = LINE('',#7391,#7392);
#7391 = CARTESIAN_POINT('',(203.6,-162.8,8.6));
#7392 = VECTOR('',#7393,1.);
#7393 = DIRECTION('',(-2.22044604925E-16,0.,-1.));
#7394 = PLANE('',#7395);
#7395 = AXIS2_PLACEMENT_3D('',#7396,#7397,#7398);
#7396 = CARTESIAN_POINT('',(177.,-162.8,8.6));
#7397 = DIRECTION('',(0.,1.,0.));
#7398 = DIRECTION('',(1.,0.,-2.22044604925E-16));
#7399 = ADVANCED_FACE('',(#7400),#7425,.F.);
#7400 = FACE_BOUND('',#7401,.F.);
#7401 = EDGE_LOOP('',(#7402,#7410,#7418,#7424));
#7402 = ORIENTED_EDGE('',*,*,#7403,.F.);
#7403 = EDGE_CURVE('',#7404,#7374,#7406,.T.);
#7404 = VERTEX_POINT('',#7405);
#7405 = CARTESIAN_POINT('',(177.,-203.5,8.6));
#7406 = LINE('',#7407,#7408);
#7407 = CARTESIAN_POINT('',(177.,-203.5,8.6));
#7408 = VECTOR('',#7409,1.);
#7409 = DIRECTION('',(0.,1.,0.));
#7410 = ORIENTED_EDGE('',*,*,#7411,.T.);
#7411 = EDGE_CURVE('',#7404,#7412,#7414,.T.);
#7412 = VERTEX_POINT('',#7413);
#7413 = CARTESIAN_POINT('',(177.,-203.5,-11.1));
#7414 = LINE('',#7415,#7416);
#7415 = CARTESIAN_POINT('',(177.,-203.5,8.6));
#7416 = VECTOR('',#7417,1.);
#7417 = DIRECTION('',(-2.22044604925E-16,0.,-1.));
#7418 = ORIENTED_EDGE('',*,*,#7419,.T.);
#7419 = EDGE_CURVE('',#7412,#7364,#7420,.T.);
#7420 = LINE('',#7421,#7422);
#7421 = CARTESIAN_POINT('',(177.,-203.5,-11.1));
#7422 = VECTOR('',#7423,1.);
#7423 = DIRECTION('',(0.,1.,0.));
#7424 = ORIENTED_EDGE('',*,*,#7373,.F.);
#7425 = PLANE('',#7426);
#7426 = AXIS2_PLACEMENT_3D('',#7427,#7428,#7429);
#7427 = CARTESIAN_POINT('',(177.,-203.5,8.6));
#7428 = DIRECTION('',(1.,0.,-2.22044604925E-16));
#7429 = DIRECTION('',(-2.22044604925E-16,0.,-1.));
#7430 = ADVANCED_FACE('',(#7431),#7456,.F.);
#7431 = FACE_BOUND('',#7432,.F.);
#7432 = EDGE_LOOP('',(#7433,#7441,#7442,#7450));
#7433 = ORIENTED_EDGE('',*,*,#7434,.F.);
#7434 = EDGE_CURVE('',#7412,#7435,#7437,.T.);
#7435 = VERTEX_POINT('',#7436);
#7436 = CARTESIAN_POINT('',(203.6,-203.5,-11.1));
#7437 = LINE('',#7438,#7439);
#7438 = CARTESIAN_POINT('',(177.,-203.5,-11.1));
#7439 = VECTOR('',#7440,1.);
#7440 = DIRECTION('',(1.,0.,-2.22044604925E-16));
#7441 = ORIENTED_EDGE('',*,*,#7411,.F.);
#7442 = ORIENTED_EDGE('',*,*,#7443,.T.);
#7443 = EDGE_CURVE('',#7404,#7444,#7446,.T.);
#7444 = VERTEX_POINT('',#7445);
#7445 = CARTESIAN_POINT('',(203.6,-203.5,8.6));
#7446 = LINE('',#7447,#7448);
#7447 = CARTESIAN_POINT('',(177.,-203.5,8.6));
#7448 = VECTOR('',#7449,1.);
#7449 = DIRECTION('',(1.,0.,-2.22044604925E-16));
#7450 = ORIENTED_EDGE('',*,*,#7451,.T.);
#7451 = EDGE_CURVE('',#7444,#7435,#7452,.T.);
#7452 = LINE('',#7453,#7454);
#7453 = CARTESIAN_POINT('',(203.6,-203.5,8.6));
#7454 = VECTOR('',#7455,1.);
#7455 = DIRECTION('',(-2.22044604925E-16,0.,-1.));
#7456 = PLANE('',#7457);
#7457 = AXIS2_PLACEMENT_3D('',#7458,#7459,#7460);
#7458 = CARTESIAN_POINT('',(177.,-203.5,8.6));
#7459 = DIRECTION('',(0.,1.,0.));
#7460 = DIRECTION('',(1.,0.,-2.22044604925E-16));
#7461 = ADVANCED_FACE('',(#7462),#7539,.F.);
#7462 = FACE_BOUND('',#7463,.F.);
#7463 = EDGE_LOOP('',(#7464,#7474,#7480,#7481,#7489,#7497,#7506,#7515,
    #7523,#7532));
#7464 = ORIENTED_EDGE('',*,*,#7465,.T.);
#7465 = EDGE_CURVE('',#7466,#7468,#7470,.T.);
#7466 = VERTEX_POINT('',#7467);
#7467 = CARTESIAN_POINT('',(203.6,-209.95,-7.292832680731));
#7468 = VERTEX_POINT('',#7469);
#7469 = CARTESIAN_POINT('',(203.6,-209.95,-11.1));
#7470 = LINE('',#7471,#7472);
#7471 = CARTESIAN_POINT('',(203.6,-209.95,8.6));
#7472 = VECTOR('',#7473,1.);
#7473 = DIRECTION('',(-2.22044604925E-16,0.,-1.));
#7474 = ORIENTED_EDGE('',*,*,#7475,.T.);
#7475 = EDGE_CURVE('',#7468,#7435,#7476,.T.);
#7476 = LINE('',#7477,#7478);
#7477 = CARTESIAN_POINT('',(203.6,-209.95,-11.1));
#7478 = VECTOR('',#7479,1.);
#7479 = DIRECTION('',(0.,1.,0.));
#7480 = ORIENTED_EDGE('',*,*,#7451,.F.);
#7481 = ORIENTED_EDGE('',*,*,#7482,.F.);
#7482 = EDGE_CURVE('',#7483,#7444,#7485,.T.);
#7483 = VERTEX_POINT('',#7484);
#7484 = CARTESIAN_POINT('',(203.6,-209.95,8.6));
#7485 = LINE('',#7486,#7487);
#7486 = CARTESIAN_POINT('',(203.6,-209.95,8.6));
#7487 = VECTOR('',#7488,1.);
#7488 = DIRECTION('',(0.,1.,0.));
#7489 = ORIENTED_EDGE('',*,*,#7490,.T.);
#7490 = EDGE_CURVE('',#7483,#7491,#7493,.T.);
#7491 = VERTEX_POINT('',#7492);
#7492 = CARTESIAN_POINT('',(203.6,-209.95,4.792832680731));
#7493 = LINE('',#7494,#7495);
#7494 = CARTESIAN_POINT('',(203.6,-209.95,8.6));
#7495 = VECTOR('',#7496,1.);
#7496 = DIRECTION('',(-2.22044604925E-16,0.,-1.));
#7497 = ORIENTED_EDGE('',*,*,#7498,.F.);
#7498 = EDGE_CURVE('',#7499,#7491,#7501,.T.);
#7499 = VERTEX_POINT('',#7500);
#7500 = CARTESIAN_POINT('',(203.6,-207.9,1.45));
#7501 = CIRCLE('',#7502,2.3);
#7502 = AXIS2_PLACEMENT_3D('',#7503,#7504,#7505);
#7503 = CARTESIAN_POINT('',(203.6,-207.9,3.75));
#7504 = DIRECTION('',(1.,0.,-2.22044604925E-16));
#7505 = DIRECTION('',(-2.22044604925E-16,0.,-1.));
#7506 = ORIENTED_EDGE('',*,*,#7507,.F.);
#7507 = EDGE_CURVE('',#7508,#7499,#7510,.T.);
#7508 = VERTEX_POINT('',#7509);
#7509 = CARTESIAN_POINT('',(203.6,-209.95,2.707167319269));
#7510 = CIRCLE('',#7511,2.3);
#7511 = AXIS2_PLACEMENT_3D('',#7512,#7513,#7514);
#7512 = CARTESIAN_POINT('',(203.6,-207.9,3.75));
#7513 = DIRECTION('',(1.,0.,-2.22044604925E-16));
#7514 = DIRECTION('',(-2.22044604925E-16,0.,-1.));
#7515 = ORIENTED_EDGE('',*,*,#7516,.T.);
#7516 = EDGE_CURVE('',#7508,#7517,#7519,.T.);
#7517 = VERTEX_POINT('',#7518);
#7518 = CARTESIAN_POINT('',(203.6,-209.95,-5.207167319269));
#7519 = LINE('',#7520,#7521);
#7520 = CARTESIAN_POINT('',(203.6,-209.95,8.6));
#7521 = VECTOR('',#7522,1.);
#7522 = DIRECTION('',(-2.22044604925E-16,0.,-1.));
#7523 = ORIENTED_EDGE('',*,*,#7524,.F.);
#7524 = EDGE_CURVE('',#7525,#7517,#7527,.T.);
#7525 = VERTEX_POINT('',#7526);
#7526 = CARTESIAN_POINT('',(203.6,-207.9,-8.55));
#7527 = CIRCLE('',#7528,2.3);
#7528 = AXIS2_PLACEMENT_3D('',#7529,#7530,#7531);
#7529 = CARTESIAN_POINT('',(203.6,-207.9,-6.25));
#7530 = DIRECTION('',(1.,0.,-2.22044604925E-16));
#7531 = DIRECTION('',(-2.22044604925E-16,0.,-1.));
#7532 = ORIENTED_EDGE('',*,*,#7533,.F.);
#7533 = EDGE_CURVE('',#7466,#7525,#7534,.T.);
#7534 = CIRCLE('',#7535,2.3);
#7535 = AXIS2_PLACEMENT_3D('',#7536,#7537,#7538);
#7536 = CARTESIAN_POINT('',(203.6,-207.9,-6.25));
#7537 = DIRECTION('',(1.,0.,-2.22044604925E-16));
#7538 = DIRECTION('',(-2.22044604925E-16,0.,-1.));
#7539 = PLANE('',#7540);
#7540 = AXIS2_PLACEMENT_3D('',#7541,#7542,#7543);
#7541 = CARTESIAN_POINT('',(203.6,-209.95,8.6));
#7542 = DIRECTION('',(1.,0.,-2.22044604925E-16));
#7543 = DIRECTION('',(-2.22044604925E-16,0.,-1.));
#7544 = ADVANCED_FACE('',(#7545),#7622,.F.);
#7545 = FACE_BOUND('',#7546,.F.);
#7546 = EDGE_LOOP('',(#7547,#7548,#7556,#7564,#7573,#7582,#7590,#7599,
    #7608,#7616));
#7547 = ORIENTED_EDGE('',*,*,#7389,.T.);
#7548 = ORIENTED_EDGE('',*,*,#7549,.T.);
#7549 = EDGE_CURVE('',#7366,#7550,#7552,.T.);
#7550 = VERTEX_POINT('',#7551);
#7551 = CARTESIAN_POINT('',(203.6,-156.35,-11.1));
#7552 = LINE('',#7553,#7554);
#7553 = CARTESIAN_POINT('',(203.6,-209.95,-11.1));
#7554 = VECTOR('',#7555,1.);
#7555 = DIRECTION('',(0.,1.,0.));
#7556 = ORIENTED_EDGE('',*,*,#7557,.F.);
#7557 = EDGE_CURVE('',#7558,#7550,#7560,.T.);
#7558 = VERTEX_POINT('',#7559);
#7559 = CARTESIAN_POINT('',(203.6,-156.35,-7.292832680731));
#7560 = LINE('',#7561,#7562);
#7561 = CARTESIAN_POINT('',(203.6,-156.35,8.6));
#7562 = VECTOR('',#7563,1.);
#7563 = DIRECTION('',(-2.22044604925E-16,0.,-1.));
#7564 = ORIENTED_EDGE('',*,*,#7565,.F.);
#7565 = EDGE_CURVE('',#7566,#7558,#7568,.T.);
#7566 = VERTEX_POINT('',#7567);
#7567 = CARTESIAN_POINT('',(203.6,-158.4,-8.55));
#7568 = CIRCLE('',#7569,2.3);
#7569 = AXIS2_PLACEMENT_3D('',#7570,#7571,#7572);
#7570 = CARTESIAN_POINT('',(203.6,-158.4,-6.25));
#7571 = DIRECTION('',(1.,0.,-2.22044604925E-16));
#7572 = DIRECTION('',(-2.22044604925E-16,0.,-1.));
#7573 = ORIENTED_EDGE('',*,*,#7574,.F.);
#7574 = EDGE_CURVE('',#7575,#7566,#7577,.T.);
#7575 = VERTEX_POINT('',#7576);
#7576 = CARTESIAN_POINT('',(203.6,-156.35,-5.207167319269));
#7577 = CIRCLE('',#7578,2.3);
#7578 = AXIS2_PLACEMENT_3D('',#7579,#7580,#7581);
#7579 = CARTESIAN_POINT('',(203.6,-158.4,-6.25));
#7580 = DIRECTION('',(1.,0.,-2.22044604925E-16));
#7581 = DIRECTION('',(-2.22044604925E-16,0.,-1.));
#7582 = ORIENTED_EDGE('',*,*,#7583,.F.);
#7583 = EDGE_CURVE('',#7584,#7575,#7586,.T.);
#7584 = VERTEX_POINT('',#7585);
#7585 = CARTESIAN_POINT('',(203.6,-156.35,2.707167319269));
#7586 = LINE('',#7587,#7588);
#7587 = CARTESIAN_POINT('',(203.6,-156.35,8.6));
#7588 = VECTOR('',#7589,1.);
#7589 = DIRECTION('',(-2.22044604925E-16,0.,-1.));
#7590 = ORIENTED_EDGE('',*,*,#7591,.F.);
#7591 = EDGE_CURVE('',#7592,#7584,#7594,.T.);
#7592 = VERTEX_POINT('',#7593);
#7593 = CARTESIAN_POINT('',(203.6,-158.4,1.45));
#7594 = CIRCLE('',#7595,2.3);
#7595 = AXIS2_PLACEMENT_3D('',#7596,#7597,#7598);
#7596 = CARTESIAN_POINT('',(203.6,-158.4,3.75));
#7597 = DIRECTION('',(1.,0.,-2.22044604925E-16));
#7598 = DIRECTION('',(-2.22044604925E-16,0.,-1.));
#7599 = ORIENTED_EDGE('',*,*,#7600,.F.);
#7600 = EDGE_CURVE('',#7601,#7592,#7603,.T.);
#7601 = VERTEX_POINT('',#7602);
#7602 = CARTESIAN_POINT('',(203.6,-156.35,4.792832680731));
#7603 = CIRCLE('',#7604,2.3);
#7604 = AXIS2_PLACEMENT_3D('',#7605,#7606,#7607);
#7605 = CARTESIAN_POINT('',(203.6,-158.4,3.75));
#7606 = DIRECTION('',(1.,0.,-2.22044604925E-16));
#7607 = DIRECTION('',(-2.22044604925E-16,0.,-1.));
#7608 = ORIENTED_EDGE('',*,*,#7609,.F.);
#7609 = EDGE_CURVE('',#7610,#7601,#7612,.T.);
#7610 = VERTEX_POINT('',#7611);
#7611 = CARTESIAN_POINT('',(203.6,-156.35,8.6));
#7612 = LINE('',#7613,#7614);
#7613 = CARTESIAN_POINT('',(203.6,-156.35,8.6));
#7614 = VECTOR('',#7615,1.);
#7615 = DIRECTION('',(-2.22044604925E-16,0.,-1.));
#7616 = ORIENTED_EDGE('',*,*,#7617,.F.);
#7617 = EDGE_CURVE('',#7382,#7610,#7618,.T.);
#7618 = LINE('',#7619,#7620);
#7619 = CARTESIAN_POINT('',(203.6,-209.95,8.6));
#7620 = VECTOR('',#7621,1.);
#7621 = DIRECTION('',(0.,1.,0.));
#7622 = PLANE('',#7623);
#7623 = AXIS2_PLACEMENT_3D('',#7624,#7625,#7626);
#7624 = CARTESIAN_POINT('',(203.6,-209.95,8.6));
#7625 = DIRECTION('',(1.,0.,-2.22044604925E-16));
#7626 = DIRECTION('',(-2.22044604925E-16,0.,-1.));
#7627 = ADVANCED_FACE('',(#7628),#7653,.F.);
#7628 = FACE_BOUND('',#7629,.F.);
#7629 = EDGE_LOOP('',(#7630,#7631,#7639,#7647));
#7630 = ORIENTED_EDGE('',*,*,#7465,.F.);
#7631 = ORIENTED_EDGE('',*,*,#7632,.T.);
#7632 = EDGE_CURVE('',#7466,#7633,#7635,.T.);
#7633 = VERTEX_POINT('',#7634);
#7634 = CARTESIAN_POINT('',(206.1,-209.95,-7.292832680731));
#7635 = LINE('',#7636,#7637);
#7636 = CARTESIAN_POINT('',(202.6,-209.95,-7.292832680731));
#7637 = VECTOR('',#7638,1.);
#7638 = DIRECTION('',(1.,0.,-2.22044604925E-16));
#7639 = ORIENTED_EDGE('',*,*,#7640,.T.);
#7640 = EDGE_CURVE('',#7633,#7641,#7643,.T.);
#7641 = VERTEX_POINT('',#7642);
#7642 = CARTESIAN_POINT('',(206.1,-209.95,-11.1));
#7643 = LINE('',#7644,#7645);
#7644 = CARTESIAN_POINT('',(206.1,-209.95,8.6));
#7645 = VECTOR('',#7646,1.);
#7646 = DIRECTION('',(-2.22044604925E-16,0.,-1.));
#7647 = ORIENTED_EDGE('',*,*,#7648,.F.);
#7648 = EDGE_CURVE('',#7468,#7641,#7649,.T.);
#7649 = LINE('',#7650,#7651);
#7650 = CARTESIAN_POINT('',(203.6,-209.95,-11.1));
#7651 = VECTOR('',#7652,1.);
#7652 = DIRECTION('',(1.,0.,-2.22044604925E-16));
#7653 = PLANE('',#7654);
#7654 = AXIS2_PLACEMENT_3D('',#7655,#7656,#7657);
#7655 = CARTESIAN_POINT('',(203.6,-209.95,8.6));
#7656 = DIRECTION('',(0.,1.,0.));
#7657 = DIRECTION('',(1.,0.,-2.22044604925E-16));
#7658 = ADVANCED_FACE('',(#7659),#7684,.F.);
#7659 = FACE_BOUND('',#7660,.F.);
#7660 = EDGE_LOOP('',(#7661,#7662,#7670,#7678));
#7661 = ORIENTED_EDGE('',*,*,#7516,.F.);
#7662 = ORIENTED_EDGE('',*,*,#7663,.T.);
#7663 = EDGE_CURVE('',#7508,#7664,#7666,.T.);
#7664 = VERTEX_POINT('',#7665);
#7665 = CARTESIAN_POINT('',(206.1,-209.95,2.707167319269));
#7666 = LINE('',#7667,#7668);
#7667 = CARTESIAN_POINT('',(202.6,-209.95,2.707167319269));
#7668 = VECTOR('',#7669,1.);
#7669 = DIRECTION('',(1.,0.,-2.22044604925E-16));
#7670 = ORIENTED_EDGE('',*,*,#7671,.T.);
#7671 = EDGE_CURVE('',#7664,#7672,#7674,.T.);
#7672 = VERTEX_POINT('',#7673);
#7673 = CARTESIAN_POINT('',(206.1,-209.95,-5.207167319269));
#7674 = LINE('',#7675,#7676);
#7675 = CARTESIAN_POINT('',(206.1,-209.95,8.6));
#7676 = VECTOR('',#7677,1.);
#7677 = DIRECTION('',(-2.22044604925E-16,0.,-1.));
#7678 = ORIENTED_EDGE('',*,*,#7679,.F.);
#7679 = EDGE_CURVE('',#7517,#7672,#7680,.T.);
#7680 = LINE('',#7681,#7682);
#7681 = CARTESIAN_POINT('',(202.6,-209.95,-5.207167319269));
#7682 = VECTOR('',#7683,1.);
#7683 = DIRECTION('',(1.,0.,-2.22044604925E-16));
#7684 = PLANE('',#7685);
#7685 = AXIS2_PLACEMENT_3D('',#7686,#7687,#7688);
#7686 = CARTESIAN_POINT('',(203.6,-209.95,8.6));
#7687 = DIRECTION('',(0.,1.,0.));
#7688 = DIRECTION('',(1.,0.,-2.22044604925E-16));
#7689 = ADVANCED_FACE('',(#7690),#7715,.F.);
#7690 = FACE_BOUND('',#7691,.F.);
#7691 = EDGE_LOOP('',(#7692,#7693,#7701,#7709));
#7692 = ORIENTED_EDGE('',*,*,#7490,.F.);
#7693 = ORIENTED_EDGE('',*,*,#7694,.T.);
#7694 = EDGE_CURVE('',#7483,#7695,#7697,.T.);
#7695 = VERTEX_POINT('',#7696);
#7696 = CARTESIAN_POINT('',(206.1,-209.95,8.6));
#7697 = LINE('',#7698,#7699);
#7698 = CARTESIAN_POINT('',(203.6,-209.95,8.6));
#7699 = VECTOR('',#7700,1.);
#7700 = DIRECTION('',(1.,0.,-2.22044604925E-16));
#7701 = ORIENTED_EDGE('',*,*,#7702,.T.);
#7702 = EDGE_CURVE('',#7695,#7703,#7705,.T.);
#7703 = VERTEX_POINT('',#7704);
#7704 = CARTESIAN_POINT('',(206.1,-209.95,4.792832680731));
#7705 = LINE('',#7706,#7707);
#7706 = CARTESIAN_POINT('',(206.1,-209.95,8.6));
#7707 = VECTOR('',#7708,1.);
#7708 = DIRECTION('',(-2.22044604925E-16,0.,-1.));
#7709 = ORIENTED_EDGE('',*,*,#7710,.F.);
#7710 = EDGE_CURVE('',#7491,#7703,#7711,.T.);
#7711 = LINE('',#7712,#7713);
#7712 = CARTESIAN_POINT('',(202.6,-209.95,4.792832680731));
#7713 = VECTOR('',#7714,1.);
#7714 = DIRECTION('',(1.,0.,-2.22044604925E-16));
#7715 = PLANE('',#7716);
#7716 = AXIS2_PLACEMENT_3D('',#7717,#7718,#7719);
#7717 = CARTESIAN_POINT('',(203.6,-209.95,8.6));
#7718 = DIRECTION('',(0.,1.,0.));
#7719 = DIRECTION('',(1.,0.,-2.22044604925E-16));
#7720 = ADVANCED_FACE('',(#7721),#7780,.T.);
#7721 = FACE_BOUND('',#7722,.T.);
#7722 = EDGE_LOOP('',(#7723,#7724,#7732,#7740,#7746,#7747,#7756,#7763,
    #7764,#7773));
#7723 = ORIENTED_EDGE('',*,*,#7640,.T.);
#7724 = ORIENTED_EDGE('',*,*,#7725,.T.);
#7725 = EDGE_CURVE('',#7641,#7726,#7728,.T.);
#7726 = VERTEX_POINT('',#7727);
#7727 = CARTESIAN_POINT('',(206.1,-203.5,-11.1));
#7728 = LINE('',#7729,#7730);
#7729 = CARTESIAN_POINT('',(206.1,-209.95,-11.1));
#7730 = VECTOR('',#7731,1.);
#7731 = DIRECTION('',(0.,1.,0.));
#7732 = ORIENTED_EDGE('',*,*,#7733,.F.);
#7733 = EDGE_CURVE('',#7734,#7726,#7736,.T.);
#7734 = VERTEX_POINT('',#7735);
#7735 = CARTESIAN_POINT('',(206.1,-203.5,8.6));
#7736 = LINE('',#7737,#7738);
#7737 = CARTESIAN_POINT('',(206.1,-203.5,8.6));
#7738 = VECTOR('',#7739,1.);
#7739 = DIRECTION('',(-2.22044604925E-16,0.,-1.));
#7740 = ORIENTED_EDGE('',*,*,#7741,.F.);
#7741 = EDGE_CURVE('',#7695,#7734,#7742,.T.);
#7742 = LINE('',#7743,#7744);
#7743 = CARTESIAN_POINT('',(206.1,-209.95,8.6));
#7744 = VECTOR('',#7745,1.);
#7745 = DIRECTION('',(0.,1.,0.));
#7746 = ORIENTED_EDGE('',*,*,#7702,.T.);
#7747 = ORIENTED_EDGE('',*,*,#7748,.F.);
#7748 = EDGE_CURVE('',#7749,#7703,#7751,.T.);
#7749 = VERTEX_POINT('',#7750);
#7750 = CARTESIAN_POINT('',(206.1,-207.9,1.45));
#7751 = CIRCLE('',#7752,2.3);
#7752 = AXIS2_PLACEMENT_3D('',#7753,#7754,#7755);
#7753 = CARTESIAN_POINT('',(206.1,-207.9,3.75));
#7754 = DIRECTION('',(1.,0.,-2.22044604925E-16));
#7755 = DIRECTION('',(-2.22044604925E-16,0.,-1.));
#7756 = ORIENTED_EDGE('',*,*,#7757,.F.);
#7757 = EDGE_CURVE('',#7664,#7749,#7758,.T.);
#7758 = CIRCLE('',#7759,2.3);
#7759 = AXIS2_PLACEMENT_3D('',#7760,#7761,#7762);
#7760 = CARTESIAN_POINT('',(206.1,-207.9,3.75));
#7761 = DIRECTION('',(1.,0.,-2.22044604925E-16));
#7762 = DIRECTION('',(-2.22044604925E-16,0.,-1.));
#7763 = ORIENTED_EDGE('',*,*,#7671,.T.);
#7764 = ORIENTED_EDGE('',*,*,#7765,.F.);
#7765 = EDGE_CURVE('',#7766,#7672,#7768,.T.);
#7766 = VERTEX_POINT('',#7767);
#7767 = CARTESIAN_POINT('',(206.1,-207.9,-8.55));
#7768 = CIRCLE('',#7769,2.3);
#7769 = AXIS2_PLACEMENT_3D('',#7770,#7771,#7772);
#7770 = CARTESIAN_POINT('',(206.1,-207.9,-6.25));
#7771 = DIRECTION('',(1.,0.,-2.22044604925E-16));
#7772 = DIRECTION('',(-2.22044604925E-16,0.,-1.));
#7773 = ORIENTED_EDGE('',*,*,#7774,.F.);
#7774 = EDGE_CURVE('',#7633,#7766,#7775,.T.);
#7775 = CIRCLE('',#7776,2.3);
#7776 = AXIS2_PLACEMENT_3D('',#7777,#7778,#7779);
#7777 = CARTESIAN_POINT('',(206.1,-207.9,-6.25));
#7778 = DIRECTION('',(1.,0.,-2.22044604925E-16));
#7779 = DIRECTION('',(-2.22044604925E-16,0.,-1.));
#7780 = PLANE('',#7781);
#7781 = AXIS2_PLACEMENT_3D('',#7782,#7783,#7784);
#7782 = CARTESIAN_POINT('',(206.1,-209.95,8.6));
#7783 = DIRECTION('',(1.,0.,-2.22044604925E-16));
#7784 = DIRECTION('',(-2.22044604925E-16,0.,-1.));
#7785 = ADVANCED_FACE('',(#7786),#7811,.F.);
#7786 = FACE_BOUND('',#7787,.F.);
#7787 = EDGE_LOOP('',(#7788,#7796,#7797,#7805));
#7788 = ORIENTED_EDGE('',*,*,#7789,.F.);
#7789 = EDGE_CURVE('',#7726,#7790,#7792,.T.);
#7790 = VERTEX_POINT('',#7791);
#7791 = CARTESIAN_POINT('',(213.6,-203.5,-11.1));
#7792 = LINE('',#7793,#7794);
#7793 = CARTESIAN_POINT('',(177.,-203.5,-11.1));
#7794 = VECTOR('',#7795,1.);
#7795 = DIRECTION('',(1.,0.,-2.22044604925E-16));
#7796 = ORIENTED_EDGE('',*,*,#7733,.F.);
#7797 = ORIENTED_EDGE('',*,*,#7798,.T.);
#7798 = EDGE_CURVE('',#7734,#7799,#7801,.T.);
#7799 = VERTEX_POINT('',#7800);
#7800 = CARTESIAN_POINT('',(213.6,-203.5,8.6));
#7801 = LINE('',#7802,#7803);
#7802 = CARTESIAN_POINT('',(177.,-203.5,8.6));
#7803 = VECTOR('',#7804,1.);
#7804 = DIRECTION('',(1.,0.,-2.22044604925E-16));
#7805 = ORIENTED_EDGE('',*,*,#7806,.T.);
#7806 = EDGE_CURVE('',#7799,#7790,#7807,.T.);
#7807 = LINE('',#7808,#7809);
#7808 = CARTESIAN_POINT('',(213.6,-203.5,8.6));
#7809 = VECTOR('',#7810,1.);
#7810 = DIRECTION('',(-2.22044604925E-16,0.,-1.));
#7811 = PLANE('',#7812);
#7812 = AXIS2_PLACEMENT_3D('',#7813,#7814,#7815);
#7813 = CARTESIAN_POINT('',(177.,-203.5,8.6));
#7814 = DIRECTION('',(0.,1.,0.));
#7815 = DIRECTION('',(1.,0.,-2.22044604925E-16));
#7816 = ADVANCED_FACE('',(#7817),#7842,.T.);
#7817 = FACE_BOUND('',#7818,.T.);
#7818 = EDGE_LOOP('',(#7819,#7827,#7828,#7836));
#7819 = ORIENTED_EDGE('',*,*,#7820,.F.);
#7820 = EDGE_CURVE('',#7799,#7821,#7823,.T.);
#7821 = VERTEX_POINT('',#7822);
#7822 = CARTESIAN_POINT('',(213.6,-162.8,8.6));
#7823 = LINE('',#7824,#7825);
#7824 = CARTESIAN_POINT('',(213.6,-203.5,8.6));
#7825 = VECTOR('',#7826,1.);
#7826 = DIRECTION('',(0.,1.,0.));
#7827 = ORIENTED_EDGE('',*,*,#7806,.T.);
#7828 = ORIENTED_EDGE('',*,*,#7829,.T.);
#7829 = EDGE_CURVE('',#7790,#7830,#7832,.T.);
#7830 = VERTEX_POINT('',#7831);
#7831 = CARTESIAN_POINT('',(213.6,-162.8,-11.1));
#7832 = LINE('',#7833,#7834);
#7833 = CARTESIAN_POINT('',(213.6,-203.5,-11.1));
#7834 = VECTOR('',#7835,1.);
#7835 = DIRECTION('',(0.,1.,0.));
#7836 = ORIENTED_EDGE('',*,*,#7837,.F.);
#7837 = EDGE_CURVE('',#7821,#7830,#7838,.T.);
#7838 = LINE('',#7839,#7840);
#7839 = CARTESIAN_POINT('',(213.6,-162.8,8.6));
#7840 = VECTOR('',#7841,1.);
#7841 = DIRECTION('',(-2.22044604925E-16,0.,-1.));
#7842 = PLANE('',#7843);
#7843 = AXIS2_PLACEMENT_3D('',#7844,#7845,#7846);
#7844 = CARTESIAN_POINT('',(213.6,-203.5,8.6));
#7845 = DIRECTION('',(1.,0.,-2.22044604925E-16));
#7846 = DIRECTION('',(-2.22044604925E-16,0.,-1.));
#7847 = ADVANCED_FACE('',(#7848),#7873,.T.);
#7848 = FACE_BOUND('',#7849,.T.);
#7849 = EDGE_LOOP('',(#7850,#7858,#7866,#7872));
#7850 = ORIENTED_EDGE('',*,*,#7851,.F.);
#7851 = EDGE_CURVE('',#7852,#7830,#7854,.T.);
#7852 = VERTEX_POINT('',#7853);
#7853 = CARTESIAN_POINT('',(206.1,-162.8,-11.1));
#7854 = LINE('',#7855,#7856);
#7855 = CARTESIAN_POINT('',(177.,-162.8,-11.1));
#7856 = VECTOR('',#7857,1.);
#7857 = DIRECTION('',(1.,0.,-2.22044604925E-16));
#7858 = ORIENTED_EDGE('',*,*,#7859,.F.);
#7859 = EDGE_CURVE('',#7860,#7852,#7862,.T.);
#7860 = VERTEX_POINT('',#7861);
#7861 = CARTESIAN_POINT('',(206.1,-162.8,8.6));
#7862 = LINE('',#7863,#7864);
#7863 = CARTESIAN_POINT('',(206.1,-162.8,8.6));
#7864 = VECTOR('',#7865,1.);
#7865 = DIRECTION('',(-2.22044604925E-16,0.,-1.));
#7866 = ORIENTED_EDGE('',*,*,#7867,.T.);
#7867 = EDGE_CURVE('',#7860,#7821,#7868,.T.);
#7868 = LINE('',#7869,#7870);
#7869 = CARTESIAN_POINT('',(177.,-162.8,8.6));
#7870 = VECTOR('',#7871,1.);
#7871 = DIRECTION('',(1.,0.,-2.22044604925E-16));
#7872 = ORIENTED_EDGE('',*,*,#7837,.T.);
#7873 = PLANE('',#7874);
#7874 = AXIS2_PLACEMENT_3D('',#7875,#7876,#7877);
#7875 = CARTESIAN_POINT('',(177.,-162.8,8.6));
#7876 = DIRECTION('',(0.,1.,0.));
#7877 = DIRECTION('',(1.,0.,-2.22044604925E-16));
#7878 = ADVANCED_FACE('',(#7879),#7956,.T.);
#7879 = FACE_BOUND('',#7880,.T.);
#7880 = EDGE_LOOP('',(#7881,#7882,#7890,#7898,#7907,#7916,#7924,#7933,
    #7942,#7950));
#7881 = ORIENTED_EDGE('',*,*,#7859,.T.);
#7882 = ORIENTED_EDGE('',*,*,#7883,.T.);
#7883 = EDGE_CURVE('',#7852,#7884,#7886,.T.);
#7884 = VERTEX_POINT('',#7885);
#7885 = CARTESIAN_POINT('',(206.1,-156.35,-11.1));
#7886 = LINE('',#7887,#7888);
#7887 = CARTESIAN_POINT('',(206.1,-209.95,-11.1));
#7888 = VECTOR('',#7889,1.);
#7889 = DIRECTION('',(0.,1.,0.));
#7890 = ORIENTED_EDGE('',*,*,#7891,.F.);
#7891 = EDGE_CURVE('',#7892,#7884,#7894,.T.);
#7892 = VERTEX_POINT('',#7893);
#7893 = CARTESIAN_POINT('',(206.1,-156.35,-7.292832680731));
#7894 = LINE('',#7895,#7896);
#7895 = CARTESIAN_POINT('',(206.1,-156.35,8.6));
#7896 = VECTOR('',#7897,1.);
#7897 = DIRECTION('',(-2.22044604925E-16,0.,-1.));
#7898 = ORIENTED_EDGE('',*,*,#7899,.F.);
#7899 = EDGE_CURVE('',#7900,#7892,#7902,.T.);
#7900 = VERTEX_POINT('',#7901);
#7901 = CARTESIAN_POINT('',(206.1,-158.4,-8.55));
#7902 = CIRCLE('',#7903,2.3);
#7903 = AXIS2_PLACEMENT_3D('',#7904,#7905,#7906);
#7904 = CARTESIAN_POINT('',(206.1,-158.4,-6.25));
#7905 = DIRECTION('',(1.,0.,-2.22044604925E-16));
#7906 = DIRECTION('',(-2.22044604925E-16,0.,-1.));
#7907 = ORIENTED_EDGE('',*,*,#7908,.F.);
#7908 = EDGE_CURVE('',#7909,#7900,#7911,.T.);
#7909 = VERTEX_POINT('',#7910);
#7910 = CARTESIAN_POINT('',(206.1,-156.35,-5.207167319269));
#7911 = CIRCLE('',#7912,2.3);
#7912 = AXIS2_PLACEMENT_3D('',#7913,#7914,#7915);
#7913 = CARTESIAN_POINT('',(206.1,-158.4,-6.25));
#7914 = DIRECTION('',(1.,0.,-2.22044604925E-16));
#7915 = DIRECTION('',(-2.22044604925E-16,0.,-1.));
#7916 = ORIENTED_EDGE('',*,*,#7917,.F.);
#7917 = EDGE_CURVE('',#7918,#7909,#7920,.T.);
#7918 = VERTEX_POINT('',#7919);
#7919 = CARTESIAN_POINT('',(206.1,-156.35,2.707167319269));
#7920 = LINE('',#7921,#7922);
#7921 = CARTESIAN_POINT('',(206.1,-156.35,8.6));
#7922 = VECTOR('',#7923,1.);
#7923 = DIRECTION('',(-2.22044604925E-16,0.,-1.));
#7924 = ORIENTED_EDGE('',*,*,#7925,.F.);
#7925 = EDGE_CURVE('',#7926,#7918,#7928,.T.);
#7926 = VERTEX_POINT('',#7927);
#7927 = CARTESIAN_POINT('',(206.1,-158.4,1.45));
#7928 = CIRCLE('',#7929,2.3);
#7929 = AXIS2_PLACEMENT_3D('',#7930,#7931,#7932);
#7930 = CARTESIAN_POINT('',(206.1,-158.4,3.75));
#7931 = DIRECTION('',(1.,0.,-2.22044604925E-16));
#7932 = DIRECTION('',(-2.22044604925E-16,0.,-1.));
#7933 = ORIENTED_EDGE('',*,*,#7934,.F.);
#7934 = EDGE_CURVE('',#7935,#7926,#7937,.T.);
#7935 = VERTEX_POINT('',#7936);
#7936 = CARTESIAN_POINT('',(206.1,-156.35,4.792832680731));
#7937 = CIRCLE('',#7938,2.3);
#7938 = AXIS2_PLACEMENT_3D('',#7939,#7940,#7941);
#7939 = CARTESIAN_POINT('',(206.1,-158.4,3.75));
#7940 = DIRECTION('',(1.,0.,-2.22044604925E-16));
#7941 = DIRECTION('',(-2.22044604925E-16,0.,-1.));
#7942 = ORIENTED_EDGE('',*,*,#7943,.F.);
#7943 = EDGE_CURVE('',#7944,#7935,#7946,.T.);
#7944 = VERTEX_POINT('',#7945);
#7945 = CARTESIAN_POINT('',(206.1,-156.35,8.6));
#7946 = LINE('',#7947,#7948);
#7947 = CARTESIAN_POINT('',(206.1,-156.35,8.6));
#7948 = VECTOR('',#7949,1.);
#7949 = DIRECTION('',(-2.22044604925E-16,0.,-1.));
#7950 = ORIENTED_EDGE('',*,*,#7951,.F.);
#7951 = EDGE_CURVE('',#7860,#7944,#7952,.T.);
#7952 = LINE('',#7953,#7954);
#7953 = CARTESIAN_POINT('',(206.1,-209.95,8.6));
#7954 = VECTOR('',#7955,1.);
#7955 = DIRECTION('',(0.,1.,0.));
#7956 = PLANE('',#7957);
#7957 = AXIS2_PLACEMENT_3D('',#7958,#7959,#7960);
#7958 = CARTESIAN_POINT('',(206.1,-209.95,8.6));
#7959 = DIRECTION('',(1.,0.,-2.22044604925E-16));
#7960 = DIRECTION('',(-2.22044604925E-16,0.,-1.));
#7961 = ADVANCED_FACE('',(#7962),#7978,.T.);
#7962 = FACE_BOUND('',#7963,.T.);
#7963 = EDGE_LOOP('',(#7964,#7965,#7971,#7972));
#7964 = ORIENTED_EDGE('',*,*,#7609,.F.);
#7965 = ORIENTED_EDGE('',*,*,#7966,.T.);
#7966 = EDGE_CURVE('',#7610,#7944,#7967,.T.);
#7967 = LINE('',#7968,#7969);
#7968 = CARTESIAN_POINT('',(203.6,-156.35,8.6));
#7969 = VECTOR('',#7970,1.);
#7970 = DIRECTION('',(1.,0.,-2.22044604925E-16));
#7971 = ORIENTED_EDGE('',*,*,#7943,.T.);
#7972 = ORIENTED_EDGE('',*,*,#7973,.F.);
#7973 = EDGE_CURVE('',#7601,#7935,#7974,.T.);
#7974 = LINE('',#7975,#7976);
#7975 = CARTESIAN_POINT('',(202.6,-156.35,4.792832680731));
#7976 = VECTOR('',#7977,1.);
#7977 = DIRECTION('',(1.,0.,-2.22044604925E-16));
#7978 = PLANE('',#7979);
#7979 = AXIS2_PLACEMENT_3D('',#7980,#7981,#7982);
#7980 = CARTESIAN_POINT('',(203.6,-156.35,8.6));
#7981 = DIRECTION('',(0.,1.,0.));
#7982 = DIRECTION('',(1.,0.,-2.22044604925E-16));
#7983 = ADVANCED_FACE('',(#7984),#8000,.T.);
#7984 = FACE_BOUND('',#7985,.T.);
#7985 = EDGE_LOOP('',(#7986,#7987,#7993,#7994));
#7986 = ORIENTED_EDGE('',*,*,#7583,.F.);
#7987 = ORIENTED_EDGE('',*,*,#7988,.T.);
#7988 = EDGE_CURVE('',#7584,#7918,#7989,.T.);
#7989 = LINE('',#7990,#7991);
#7990 = CARTESIAN_POINT('',(202.6,-156.35,2.707167319269));
#7991 = VECTOR('',#7992,1.);
#7992 = DIRECTION('',(1.,0.,-2.22044604925E-16));
#7993 = ORIENTED_EDGE('',*,*,#7917,.T.);
#7994 = ORIENTED_EDGE('',*,*,#7995,.F.);
#7995 = EDGE_CURVE('',#7575,#7909,#7996,.T.);
#7996 = LINE('',#7997,#7998);
#7997 = CARTESIAN_POINT('',(202.6,-156.35,-5.207167319269));
#7998 = VECTOR('',#7999,1.);
#7999 = DIRECTION('',(1.,0.,-2.22044604925E-16));
#8000 = PLANE('',#8001);
#8001 = AXIS2_PLACEMENT_3D('',#8002,#8003,#8004);
#8002 = CARTESIAN_POINT('',(203.6,-156.35,8.6));
#8003 = DIRECTION('',(0.,1.,0.));
#8004 = DIRECTION('',(1.,0.,-2.22044604925E-16));
#8005 = ADVANCED_FACE('',(#8006),#8022,.T.);
#8006 = FACE_BOUND('',#8007,.T.);
#8007 = EDGE_LOOP('',(#8008,#8009,#8015,#8016));
#8008 = ORIENTED_EDGE('',*,*,#7557,.F.);
#8009 = ORIENTED_EDGE('',*,*,#8010,.T.);
#8010 = EDGE_CURVE('',#7558,#7892,#8011,.T.);
#8011 = LINE('',#8012,#8013);
#8012 = CARTESIAN_POINT('',(202.6,-156.35,-7.292832680731));
#8013 = VECTOR('',#8014,1.);
#8014 = DIRECTION('',(1.,0.,-2.22044604925E-16));
#8015 = ORIENTED_EDGE('',*,*,#7891,.T.);
#8016 = ORIENTED_EDGE('',*,*,#8017,.F.);
#8017 = EDGE_CURVE('',#7550,#7884,#8018,.T.);
#8018 = LINE('',#8019,#8020);
#8019 = CARTESIAN_POINT('',(203.6,-156.35,-11.1));
#8020 = VECTOR('',#8021,1.);
#8021 = DIRECTION('',(1.,0.,-2.22044604925E-16));
#8022 = PLANE('',#8023);
#8023 = AXIS2_PLACEMENT_3D('',#8024,#8025,#8026);
#8024 = CARTESIAN_POINT('',(203.6,-156.35,8.6));
#8025 = DIRECTION('',(0.,1.,0.));
#8026 = DIRECTION('',(1.,0.,-2.22044604925E-16));
#8027 = ADVANCED_FACE('',(#8028),#8042,.T.);
#8028 = FACE_BOUND('',#8029,.T.);
#8029 = EDGE_LOOP('',(#8030,#8031,#8032,#8033,#8034,#8035,#8036,#8037,
    #8038,#8039,#8040,#8041));
#8030 = ORIENTED_EDGE('',*,*,#7443,.T.);
#8031 = ORIENTED_EDGE('',*,*,#7482,.F.);
#8032 = ORIENTED_EDGE('',*,*,#7694,.T.);
#8033 = ORIENTED_EDGE('',*,*,#7741,.T.);
#8034 = ORIENTED_EDGE('',*,*,#7798,.T.);
#8035 = ORIENTED_EDGE('',*,*,#7820,.T.);
#8036 = ORIENTED_EDGE('',*,*,#7867,.F.);
#8037 = ORIENTED_EDGE('',*,*,#7951,.T.);
#8038 = ORIENTED_EDGE('',*,*,#7966,.F.);
#8039 = ORIENTED_EDGE('',*,*,#7617,.F.);
#8040 = ORIENTED_EDGE('',*,*,#7381,.F.);
#8041 = ORIENTED_EDGE('',*,*,#7403,.F.);
#8042 = PLANE('',#8043);
#8043 = AXIS2_PLACEMENT_3D('',#8044,#8045,#8046);
#8044 = CARTESIAN_POINT('',(196.66579822616,-183.15,8.6));
#8045 = DIRECTION('',(2.22044604925E-16,-0.,1.));
#8046 = DIRECTION('',(-1.,0.,2.22044604925E-16));
#8047 = ADVANCED_FACE('',(#8048),#8062,.T.);
#8048 = FACE_BOUND('',#8049,.T.);
#8049 = EDGE_LOOP('',(#8050,#8051,#8052,#8053,#8054,#8055,#8056,#8057,
    #8058,#8059,#8060,#8061));
#8050 = ORIENTED_EDGE('',*,*,#7434,.F.);
#8051 = ORIENTED_EDGE('',*,*,#7419,.T.);
#8052 = ORIENTED_EDGE('',*,*,#7363,.T.);
#8053 = ORIENTED_EDGE('',*,*,#7549,.T.);
#8054 = ORIENTED_EDGE('',*,*,#8017,.T.);
#8055 = ORIENTED_EDGE('',*,*,#7883,.F.);
#8056 = ORIENTED_EDGE('',*,*,#7851,.T.);
#8057 = ORIENTED_EDGE('',*,*,#7829,.F.);
#8058 = ORIENTED_EDGE('',*,*,#7789,.F.);
#8059 = ORIENTED_EDGE('',*,*,#7725,.F.);
#8060 = ORIENTED_EDGE('',*,*,#7648,.F.);
#8061 = ORIENTED_EDGE('',*,*,#7475,.T.);
#8062 = PLANE('',#8063);
#8063 = AXIS2_PLACEMENT_3D('',#8064,#8065,#8066);
#8064 = CARTESIAN_POINT('',(196.66579822616,-183.15,-11.1));
#8065 = DIRECTION('',(-2.22044604925E-16,0.,-1.));
#8066 = DIRECTION('',(1.,0.,-2.22044604925E-16));
#8067 = ADVANCED_FACE('',(#8068),#8076,.F.);
#8068 = FACE_BOUND('',#8069,.F.);
#8069 = EDGE_LOOP('',(#8070,#8071,#8072,#8073,#8074,#8075));
#8070 = ORIENTED_EDGE('',*,*,#7679,.T.);
#8071 = ORIENTED_EDGE('',*,*,#7765,.F.);
#8072 = ORIENTED_EDGE('',*,*,#7774,.F.);
#8073 = ORIENTED_EDGE('',*,*,#7632,.F.);
#8074 = ORIENTED_EDGE('',*,*,#7533,.T.);
#8075 = ORIENTED_EDGE('',*,*,#7524,.T.);
#8076 = CYLINDRICAL_SURFACE('',#8077,2.3);
#8077 = AXIS2_PLACEMENT_3D('',#8078,#8079,#8080);
#8078 = CARTESIAN_POINT('',(202.6,-207.9,-6.25));
#8079 = DIRECTION('',(1.,0.,-2.22044604925E-16));
#8080 = DIRECTION('',(-2.22044604925E-16,0.,-1.));
#8081 = ADVANCED_FACE('',(#8082),#8090,.F.);
#8082 = FACE_BOUND('',#8083,.F.);
#8083 = EDGE_LOOP('',(#8084,#8085,#8086,#8087,#8088,#8089));
#8084 = ORIENTED_EDGE('',*,*,#7710,.T.);
#8085 = ORIENTED_EDGE('',*,*,#7748,.F.);
#8086 = ORIENTED_EDGE('',*,*,#7757,.F.);
#8087 = ORIENTED_EDGE('',*,*,#7663,.F.);
#8088 = ORIENTED_EDGE('',*,*,#7507,.T.);
#8089 = ORIENTED_EDGE('',*,*,#7498,.T.);
#8090 = CYLINDRICAL_SURFACE('',#8091,2.3);
#8091 = AXIS2_PLACEMENT_3D('',#8092,#8093,#8094);
#8092 = CARTESIAN_POINT('',(202.6,-207.9,3.75));
#8093 = DIRECTION('',(1.,0.,-2.22044604925E-16));
#8094 = DIRECTION('',(-2.22044604925E-16,0.,-1.));
#8095 = ADVANCED_FACE('',(#8096),#8104,.F.);
#8096 = FACE_BOUND('',#8097,.F.);
#8097 = EDGE_LOOP('',(#8098,#8099,#8100,#8101,#8102,#8103));
#8098 = ORIENTED_EDGE('',*,*,#7988,.T.);
#8099 = ORIENTED_EDGE('',*,*,#7925,.F.);
#8100 = ORIENTED_EDGE('',*,*,#7934,.F.);
#8101 = ORIENTED_EDGE('',*,*,#7973,.F.);
#8102 = ORIENTED_EDGE('',*,*,#7600,.T.);
#8103 = ORIENTED_EDGE('',*,*,#7591,.T.);
#8104 = CYLINDRICAL_SURFACE('',#8105,2.3);
#8105 = AXIS2_PLACEMENT_3D('',#8106,#8107,#8108);
#8106 = CARTESIAN_POINT('',(202.6,-158.4,3.75));
#8107 = DIRECTION('',(1.,0.,-2.22044604925E-16));
#8108 = DIRECTION('',(-2.22044604925E-16,0.,-1.));
#8109 = ADVANCED_FACE('',(#8110),#8118,.F.);
#8110 = FACE_BOUND('',#8111,.F.);
#8111 = EDGE_LOOP('',(#8112,#8113,#8114,#8115,#8116,#8117));
#8112 = ORIENTED_EDGE('',*,*,#8010,.T.);
#8113 = ORIENTED_EDGE('',*,*,#7899,.F.);
#8114 = ORIENTED_EDGE('',*,*,#7908,.F.);
#8115 = ORIENTED_EDGE('',*,*,#7995,.F.);
#8116 = ORIENTED_EDGE('',*,*,#7574,.T.);
#8117 = ORIENTED_EDGE('',*,*,#7565,.T.);
#8118 = CYLINDRICAL_SURFACE('',#8119,2.3);
#8119 = AXIS2_PLACEMENT_3D('',#8120,#8121,#8122);
#8120 = CARTESIAN_POINT('',(202.6,-158.4,-6.25));
#8121 = DIRECTION('',(1.,0.,-2.22044604925E-16));
#8122 = DIRECTION('',(-2.22044604925E-16,0.,-1.));
#8123 = MANIFOLD_SOLID_BREP('',#8124);
#8124 = CLOSED_SHELL('',(#8125,#8158,#8178,#8198,#8223,#8248));
#8125 = ADVANCED_FACE('',(#8126),#8153,.T.);
#8126 = FACE_BOUND('',#8127,.T.);
#8127 = EDGE_LOOP('',(#8128,#8137,#8145,#8152));
#8128 = ORIENTED_EDGE('',*,*,#8129,.F.);
#8129 = EDGE_CURVE('',#8130,#8130,#8132,.T.);
#8130 = VERTEX_POINT('',#8131);
#8131 = CARTESIAN_POINT('',(215.6,-173.,-7.75));
#8132 = CIRCLE('',#8133,6.5);
#8133 = AXIS2_PLACEMENT_3D('',#8134,#8135,#8136);
#8134 = CARTESIAN_POINT('',(215.6,-173.,-1.25));
#8135 = DIRECTION('',(1.,0.,-2.22044604925E-16));
#8136 = DIRECTION('',(-2.22044604925E-16,0.,-1.));
#8137 = ORIENTED_EDGE('',*,*,#8138,.F.);
#8138 = EDGE_CURVE('',#8139,#8130,#8141,.T.);
#8139 = VERTEX_POINT('',#8140);
#8140 = CARTESIAN_POINT('',(213.6,-173.,-7.75));
#8141 = LINE('',#8142,#8143);
#8142 = CARTESIAN_POINT('',(213.6,-173.,-7.75));
#8143 = VECTOR('',#8144,1.);
#8144 = DIRECTION('',(1.,0.,-2.22044604925E-16));
#8145 = ORIENTED_EDGE('',*,*,#8146,.T.);
#8146 = EDGE_CURVE('',#8139,#8139,#8147,.T.);
#8147 = CIRCLE('',#8148,6.5);
#8148 = AXIS2_PLACEMENT_3D('',#8149,#8150,#8151);
#8149 = CARTESIAN_POINT('',(213.6,-173.,-1.25));
#8150 = DIRECTION('',(1.,0.,-2.22044604925E-16));
#8151 = DIRECTION('',(-2.22044604925E-16,0.,-1.));
#8152 = ORIENTED_EDGE('',*,*,#8138,.T.);
#8153 = CYLINDRICAL_SURFACE('',#8154,6.5);
#8154 = AXIS2_PLACEMENT_3D('',#8155,#8156,#8157);
#8155 = CARTESIAN_POINT('',(213.6,-173.,-1.25));
#8156 = DIRECTION('',(1.,0.,-2.22044604925E-16));
#8157 = DIRECTION('',(-2.22044604925E-16,0.,-1.));
#8158 = ADVANCED_FACE('',(#8159,#8162),#8173,.T.);
#8159 = FACE_BOUND('',#8160,.T.);
#8160 = EDGE_LOOP('',(#8161));
#8161 = ORIENTED_EDGE('',*,*,#8129,.T.);
#8162 = FACE_BOUND('',#8163,.T.);
#8163 = EDGE_LOOP('',(#8164));
#8164 = ORIENTED_EDGE('',*,*,#8165,.F.);
#8165 = EDGE_CURVE('',#8166,#8166,#8168,.T.);
#8166 = VERTEX_POINT('',#8167);
#8167 = CARTESIAN_POINT('',(215.6,-173.,-4.15));
#8168 = CIRCLE('',#8169,2.9);
#8169 = AXIS2_PLACEMENT_3D('',#8170,#8171,#8172);
#8170 = CARTESIAN_POINT('',(215.6,-173.,-1.25));
#8171 = DIRECTION('',(1.,0.,-2.22044604925E-16));
#8172 = DIRECTION('',(-2.22044604925E-16,0.,-1.));
#8173 = PLANE('',#8174);
#8174 = AXIS2_PLACEMENT_3D('',#8175,#8176,#8177);
#8175 = CARTESIAN_POINT('',(215.6,-173.,-1.25));
#8176 = DIRECTION('',(1.,0.,-2.22044604925E-16));
#8177 = DIRECTION('',(-2.22044604925E-16,0.,-1.));
#8178 = ADVANCED_FACE('',(#8179,#8182),#8193,.F.);
#8179 = FACE_BOUND('',#8180,.F.);
#8180 = EDGE_LOOP('',(#8181));
#8181 = ORIENTED_EDGE('',*,*,#8146,.T.);
#8182 = FACE_BOUND('',#8183,.F.);
#8183 = EDGE_LOOP('',(#8184));
#8184 = ORIENTED_EDGE('',*,*,#8185,.F.);
#8185 = EDGE_CURVE('',#8186,#8186,#8188,.T.);
#8186 = VERTEX_POINT('',#8187);
#8187 = CARTESIAN_POINT('',(213.6,-173.,-2.75));
#8188 = CIRCLE('',#8189,1.5);
#8189 = AXIS2_PLACEMENT_3D('',#8190,#8191,#8192);
#8190 = CARTESIAN_POINT('',(213.6,-173.,-1.25));
#8191 = DIRECTION('',(1.,0.,-2.22044604925E-16));
#8192 = DIRECTION('',(-2.22044604925E-16,0.,-1.));
#8193 = PLANE('',#8194);
#8194 = AXIS2_PLACEMENT_3D('',#8195,#8196,#8197);
#8195 = CARTESIAN_POINT('',(213.6,-173.,-1.25));
#8196 = DIRECTION('',(1.,0.,-2.22044604925E-16));
#8197 = DIRECTION('',(-2.22044604925E-16,0.,-1.));
#8198 = ADVANCED_FACE('',(#8199),#8218,.T.);
#8199 = FACE_BOUND('',#8200,.T.);
#8200 = EDGE_LOOP('',(#8201,#8210,#8216,#8217));
#8201 = ORIENTED_EDGE('',*,*,#8202,.F.);
#8202 = EDGE_CURVE('',#8203,#8203,#8205,.T.);
#8203 = VERTEX_POINT('',#8204);
#8204 = CARTESIAN_POINT('',(219.9,-173.,-4.15));
#8205 = CIRCLE('',#8206,2.9);
#8206 = AXIS2_PLACEMENT_3D('',#8207,#8208,#8209);
#8207 = CARTESIAN_POINT('',(219.9,-173.,-1.25));
#8208 = DIRECTION('',(1.,0.,-2.22044604925E-16));
#8209 = DIRECTION('',(-2.22044604925E-16,0.,-1.));
#8210 = ORIENTED_EDGE('',*,*,#8211,.F.);
#8211 = EDGE_CURVE('',#8166,#8203,#8212,.T.);
#8212 = LINE('',#8213,#8214);
#8213 = CARTESIAN_POINT('',(215.6,-173.,-4.15));
#8214 = VECTOR('',#8215,1.);
#8215 = DIRECTION('',(1.,0.,-2.22044604925E-16));
#8216 = ORIENTED_EDGE('',*,*,#8165,.T.);
#8217 = ORIENTED_EDGE('',*,*,#8211,.T.);
#8218 = CYLINDRICAL_SURFACE('',#8219,2.9);
#8219 = AXIS2_PLACEMENT_3D('',#8220,#8221,#8222);
#8220 = CARTESIAN_POINT('',(215.6,-173.,-1.25));
#8221 = DIRECTION('',(1.,0.,-2.22044604925E-16));
#8222 = DIRECTION('',(-2.22044604925E-16,0.,-1.));
#8223 = ADVANCED_FACE('',(#8224),#8243,.F.);
#8224 = FACE_BOUND('',#8225,.F.);
#8225 = EDGE_LOOP('',(#8226,#8235,#8241,#8242));
#8226 = ORIENTED_EDGE('',*,*,#8227,.F.);
#8227 = EDGE_CURVE('',#8228,#8228,#8230,.T.);
#8228 = VERTEX_POINT('',#8229);
#8229 = CARTESIAN_POINT('',(219.9,-173.,-2.75));
#8230 = CIRCLE('',#8231,1.5);
#8231 = AXIS2_PLACEMENT_3D('',#8232,#8233,#8234);
#8232 = CARTESIAN_POINT('',(219.9,-173.,-1.25));
#8233 = DIRECTION('',(1.,0.,-2.22044604925E-16));
#8234 = DIRECTION('',(-2.22044604925E-16,0.,-1.));
#8235 = ORIENTED_EDGE('',*,*,#8236,.F.);
#8236 = EDGE_CURVE('',#8186,#8228,#8237,.T.);
#8237 = LINE('',#8238,#8239);
#8238 = CARTESIAN_POINT('',(212.6,-173.,-2.75));
#8239 = VECTOR('',#8240,1.);
#8240 = DIRECTION('',(1.,0.,-2.22044604925E-16));
#8241 = ORIENTED_EDGE('',*,*,#8185,.T.);
#8242 = ORIENTED_EDGE('',*,*,#8236,.T.);
#8243 = CYLINDRICAL_SURFACE('',#8244,1.5);
#8244 = AXIS2_PLACEMENT_3D('',#8245,#8246,#8247);
#8245 = CARTESIAN_POINT('',(212.6,-173.,-1.25));
#8246 = DIRECTION('',(1.,0.,-2.22044604925E-16));
#8247 = DIRECTION('',(-2.22044604925E-16,0.,-1.));
#8248 = ADVANCED_FACE('',(#8249,#8252),#8255,.T.);
#8249 = FACE_BOUND('',#8250,.T.);
#8250 = EDGE_LOOP('',(#8251));
#8251 = ORIENTED_EDGE('',*,*,#8202,.T.);
#8252 = FACE_BOUND('',#8253,.T.);
#8253 = EDGE_LOOP('',(#8254));
#8254 = ORIENTED_EDGE('',*,*,#8227,.F.);
#8255 = PLANE('',#8256);
#8256 = AXIS2_PLACEMENT_3D('',#8257,#8258,#8259);
#8257 = CARTESIAN_POINT('',(219.9,-173.,-1.25));
#8258 = DIRECTION('',(1.,0.,-2.22044604925E-16));
#8259 = DIRECTION('',(-2.22044604925E-16,0.,-1.));
#8260 = MANIFOLD_SOLID_BREP('',#8261);
#8261 = CLOSED_SHELL('',(#8262,#8295,#8315,#8374,#8399,#8430,#8454,#8478
    ,#8502,#8526,#8543,#8552));
#8262 = ADVANCED_FACE('',(#8263),#8290,.T.);
#8263 = FACE_BOUND('',#8264,.T.);
#8264 = EDGE_LOOP('',(#8265,#8274,#8282,#8289));
#8265 = ORIENTED_EDGE('',*,*,#8266,.F.);
#8266 = EDGE_CURVE('',#8267,#8267,#8269,.T.);
#8267 = VERTEX_POINT('',#8268);
#8268 = CARTESIAN_POINT('',(206.1,-207.9,0.25));
#8269 = CIRCLE('',#8270,3.5);
#8270 = AXIS2_PLACEMENT_3D('',#8271,#8272,#8273);
#8271 = CARTESIAN_POINT('',(206.1,-207.9,3.75));
#8272 = DIRECTION('',(-1.,0.,0.));
#8273 = DIRECTION('',(0.,0.,-1.));
#8274 = ORIENTED_EDGE('',*,*,#8275,.F.);
#8275 = EDGE_CURVE('',#8276,#8267,#8278,.T.);
#8276 = VERTEX_POINT('',#8277);
#8277 = CARTESIAN_POINT('',(210.1,-207.9,0.25));
#8278 = LINE('',#8279,#8280);
#8279 = CARTESIAN_POINT('',(210.1,-207.9,0.25));
#8280 = VECTOR('',#8281,1.);
#8281 = DIRECTION('',(-1.,0.,0.));
#8282 = ORIENTED_EDGE('',*,*,#8283,.T.);
#8283 = EDGE_CURVE('',#8276,#8276,#8284,.T.);
#8284 = CIRCLE('',#8285,3.5);
#8285 = AXIS2_PLACEMENT_3D('',#8286,#8287,#8288);
#8286 = CARTESIAN_POINT('',(210.1,-207.9,3.75));
#8287 = DIRECTION('',(-1.,0.,0.));
#8288 = DIRECTION('',(0.,0.,-1.));
#8289 = ORIENTED_EDGE('',*,*,#8275,.T.);
#8290 = CYLINDRICAL_SURFACE('',#8291,3.5);
#8291 = AXIS2_PLACEMENT_3D('',#8292,#8293,#8294);
#8292 = CARTESIAN_POINT('',(210.1,-207.9,3.75));
#8293 = DIRECTION('',(-1.,0.,0.));
#8294 = DIRECTION('',(0.,0.,-1.));
#8295 = ADVANCED_FACE('',(#8296,#8299),#8310,.T.);
#8296 = FACE_BOUND('',#8297,.T.);
#8297 = EDGE_LOOP('',(#8298));
#8298 = ORIENTED_EDGE('',*,*,#8266,.T.);
#8299 = FACE_BOUND('',#8300,.T.);
#8300 = EDGE_LOOP('',(#8301));
#8301 = ORIENTED_EDGE('',*,*,#8302,.F.);
#8302 = EDGE_CURVE('',#8303,#8303,#8305,.T.);
#8303 = VERTEX_POINT('',#8304);
#8304 = CARTESIAN_POINT('',(206.1,-207.9,1.75));
#8305 = CIRCLE('',#8306,2.);
#8306 = AXIS2_PLACEMENT_3D('',#8307,#8308,#8309);
#8307 = CARTESIAN_POINT('',(206.1,-207.9,3.75));
#8308 = DIRECTION('',(-1.,0.,0.));
#8309 = DIRECTION('',(0.,0.,-1.));
#8310 = PLANE('',#8311);
#8311 = AXIS2_PLACEMENT_3D('',#8312,#8313,#8314);
#8312 = CARTESIAN_POINT('',(206.1,-207.9,3.75));
#8313 = DIRECTION('',(-1.,0.,0.));
#8314 = DIRECTION('',(0.,0.,-1.));
#8315 = ADVANCED_FACE('',(#8316,#8319),#8369,.F.);
#8316 = FACE_BOUND('',#8317,.F.);
#8317 = EDGE_LOOP('',(#8318));
#8318 = ORIENTED_EDGE('',*,*,#8283,.T.);
#8319 = FACE_BOUND('',#8320,.F.);
#8320 = EDGE_LOOP('',(#8321,#8331,#8339,#8347,#8355,#8363));
#8321 = ORIENTED_EDGE('',*,*,#8322,.T.);
#8322 = EDGE_CURVE('',#8323,#8325,#8327,.T.);
#8323 = VERTEX_POINT('',#8324);
#8324 = CARTESIAN_POINT('',(210.1,-209.4,2.883974596216));
#8325 = VERTEX_POINT('',#8326);
#8326 = CARTESIAN_POINT('',(210.1,-207.9,2.017949192431));
#8327 = LINE('',#8328,#8329);
#8328 = CARTESIAN_POINT('',(210.1,-208.275,2.234455543377));
#8329 = VECTOR('',#8330,1.);
#8330 = DIRECTION('',(0.,0.866025403784,-0.5));
#8331 = ORIENTED_EDGE('',*,*,#8332,.T.);
#8332 = EDGE_CURVE('',#8325,#8333,#8335,.T.);
#8333 = VERTEX_POINT('',#8334);
#8334 = CARTESIAN_POINT('',(210.1,-206.4,2.883974596216));
#8335 = LINE('',#8336,#8337);
#8336 = CARTESIAN_POINT('',(210.1,-206.775,2.667468245269));
#8337 = VECTOR('',#8338,1.);
#8338 = DIRECTION('',(0.,0.866025403784,0.5));
#8339 = ORIENTED_EDGE('',*,*,#8340,.T.);
#8340 = EDGE_CURVE('',#8333,#8341,#8343,.T.);
#8341 = VERTEX_POINT('',#8342);
#8342 = CARTESIAN_POINT('',(210.1,-206.4,4.616025403784));
#8343 = LINE('',#8344,#8345);
#8344 = CARTESIAN_POINT('',(210.1,-206.4,4.183012701892));
#8345 = VECTOR('',#8346,1.);
#8346 = DIRECTION('',(0.,-0.,1.));
#8347 = ORIENTED_EDGE('',*,*,#8348,.T.);
#8348 = EDGE_CURVE('',#8341,#8349,#8351,.T.);
#8349 = VERTEX_POINT('',#8350);
#8350 = CARTESIAN_POINT('',(210.1,-207.9,5.482050807569));
#8351 = LINE('',#8352,#8353);
#8352 = CARTESIAN_POINT('',(210.1,-207.525,5.265544456623));
#8353 = VECTOR('',#8354,1.);
#8354 = DIRECTION('',(0.,-0.866025403784,0.5));
#8355 = ORIENTED_EDGE('',*,*,#8356,.T.);
#8356 = EDGE_CURVE('',#8349,#8357,#8359,.T.);
#8357 = VERTEX_POINT('',#8358);
#8358 = CARTESIAN_POINT('',(210.1,-209.4,4.616025403784));
#8359 = LINE('',#8360,#8361);
#8360 = CARTESIAN_POINT('',(210.1,-209.025,4.832531754731));
#8361 = VECTOR('',#8362,1.);
#8362 = DIRECTION('',(-0.,-0.866025403784,-0.5));
#8363 = ORIENTED_EDGE('',*,*,#8364,.T.);
#8364 = EDGE_CURVE('',#8357,#8323,#8365,.T.);
#8365 = LINE('',#8366,#8367);
#8366 = CARTESIAN_POINT('',(210.1,-209.4,3.316987298108));
#8367 = VECTOR('',#8368,1.);
#8368 = DIRECTION('',(-0.,0.,-1.));
#8369 = PLANE('',#8370);
#8370 = AXIS2_PLACEMENT_3D('',#8371,#8372,#8373);
#8371 = CARTESIAN_POINT('',(210.1,-207.9,3.75));
#8372 = DIRECTION('',(-1.,0.,0.));
#8373 = DIRECTION('',(0.,0.,-1.));
#8374 = ADVANCED_FACE('',(#8375),#8394,.T.);
#8375 = FACE_BOUND('',#8376,.T.);
#8376 = EDGE_LOOP('',(#8377,#8386,#8392,#8393));
#8377 = ORIENTED_EDGE('',*,*,#8378,.F.);
#8378 = EDGE_CURVE('',#8379,#8379,#8381,.T.);
#8379 = VERTEX_POINT('',#8380);
#8380 = CARTESIAN_POINT('',(190.1,-207.9,1.75));
#8381 = CIRCLE('',#8382,2.);
#8382 = AXIS2_PLACEMENT_3D('',#8383,#8384,#8385);
#8383 = CARTESIAN_POINT('',(190.1,-207.9,3.75));
#8384 = DIRECTION('',(-1.,0.,0.));
#8385 = DIRECTION('',(0.,0.,-1.));
#8386 = ORIENTED_EDGE('',*,*,#8387,.F.);
#8387 = EDGE_CURVE('',#8303,#8379,#8388,.T.);
#8388 = LINE('',#8389,#8390);
#8389 = CARTESIAN_POINT('',(206.1,-207.9,1.75));
#8390 = VECTOR('',#8391,1.);
#8391 = DIRECTION('',(-1.,0.,0.));
#8392 = ORIENTED_EDGE('',*,*,#8302,.T.);
#8393 = ORIENTED_EDGE('',*,*,#8387,.T.);
#8394 = CYLINDRICAL_SURFACE('',#8395,2.);
#8395 = AXIS2_PLACEMENT_3D('',#8396,#8397,#8398);
#8396 = CARTESIAN_POINT('',(206.1,-207.9,3.75));
#8397 = DIRECTION('',(-1.,0.,0.));
#8398 = DIRECTION('',(0.,0.,-1.));
#8399 = ADVANCED_FACE('',(#8400),#8425,.T.);
#8400 = FACE_BOUND('',#8401,.T.);
#8401 = EDGE_LOOP('',(#8402,#8403,#8411,#8419));
#8402 = ORIENTED_EDGE('',*,*,#8322,.T.);
#8403 = ORIENTED_EDGE('',*,*,#8404,.T.);
#8404 = EDGE_CURVE('',#8325,#8405,#8407,.T.);
#8405 = VERTEX_POINT('',#8406);
#8406 = CARTESIAN_POINT('',(207.7,-207.9,2.017949192431));
#8407 = LINE('',#8408,#8409);
#8408 = CARTESIAN_POINT('',(210.2,-207.9,2.017949192431));
#8409 = VECTOR('',#8410,1.);
#8410 = DIRECTION('',(-1.,0.,0.));
#8411 = ORIENTED_EDGE('',*,*,#8412,.T.);
#8412 = EDGE_CURVE('',#8405,#8413,#8415,.T.);
#8413 = VERTEX_POINT('',#8414);
#8414 = CARTESIAN_POINT('',(207.7,-209.4,2.883974596216));
#8415 = LINE('',#8416,#8417);
#8416 = CARTESIAN_POINT('',(207.7,-207.9,2.017949192431));
#8417 = VECTOR('',#8418,1.);
#8418 = DIRECTION('',(0.,-0.866025403784,0.5));
#8419 = ORIENTED_EDGE('',*,*,#8420,.F.);
#8420 = EDGE_CURVE('',#8323,#8413,#8421,.T.);
#8421 = LINE('',#8422,#8423);
#8422 = CARTESIAN_POINT('',(210.2,-209.4,2.883974596216));
#8423 = VECTOR('',#8424,1.);
#8424 = DIRECTION('',(-1.,0.,0.));
#8425 = PLANE('',#8426);
#8426 = AXIS2_PLACEMENT_3D('',#8427,#8428,#8429);
#8427 = CARTESIAN_POINT('',(210.2,-207.9,2.017949192431));
#8428 = DIRECTION('',(0.,0.5,0.866025403784));
#8429 = DIRECTION('',(0.,-0.866025403784,0.5));
#8430 = ADVANCED_FACE('',(#8431),#8449,.T.);
#8431 = FACE_BOUND('',#8432,.T.);
#8432 = EDGE_LOOP('',(#8433,#8434,#8435,#8443));
#8433 = ORIENTED_EDGE('',*,*,#8364,.T.);
#8434 = ORIENTED_EDGE('',*,*,#8420,.T.);
#8435 = ORIENTED_EDGE('',*,*,#8436,.T.);
#8436 = EDGE_CURVE('',#8413,#8437,#8439,.T.);
#8437 = VERTEX_POINT('',#8438);
#8438 = CARTESIAN_POINT('',(207.7,-209.4,4.616025403784));
#8439 = LINE('',#8440,#8441);
#8440 = CARTESIAN_POINT('',(207.7,-209.4,2.883974596216));
#8441 = VECTOR('',#8442,1.);
#8442 = DIRECTION('',(0.,0.,1.));
#8443 = ORIENTED_EDGE('',*,*,#8444,.F.);
#8444 = EDGE_CURVE('',#8357,#8437,#8445,.T.);
#8445 = LINE('',#8446,#8447);
#8446 = CARTESIAN_POINT('',(210.2,-209.4,4.616025403784));
#8447 = VECTOR('',#8448,1.);
#8448 = DIRECTION('',(-1.,0.,0.));
#8449 = PLANE('',#8450);
#8450 = AXIS2_PLACEMENT_3D('',#8451,#8452,#8453);
#8451 = CARTESIAN_POINT('',(210.2,-209.4,2.883974596216));
#8452 = DIRECTION('',(0.,1.,-0.));
#8453 = DIRECTION('',(0.,0.,1.));
#8454 = ADVANCED_FACE('',(#8455),#8473,.T.);
#8455 = FACE_BOUND('',#8456,.T.);
#8456 = EDGE_LOOP('',(#8457,#8458,#8459,#8467));
#8457 = ORIENTED_EDGE('',*,*,#8356,.T.);
#8458 = ORIENTED_EDGE('',*,*,#8444,.T.);
#8459 = ORIENTED_EDGE('',*,*,#8460,.T.);
#8460 = EDGE_CURVE('',#8437,#8461,#8463,.T.);
#8461 = VERTEX_POINT('',#8462);
#8462 = CARTESIAN_POINT('',(207.7,-207.9,5.482050807569));
#8463 = LINE('',#8464,#8465);
#8464 = CARTESIAN_POINT('',(207.7,-209.4,4.616025403784));
#8465 = VECTOR('',#8466,1.);
#8466 = DIRECTION('',(0.,0.866025403784,0.5));
#8467 = ORIENTED_EDGE('',*,*,#8468,.F.);
#8468 = EDGE_CURVE('',#8349,#8461,#8469,.T.);
#8469 = LINE('',#8470,#8471);
#8470 = CARTESIAN_POINT('',(210.2,-207.9,5.482050807569));
#8471 = VECTOR('',#8472,1.);
#8472 = DIRECTION('',(-1.,0.,0.));
#8473 = PLANE('',#8474);
#8474 = AXIS2_PLACEMENT_3D('',#8475,#8476,#8477);
#8475 = CARTESIAN_POINT('',(210.2,-209.4,4.616025403784));
#8476 = DIRECTION('',(0.,0.5,-0.866025403784));
#8477 = DIRECTION('',(0.,0.866025403784,0.5));
#8478 = ADVANCED_FACE('',(#8479),#8497,.T.);
#8479 = FACE_BOUND('',#8480,.T.);
#8480 = EDGE_LOOP('',(#8481,#8482,#8483,#8491));
#8481 = ORIENTED_EDGE('',*,*,#8348,.T.);
#8482 = ORIENTED_EDGE('',*,*,#8468,.T.);
#8483 = ORIENTED_EDGE('',*,*,#8484,.T.);
#8484 = EDGE_CURVE('',#8461,#8485,#8487,.T.);
#8485 = VERTEX_POINT('',#8486);
#8486 = CARTESIAN_POINT('',(207.7,-206.4,4.616025403784));
#8487 = LINE('',#8488,#8489);
#8488 = CARTESIAN_POINT('',(207.7,-207.9,5.482050807569));
#8489 = VECTOR('',#8490,1.);
#8490 = DIRECTION('',(0.,0.866025403784,-0.5));
#8491 = ORIENTED_EDGE('',*,*,#8492,.F.);
#8492 = EDGE_CURVE('',#8341,#8485,#8493,.T.);
#8493 = LINE('',#8494,#8495);
#8494 = CARTESIAN_POINT('',(210.2,-206.4,4.616025403784));
#8495 = VECTOR('',#8496,1.);
#8496 = DIRECTION('',(-1.,0.,0.));
#8497 = PLANE('',#8498);
#8498 = AXIS2_PLACEMENT_3D('',#8499,#8500,#8501);
#8499 = CARTESIAN_POINT('',(210.2,-207.9,5.482050807569));
#8500 = DIRECTION('',(-0.,-0.5,-0.866025403784));
#8501 = DIRECTION('',(0.,0.866025403784,-0.5));
#8502 = ADVANCED_FACE('',(#8503),#8521,.T.);
#8503 = FACE_BOUND('',#8504,.T.);
#8504 = EDGE_LOOP('',(#8505,#8506,#8507,#8515));
#8505 = ORIENTED_EDGE('',*,*,#8340,.T.);
#8506 = ORIENTED_EDGE('',*,*,#8492,.T.);
#8507 = ORIENTED_EDGE('',*,*,#8508,.T.);
#8508 = EDGE_CURVE('',#8485,#8509,#8511,.T.);
#8509 = VERTEX_POINT('',#8510);
#8510 = CARTESIAN_POINT('',(207.7,-206.4,2.883974596216));
#8511 = LINE('',#8512,#8513);
#8512 = CARTESIAN_POINT('',(207.7,-206.4,4.616025403784));
#8513 = VECTOR('',#8514,1.);
#8514 = DIRECTION('',(0.,0.,-1.));
#8515 = ORIENTED_EDGE('',*,*,#8516,.F.);
#8516 = EDGE_CURVE('',#8333,#8509,#8517,.T.);
#8517 = LINE('',#8518,#8519);
#8518 = CARTESIAN_POINT('',(210.2,-206.4,2.883974596216));
#8519 = VECTOR('',#8520,1.);
#8520 = DIRECTION('',(-1.,0.,0.));
#8521 = PLANE('',#8522);
#8522 = AXIS2_PLACEMENT_3D('',#8523,#8524,#8525);
#8523 = CARTESIAN_POINT('',(210.2,-206.4,4.616025403784));
#8524 = DIRECTION('',(-0.,-1.,-0.));
#8525 = DIRECTION('',(0.,0.,-1.));
#8526 = ADVANCED_FACE('',(#8527),#8538,.T.);
#8527 = FACE_BOUND('',#8528,.T.);
#8528 = EDGE_LOOP('',(#8529,#8530,#8531,#8537));
#8529 = ORIENTED_EDGE('',*,*,#8332,.T.);
#8530 = ORIENTED_EDGE('',*,*,#8516,.T.);
#8531 = ORIENTED_EDGE('',*,*,#8532,.T.);
#8532 = EDGE_CURVE('',#8509,#8405,#8533,.T.);
#8533 = LINE('',#8534,#8535);
#8534 = CARTESIAN_POINT('',(207.7,-206.4,2.883974596216));
#8535 = VECTOR('',#8536,1.);
#8536 = DIRECTION('',(0.,-0.866025403784,-0.5));
#8537 = ORIENTED_EDGE('',*,*,#8404,.F.);
#8538 = PLANE('',#8539);
#8539 = AXIS2_PLACEMENT_3D('',#8540,#8541,#8542);
#8540 = CARTESIAN_POINT('',(210.2,-206.4,2.883974596216));
#8541 = DIRECTION('',(0.,-0.5,0.866025403784));
#8542 = DIRECTION('',(0.,-0.866025403784,-0.5));
#8543 = ADVANCED_FACE('',(#8544),#8547,.T.);
#8544 = FACE_BOUND('',#8545,.T.);
#8545 = EDGE_LOOP('',(#8546));
#8546 = ORIENTED_EDGE('',*,*,#8378,.T.);
#8547 = PLANE('',#8548);
#8548 = AXIS2_PLACEMENT_3D('',#8549,#8550,#8551);
#8549 = CARTESIAN_POINT('',(190.1,-207.9,3.75));
#8550 = DIRECTION('',(-1.,0.,0.));
#8551 = DIRECTION('',(0.,0.,-1.));
#8552 = ADVANCED_FACE('',(#8553),#8561,.F.);
#8553 = FACE_BOUND('',#8554,.F.);
#8554 = EDGE_LOOP('',(#8555,#8556,#8557,#8558,#8559,#8560));
#8555 = ORIENTED_EDGE('',*,*,#8532,.T.);
#8556 = ORIENTED_EDGE('',*,*,#8412,.T.);
#8557 = ORIENTED_EDGE('',*,*,#8436,.T.);
#8558 = ORIENTED_EDGE('',*,*,#8460,.T.);
#8559 = ORIENTED_EDGE('',*,*,#8484,.T.);
#8560 = ORIENTED_EDGE('',*,*,#8508,.T.);
#8561 = PLANE('',#8562);
#8562 = AXIS2_PLACEMENT_3D('',#8563,#8564,#8565);
#8563 = CARTESIAN_POINT('',(207.7,-207.9,3.75));
#8564 = DIRECTION('',(-1.,-0.,-0.));
#8565 = DIRECTION('',(0.,0.,-1.));
#8566 = MANIFOLD_SOLID_BREP('',#8567);
#8567 = CLOSED_SHELL('',(#8568,#8608,#8639,#8670,#8714,#8758,#8775,#8792
    ,#8804));
#8568 = ADVANCED_FACE('',(#8569),#8603,.F.);
#8569 = FACE_BOUND('',#8570,.F.);
#8570 = EDGE_LOOP('',(#8571,#8581,#8589,#8597));
#8571 = ORIENTED_EDGE('',*,*,#8572,.T.);
#8572 = EDGE_CURVE('',#8573,#8575,#8577,.T.);
#8573 = VERTEX_POINT('',#8574);
#8574 = CARTESIAN_POINT('',(198.6,-205.8792740578,7.25));
#8575 = VERTEX_POINT('',#8576);
#8576 = CARTESIAN_POINT('',(193.6,-205.8792740578,7.25));
#8577 = LINE('',#8578,#8579);
#8578 = CARTESIAN_POINT('',(198.6,-205.8792740578,7.25));
#8579 = VECTOR('',#8580,1.);
#8580 = DIRECTION('',(-1.,0.,0.));
#8581 = ORIENTED_EDGE('',*,*,#8582,.T.);
#8582 = EDGE_CURVE('',#8575,#8583,#8585,.T.);
#8583 = VERTEX_POINT('',#8584);
#8584 = CARTESIAN_POINT('',(193.6,-203.8585481156,3.75));
#8585 = LINE('',#8586,#8587);
#8586 = CARTESIAN_POINT('',(193.6,-205.8792740578,7.25));
#8587 = VECTOR('',#8588,1.);
#8588 = DIRECTION('',(0.,0.5,-0.866025403784));
#8589 = ORIENTED_EDGE('',*,*,#8590,.F.);
#8590 = EDGE_CURVE('',#8591,#8583,#8593,.T.);
#8591 = VERTEX_POINT('',#8592);
#8592 = CARTESIAN_POINT('',(198.6,-203.8585481156,3.75));
#8593 = LINE('',#8594,#8595);
#8594 = CARTESIAN_POINT('',(198.6,-203.8585481156,3.75));
#8595 = VECTOR('',#8596,1.);
#8596 = DIRECTION('',(-1.,0.,0.));
#8597 = ORIENTED_EDGE('',*,*,#8598,.F.);
#8598 = EDGE_CURVE('',#8573,#8591,#8599,.T.);
#8599 = LINE('',#8600,#8601);
#8600 = CARTESIAN_POINT('',(198.6,-205.8792740578,7.25));
#8601 = VECTOR('',#8602,1.);
#8602 = DIRECTION('',(0.,0.5,-0.866025403784));
#8603 = PLANE('',#8604);
#8604 = AXIS2_PLACEMENT_3D('',#8605,#8606,#8607);
#8605 = CARTESIAN_POINT('',(198.6,-205.8792740578,7.25));
#8606 = DIRECTION('',(-0.,-0.866025403784,-0.5));
#8607 = DIRECTION('',(0.,0.5,-0.866025403784));
#8608 = ADVANCED_FACE('',(#8609),#8634,.F.);
#8609 = FACE_BOUND('',#8610,.F.);
#8610 = EDGE_LOOP('',(#8611,#8621,#8627,#8628));
#8611 = ORIENTED_EDGE('',*,*,#8612,.T.);
#8612 = EDGE_CURVE('',#8613,#8615,#8617,.T.);
#8613 = VERTEX_POINT('',#8614);
#8614 = CARTESIAN_POINT('',(198.6,-209.9207259421,7.25));
#8615 = VERTEX_POINT('',#8616);
#8616 = CARTESIAN_POINT('',(193.6,-209.9207259421,7.25));
#8617 = LINE('',#8618,#8619);
#8618 = CARTESIAN_POINT('',(198.6,-209.9207259421,7.25));
#8619 = VECTOR('',#8620,1.);
#8620 = DIRECTION('',(-1.,0.,0.));
#8621 = ORIENTED_EDGE('',*,*,#8622,.T.);
#8622 = EDGE_CURVE('',#8615,#8575,#8623,.T.);
#8623 = LINE('',#8624,#8625);
#8624 = CARTESIAN_POINT('',(193.6,-209.9207259421,7.25));
#8625 = VECTOR('',#8626,1.);
#8626 = DIRECTION('',(0.,1.,2.197671641581E-16));
#8627 = ORIENTED_EDGE('',*,*,#8572,.F.);
#8628 = ORIENTED_EDGE('',*,*,#8629,.F.);
#8629 = EDGE_CURVE('',#8613,#8573,#8630,.T.);
#8630 = LINE('',#8631,#8632);
#8631 = CARTESIAN_POINT('',(198.6,-209.9207259421,7.25));
#8632 = VECTOR('',#8633,1.);
#8633 = DIRECTION('',(0.,1.,2.197671641581E-16));
#8634 = PLANE('',#8635);
#8635 = AXIS2_PLACEMENT_3D('',#8636,#8637,#8638);
#8636 = CARTESIAN_POINT('',(198.6,-209.9207259421,7.25));
#8637 = DIRECTION('',(0.,2.197671641581E-16,-1.));
#8638 = DIRECTION('',(0.,1.,2.197671641581E-16));
#8639 = ADVANCED_FACE('',(#8640),#8665,.F.);
#8640 = FACE_BOUND('',#8641,.F.);
#8641 = EDGE_LOOP('',(#8642,#8643,#8651,#8659));
#8642 = ORIENTED_EDGE('',*,*,#8590,.T.);
#8643 = ORIENTED_EDGE('',*,*,#8644,.T.);
#8644 = EDGE_CURVE('',#8583,#8645,#8647,.T.);
#8645 = VERTEX_POINT('',#8646);
#8646 = CARTESIAN_POINT('',(193.6,-205.8792740578,0.25));
#8647 = LINE('',#8648,#8649);
#8648 = CARTESIAN_POINT('',(193.6,-203.8585481156,3.75));
#8649 = VECTOR('',#8650,1.);
#8650 = DIRECTION('',(0.,-0.5,-0.866025403784));
#8651 = ORIENTED_EDGE('',*,*,#8652,.F.);
#8652 = EDGE_CURVE('',#8653,#8645,#8655,.T.);
#8653 = VERTEX_POINT('',#8654);
#8654 = CARTESIAN_POINT('',(198.6,-205.8792740578,0.25));
#8655 = LINE('',#8656,#8657);
#8656 = CARTESIAN_POINT('',(198.6,-205.8792740578,0.25));
#8657 = VECTOR('',#8658,1.);
#8658 = DIRECTION('',(-1.,0.,0.));
#8659 = ORIENTED_EDGE('',*,*,#8660,.F.);
#8660 = EDGE_CURVE('',#8591,#8653,#8661,.T.);
#8661 = LINE('',#8662,#8663);
#8662 = CARTESIAN_POINT('',(198.6,-203.8585481156,3.75));
#8663 = VECTOR('',#8664,1.);
#8664 = DIRECTION('',(0.,-0.5,-0.866025403784));
#8665 = PLANE('',#8666);
#8666 = AXIS2_PLACEMENT_3D('',#8667,#8668,#8669);
#8667 = CARTESIAN_POINT('',(198.6,-203.8585481156,3.75));
#8668 = DIRECTION('',(0.,-0.866025403784,0.5));
#8669 = DIRECTION('',(0.,-0.5,-0.866025403784));
#8670 = ADVANCED_FACE('',(#8671,#8698),#8709,.F.);
#8671 = FACE_BOUND('',#8672,.F.);
#8672 = EDGE_LOOP('',(#8673,#8674,#8675,#8683,#8691,#8697));
#8673 = ORIENTED_EDGE('',*,*,#8598,.T.);
#8674 = ORIENTED_EDGE('',*,*,#8660,.T.);
#8675 = ORIENTED_EDGE('',*,*,#8676,.T.);
#8676 = EDGE_CURVE('',#8653,#8677,#8679,.T.);
#8677 = VERTEX_POINT('',#8678);
#8678 = CARTESIAN_POINT('',(198.6,-209.9207259421,0.25));
#8679 = LINE('',#8680,#8681);
#8680 = CARTESIAN_POINT('',(198.6,-205.8792740578,0.25));
#8681 = VECTOR('',#8682,1.);
#8682 = DIRECTION('',(0.,-1.,1.098835820791E-16));
#8683 = ORIENTED_EDGE('',*,*,#8684,.T.);
#8684 = EDGE_CURVE('',#8677,#8685,#8687,.T.);
#8685 = VERTEX_POINT('',#8686);
#8686 = CARTESIAN_POINT('',(198.6,-211.9414518843,3.75));
#8687 = LINE('',#8688,#8689);
#8688 = CARTESIAN_POINT('',(198.6,-209.9207259421,0.25));
#8689 = VECTOR('',#8690,1.);
#8690 = DIRECTION('',(0.,-0.5,0.866025403784));
#8691 = ORIENTED_EDGE('',*,*,#8692,.T.);
#8692 = EDGE_CURVE('',#8685,#8613,#8693,.T.);
#8693 = LINE('',#8694,#8695);
#8694 = CARTESIAN_POINT('',(198.6,-211.9414518843,3.75));
#8695 = VECTOR('',#8696,1.);
#8696 = DIRECTION('',(0.,0.5,0.866025403784));
#8697 = ORIENTED_EDGE('',*,*,#8629,.T.);
#8698 = FACE_BOUND('',#8699,.F.);
#8699 = EDGE_LOOP('',(#8700));
#8700 = ORIENTED_EDGE('',*,*,#8701,.F.);
#8701 = EDGE_CURVE('',#8702,#8702,#8704,.T.);
#8702 = VERTEX_POINT('',#8703);
#8703 = CARTESIAN_POINT('',(198.6,-207.9,1.75));
#8704 = CIRCLE('',#8705,2.);
#8705 = AXIS2_PLACEMENT_3D('',#8706,#8707,#8708);
#8706 = CARTESIAN_POINT('',(198.6,-207.9,3.75));
#8707 = DIRECTION('',(-1.,0.,0.));
#8708 = DIRECTION('',(0.,0.,-1.));
#8709 = PLANE('',#8710);
#8710 = AXIS2_PLACEMENT_3D('',#8711,#8712,#8713);
#8711 = CARTESIAN_POINT('',(198.6,-207.9,3.75));
#8712 = DIRECTION('',(-1.,-0.,-0.));
#8713 = DIRECTION('',(0.,0.,-1.));
#8714 = ADVANCED_FACE('',(#8715,#8742),#8753,.T.);
#8715 = FACE_BOUND('',#8716,.T.);
#8716 = EDGE_LOOP('',(#8717,#8718,#8719,#8727,#8735,#8741));
#8717 = ORIENTED_EDGE('',*,*,#8582,.T.);
#8718 = ORIENTED_EDGE('',*,*,#8644,.T.);
#8719 = ORIENTED_EDGE('',*,*,#8720,.T.);
#8720 = EDGE_CURVE('',#8645,#8721,#8723,.T.);
#8721 = VERTEX_POINT('',#8722);
#8722 = CARTESIAN_POINT('',(193.6,-209.9207259421,0.25));
#8723 = LINE('',#8724,#8725);
#8724 = CARTESIAN_POINT('',(193.6,-205.8792740578,0.25));
#8725 = VECTOR('',#8726,1.);
#8726 = DIRECTION('',(0.,-1.,1.098835820791E-16));
#8727 = ORIENTED_EDGE('',*,*,#8728,.T.);
#8728 = EDGE_CURVE('',#8721,#8729,#8731,.T.);
#8729 = VERTEX_POINT('',#8730);
#8730 = CARTESIAN_POINT('',(193.6,-211.9414518843,3.75));
#8731 = LINE('',#8732,#8733);
#8732 = CARTESIAN_POINT('',(193.6,-209.9207259421,0.25));
#8733 = VECTOR('',#8734,1.);
#8734 = DIRECTION('',(0.,-0.5,0.866025403784));
#8735 = ORIENTED_EDGE('',*,*,#8736,.T.);
#8736 = EDGE_CURVE('',#8729,#8615,#8737,.T.);
#8737 = LINE('',#8738,#8739);
#8738 = CARTESIAN_POINT('',(193.6,-211.9414518843,3.75));
#8739 = VECTOR('',#8740,1.);
#8740 = DIRECTION('',(0.,0.5,0.866025403784));
#8741 = ORIENTED_EDGE('',*,*,#8622,.T.);
#8742 = FACE_BOUND('',#8743,.T.);
#8743 = EDGE_LOOP('',(#8744));
#8744 = ORIENTED_EDGE('',*,*,#8745,.F.);
#8745 = EDGE_CURVE('',#8746,#8746,#8748,.T.);
#8746 = VERTEX_POINT('',#8747);
#8747 = CARTESIAN_POINT('',(193.6,-207.9,1.75));
#8748 = CIRCLE('',#8749,2.);
#8749 = AXIS2_PLACEMENT_3D('',#8750,#8751,#8752);
#8750 = CARTESIAN_POINT('',(193.6,-207.9,3.75));
#8751 = DIRECTION('',(-1.,0.,0.));
#8752 = DIRECTION('',(0.,0.,-1.));
#8753 = PLANE('',#8754);
#8754 = AXIS2_PLACEMENT_3D('',#8755,#8756,#8757);
#8755 = CARTESIAN_POINT('',(193.6,-207.9,3.75));
#8756 = DIRECTION('',(-1.,-0.,-0.));
#8757 = DIRECTION('',(0.,0.,-1.));
#8758 = ADVANCED_FACE('',(#8759),#8770,.F.);
#8759 = FACE_BOUND('',#8760,.F.);
#8760 = EDGE_LOOP('',(#8761,#8767,#8768,#8769));
#8761 = ORIENTED_EDGE('',*,*,#8762,.T.);
#8762 = EDGE_CURVE('',#8685,#8729,#8763,.T.);
#8763 = LINE('',#8764,#8765);
#8764 = CARTESIAN_POINT('',(198.6,-211.9414518843,3.75));
#8765 = VECTOR('',#8766,1.);
#8766 = DIRECTION('',(-1.,0.,0.));
#8767 = ORIENTED_EDGE('',*,*,#8736,.T.);
#8768 = ORIENTED_EDGE('',*,*,#8612,.F.);
#8769 = ORIENTED_EDGE('',*,*,#8692,.F.);
#8770 = PLANE('',#8771);
#8771 = AXIS2_PLACEMENT_3D('',#8772,#8773,#8774);
#8772 = CARTESIAN_POINT('',(198.6,-211.9414518843,3.75));
#8773 = DIRECTION('',(0.,0.866025403784,-0.5));
#8774 = DIRECTION('',(0.,0.5,0.866025403784));
#8775 = ADVANCED_FACE('',(#8776),#8787,.F.);
#8776 = FACE_BOUND('',#8777,.F.);
#8777 = EDGE_LOOP('',(#8778,#8779,#8780,#8786));
#8778 = ORIENTED_EDGE('',*,*,#8652,.T.);
#8779 = ORIENTED_EDGE('',*,*,#8720,.T.);
#8780 = ORIENTED_EDGE('',*,*,#8781,.F.);
#8781 = EDGE_CURVE('',#8677,#8721,#8782,.T.);
#8782 = LINE('',#8783,#8784);
#8783 = CARTESIAN_POINT('',(198.6,-209.9207259421,0.25));
#8784 = VECTOR('',#8785,1.);
#8785 = DIRECTION('',(-1.,0.,0.));
#8786 = ORIENTED_EDGE('',*,*,#8676,.F.);
#8787 = PLANE('',#8788);
#8788 = AXIS2_PLACEMENT_3D('',#8789,#8790,#8791);
#8789 = CARTESIAN_POINT('',(198.6,-205.8792740578,0.25));
#8790 = DIRECTION('',(0.,1.098835820791E-16,1.));
#8791 = DIRECTION('',(0.,-1.,1.098835820791E-16));
#8792 = ADVANCED_FACE('',(#8793),#8799,.F.);
#8793 = FACE_BOUND('',#8794,.F.);
#8794 = EDGE_LOOP('',(#8795,#8796,#8797,#8798));
#8795 = ORIENTED_EDGE('',*,*,#8781,.T.);
#8796 = ORIENTED_EDGE('',*,*,#8728,.T.);
#8797 = ORIENTED_EDGE('',*,*,#8762,.F.);
#8798 = ORIENTED_EDGE('',*,*,#8684,.F.);
#8799 = PLANE('',#8800);
#8800 = AXIS2_PLACEMENT_3D('',#8801,#8802,#8803);
#8801 = CARTESIAN_POINT('',(198.6,-209.9207259421,0.25));
#8802 = DIRECTION('',(0.,0.866025403784,0.5));
#8803 = DIRECTION('',(0.,-0.5,0.866025403784));
#8804 = ADVANCED_FACE('',(#8805),#8816,.F.);
#8805 = FACE_BOUND('',#8806,.F.);
#8806 = EDGE_LOOP('',(#8807,#8808,#8814,#8815));
#8807 = ORIENTED_EDGE('',*,*,#8745,.F.);
#8808 = ORIENTED_EDGE('',*,*,#8809,.F.);
#8809 = EDGE_CURVE('',#8702,#8746,#8810,.T.);
#8810 = LINE('',#8811,#8812);
#8811 = CARTESIAN_POINT('',(199.6,-207.9,1.75));
#8812 = VECTOR('',#8813,1.);
#8813 = DIRECTION('',(-1.,0.,0.));
#8814 = ORIENTED_EDGE('',*,*,#8701,.T.);
#8815 = ORIENTED_EDGE('',*,*,#8809,.T.);
#8816 = CYLINDRICAL_SURFACE('',#8817,2.);
#8817 = AXIS2_PLACEMENT_3D('',#8818,#8819,#8820);
#8818 = CARTESIAN_POINT('',(199.6,-207.9,3.75));
#8819 = DIRECTION('',(-1.,0.,0.));
#8820 = DIRECTION('',(0.,0.,-1.));
#8821 = MANIFOLD_SOLID_BREP('',#8822);
#8822 = CLOSED_SHELL('',(#8823,#8856,#8876,#8935,#8960,#8991,#9015,#9039
    ,#9063,#9087,#9104,#9113));
#8823 = ADVANCED_FACE('',(#8824),#8851,.T.);
#8824 = FACE_BOUND('',#8825,.T.);
#8825 = EDGE_LOOP('',(#8826,#8835,#8843,#8850));
#8826 = ORIENTED_EDGE('',*,*,#8827,.F.);
#8827 = EDGE_CURVE('',#8828,#8828,#8830,.T.);
#8828 = VERTEX_POINT('',#8829);
#8829 = CARTESIAN_POINT('',(206.1,-207.9,-9.75));
#8830 = CIRCLE('',#8831,3.5);
#8831 = AXIS2_PLACEMENT_3D('',#8832,#8833,#8834);
#8832 = CARTESIAN_POINT('',(206.1,-207.9,-6.25));
#8833 = DIRECTION('',(-1.,0.,0.));
#8834 = DIRECTION('',(0.,0.,-1.));
#8835 = ORIENTED_EDGE('',*,*,#8836,.F.);
#8836 = EDGE_CURVE('',#8837,#8828,#8839,.T.);
#8837 = VERTEX_POINT('',#8838);
#8838 = CARTESIAN_POINT('',(210.1,-207.9,-9.75));
#8839 = LINE('',#8840,#8841);
#8840 = CARTESIAN_POINT('',(210.1,-207.9,-9.75));
#8841 = VECTOR('',#8842,1.);
#8842 = DIRECTION('',(-1.,0.,0.));
#8843 = ORIENTED_EDGE('',*,*,#8844,.T.);
#8844 = EDGE_CURVE('',#8837,#8837,#8845,.T.);
#8845 = CIRCLE('',#8846,3.5);
#8846 = AXIS2_PLACEMENT_3D('',#8847,#8848,#8849);
#8847 = CARTESIAN_POINT('',(210.1,-207.9,-6.25));
#8848 = DIRECTION('',(-1.,0.,0.));
#8849 = DIRECTION('',(0.,0.,-1.));
#8850 = ORIENTED_EDGE('',*,*,#8836,.T.);
#8851 = CYLINDRICAL_SURFACE('',#8852,3.5);
#8852 = AXIS2_PLACEMENT_3D('',#8853,#8854,#8855);
#8853 = CARTESIAN_POINT('',(210.1,-207.9,-6.25));
#8854 = DIRECTION('',(-1.,0.,0.));
#8855 = DIRECTION('',(0.,0.,-1.));
#8856 = ADVANCED_FACE('',(#8857,#8860),#8871,.T.);
#8857 = FACE_BOUND('',#8858,.T.);
#8858 = EDGE_LOOP('',(#8859));
#8859 = ORIENTED_EDGE('',*,*,#8827,.T.);
#8860 = FACE_BOUND('',#8861,.T.);
#8861 = EDGE_LOOP('',(#8862));
#8862 = ORIENTED_EDGE('',*,*,#8863,.F.);
#8863 = EDGE_CURVE('',#8864,#8864,#8866,.T.);
#8864 = VERTEX_POINT('',#8865);
#8865 = CARTESIAN_POINT('',(206.1,-207.9,-8.25));
#8866 = CIRCLE('',#8867,2.);
#8867 = AXIS2_PLACEMENT_3D('',#8868,#8869,#8870);
#8868 = CARTESIAN_POINT('',(206.1,-207.9,-6.25));
#8869 = DIRECTION('',(-1.,0.,0.));
#8870 = DIRECTION('',(0.,0.,-1.));
#8871 = PLANE('',#8872);
#8872 = AXIS2_PLACEMENT_3D('',#8873,#8874,#8875);
#8873 = CARTESIAN_POINT('',(206.1,-207.9,-6.25));
#8874 = DIRECTION('',(-1.,0.,0.));
#8875 = DIRECTION('',(0.,0.,-1.));
#8876 = ADVANCED_FACE('',(#8877,#8880),#8930,.F.);
#8877 = FACE_BOUND('',#8878,.F.);
#8878 = EDGE_LOOP('',(#8879));
#8879 = ORIENTED_EDGE('',*,*,#8844,.T.);
#8880 = FACE_BOUND('',#8881,.F.);
#8881 = EDGE_LOOP('',(#8882,#8892,#8900,#8908,#8916,#8924));
#8882 = ORIENTED_EDGE('',*,*,#8883,.T.);
#8883 = EDGE_CURVE('',#8884,#8886,#8888,.T.);
#8884 = VERTEX_POINT('',#8885);
#8885 = CARTESIAN_POINT('',(210.1,-209.4,-7.116025403784));
#8886 = VERTEX_POINT('',#8887);
#8887 = CARTESIAN_POINT('',(210.1,-207.9,-7.982050807569));
#8888 = LINE('',#8889,#8890);
#8889 = CARTESIAN_POINT('',(210.1,-208.275,-7.765544456623));
#8890 = VECTOR('',#8891,1.);
#8891 = DIRECTION('',(0.,0.866025403784,-0.5));
#8892 = ORIENTED_EDGE('',*,*,#8893,.T.);
#8893 = EDGE_CURVE('',#8886,#8894,#8896,.T.);
#8894 = VERTEX_POINT('',#8895);
#8895 = CARTESIAN_POINT('',(210.1,-206.4,-7.116025403784));
#8896 = LINE('',#8897,#8898);
#8897 = CARTESIAN_POINT('',(210.1,-206.775,-7.332531754731));
#8898 = VECTOR('',#8899,1.);
#8899 = DIRECTION('',(0.,0.866025403784,0.5));
#8900 = ORIENTED_EDGE('',*,*,#8901,.T.);
#8901 = EDGE_CURVE('',#8894,#8902,#8904,.T.);
#8902 = VERTEX_POINT('',#8903);
#8903 = CARTESIAN_POINT('',(210.1,-206.4,-5.383974596216));
#8904 = LINE('',#8905,#8906);
#8905 = CARTESIAN_POINT('',(210.1,-206.4,-5.816987298108));
#8906 = VECTOR('',#8907,1.);
#8907 = DIRECTION('',(0.,-0.,1.));
#8908 = ORIENTED_EDGE('',*,*,#8909,.T.);
#8909 = EDGE_CURVE('',#8902,#8910,#8912,.T.);
#8910 = VERTEX_POINT('',#8911);
#8911 = CARTESIAN_POINT('',(210.1,-207.9,-4.517949192431));
#8912 = LINE('',#8913,#8914);
#8913 = CARTESIAN_POINT('',(210.1,-207.525,-4.734455543377));
#8914 = VECTOR('',#8915,1.);
#8915 = DIRECTION('',(0.,-0.866025403784,0.5));
#8916 = ORIENTED_EDGE('',*,*,#8917,.T.);
#8917 = EDGE_CURVE('',#8910,#8918,#8920,.T.);
#8918 = VERTEX_POINT('',#8919);
#8919 = CARTESIAN_POINT('',(210.1,-209.4,-5.383974596216));
#8920 = LINE('',#8921,#8922);
#8921 = CARTESIAN_POINT('',(210.1,-209.025,-5.167468245269));
#8922 = VECTOR('',#8923,1.);
#8923 = DIRECTION('',(-0.,-0.866025403784,-0.5));
#8924 = ORIENTED_EDGE('',*,*,#8925,.T.);
#8925 = EDGE_CURVE('',#8918,#8884,#8926,.T.);
#8926 = LINE('',#8927,#8928);
#8927 = CARTESIAN_POINT('',(210.1,-209.4,-6.683012701892));
#8928 = VECTOR('',#8929,1.);
#8929 = DIRECTION('',(-0.,0.,-1.));
#8930 = PLANE('',#8931);
#8931 = AXIS2_PLACEMENT_3D('',#8932,#8933,#8934);
#8932 = CARTESIAN_POINT('',(210.1,-207.9,-6.25));
#8933 = DIRECTION('',(-1.,0.,0.));
#8934 = DIRECTION('',(0.,0.,-1.));
#8935 = ADVANCED_FACE('',(#8936),#8955,.T.);
#8936 = FACE_BOUND('',#8937,.T.);
#8937 = EDGE_LOOP('',(#8938,#8947,#8953,#8954));
#8938 = ORIENTED_EDGE('',*,*,#8939,.F.);
#8939 = EDGE_CURVE('',#8940,#8940,#8942,.T.);
#8940 = VERTEX_POINT('',#8941);
#8941 = CARTESIAN_POINT('',(190.1,-207.9,-8.25));
#8942 = CIRCLE('',#8943,2.);
#8943 = AXIS2_PLACEMENT_3D('',#8944,#8945,#8946);
#8944 = CARTESIAN_POINT('',(190.1,-207.9,-6.25));
#8945 = DIRECTION('',(-1.,0.,0.));
#8946 = DIRECTION('',(0.,0.,-1.));
#8947 = ORIENTED_EDGE('',*,*,#8948,.F.);
#8948 = EDGE_CURVE('',#8864,#8940,#8949,.T.);
#8949 = LINE('',#8950,#8951);
#8950 = CARTESIAN_POINT('',(206.1,-207.9,-8.25));
#8951 = VECTOR('',#8952,1.);
#8952 = DIRECTION('',(-1.,0.,0.));
#8953 = ORIENTED_EDGE('',*,*,#8863,.T.);
#8954 = ORIENTED_EDGE('',*,*,#8948,.T.);
#8955 = CYLINDRICAL_SURFACE('',#8956,2.);
#8956 = AXIS2_PLACEMENT_3D('',#8957,#8958,#8959);
#8957 = CARTESIAN_POINT('',(206.1,-207.9,-6.25));
#8958 = DIRECTION('',(-1.,0.,0.));
#8959 = DIRECTION('',(0.,0.,-1.));
#8960 = ADVANCED_FACE('',(#8961),#8986,.T.);
#8961 = FACE_BOUND('',#8962,.T.);
#8962 = EDGE_LOOP('',(#8963,#8964,#8972,#8980));
#8963 = ORIENTED_EDGE('',*,*,#8883,.T.);
#8964 = ORIENTED_EDGE('',*,*,#8965,.T.);
#8965 = EDGE_CURVE('',#8886,#8966,#8968,.T.);
#8966 = VERTEX_POINT('',#8967);
#8967 = CARTESIAN_POINT('',(207.7,-207.9,-7.982050807569));
#8968 = LINE('',#8969,#8970);
#8969 = CARTESIAN_POINT('',(210.2,-207.9,-7.982050807569));
#8970 = VECTOR('',#8971,1.);
#8971 = DIRECTION('',(-1.,0.,0.));
#8972 = ORIENTED_EDGE('',*,*,#8973,.T.);
#8973 = EDGE_CURVE('',#8966,#8974,#8976,.T.);
#8974 = VERTEX_POINT('',#8975);
#8975 = CARTESIAN_POINT('',(207.7,-209.4,-7.116025403784));
#8976 = LINE('',#8977,#8978);
#8977 = CARTESIAN_POINT('',(207.7,-207.9,-7.982050807569));
#8978 = VECTOR('',#8979,1.);
#8979 = DIRECTION('',(0.,-0.866025403784,0.5));
#8980 = ORIENTED_EDGE('',*,*,#8981,.F.);
#8981 = EDGE_CURVE('',#8884,#8974,#8982,.T.);
#8982 = LINE('',#8983,#8984);
#8983 = CARTESIAN_POINT('',(210.2,-209.4,-7.116025403784));
#8984 = VECTOR('',#8985,1.);
#8985 = DIRECTION('',(-1.,0.,0.));
#8986 = PLANE('',#8987);
#8987 = AXIS2_PLACEMENT_3D('',#8988,#8989,#8990);
#8988 = CARTESIAN_POINT('',(210.2,-207.9,-7.982050807569));
#8989 = DIRECTION('',(0.,0.5,0.866025403784));
#8990 = DIRECTION('',(0.,-0.866025403784,0.5));
#8991 = ADVANCED_FACE('',(#8992),#9010,.T.);
#8992 = FACE_BOUND('',#8993,.T.);
#8993 = EDGE_LOOP('',(#8994,#8995,#8996,#9004));
#8994 = ORIENTED_EDGE('',*,*,#8925,.T.);
#8995 = ORIENTED_EDGE('',*,*,#8981,.T.);
#8996 = ORIENTED_EDGE('',*,*,#8997,.T.);
#8997 = EDGE_CURVE('',#8974,#8998,#9000,.T.);
#8998 = VERTEX_POINT('',#8999);
#8999 = CARTESIAN_POINT('',(207.7,-209.4,-5.383974596216));
#9000 = LINE('',#9001,#9002);
#9001 = CARTESIAN_POINT('',(207.7,-209.4,-7.116025403784));
#9002 = VECTOR('',#9003,1.);
#9003 = DIRECTION('',(0.,0.,1.));
#9004 = ORIENTED_EDGE('',*,*,#9005,.F.);
#9005 = EDGE_CURVE('',#8918,#8998,#9006,.T.);
#9006 = LINE('',#9007,#9008);
#9007 = CARTESIAN_POINT('',(210.2,-209.4,-5.383974596216));
#9008 = VECTOR('',#9009,1.);
#9009 = DIRECTION('',(-1.,0.,0.));
#9010 = PLANE('',#9011);
#9011 = AXIS2_PLACEMENT_3D('',#9012,#9013,#9014);
#9012 = CARTESIAN_POINT('',(210.2,-209.4,-7.116025403784));
#9013 = DIRECTION('',(0.,1.,-0.));
#9014 = DIRECTION('',(0.,0.,1.));
#9015 = ADVANCED_FACE('',(#9016),#9034,.T.);
#9016 = FACE_BOUND('',#9017,.T.);
#9017 = EDGE_LOOP('',(#9018,#9019,#9020,#9028));
#9018 = ORIENTED_EDGE('',*,*,#8917,.T.);
#9019 = ORIENTED_EDGE('',*,*,#9005,.T.);
#9020 = ORIENTED_EDGE('',*,*,#9021,.T.);
#9021 = EDGE_CURVE('',#8998,#9022,#9024,.T.);
#9022 = VERTEX_POINT('',#9023);
#9023 = CARTESIAN_POINT('',(207.7,-207.9,-4.517949192431));
#9024 = LINE('',#9025,#9026);
#9025 = CARTESIAN_POINT('',(207.7,-209.4,-5.383974596216));
#9026 = VECTOR('',#9027,1.);
#9027 = DIRECTION('',(0.,0.866025403784,0.5));
#9028 = ORIENTED_EDGE('',*,*,#9029,.F.);
#9029 = EDGE_CURVE('',#8910,#9022,#9030,.T.);
#9030 = LINE('',#9031,#9032);
#9031 = CARTESIAN_POINT('',(210.2,-207.9,-4.517949192431));
#9032 = VECTOR('',#9033,1.);
#9033 = DIRECTION('',(-1.,0.,0.));
#9034 = PLANE('',#9035);
#9035 = AXIS2_PLACEMENT_3D('',#9036,#9037,#9038);
#9036 = CARTESIAN_POINT('',(210.2,-209.4,-5.383974596216));
#9037 = DIRECTION('',(0.,0.5,-0.866025403784));
#9038 = DIRECTION('',(0.,0.866025403784,0.5));
#9039 = ADVANCED_FACE('',(#9040),#9058,.T.);
#9040 = FACE_BOUND('',#9041,.T.);
#9041 = EDGE_LOOP('',(#9042,#9043,#9044,#9052));
#9042 = ORIENTED_EDGE('',*,*,#8909,.T.);
#9043 = ORIENTED_EDGE('',*,*,#9029,.T.);
#9044 = ORIENTED_EDGE('',*,*,#9045,.T.);
#9045 = EDGE_CURVE('',#9022,#9046,#9048,.T.);
#9046 = VERTEX_POINT('',#9047);
#9047 = CARTESIAN_POINT('',(207.7,-206.4,-5.383974596216));
#9048 = LINE('',#9049,#9050);
#9049 = CARTESIAN_POINT('',(207.7,-207.9,-4.517949192431));
#9050 = VECTOR('',#9051,1.);
#9051 = DIRECTION('',(0.,0.866025403784,-0.5));
#9052 = ORIENTED_EDGE('',*,*,#9053,.F.);
#9053 = EDGE_CURVE('',#8902,#9046,#9054,.T.);
#9054 = LINE('',#9055,#9056);
#9055 = CARTESIAN_POINT('',(210.2,-206.4,-5.383974596216));
#9056 = VECTOR('',#9057,1.);
#9057 = DIRECTION('',(-1.,0.,0.));
#9058 = PLANE('',#9059);
#9059 = AXIS2_PLACEMENT_3D('',#9060,#9061,#9062);
#9060 = CARTESIAN_POINT('',(210.2,-207.9,-4.517949192431));
#9061 = DIRECTION('',(-0.,-0.5,-0.866025403784));
#9062 = DIRECTION('',(0.,0.866025403784,-0.5));
#9063 = ADVANCED_FACE('',(#9064),#9082,.T.);
#9064 = FACE_BOUND('',#9065,.T.);
#9065 = EDGE_LOOP('',(#9066,#9067,#9068,#9076));
#9066 = ORIENTED_EDGE('',*,*,#8901,.T.);
#9067 = ORIENTED_EDGE('',*,*,#9053,.T.);
#9068 = ORIENTED_EDGE('',*,*,#9069,.T.);
#9069 = EDGE_CURVE('',#9046,#9070,#9072,.T.);
#9070 = VERTEX_POINT('',#9071);
#9071 = CARTESIAN_POINT('',(207.7,-206.4,-7.116025403784));
#9072 = LINE('',#9073,#9074);
#9073 = CARTESIAN_POINT('',(207.7,-206.4,-5.383974596216));
#9074 = VECTOR('',#9075,1.);
#9075 = DIRECTION('',(0.,0.,-1.));
#9076 = ORIENTED_EDGE('',*,*,#9077,.F.);
#9077 = EDGE_CURVE('',#8894,#9070,#9078,.T.);
#9078 = LINE('',#9079,#9080);
#9079 = CARTESIAN_POINT('',(210.2,-206.4,-7.116025403784));
#9080 = VECTOR('',#9081,1.);
#9081 = DIRECTION('',(-1.,0.,0.));
#9082 = PLANE('',#9083);
#9083 = AXIS2_PLACEMENT_3D('',#9084,#9085,#9086);
#9084 = CARTESIAN_POINT('',(210.2,-206.4,-5.383974596216));
#9085 = DIRECTION('',(-0.,-1.,-0.));
#9086 = DIRECTION('',(0.,0.,-1.));
#9087 = ADVANCED_FACE('',(#9088),#9099,.T.);
#9088 = FACE_BOUND('',#9089,.T.);
#9089 = EDGE_LOOP('',(#9090,#9091,#9092,#9098));
#9090 = ORIENTED_EDGE('',*,*,#8893,.T.);
#9091 = ORIENTED_EDGE('',*,*,#9077,.T.);
#9092 = ORIENTED_EDGE('',*,*,#9093,.T.);
#9093 = EDGE_CURVE('',#9070,#8966,#9094,.T.);
#9094 = LINE('',#9095,#9096);
#9095 = CARTESIAN_POINT('',(207.7,-206.4,-7.116025403784));
#9096 = VECTOR('',#9097,1.);
#9097 = DIRECTION('',(0.,-0.866025403784,-0.5));
#9098 = ORIENTED_EDGE('',*,*,#8965,.F.);
#9099 = PLANE('',#9100);
#9100 = AXIS2_PLACEMENT_3D('',#9101,#9102,#9103);
#9101 = CARTESIAN_POINT('',(210.2,-206.4,-7.116025403784));
#9102 = DIRECTION('',(0.,-0.5,0.866025403784));
#9103 = DIRECTION('',(0.,-0.866025403784,-0.5));
#9104 = ADVANCED_FACE('',(#9105),#9108,.T.);
#9105 = FACE_BOUND('',#9106,.T.);
#9106 = EDGE_LOOP('',(#9107));
#9107 = ORIENTED_EDGE('',*,*,#8939,.T.);
#9108 = PLANE('',#9109);
#9109 = AXIS2_PLACEMENT_3D('',#9110,#9111,#9112);
#9110 = CARTESIAN_POINT('',(190.1,-207.9,-6.25));
#9111 = DIRECTION('',(-1.,0.,0.));
#9112 = DIRECTION('',(0.,0.,-1.));
#9113 = ADVANCED_FACE('',(#9114),#9122,.F.);
#9114 = FACE_BOUND('',#9115,.F.);
#9115 = EDGE_LOOP('',(#9116,#9117,#9118,#9119,#9120,#9121));
#9116 = ORIENTED_EDGE('',*,*,#9093,.T.);
#9117 = ORIENTED_EDGE('',*,*,#8973,.T.);
#9118 = ORIENTED_EDGE('',*,*,#8997,.T.);
#9119 = ORIENTED_EDGE('',*,*,#9021,.T.);
#9120 = ORIENTED_EDGE('',*,*,#9045,.T.);
#9121 = ORIENTED_EDGE('',*,*,#9069,.T.);
#9122 = PLANE('',#9123);
#9123 = AXIS2_PLACEMENT_3D('',#9124,#9125,#9126);
#9124 = CARTESIAN_POINT('',(207.7,-207.9,-6.25));
#9125 = DIRECTION('',(-1.,-0.,-0.));
#9126 = DIRECTION('',(0.,0.,-1.));
#9127 = MANIFOLD_SOLID_BREP('',#9128);
#9128 = CLOSED_SHELL('',(#9129,#9169,#9200,#9231,#9275,#9319,#9336,#9353
    ,#9365));
#9129 = ADVANCED_FACE('',(#9130),#9164,.F.);
#9130 = FACE_BOUND('',#9131,.F.);
#9131 = EDGE_LOOP('',(#9132,#9142,#9150,#9158));
#9132 = ORIENTED_EDGE('',*,*,#9133,.T.);
#9133 = EDGE_CURVE('',#9134,#9136,#9138,.T.);
#9134 = VERTEX_POINT('',#9135);
#9135 = CARTESIAN_POINT('',(198.6,-205.8792740578,-2.75));
#9136 = VERTEX_POINT('',#9137);
#9137 = CARTESIAN_POINT('',(193.6,-205.8792740578,-2.75));
#9138 = LINE('',#9139,#9140);
#9139 = CARTESIAN_POINT('',(198.6,-205.8792740578,-2.75));
#9140 = VECTOR('',#9141,1.);
#9141 = DIRECTION('',(-1.,0.,0.));
#9142 = ORIENTED_EDGE('',*,*,#9143,.T.);
#9143 = EDGE_CURVE('',#9136,#9144,#9146,.T.);
#9144 = VERTEX_POINT('',#9145);
#9145 = CARTESIAN_POINT('',(193.6,-203.8585481156,-6.25));
#9146 = LINE('',#9147,#9148);
#9147 = CARTESIAN_POINT('',(193.6,-205.8792740578,-2.75));
#9148 = VECTOR('',#9149,1.);
#9149 = DIRECTION('',(0.,0.5,-0.866025403784));
#9150 = ORIENTED_EDGE('',*,*,#9151,.F.);
#9151 = EDGE_CURVE('',#9152,#9144,#9154,.T.);
#9152 = VERTEX_POINT('',#9153);
#9153 = CARTESIAN_POINT('',(198.6,-203.8585481156,-6.25));
#9154 = LINE('',#9155,#9156);
#9155 = CARTESIAN_POINT('',(198.6,-203.8585481156,-6.25));
#9156 = VECTOR('',#9157,1.);
#9157 = DIRECTION('',(-1.,0.,0.));
#9158 = ORIENTED_EDGE('',*,*,#9159,.F.);
#9159 = EDGE_CURVE('',#9134,#9152,#9160,.T.);
#9160 = LINE('',#9161,#9162);
#9161 = CARTESIAN_POINT('',(198.6,-205.8792740578,-2.75));
#9162 = VECTOR('',#9163,1.);
#9163 = DIRECTION('',(0.,0.5,-0.866025403784));
#9164 = PLANE('',#9165);
#9165 = AXIS2_PLACEMENT_3D('',#9166,#9167,#9168);
#9166 = CARTESIAN_POINT('',(198.6,-205.8792740578,-2.75));
#9167 = DIRECTION('',(-0.,-0.866025403784,-0.5));
#9168 = DIRECTION('',(0.,0.5,-0.866025403784));
#9169 = ADVANCED_FACE('',(#9170),#9195,.F.);
#9170 = FACE_BOUND('',#9171,.F.);
#9171 = EDGE_LOOP('',(#9172,#9182,#9188,#9189));
#9172 = ORIENTED_EDGE('',*,*,#9173,.T.);
#9173 = EDGE_CURVE('',#9174,#9176,#9178,.T.);
#9174 = VERTEX_POINT('',#9175);
#9175 = CARTESIAN_POINT('',(198.6,-209.9207259421,-2.75));
#9176 = VERTEX_POINT('',#9177);
#9177 = CARTESIAN_POINT('',(193.6,-209.9207259421,-2.75));
#9178 = LINE('',#9179,#9180);
#9179 = CARTESIAN_POINT('',(198.6,-209.9207259421,-2.75));
#9180 = VECTOR('',#9181,1.);
#9181 = DIRECTION('',(-1.,0.,0.));
#9182 = ORIENTED_EDGE('',*,*,#9183,.T.);
#9183 = EDGE_CURVE('',#9176,#9136,#9184,.T.);
#9184 = LINE('',#9185,#9186);
#9185 = CARTESIAN_POINT('',(193.6,-209.9207259421,-2.75));
#9186 = VECTOR('',#9187,1.);
#9187 = DIRECTION('',(0.,1.,3.296507462372E-16));
#9188 = ORIENTED_EDGE('',*,*,#9133,.F.);
#9189 = ORIENTED_EDGE('',*,*,#9190,.F.);
#9190 = EDGE_CURVE('',#9174,#9134,#9191,.T.);
#9191 = LINE('',#9192,#9193);
#9192 = CARTESIAN_POINT('',(198.6,-209.9207259421,-2.75));
#9193 = VECTOR('',#9194,1.);
#9194 = DIRECTION('',(0.,1.,3.296507462372E-16));
#9195 = PLANE('',#9196);
#9196 = AXIS2_PLACEMENT_3D('',#9197,#9198,#9199);
#9197 = CARTESIAN_POINT('',(198.6,-209.9207259421,-2.75));
#9198 = DIRECTION('',(0.,3.296507462372E-16,-1.));
#9199 = DIRECTION('',(0.,1.,3.296507462372E-16));
#9200 = ADVANCED_FACE('',(#9201),#9226,.F.);
#9201 = FACE_BOUND('',#9202,.F.);
#9202 = EDGE_LOOP('',(#9203,#9204,#9212,#9220));
#9203 = ORIENTED_EDGE('',*,*,#9151,.T.);
#9204 = ORIENTED_EDGE('',*,*,#9205,.T.);
#9205 = EDGE_CURVE('',#9144,#9206,#9208,.T.);
#9206 = VERTEX_POINT('',#9207);
#9207 = CARTESIAN_POINT('',(193.6,-205.8792740578,-9.75));
#9208 = LINE('',#9209,#9210);
#9209 = CARTESIAN_POINT('',(193.6,-203.8585481156,-6.25));
#9210 = VECTOR('',#9211,1.);
#9211 = DIRECTION('',(0.,-0.5,-0.866025403784));
#9212 = ORIENTED_EDGE('',*,*,#9213,.F.);
#9213 = EDGE_CURVE('',#9214,#9206,#9216,.T.);
#9214 = VERTEX_POINT('',#9215);
#9215 = CARTESIAN_POINT('',(198.6,-205.8792740578,-9.75));
#9216 = LINE('',#9217,#9218);
#9217 = CARTESIAN_POINT('',(198.6,-205.8792740578,-9.75));
#9218 = VECTOR('',#9219,1.);
#9219 = DIRECTION('',(-1.,0.,0.));
#9220 = ORIENTED_EDGE('',*,*,#9221,.F.);
#9221 = EDGE_CURVE('',#9152,#9214,#9222,.T.);
#9222 = LINE('',#9223,#9224);
#9223 = CARTESIAN_POINT('',(198.6,-203.8585481156,-6.25));
#9224 = VECTOR('',#9225,1.);
#9225 = DIRECTION('',(0.,-0.5,-0.866025403784));
#9226 = PLANE('',#9227);
#9227 = AXIS2_PLACEMENT_3D('',#9228,#9229,#9230);
#9228 = CARTESIAN_POINT('',(198.6,-203.8585481156,-6.25));
#9229 = DIRECTION('',(0.,-0.866025403784,0.5));
#9230 = DIRECTION('',(0.,-0.5,-0.866025403784));
#9231 = ADVANCED_FACE('',(#9232,#9259),#9270,.F.);
#9232 = FACE_BOUND('',#9233,.F.);
#9233 = EDGE_LOOP('',(#9234,#9235,#9236,#9244,#9252,#9258));
#9234 = ORIENTED_EDGE('',*,*,#9159,.T.);
#9235 = ORIENTED_EDGE('',*,*,#9221,.T.);
#9236 = ORIENTED_EDGE('',*,*,#9237,.T.);
#9237 = EDGE_CURVE('',#9214,#9238,#9240,.T.);
#9238 = VERTEX_POINT('',#9239);
#9239 = CARTESIAN_POINT('',(198.6,-209.9207259421,-9.75));
#9240 = LINE('',#9241,#9242);
#9241 = CARTESIAN_POINT('',(198.6,-205.8792740578,-9.75));
#9242 = VECTOR('',#9243,1.);
#9243 = DIRECTION('',(0.,-1.,0.));
#9244 = ORIENTED_EDGE('',*,*,#9245,.T.);
#9245 = EDGE_CURVE('',#9238,#9246,#9248,.T.);
#9246 = VERTEX_POINT('',#9247);
#9247 = CARTESIAN_POINT('',(198.6,-211.9414518843,-6.25));
#9248 = LINE('',#9249,#9250);
#9249 = CARTESIAN_POINT('',(198.6,-209.9207259421,-9.75));
#9250 = VECTOR('',#9251,1.);
#9251 = DIRECTION('',(0.,-0.5,0.866025403784));
#9252 = ORIENTED_EDGE('',*,*,#9253,.T.);
#9253 = EDGE_CURVE('',#9246,#9174,#9254,.T.);
#9254 = LINE('',#9255,#9256);
#9255 = CARTESIAN_POINT('',(198.6,-211.9414518843,-6.25));
#9256 = VECTOR('',#9257,1.);
#9257 = DIRECTION('',(0.,0.5,0.866025403784));
#9258 = ORIENTED_EDGE('',*,*,#9190,.T.);
#9259 = FACE_BOUND('',#9260,.F.);
#9260 = EDGE_LOOP('',(#9261));
#9261 = ORIENTED_EDGE('',*,*,#9262,.F.);
#9262 = EDGE_CURVE('',#9263,#9263,#9265,.T.);
#9263 = VERTEX_POINT('',#9264);
#9264 = CARTESIAN_POINT('',(198.6,-207.9,-8.25));
#9265 = CIRCLE('',#9266,2.);
#9266 = AXIS2_PLACEMENT_3D('',#9267,#9268,#9269);
#9267 = CARTESIAN_POINT('',(198.6,-207.9,-6.25));
#9268 = DIRECTION('',(-1.,0.,0.));
#9269 = DIRECTION('',(0.,0.,-1.));
#9270 = PLANE('',#9271);
#9271 = AXIS2_PLACEMENT_3D('',#9272,#9273,#9274);
#9272 = CARTESIAN_POINT('',(198.6,-207.9,-6.25));
#9273 = DIRECTION('',(-1.,-0.,-0.));
#9274 = DIRECTION('',(0.,0.,-1.));
#9275 = ADVANCED_FACE('',(#9276,#9303),#9314,.T.);
#9276 = FACE_BOUND('',#9277,.T.);
#9277 = EDGE_LOOP('',(#9278,#9279,#9280,#9288,#9296,#9302));
#9278 = ORIENTED_EDGE('',*,*,#9143,.T.);
#9279 = ORIENTED_EDGE('',*,*,#9205,.T.);
#9280 = ORIENTED_EDGE('',*,*,#9281,.T.);
#9281 = EDGE_CURVE('',#9206,#9282,#9284,.T.);
#9282 = VERTEX_POINT('',#9283);
#9283 = CARTESIAN_POINT('',(193.6,-209.9207259421,-9.75));
#9284 = LINE('',#9285,#9286);
#9285 = CARTESIAN_POINT('',(193.6,-205.8792740578,-9.75));
#9286 = VECTOR('',#9287,1.);
#9287 = DIRECTION('',(0.,-1.,0.));
#9288 = ORIENTED_EDGE('',*,*,#9289,.T.);
#9289 = EDGE_CURVE('',#9282,#9290,#9292,.T.);
#9290 = VERTEX_POINT('',#9291);
#9291 = CARTESIAN_POINT('',(193.6,-211.9414518843,-6.25));
#9292 = LINE('',#9293,#9294);
#9293 = CARTESIAN_POINT('',(193.6,-209.9207259421,-9.75));
#9294 = VECTOR('',#9295,1.);
#9295 = DIRECTION('',(0.,-0.5,0.866025403784));
#9296 = ORIENTED_EDGE('',*,*,#9297,.T.);
#9297 = EDGE_CURVE('',#9290,#9176,#9298,.T.);
#9298 = LINE('',#9299,#9300);
#9299 = CARTESIAN_POINT('',(193.6,-211.9414518843,-6.25));
#9300 = VECTOR('',#9301,1.);
#9301 = DIRECTION('',(0.,0.5,0.866025403784));
#9302 = ORIENTED_EDGE('',*,*,#9183,.T.);
#9303 = FACE_BOUND('',#9304,.T.);
#9304 = EDGE_LOOP('',(#9305));
#9305 = ORIENTED_EDGE('',*,*,#9306,.F.);
#9306 = EDGE_CURVE('',#9307,#9307,#9309,.T.);
#9307 = VERTEX_POINT('',#9308);
#9308 = CARTESIAN_POINT('',(193.6,-207.9,-8.25));
#9309 = CIRCLE('',#9310,2.);
#9310 = AXIS2_PLACEMENT_3D('',#9311,#9312,#9313);
#9311 = CARTESIAN_POINT('',(193.6,-207.9,-6.25));
#9312 = DIRECTION('',(-1.,0.,0.));
#9313 = DIRECTION('',(0.,0.,-1.));
#9314 = PLANE('',#9315);
#9315 = AXIS2_PLACEMENT_3D('',#9316,#9317,#9318);
#9316 = CARTESIAN_POINT('',(193.6,-207.9,-6.25));
#9317 = DIRECTION('',(-1.,-0.,-0.));
#9318 = DIRECTION('',(0.,0.,-1.));
#9319 = ADVANCED_FACE('',(#9320),#9331,.F.);
#9320 = FACE_BOUND('',#9321,.F.);
#9321 = EDGE_LOOP('',(#9322,#9328,#9329,#9330));
#9322 = ORIENTED_EDGE('',*,*,#9323,.T.);
#9323 = EDGE_CURVE('',#9246,#9290,#9324,.T.);
#9324 = LINE('',#9325,#9326);
#9325 = CARTESIAN_POINT('',(198.6,-211.9414518843,-6.25));
#9326 = VECTOR('',#9327,1.);
#9327 = DIRECTION('',(-1.,0.,0.));
#9328 = ORIENTED_EDGE('',*,*,#9297,.T.);
#9329 = ORIENTED_EDGE('',*,*,#9173,.F.);
#9330 = ORIENTED_EDGE('',*,*,#9253,.F.);
#9331 = PLANE('',#9332);
#9332 = AXIS2_PLACEMENT_3D('',#9333,#9334,#9335);
#9333 = CARTESIAN_POINT('',(198.6,-211.9414518843,-6.25));
#9334 = DIRECTION('',(0.,0.866025403784,-0.5));
#9335 = DIRECTION('',(0.,0.5,0.866025403784));
#9336 = ADVANCED_FACE('',(#9337),#9348,.F.);
#9337 = FACE_BOUND('',#9338,.F.);
#9338 = EDGE_LOOP('',(#9339,#9340,#9341,#9347));
#9339 = ORIENTED_EDGE('',*,*,#9213,.T.);
#9340 = ORIENTED_EDGE('',*,*,#9281,.T.);
#9341 = ORIENTED_EDGE('',*,*,#9342,.F.);
#9342 = EDGE_CURVE('',#9238,#9282,#9343,.T.);
#9343 = LINE('',#9344,#9345);
#9344 = CARTESIAN_POINT('',(198.6,-209.9207259421,-9.75));
#9345 = VECTOR('',#9346,1.);
#9346 = DIRECTION('',(-1.,0.,0.));
#9347 = ORIENTED_EDGE('',*,*,#9237,.F.);
#9348 = PLANE('',#9349);
#9349 = AXIS2_PLACEMENT_3D('',#9350,#9351,#9352);
#9350 = CARTESIAN_POINT('',(198.6,-205.8792740578,-9.75));
#9351 = DIRECTION('',(0.,0.,1.));
#9352 = DIRECTION('',(0.,-1.,0.));
#9353 = ADVANCED_FACE('',(#9354),#9360,.F.);
#9354 = FACE_BOUND('',#9355,.F.);
#9355 = EDGE_LOOP('',(#9356,#9357,#9358,#9359));
#9356 = ORIENTED_EDGE('',*,*,#9342,.T.);
#9357 = ORIENTED_EDGE('',*,*,#9289,.T.);
#9358 = ORIENTED_EDGE('',*,*,#9323,.F.);
#9359 = ORIENTED_EDGE('',*,*,#9245,.F.);
#9360 = PLANE('',#9361);
#9361 = AXIS2_PLACEMENT_3D('',#9362,#9363,#9364);
#9362 = CARTESIAN_POINT('',(198.6,-209.9207259421,-9.75));
#9363 = DIRECTION('',(0.,0.866025403784,0.5));
#9364 = DIRECTION('',(0.,-0.5,0.866025403784));
#9365 = ADVANCED_FACE('',(#9366),#9377,.F.);
#9366 = FACE_BOUND('',#9367,.F.);
#9367 = EDGE_LOOP('',(#9368,#9369,#9375,#9376));
#9368 = ORIENTED_EDGE('',*,*,#9306,.F.);
#9369 = ORIENTED_EDGE('',*,*,#9370,.F.);
#9370 = EDGE_CURVE('',#9263,#9307,#9371,.T.);
#9371 = LINE('',#9372,#9373);
#9372 = CARTESIAN_POINT('',(199.6,-207.9,-8.25));
#9373 = VECTOR('',#9374,1.);
#9374 = DIRECTION('',(-1.,0.,0.));
#9375 = ORIENTED_EDGE('',*,*,#9262,.T.);
#9376 = ORIENTED_EDGE('',*,*,#9370,.T.);
#9377 = CYLINDRICAL_SURFACE('',#9378,2.);
#9378 = AXIS2_PLACEMENT_3D('',#9379,#9380,#9381);
#9379 = CARTESIAN_POINT('',(199.6,-207.9,-6.25));
#9380 = DIRECTION('',(-1.,0.,0.));
#9381 = DIRECTION('',(0.,0.,-1.));
#9382 = MANIFOLD_SOLID_BREP('',#9383);
#9383 = CLOSED_SHELL('',(#9384,#9417,#9437,#9496,#9521,#9552,#9576,#9600
    ,#9624,#9648,#9665,#9674));
#9384 = ADVANCED_FACE('',(#9385),#9412,.T.);
#9385 = FACE_BOUND('',#9386,.T.);
#9386 = EDGE_LOOP('',(#9387,#9396,#9404,#9411));
#9387 = ORIENTED_EDGE('',*,*,#9388,.F.);
#9388 = EDGE_CURVE('',#9389,#9389,#9391,.T.);
#9389 = VERTEX_POINT('',#9390);
#9390 = CARTESIAN_POINT('',(206.1,-158.4,0.25));
#9391 = CIRCLE('',#9392,3.5);
#9392 = AXIS2_PLACEMENT_3D('',#9393,#9394,#9395);
#9393 = CARTESIAN_POINT('',(206.1,-158.4,3.75));
#9394 = DIRECTION('',(-1.,0.,0.));
#9395 = DIRECTION('',(0.,0.,-1.));
#9396 = ORIENTED_EDGE('',*,*,#9397,.F.);
#9397 = EDGE_CURVE('',#9398,#9389,#9400,.T.);
#9398 = VERTEX_POINT('',#9399);
#9399 = CARTESIAN_POINT('',(210.1,-158.4,0.25));
#9400 = LINE('',#9401,#9402);
#9401 = CARTESIAN_POINT('',(210.1,-158.4,0.25));
#9402 = VECTOR('',#9403,1.);
#9403 = DIRECTION('',(-1.,0.,0.));
#9404 = ORIENTED_EDGE('',*,*,#9405,.T.);
#9405 = EDGE_CURVE('',#9398,#9398,#9406,.T.);
#9406 = CIRCLE('',#9407,3.5);
#9407 = AXIS2_PLACEMENT_3D('',#9408,#9409,#9410);
#9408 = CARTESIAN_POINT('',(210.1,-158.4,3.75));
#9409 = DIRECTION('',(-1.,0.,0.));
#9410 = DIRECTION('',(0.,0.,-1.));
#9411 = ORIENTED_EDGE('',*,*,#9397,.T.);
#9412 = CYLINDRICAL_SURFACE('',#9413,3.5);
#9413 = AXIS2_PLACEMENT_3D('',#9414,#9415,#9416);
#9414 = CARTESIAN_POINT('',(210.1,-158.4,3.75));
#9415 = DIRECTION('',(-1.,0.,0.));
#9416 = DIRECTION('',(0.,0.,-1.));
#9417 = ADVANCED_FACE('',(#9418,#9421),#9432,.T.);
#9418 = FACE_BOUND('',#9419,.T.);
#9419 = EDGE_LOOP('',(#9420));
#9420 = ORIENTED_EDGE('',*,*,#9388,.T.);
#9421 = FACE_BOUND('',#9422,.T.);
#9422 = EDGE_LOOP('',(#9423));
#9423 = ORIENTED_EDGE('',*,*,#9424,.F.);
#9424 = EDGE_CURVE('',#9425,#9425,#9427,.T.);
#9425 = VERTEX_POINT('',#9426);
#9426 = CARTESIAN_POINT('',(206.1,-158.4,1.75));
#9427 = CIRCLE('',#9428,2.);
#9428 = AXIS2_PLACEMENT_3D('',#9429,#9430,#9431);
#9429 = CARTESIAN_POINT('',(206.1,-158.4,3.75));
#9430 = DIRECTION('',(-1.,0.,0.));
#9431 = DIRECTION('',(0.,0.,-1.));
#9432 = PLANE('',#9433);
#9433 = AXIS2_PLACEMENT_3D('',#9434,#9435,#9436);
#9434 = CARTESIAN_POINT('',(206.1,-158.4,3.75));
#9435 = DIRECTION('',(-1.,0.,0.));
#9436 = DIRECTION('',(0.,0.,-1.));
#9437 = ADVANCED_FACE('',(#9438,#9441),#9491,.F.);
#9438 = FACE_BOUND('',#9439,.F.);
#9439 = EDGE_LOOP('',(#9440));
#9440 = ORIENTED_EDGE('',*,*,#9405,.T.);
#9441 = FACE_BOUND('',#9442,.F.);
#9442 = EDGE_LOOP('',(#9443,#9453,#9461,#9469,#9477,#9485));
#9443 = ORIENTED_EDGE('',*,*,#9444,.T.);
#9444 = EDGE_CURVE('',#9445,#9447,#9449,.T.);
#9445 = VERTEX_POINT('',#9446);
#9446 = CARTESIAN_POINT('',(210.1,-159.9,2.883974596216));
#9447 = VERTEX_POINT('',#9448);
#9448 = CARTESIAN_POINT('',(210.1,-158.4,2.017949192431));
#9449 = LINE('',#9450,#9451);
#9450 = CARTESIAN_POINT('',(210.1,-158.775,2.234455543377));
#9451 = VECTOR('',#9452,1.);
#9452 = DIRECTION('',(0.,0.866025403784,-0.5));
#9453 = ORIENTED_EDGE('',*,*,#9454,.T.);
#9454 = EDGE_CURVE('',#9447,#9455,#9457,.T.);
#9455 = VERTEX_POINT('',#9456);
#9456 = CARTESIAN_POINT('',(210.1,-156.9,2.883974596216));
#9457 = LINE('',#9458,#9459);
#9458 = CARTESIAN_POINT('',(210.1,-157.275,2.667468245269));
#9459 = VECTOR('',#9460,1.);
#9460 = DIRECTION('',(0.,0.866025403784,0.5));
#9461 = ORIENTED_EDGE('',*,*,#9462,.T.);
#9462 = EDGE_CURVE('',#9455,#9463,#9465,.T.);
#9463 = VERTEX_POINT('',#9464);
#9464 = CARTESIAN_POINT('',(210.1,-156.9,4.616025403784));
#9465 = LINE('',#9466,#9467);
#9466 = CARTESIAN_POINT('',(210.1,-156.9,4.183012701892));
#9467 = VECTOR('',#9468,1.);
#9468 = DIRECTION('',(0.,-0.,1.));
#9469 = ORIENTED_EDGE('',*,*,#9470,.T.);
#9470 = EDGE_CURVE('',#9463,#9471,#9473,.T.);
#9471 = VERTEX_POINT('',#9472);
#9472 = CARTESIAN_POINT('',(210.1,-158.4,5.482050807569));
#9473 = LINE('',#9474,#9475);
#9474 = CARTESIAN_POINT('',(210.1,-158.025,5.265544456623));
#9475 = VECTOR('',#9476,1.);
#9476 = DIRECTION('',(0.,-0.866025403784,0.5));
#9477 = ORIENTED_EDGE('',*,*,#9478,.T.);
#9478 = EDGE_CURVE('',#9471,#9479,#9481,.T.);
#9479 = VERTEX_POINT('',#9480);
#9480 = CARTESIAN_POINT('',(210.1,-159.9,4.616025403784));
#9481 = LINE('',#9482,#9483);
#9482 = CARTESIAN_POINT('',(210.1,-159.525,4.832531754731));
#9483 = VECTOR('',#9484,1.);
#9484 = DIRECTION('',(-0.,-0.866025403784,-0.5));
#9485 = ORIENTED_EDGE('',*,*,#9486,.T.);
#9486 = EDGE_CURVE('',#9479,#9445,#9487,.T.);
#9487 = LINE('',#9488,#9489);
#9488 = CARTESIAN_POINT('',(210.1,-159.9,3.316987298108));
#9489 = VECTOR('',#9490,1.);
#9490 = DIRECTION('',(-0.,0.,-1.));
#9491 = PLANE('',#9492);
#9492 = AXIS2_PLACEMENT_3D('',#9493,#9494,#9495);
#9493 = CARTESIAN_POINT('',(210.1,-158.4,3.75));
#9494 = DIRECTION('',(-1.,0.,0.));
#9495 = DIRECTION('',(0.,0.,-1.));
#9496 = ADVANCED_FACE('',(#9497),#9516,.T.);
#9497 = FACE_BOUND('',#9498,.T.);
#9498 = EDGE_LOOP('',(#9499,#9508,#9514,#9515));
#9499 = ORIENTED_EDGE('',*,*,#9500,.F.);
#9500 = EDGE_CURVE('',#9501,#9501,#9503,.T.);
#9501 = VERTEX_POINT('',#9502);
#9502 = CARTESIAN_POINT('',(190.1,-158.4,1.75));
#9503 = CIRCLE('',#9504,2.);
#9504 = AXIS2_PLACEMENT_3D('',#9505,#9506,#9507);
#9505 = CARTESIAN_POINT('',(190.1,-158.4,3.75));
#9506 = DIRECTION('',(-1.,0.,0.));
#9507 = DIRECTION('',(0.,0.,-1.));
#9508 = ORIENTED_EDGE('',*,*,#9509,.F.);
#9509 = EDGE_CURVE('',#9425,#9501,#9510,.T.);
#9510 = LINE('',#9511,#9512);
#9511 = CARTESIAN_POINT('',(206.1,-158.4,1.75));
#9512 = VECTOR('',#9513,1.);
#9513 = DIRECTION('',(-1.,0.,0.));
#9514 = ORIENTED_EDGE('',*,*,#9424,.T.);
#9515 = ORIENTED_EDGE('',*,*,#9509,.T.);
#9516 = CYLINDRICAL_SURFACE('',#9517,2.);
#9517 = AXIS2_PLACEMENT_3D('',#9518,#9519,#9520);
#9518 = CARTESIAN_POINT('',(206.1,-158.4,3.75));
#9519 = DIRECTION('',(-1.,0.,0.));
#9520 = DIRECTION('',(0.,0.,-1.));
#9521 = ADVANCED_FACE('',(#9522),#9547,.T.);
#9522 = FACE_BOUND('',#9523,.T.);
#9523 = EDGE_LOOP('',(#9524,#9525,#9533,#9541));
#9524 = ORIENTED_EDGE('',*,*,#9444,.T.);
#9525 = ORIENTED_EDGE('',*,*,#9526,.T.);
#9526 = EDGE_CURVE('',#9447,#9527,#9529,.T.);
#9527 = VERTEX_POINT('',#9528);
#9528 = CARTESIAN_POINT('',(207.7,-158.4,2.017949192431));
#9529 = LINE('',#9530,#9531);
#9530 = CARTESIAN_POINT('',(210.2,-158.4,2.017949192431));
#9531 = VECTOR('',#9532,1.);
#9532 = DIRECTION('',(-1.,0.,0.));
#9533 = ORIENTED_EDGE('',*,*,#9534,.T.);
#9534 = EDGE_CURVE('',#9527,#9535,#9537,.T.);
#9535 = VERTEX_POINT('',#9536);
#9536 = CARTESIAN_POINT('',(207.7,-159.9,2.883974596216));
#9537 = LINE('',#9538,#9539);
#9538 = CARTESIAN_POINT('',(207.7,-158.4,2.017949192431));
#9539 = VECTOR('',#9540,1.);
#9540 = DIRECTION('',(0.,-0.866025403784,0.5));
#9541 = ORIENTED_EDGE('',*,*,#9542,.F.);
#9542 = EDGE_CURVE('',#9445,#9535,#9543,.T.);
#9543 = LINE('',#9544,#9545);
#9544 = CARTESIAN_POINT('',(210.2,-159.9,2.883974596216));
#9545 = VECTOR('',#9546,1.);
#9546 = DIRECTION('',(-1.,0.,0.));
#9547 = PLANE('',#9548);
#9548 = AXIS2_PLACEMENT_3D('',#9549,#9550,#9551);
#9549 = CARTESIAN_POINT('',(210.2,-158.4,2.017949192431));
#9550 = DIRECTION('',(0.,0.5,0.866025403784));
#9551 = DIRECTION('',(0.,-0.866025403784,0.5));
#9552 = ADVANCED_FACE('',(#9553),#9571,.T.);
#9553 = FACE_BOUND('',#9554,.T.);
#9554 = EDGE_LOOP('',(#9555,#9556,#9557,#9565));
#9555 = ORIENTED_EDGE('',*,*,#9486,.T.);
#9556 = ORIENTED_EDGE('',*,*,#9542,.T.);
#9557 = ORIENTED_EDGE('',*,*,#9558,.T.);
#9558 = EDGE_CURVE('',#9535,#9559,#9561,.T.);
#9559 = VERTEX_POINT('',#9560);
#9560 = CARTESIAN_POINT('',(207.7,-159.9,4.616025403784));
#9561 = LINE('',#9562,#9563);
#9562 = CARTESIAN_POINT('',(207.7,-159.9,2.883974596216));
#9563 = VECTOR('',#9564,1.);
#9564 = DIRECTION('',(0.,0.,1.));
#9565 = ORIENTED_EDGE('',*,*,#9566,.F.);
#9566 = EDGE_CURVE('',#9479,#9559,#9567,.T.);
#9567 = LINE('',#9568,#9569);
#9568 = CARTESIAN_POINT('',(210.2,-159.9,4.616025403784));
#9569 = VECTOR('',#9570,1.);
#9570 = DIRECTION('',(-1.,0.,0.));
#9571 = PLANE('',#9572);
#9572 = AXIS2_PLACEMENT_3D('',#9573,#9574,#9575);
#9573 = CARTESIAN_POINT('',(210.2,-159.9,2.883974596216));
#9574 = DIRECTION('',(0.,1.,-0.));
#9575 = DIRECTION('',(0.,0.,1.));
#9576 = ADVANCED_FACE('',(#9577),#9595,.T.);
#9577 = FACE_BOUND('',#9578,.T.);
#9578 = EDGE_LOOP('',(#9579,#9580,#9581,#9589));
#9579 = ORIENTED_EDGE('',*,*,#9478,.T.);
#9580 = ORIENTED_EDGE('',*,*,#9566,.T.);
#9581 = ORIENTED_EDGE('',*,*,#9582,.T.);
#9582 = EDGE_CURVE('',#9559,#9583,#9585,.T.);
#9583 = VERTEX_POINT('',#9584);
#9584 = CARTESIAN_POINT('',(207.7,-158.4,5.482050807569));
#9585 = LINE('',#9586,#9587);
#9586 = CARTESIAN_POINT('',(207.7,-159.9,4.616025403784));
#9587 = VECTOR('',#9588,1.);
#9588 = DIRECTION('',(0.,0.866025403784,0.5));
#9589 = ORIENTED_EDGE('',*,*,#9590,.F.);
#9590 = EDGE_CURVE('',#9471,#9583,#9591,.T.);
#9591 = LINE('',#9592,#9593);
#9592 = CARTESIAN_POINT('',(210.2,-158.4,5.482050807569));
#9593 = VECTOR('',#9594,1.);
#9594 = DIRECTION('',(-1.,0.,0.));
#9595 = PLANE('',#9596);
#9596 = AXIS2_PLACEMENT_3D('',#9597,#9598,#9599);
#9597 = CARTESIAN_POINT('',(210.2,-159.9,4.616025403784));
#9598 = DIRECTION('',(0.,0.5,-0.866025403784));
#9599 = DIRECTION('',(0.,0.866025403784,0.5));
#9600 = ADVANCED_FACE('',(#9601),#9619,.T.);
#9601 = FACE_BOUND('',#9602,.T.);
#9602 = EDGE_LOOP('',(#9603,#9604,#9605,#9613));
#9603 = ORIENTED_EDGE('',*,*,#9470,.T.);
#9604 = ORIENTED_EDGE('',*,*,#9590,.T.);
#9605 = ORIENTED_EDGE('',*,*,#9606,.T.);
#9606 = EDGE_CURVE('',#9583,#9607,#9609,.T.);
#9607 = VERTEX_POINT('',#9608);
#9608 = CARTESIAN_POINT('',(207.7,-156.9,4.616025403784));
#9609 = LINE('',#9610,#9611);
#9610 = CARTESIAN_POINT('',(207.7,-158.4,5.482050807569));
#9611 = VECTOR('',#9612,1.);
#9612 = DIRECTION('',(0.,0.866025403784,-0.5));
#9613 = ORIENTED_EDGE('',*,*,#9614,.F.);
#9614 = EDGE_CURVE('',#9463,#9607,#9615,.T.);
#9615 = LINE('',#9616,#9617);
#9616 = CARTESIAN_POINT('',(210.2,-156.9,4.616025403784));
#9617 = VECTOR('',#9618,1.);
#9618 = DIRECTION('',(-1.,0.,0.));
#9619 = PLANE('',#9620);
#9620 = AXIS2_PLACEMENT_3D('',#9621,#9622,#9623);
#9621 = CARTESIAN_POINT('',(210.2,-158.4,5.482050807569));
#9622 = DIRECTION('',(-0.,-0.5,-0.866025403784));
#9623 = DIRECTION('',(0.,0.866025403784,-0.5));
#9624 = ADVANCED_FACE('',(#9625),#9643,.T.);
#9625 = FACE_BOUND('',#9626,.T.);
#9626 = EDGE_LOOP('',(#9627,#9628,#9629,#9637));
#9627 = ORIENTED_EDGE('',*,*,#9462,.T.);
#9628 = ORIENTED_EDGE('',*,*,#9614,.T.);
#9629 = ORIENTED_EDGE('',*,*,#9630,.T.);
#9630 = EDGE_CURVE('',#9607,#9631,#9633,.T.);
#9631 = VERTEX_POINT('',#9632);
#9632 = CARTESIAN_POINT('',(207.7,-156.9,2.883974596216));
#9633 = LINE('',#9634,#9635);
#9634 = CARTESIAN_POINT('',(207.7,-156.9,4.616025403784));
#9635 = VECTOR('',#9636,1.);
#9636 = DIRECTION('',(0.,0.,-1.));
#9637 = ORIENTED_EDGE('',*,*,#9638,.F.);
#9638 = EDGE_CURVE('',#9455,#9631,#9639,.T.);
#9639 = LINE('',#9640,#9641);
#9640 = CARTESIAN_POINT('',(210.2,-156.9,2.883974596216));
#9641 = VECTOR('',#9642,1.);
#9642 = DIRECTION('',(-1.,0.,0.));
#9643 = PLANE('',#9644);
#9644 = AXIS2_PLACEMENT_3D('',#9645,#9646,#9647);
#9645 = CARTESIAN_POINT('',(210.2,-156.9,4.616025403784));
#9646 = DIRECTION('',(-0.,-1.,-0.));
#9647 = DIRECTION('',(0.,0.,-1.));
#9648 = ADVANCED_FACE('',(#9649),#9660,.T.);
#9649 = FACE_BOUND('',#9650,.T.);
#9650 = EDGE_LOOP('',(#9651,#9652,#9653,#9659));
#9651 = ORIENTED_EDGE('',*,*,#9454,.T.);
#9652 = ORIENTED_EDGE('',*,*,#9638,.T.);
#9653 = ORIENTED_EDGE('',*,*,#9654,.T.);
#9654 = EDGE_CURVE('',#9631,#9527,#9655,.T.);
#9655 = LINE('',#9656,#9657);
#9656 = CARTESIAN_POINT('',(207.7,-156.9,2.883974596216));
#9657 = VECTOR('',#9658,1.);
#9658 = DIRECTION('',(0.,-0.866025403784,-0.5));
#9659 = ORIENTED_EDGE('',*,*,#9526,.F.);
#9660 = PLANE('',#9661);
#9661 = AXIS2_PLACEMENT_3D('',#9662,#9663,#9664);
#9662 = CARTESIAN_POINT('',(210.2,-156.9,2.883974596216));
#9663 = DIRECTION('',(0.,-0.5,0.866025403784));
#9664 = DIRECTION('',(0.,-0.866025403784,-0.5));
#9665 = ADVANCED_FACE('',(#9666),#9669,.T.);
#9666 = FACE_BOUND('',#9667,.T.);
#9667 = EDGE_LOOP('',(#9668));
#9668 = ORIENTED_EDGE('',*,*,#9500,.T.);
#9669 = PLANE('',#9670);
#9670 = AXIS2_PLACEMENT_3D('',#9671,#9672,#9673);
#9671 = CARTESIAN_POINT('',(190.1,-158.4,3.75));
#9672 = DIRECTION('',(-1.,0.,0.));
#9673 = DIRECTION('',(0.,0.,-1.));
#9674 = ADVANCED_FACE('',(#9675),#9683,.F.);
#9675 = FACE_BOUND('',#9676,.F.);
#9676 = EDGE_LOOP('',(#9677,#9678,#9679,#9680,#9681,#9682));
#9677 = ORIENTED_EDGE('',*,*,#9654,.T.);
#9678 = ORIENTED_EDGE('',*,*,#9534,.T.);
#9679 = ORIENTED_EDGE('',*,*,#9558,.T.);
#9680 = ORIENTED_EDGE('',*,*,#9582,.T.);
#9681 = ORIENTED_EDGE('',*,*,#9606,.T.);
#9682 = ORIENTED_EDGE('',*,*,#9630,.T.);
#9683 = PLANE('',#9684);
#9684 = AXIS2_PLACEMENT_3D('',#9685,#9686,#9687);
#9685 = CARTESIAN_POINT('',(207.7,-158.4,3.75));
#9686 = DIRECTION('',(-1.,-0.,-0.));
#9687 = DIRECTION('',(0.,0.,-1.));
#9688 = MANIFOLD_SOLID_BREP('',#9689);
#9689 = CLOSED_SHELL('',(#9690,#9730,#9761,#9792,#9836,#9880,#9897,#9914
    ,#9926));
#9690 = ADVANCED_FACE('',(#9691),#9725,.F.);
#9691 = FACE_BOUND('',#9692,.F.);
#9692 = EDGE_LOOP('',(#9693,#9703,#9711,#9719));
#9693 = ORIENTED_EDGE('',*,*,#9694,.T.);
#9694 = EDGE_CURVE('',#9695,#9697,#9699,.T.);
#9695 = VERTEX_POINT('',#9696);
#9696 = CARTESIAN_POINT('',(198.6,-156.3792740578,7.25));
#9697 = VERTEX_POINT('',#9698);
#9698 = CARTESIAN_POINT('',(193.6,-156.3792740578,7.25));
#9699 = LINE('',#9700,#9701);
#9700 = CARTESIAN_POINT('',(198.6,-156.3792740578,7.25));
#9701 = VECTOR('',#9702,1.);
#9702 = DIRECTION('',(-1.,0.,0.));
#9703 = ORIENTED_EDGE('',*,*,#9704,.T.);
#9704 = EDGE_CURVE('',#9697,#9705,#9707,.T.);
#9705 = VERTEX_POINT('',#9706);
#9706 = CARTESIAN_POINT('',(193.6,-154.3585481156,3.75));
#9707 = LINE('',#9708,#9709);
#9708 = CARTESIAN_POINT('',(193.6,-156.3792740578,7.25));
#9709 = VECTOR('',#9710,1.);
#9710 = DIRECTION('',(0.,0.5,-0.866025403784));
#9711 = ORIENTED_EDGE('',*,*,#9712,.F.);
#9712 = EDGE_CURVE('',#9713,#9705,#9715,.T.);
#9713 = VERTEX_POINT('',#9714);
#9714 = CARTESIAN_POINT('',(198.6,-154.3585481156,3.75));
#9715 = LINE('',#9716,#9717);
#9716 = CARTESIAN_POINT('',(198.6,-154.3585481156,3.75));
#9717 = VECTOR('',#9718,1.);
#9718 = DIRECTION('',(-1.,0.,0.));
#9719 = ORIENTED_EDGE('',*,*,#9720,.F.);
#9720 = EDGE_CURVE('',#9695,#9713,#9721,.T.);
#9721 = LINE('',#9722,#9723);
#9722 = CARTESIAN_POINT('',(198.6,-156.3792740578,7.25));
#9723 = VECTOR('',#9724,1.);
#9724 = DIRECTION('',(0.,0.5,-0.866025403784));
#9725 = PLANE('',#9726);
#9726 = AXIS2_PLACEMENT_3D('',#9727,#9728,#9729);
#9727 = CARTESIAN_POINT('',(198.6,-156.3792740578,7.25));
#9728 = DIRECTION('',(-0.,-0.866025403784,-0.5));
#9729 = DIRECTION('',(0.,0.5,-0.866025403784));
#9730 = ADVANCED_FACE('',(#9731),#9756,.F.);
#9731 = FACE_BOUND('',#9732,.F.);
#9732 = EDGE_LOOP('',(#9733,#9743,#9749,#9750));
#9733 = ORIENTED_EDGE('',*,*,#9734,.T.);
#9734 = EDGE_CURVE('',#9735,#9737,#9739,.T.);
#9735 = VERTEX_POINT('',#9736);
#9736 = CARTESIAN_POINT('',(198.6,-160.4207259421,7.25));
#9737 = VERTEX_POINT('',#9738);
#9738 = CARTESIAN_POINT('',(193.6,-160.4207259421,7.25));
#9739 = LINE('',#9740,#9741);
#9740 = CARTESIAN_POINT('',(198.6,-160.4207259421,7.25));
#9741 = VECTOR('',#9742,1.);
#9742 = DIRECTION('',(-1.,0.,0.));
#9743 = ORIENTED_EDGE('',*,*,#9744,.T.);
#9744 = EDGE_CURVE('',#9737,#9697,#9745,.T.);
#9745 = LINE('',#9746,#9747);
#9746 = CARTESIAN_POINT('',(193.6,-160.4207259421,7.25));
#9747 = VECTOR('',#9748,1.);
#9748 = DIRECTION('',(0.,1.,2.197671641581E-16));
#9749 = ORIENTED_EDGE('',*,*,#9694,.F.);
#9750 = ORIENTED_EDGE('',*,*,#9751,.F.);
#9751 = EDGE_CURVE('',#9735,#9695,#9752,.T.);
#9752 = LINE('',#9753,#9754);
#9753 = CARTESIAN_POINT('',(198.6,-160.4207259421,7.25));
#9754 = VECTOR('',#9755,1.);
#9755 = DIRECTION('',(0.,1.,2.197671641581E-16));
#9756 = PLANE('',#9757);
#9757 = AXIS2_PLACEMENT_3D('',#9758,#9759,#9760);
#9758 = CARTESIAN_POINT('',(198.6,-160.4207259421,7.25));
#9759 = DIRECTION('',(0.,2.197671641581E-16,-1.));
#9760 = DIRECTION('',(0.,1.,2.197671641581E-16));
#9761 = ADVANCED_FACE('',(#9762),#9787,.F.);
#9762 = FACE_BOUND('',#9763,.F.);
#9763 = EDGE_LOOP('',(#9764,#9765,#9773,#9781));
#9764 = ORIENTED_EDGE('',*,*,#9712,.T.);
#9765 = ORIENTED_EDGE('',*,*,#9766,.T.);
#9766 = EDGE_CURVE('',#9705,#9767,#9769,.T.);
#9767 = VERTEX_POINT('',#9768);
#9768 = CARTESIAN_POINT('',(193.6,-156.3792740578,0.25));
#9769 = LINE('',#9770,#9771);
#9770 = CARTESIAN_POINT('',(193.6,-154.3585481156,3.75));
#9771 = VECTOR('',#9772,1.);
#9772 = DIRECTION('',(0.,-0.5,-0.866025403784));
#9773 = ORIENTED_EDGE('',*,*,#9774,.F.);
#9774 = EDGE_CURVE('',#9775,#9767,#9777,.T.);
#9775 = VERTEX_POINT('',#9776);
#9776 = CARTESIAN_POINT('',(198.6,-156.3792740578,0.25));
#9777 = LINE('',#9778,#9779);
#9778 = CARTESIAN_POINT('',(198.6,-156.3792740578,0.25));
#9779 = VECTOR('',#9780,1.);
#9780 = DIRECTION('',(-1.,0.,0.));
#9781 = ORIENTED_EDGE('',*,*,#9782,.F.);
#9782 = EDGE_CURVE('',#9713,#9775,#9783,.T.);
#9783 = LINE('',#9784,#9785);
#9784 = CARTESIAN_POINT('',(198.6,-154.3585481156,3.75));
#9785 = VECTOR('',#9786,1.);
#9786 = DIRECTION('',(0.,-0.5,-0.866025403784));
#9787 = PLANE('',#9788);
#9788 = AXIS2_PLACEMENT_3D('',#9789,#9790,#9791);
#9789 = CARTESIAN_POINT('',(198.6,-154.3585481156,3.75));
#9790 = DIRECTION('',(0.,-0.866025403784,0.5));
#9791 = DIRECTION('',(0.,-0.5,-0.866025403784));
#9792 = ADVANCED_FACE('',(#9793,#9820),#9831,.F.);
#9793 = FACE_BOUND('',#9794,.F.);
#9794 = EDGE_LOOP('',(#9795,#9796,#9797,#9805,#9813,#9819));
#9795 = ORIENTED_EDGE('',*,*,#9720,.T.);
#9796 = ORIENTED_EDGE('',*,*,#9782,.T.);
#9797 = ORIENTED_EDGE('',*,*,#9798,.T.);
#9798 = EDGE_CURVE('',#9775,#9799,#9801,.T.);
#9799 = VERTEX_POINT('',#9800);
#9800 = CARTESIAN_POINT('',(198.6,-160.4207259421,0.25));
#9801 = LINE('',#9802,#9803);
#9802 = CARTESIAN_POINT('',(198.6,-156.3792740578,0.25));
#9803 = VECTOR('',#9804,1.);
#9804 = DIRECTION('',(0.,-1.,1.098835820791E-16));
#9805 = ORIENTED_EDGE('',*,*,#9806,.T.);
#9806 = EDGE_CURVE('',#9799,#9807,#9809,.T.);
#9807 = VERTEX_POINT('',#9808);
#9808 = CARTESIAN_POINT('',(198.6,-162.4414518843,3.75));
#9809 = LINE('',#9810,#9811);
#9810 = CARTESIAN_POINT('',(198.6,-160.4207259421,0.25));
#9811 = VECTOR('',#9812,1.);
#9812 = DIRECTION('',(0.,-0.5,0.866025403784));
#9813 = ORIENTED_EDGE('',*,*,#9814,.T.);
#9814 = EDGE_CURVE('',#9807,#9735,#9815,.T.);
#9815 = LINE('',#9816,#9817);
#9816 = CARTESIAN_POINT('',(198.6,-162.4414518843,3.75));
#9817 = VECTOR('',#9818,1.);
#9818 = DIRECTION('',(0.,0.5,0.866025403784));
#9819 = ORIENTED_EDGE('',*,*,#9751,.T.);
#9820 = FACE_BOUND('',#9821,.F.);
#9821 = EDGE_LOOP('',(#9822));
#9822 = ORIENTED_EDGE('',*,*,#9823,.F.);
#9823 = EDGE_CURVE('',#9824,#9824,#9826,.T.);
#9824 = VERTEX_POINT('',#9825);
#9825 = CARTESIAN_POINT('',(198.6,-158.4,1.75));
#9826 = CIRCLE('',#9827,2.);
#9827 = AXIS2_PLACEMENT_3D('',#9828,#9829,#9830);
#9828 = CARTESIAN_POINT('',(198.6,-158.4,3.75));
#9829 = DIRECTION('',(-1.,0.,0.));
#9830 = DIRECTION('',(0.,0.,-1.));
#9831 = PLANE('',#9832);
#9832 = AXIS2_PLACEMENT_3D('',#9833,#9834,#9835);
#9833 = CARTESIAN_POINT('',(198.6,-158.4,3.75));
#9834 = DIRECTION('',(-1.,-0.,-0.));
#9835 = DIRECTION('',(0.,0.,-1.));
#9836 = ADVANCED_FACE('',(#9837,#9864),#9875,.T.);
#9837 = FACE_BOUND('',#9838,.T.);
#9838 = EDGE_LOOP('',(#9839,#9840,#9841,#9849,#9857,#9863));
#9839 = ORIENTED_EDGE('',*,*,#9704,.T.);
#9840 = ORIENTED_EDGE('',*,*,#9766,.T.);
#9841 = ORIENTED_EDGE('',*,*,#9842,.T.);
#9842 = EDGE_CURVE('',#9767,#9843,#9845,.T.);
#9843 = VERTEX_POINT('',#9844);
#9844 = CARTESIAN_POINT('',(193.6,-160.4207259421,0.25));
#9845 = LINE('',#9846,#9847);
#9846 = CARTESIAN_POINT('',(193.6,-156.3792740578,0.25));
#9847 = VECTOR('',#9848,1.);
#9848 = DIRECTION('',(0.,-1.,1.098835820791E-16));
#9849 = ORIENTED_EDGE('',*,*,#9850,.T.);
#9850 = EDGE_CURVE('',#9843,#9851,#9853,.T.);
#9851 = VERTEX_POINT('',#9852);
#9852 = CARTESIAN_POINT('',(193.6,-162.4414518843,3.75));
#9853 = LINE('',#9854,#9855);
#9854 = CARTESIAN_POINT('',(193.6,-160.4207259421,0.25));
#9855 = VECTOR('',#9856,1.);
#9856 = DIRECTION('',(0.,-0.5,0.866025403784));
#9857 = ORIENTED_EDGE('',*,*,#9858,.T.);
#9858 = EDGE_CURVE('',#9851,#9737,#9859,.T.);
#9859 = LINE('',#9860,#9861);
#9860 = CARTESIAN_POINT('',(193.6,-162.4414518843,3.75));
#9861 = VECTOR('',#9862,1.);
#9862 = DIRECTION('',(0.,0.5,0.866025403784));
#9863 = ORIENTED_EDGE('',*,*,#9744,.T.);
#9864 = FACE_BOUND('',#9865,.T.);
#9865 = EDGE_LOOP('',(#9866));
#9866 = ORIENTED_EDGE('',*,*,#9867,.F.);
#9867 = EDGE_CURVE('',#9868,#9868,#9870,.T.);
#9868 = VERTEX_POINT('',#9869);
#9869 = CARTESIAN_POINT('',(193.6,-158.4,1.75));
#9870 = CIRCLE('',#9871,2.);
#9871 = AXIS2_PLACEMENT_3D('',#9872,#9873,#9874);
#9872 = CARTESIAN_POINT('',(193.6,-158.4,3.75));
#9873 = DIRECTION('',(-1.,0.,0.));
#9874 = DIRECTION('',(0.,0.,-1.));
#9875 = PLANE('',#9876);
#9876 = AXIS2_PLACEMENT_3D('',#9877,#9878,#9879);
#9877 = CARTESIAN_POINT('',(193.6,-158.4,3.75));
#9878 = DIRECTION('',(-1.,-0.,-0.));
#9879 = DIRECTION('',(0.,0.,-1.));
#9880 = ADVANCED_FACE('',(#9881),#9892,.F.);
#9881 = FACE_BOUND('',#9882,.F.);
#9882 = EDGE_LOOP('',(#9883,#9889,#9890,#9891));
#9883 = ORIENTED_EDGE('',*,*,#9884,.T.);
#9884 = EDGE_CURVE('',#9807,#9851,#9885,.T.);
#9885 = LINE('',#9886,#9887);
#9886 = CARTESIAN_POINT('',(198.6,-162.4414518843,3.75));
#9887 = VECTOR('',#9888,1.);
#9888 = DIRECTION('',(-1.,0.,0.));
#9889 = ORIENTED_EDGE('',*,*,#9858,.T.);
#9890 = ORIENTED_EDGE('',*,*,#9734,.F.);
#9891 = ORIENTED_EDGE('',*,*,#9814,.F.);
#9892 = PLANE('',#9893);
#9893 = AXIS2_PLACEMENT_3D('',#9894,#9895,#9896);
#9894 = CARTESIAN_POINT('',(198.6,-162.4414518843,3.75));
#9895 = DIRECTION('',(0.,0.866025403784,-0.5));
#9896 = DIRECTION('',(0.,0.5,0.866025403784));
#9897 = ADVANCED_FACE('',(#9898),#9909,.F.);
#9898 = FACE_BOUND('',#9899,.F.);
#9899 = EDGE_LOOP('',(#9900,#9901,#9902,#9908));
#9900 = ORIENTED_EDGE('',*,*,#9774,.T.);
#9901 = ORIENTED_EDGE('',*,*,#9842,.T.);
#9902 = ORIENTED_EDGE('',*,*,#9903,.F.);
#9903 = EDGE_CURVE('',#9799,#9843,#9904,.T.);
#9904 = LINE('',#9905,#9906);
#9905 = CARTESIAN_POINT('',(198.6,-160.4207259421,0.25));
#9906 = VECTOR('',#9907,1.);
#9907 = DIRECTION('',(-1.,0.,0.));
#9908 = ORIENTED_EDGE('',*,*,#9798,.F.);
#9909 = PLANE('',#9910);
#9910 = AXIS2_PLACEMENT_3D('',#9911,#9912,#9913);
#9911 = CARTESIAN_POINT('',(198.6,-156.3792740578,0.25));
#9912 = DIRECTION('',(0.,1.098835820791E-16,1.));
#9913 = DIRECTION('',(0.,-1.,1.098835820791E-16));
#9914 = ADVANCED_FACE('',(#9915),#9921,.F.);
#9915 = FACE_BOUND('',#9916,.F.);
#9916 = EDGE_LOOP('',(#9917,#9918,#9919,#9920));
#9917 = ORIENTED_EDGE('',*,*,#9903,.T.);
#9918 = ORIENTED_EDGE('',*,*,#9850,.T.);
#9919 = ORIENTED_EDGE('',*,*,#9884,.F.);
#9920 = ORIENTED_EDGE('',*,*,#9806,.F.);
#9921 = PLANE('',#9922);
#9922 = AXIS2_PLACEMENT_3D('',#9923,#9924,#9925);
#9923 = CARTESIAN_POINT('',(198.6,-160.4207259421,0.25));
#9924 = DIRECTION('',(0.,0.866025403784,0.5));
#9925 = DIRECTION('',(0.,-0.5,0.866025403784));
#9926 = ADVANCED_FACE('',(#9927),#9938,.F.);
#9927 = FACE_BOUND('',#9928,.F.);
#9928 = EDGE_LOOP('',(#9929,#9930,#9936,#9937));
#9929 = ORIENTED_EDGE('',*,*,#9867,.F.);
#9930 = ORIENTED_EDGE('',*,*,#9931,.F.);
#9931 = EDGE_CURVE('',#9824,#9868,#9932,.T.);
#9932 = LINE('',#9933,#9934);
#9933 = CARTESIAN_POINT('',(199.6,-158.4,1.75));
#9934 = VECTOR('',#9935,1.);
#9935 = DIRECTION('',(-1.,0.,0.));
#9936 = ORIENTED_EDGE('',*,*,#9823,.T.);
#9937 = ORIENTED_EDGE('',*,*,#9931,.T.);
#9938 = CYLINDRICAL_SURFACE('',#9939,2.);
#9939 = AXIS2_PLACEMENT_3D('',#9940,#9941,#9942);
#9940 = CARTESIAN_POINT('',(199.6,-158.4,3.75));
#9941 = DIRECTION('',(-1.,0.,0.));
#9942 = DIRECTION('',(0.,0.,-1.));
#9943 = MANIFOLD_SOLID_BREP('',#9944);
#9944 = CLOSED_SHELL('',(#9945,#9978,#9998,#10057,#10082,#10113,#10137,
    #10161,#10185,#10209,#10226,#10235));
#9945 = ADVANCED_FACE('',(#9946),#9973,.T.);
#9946 = FACE_BOUND('',#9947,.T.);
#9947 = EDGE_LOOP('',(#9948,#9957,#9965,#9972));
#9948 = ORIENTED_EDGE('',*,*,#9949,.F.);
#9949 = EDGE_CURVE('',#9950,#9950,#9952,.T.);
#9950 = VERTEX_POINT('',#9951);
#9951 = CARTESIAN_POINT('',(206.1,-158.4,-9.75));
#9952 = CIRCLE('',#9953,3.5);
#9953 = AXIS2_PLACEMENT_3D('',#9954,#9955,#9956);
#9954 = CARTESIAN_POINT('',(206.1,-158.4,-6.25));
#9955 = DIRECTION('',(-1.,0.,0.));
#9956 = DIRECTION('',(0.,0.,-1.));
#9957 = ORIENTED_EDGE('',*,*,#9958,.F.);
#9958 = EDGE_CURVE('',#9959,#9950,#9961,.T.);
#9959 = VERTEX_POINT('',#9960);
#9960 = CARTESIAN_POINT('',(210.1,-158.4,-9.75));
#9961 = LINE('',#9962,#9963);
#9962 = CARTESIAN_POINT('',(210.1,-158.4,-9.75));
#9963 = VECTOR('',#9964,1.);
#9964 = DIRECTION('',(-1.,0.,0.));
#9965 = ORIENTED_EDGE('',*,*,#9966,.T.);
#9966 = EDGE_CURVE('',#9959,#9959,#9967,.T.);
#9967 = CIRCLE('',#9968,3.5);
#9968 = AXIS2_PLACEMENT_3D('',#9969,#9970,#9971);
#9969 = CARTESIAN_POINT('',(210.1,-158.4,-6.25));
#9970 = DIRECTION('',(-1.,0.,0.));
#9971 = DIRECTION('',(0.,0.,-1.));
#9972 = ORIENTED_EDGE('',*,*,#9958,.T.);
#9973 = CYLINDRICAL_SURFACE('',#9974,3.5);
#9974 = AXIS2_PLACEMENT_3D('',#9975,#9976,#9977);
#9975 = CARTESIAN_POINT('',(210.1,-158.4,-6.25));
#9976 = DIRECTION('',(-1.,0.,0.));
#9977 = DIRECTION('',(0.,0.,-1.));
#9978 = ADVANCED_FACE('',(#9979,#9982),#9993,.T.);
#9979 = FACE_BOUND('',#9980,.T.);
#9980 = EDGE_LOOP('',(#9981));
#9981 = ORIENTED_EDGE('',*,*,#9949,.T.);
#9982 = FACE_BOUND('',#9983,.T.);
#9983 = EDGE_LOOP('',(#9984));
#9984 = ORIENTED_EDGE('',*,*,#9985,.F.);
#9985 = EDGE_CURVE('',#9986,#9986,#9988,.T.);
#9986 = VERTEX_POINT('',#9987);
#9987 = CARTESIAN_POINT('',(206.1,-158.4,-8.25));
#9988 = CIRCLE('',#9989,2.);
#9989 = AXIS2_PLACEMENT_3D('',#9990,#9991,#9992);
#9990 = CARTESIAN_POINT('',(206.1,-158.4,-6.25));
#9991 = DIRECTION('',(-1.,0.,0.));
#9992 = DIRECTION('',(0.,0.,-1.));
#9993 = PLANE('',#9994);
#9994 = AXIS2_PLACEMENT_3D('',#9995,#9996,#9997);
#9995 = CARTESIAN_POINT('',(206.1,-158.4,-6.25));
#9996 = DIRECTION('',(-1.,0.,0.));
#9997 = DIRECTION('',(0.,0.,-1.));
#9998 = ADVANCED_FACE('',(#9999,#10002),#10052,.F.);
#9999 = FACE_BOUND('',#10000,.F.);
#10000 = EDGE_LOOP('',(#10001));
#10001 = ORIENTED_EDGE('',*,*,#9966,.T.);
#10002 = FACE_BOUND('',#10003,.F.);
#10003 = EDGE_LOOP('',(#10004,#10014,#10022,#10030,#10038,#10046));
#10004 = ORIENTED_EDGE('',*,*,#10005,.T.);
#10005 = EDGE_CURVE('',#10006,#10008,#10010,.T.);
#10006 = VERTEX_POINT('',#10007);
#10007 = CARTESIAN_POINT('',(210.1,-159.9,-7.116025403784));
#10008 = VERTEX_POINT('',#10009);
#10009 = CARTESIAN_POINT('',(210.1,-158.4,-7.982050807569));
#10010 = LINE('',#10011,#10012);
#10011 = CARTESIAN_POINT('',(210.1,-158.775,-7.765544456623));
#10012 = VECTOR('',#10013,1.);
#10013 = DIRECTION('',(0.,0.866025403784,-0.5));
#10014 = ORIENTED_EDGE('',*,*,#10015,.T.);
#10015 = EDGE_CURVE('',#10008,#10016,#10018,.T.);
#10016 = VERTEX_POINT('',#10017);
#10017 = CARTESIAN_POINT('',(210.1,-156.9,-7.116025403784));
#10018 = LINE('',#10019,#10020);
#10019 = CARTESIAN_POINT('',(210.1,-157.275,-7.332531754731));
#10020 = VECTOR('',#10021,1.);
#10021 = DIRECTION('',(0.,0.866025403784,0.5));
#10022 = ORIENTED_EDGE('',*,*,#10023,.T.);
#10023 = EDGE_CURVE('',#10016,#10024,#10026,.T.);
#10024 = VERTEX_POINT('',#10025);
#10025 = CARTESIAN_POINT('',(210.1,-156.9,-5.383974596216));
#10026 = LINE('',#10027,#10028);
#10027 = CARTESIAN_POINT('',(210.1,-156.9,-5.816987298108));
#10028 = VECTOR('',#10029,1.);
#10029 = DIRECTION('',(0.,-0.,1.));
#10030 = ORIENTED_EDGE('',*,*,#10031,.T.);
#10031 = EDGE_CURVE('',#10024,#10032,#10034,.T.);
#10032 = VERTEX_POINT('',#10033);
#10033 = CARTESIAN_POINT('',(210.1,-158.4,-4.517949192431));
#10034 = LINE('',#10035,#10036);
#10035 = CARTESIAN_POINT('',(210.1,-158.025,-4.734455543377));
#10036 = VECTOR('',#10037,1.);
#10037 = DIRECTION('',(0.,-0.866025403784,0.5));
#10038 = ORIENTED_EDGE('',*,*,#10039,.T.);
#10039 = EDGE_CURVE('',#10032,#10040,#10042,.T.);
#10040 = VERTEX_POINT('',#10041);
#10041 = CARTESIAN_POINT('',(210.1,-159.9,-5.383974596216));
#10042 = LINE('',#10043,#10044);
#10043 = CARTESIAN_POINT('',(210.1,-159.525,-5.167468245269));
#10044 = VECTOR('',#10045,1.);
#10045 = DIRECTION('',(-0.,-0.866025403784,-0.5));
#10046 = ORIENTED_EDGE('',*,*,#10047,.T.);
#10047 = EDGE_CURVE('',#10040,#10006,#10048,.T.);
#10048 = LINE('',#10049,#10050);
#10049 = CARTESIAN_POINT('',(210.1,-159.9,-6.683012701892));
#10050 = VECTOR('',#10051,1.);
#10051 = DIRECTION('',(-0.,0.,-1.));
#10052 = PLANE('',#10053);
#10053 = AXIS2_PLACEMENT_3D('',#10054,#10055,#10056);
#10054 = CARTESIAN_POINT('',(210.1,-158.4,-6.25));
#10055 = DIRECTION('',(-1.,0.,0.));
#10056 = DIRECTION('',(0.,0.,-1.));
#10057 = ADVANCED_FACE('',(#10058),#10077,.T.);
#10058 = FACE_BOUND('',#10059,.T.);
#10059 = EDGE_LOOP('',(#10060,#10069,#10075,#10076));
#10060 = ORIENTED_EDGE('',*,*,#10061,.F.);
#10061 = EDGE_CURVE('',#10062,#10062,#10064,.T.);
#10062 = VERTEX_POINT('',#10063);
#10063 = CARTESIAN_POINT('',(190.1,-158.4,-8.25));
#10064 = CIRCLE('',#10065,2.);
#10065 = AXIS2_PLACEMENT_3D('',#10066,#10067,#10068);
#10066 = CARTESIAN_POINT('',(190.1,-158.4,-6.25));
#10067 = DIRECTION('',(-1.,0.,0.));
#10068 = DIRECTION('',(0.,0.,-1.));
#10069 = ORIENTED_EDGE('',*,*,#10070,.F.);
#10070 = EDGE_CURVE('',#9986,#10062,#10071,.T.);
#10071 = LINE('',#10072,#10073);
#10072 = CARTESIAN_POINT('',(206.1,-158.4,-8.25));
#10073 = VECTOR('',#10074,1.);
#10074 = DIRECTION('',(-1.,0.,0.));
#10075 = ORIENTED_EDGE('',*,*,#9985,.T.);
#10076 = ORIENTED_EDGE('',*,*,#10070,.T.);
#10077 = CYLINDRICAL_SURFACE('',#10078,2.);
#10078 = AXIS2_PLACEMENT_3D('',#10079,#10080,#10081);
#10079 = CARTESIAN_POINT('',(206.1,-158.4,-6.25));
#10080 = DIRECTION('',(-1.,0.,0.));
#10081 = DIRECTION('',(0.,0.,-1.));
#10082 = ADVANCED_FACE('',(#10083),#10108,.T.);
#10083 = FACE_BOUND('',#10084,.T.);
#10084 = EDGE_LOOP('',(#10085,#10086,#10094,#10102));
#10085 = ORIENTED_EDGE('',*,*,#10005,.T.);
#10086 = ORIENTED_EDGE('',*,*,#10087,.T.);
#10087 = EDGE_CURVE('',#10008,#10088,#10090,.T.);
#10088 = VERTEX_POINT('',#10089);
#10089 = CARTESIAN_POINT('',(207.7,-158.4,-7.982050807569));
#10090 = LINE('',#10091,#10092);
#10091 = CARTESIAN_POINT('',(210.2,-158.4,-7.982050807569));
#10092 = VECTOR('',#10093,1.);
#10093 = DIRECTION('',(-1.,0.,0.));
#10094 = ORIENTED_EDGE('',*,*,#10095,.T.);
#10095 = EDGE_CURVE('',#10088,#10096,#10098,.T.);
#10096 = VERTEX_POINT('',#10097);
#10097 = CARTESIAN_POINT('',(207.7,-159.9,-7.116025403784));
#10098 = LINE('',#10099,#10100);
#10099 = CARTESIAN_POINT('',(207.7,-158.4,-7.982050807569));
#10100 = VECTOR('',#10101,1.);
#10101 = DIRECTION('',(0.,-0.866025403784,0.5));
#10102 = ORIENTED_EDGE('',*,*,#10103,.F.);
#10103 = EDGE_CURVE('',#10006,#10096,#10104,.T.);
#10104 = LINE('',#10105,#10106);
#10105 = CARTESIAN_POINT('',(210.2,-159.9,-7.116025403784));
#10106 = VECTOR('',#10107,1.);
#10107 = DIRECTION('',(-1.,0.,0.));
#10108 = PLANE('',#10109);
#10109 = AXIS2_PLACEMENT_3D('',#10110,#10111,#10112);
#10110 = CARTESIAN_POINT('',(210.2,-158.4,-7.982050807569));
#10111 = DIRECTION('',(0.,0.5,0.866025403784));
#10112 = DIRECTION('',(0.,-0.866025403784,0.5));
#10113 = ADVANCED_FACE('',(#10114),#10132,.T.);
#10114 = FACE_BOUND('',#10115,.T.);
#10115 = EDGE_LOOP('',(#10116,#10117,#10118,#10126));
#10116 = ORIENTED_EDGE('',*,*,#10047,.T.);
#10117 = ORIENTED_EDGE('',*,*,#10103,.T.);
#10118 = ORIENTED_EDGE('',*,*,#10119,.T.);
#10119 = EDGE_CURVE('',#10096,#10120,#10122,.T.);
#10120 = VERTEX_POINT('',#10121);
#10121 = CARTESIAN_POINT('',(207.7,-159.9,-5.383974596216));
#10122 = LINE('',#10123,#10124);
#10123 = CARTESIAN_POINT('',(207.7,-159.9,-7.116025403784));
#10124 = VECTOR('',#10125,1.);
#10125 = DIRECTION('',(0.,0.,1.));
#10126 = ORIENTED_EDGE('',*,*,#10127,.F.);
#10127 = EDGE_CURVE('',#10040,#10120,#10128,.T.);
#10128 = LINE('',#10129,#10130);
#10129 = CARTESIAN_POINT('',(210.2,-159.9,-5.383974596216));
#10130 = VECTOR('',#10131,1.);
#10131 = DIRECTION('',(-1.,0.,0.));
#10132 = PLANE('',#10133);
#10133 = AXIS2_PLACEMENT_3D('',#10134,#10135,#10136);
#10134 = CARTESIAN_POINT('',(210.2,-159.9,-7.116025403784));
#10135 = DIRECTION('',(0.,1.,-0.));
#10136 = DIRECTION('',(0.,0.,1.));
#10137 = ADVANCED_FACE('',(#10138),#10156,.T.);
#10138 = FACE_BOUND('',#10139,.T.);
#10139 = EDGE_LOOP('',(#10140,#10141,#10142,#10150));
#10140 = ORIENTED_EDGE('',*,*,#10039,.T.);
#10141 = ORIENTED_EDGE('',*,*,#10127,.T.);
#10142 = ORIENTED_EDGE('',*,*,#10143,.T.);
#10143 = EDGE_CURVE('',#10120,#10144,#10146,.T.);
#10144 = VERTEX_POINT('',#10145);
#10145 = CARTESIAN_POINT('',(207.7,-158.4,-4.517949192431));
#10146 = LINE('',#10147,#10148);
#10147 = CARTESIAN_POINT('',(207.7,-159.9,-5.383974596216));
#10148 = VECTOR('',#10149,1.);
#10149 = DIRECTION('',(0.,0.866025403784,0.5));
#10150 = ORIENTED_EDGE('',*,*,#10151,.F.);
#10151 = EDGE_CURVE('',#10032,#10144,#10152,.T.);
#10152 = LINE('',#10153,#10154);
#10153 = CARTESIAN_POINT('',(210.2,-158.4,-4.517949192431));
#10154 = VECTOR('',#10155,1.);
#10155 = DIRECTION('',(-1.,0.,0.));
#10156 = PLANE('',#10157);
#10157 = AXIS2_PLACEMENT_3D('',#10158,#10159,#10160);
#10158 = CARTESIAN_POINT('',(210.2,-159.9,-5.383974596216));
#10159 = DIRECTION('',(0.,0.5,-0.866025403784));
#10160 = DIRECTION('',(0.,0.866025403784,0.5));
#10161 = ADVANCED_FACE('',(#10162),#10180,.T.);
#10162 = FACE_BOUND('',#10163,.T.);
#10163 = EDGE_LOOP('',(#10164,#10165,#10166,#10174));
#10164 = ORIENTED_EDGE('',*,*,#10031,.T.);
#10165 = ORIENTED_EDGE('',*,*,#10151,.T.);
#10166 = ORIENTED_EDGE('',*,*,#10167,.T.);
#10167 = EDGE_CURVE('',#10144,#10168,#10170,.T.);
#10168 = VERTEX_POINT('',#10169);
#10169 = CARTESIAN_POINT('',(207.7,-156.9,-5.383974596216));
#10170 = LINE('',#10171,#10172);
#10171 = CARTESIAN_POINT('',(207.7,-158.4,-4.517949192431));
#10172 = VECTOR('',#10173,1.);
#10173 = DIRECTION('',(0.,0.866025403784,-0.5));
#10174 = ORIENTED_EDGE('',*,*,#10175,.F.);
#10175 = EDGE_CURVE('',#10024,#10168,#10176,.T.);
#10176 = LINE('',#10177,#10178);
#10177 = CARTESIAN_POINT('',(210.2,-156.9,-5.383974596216));
#10178 = VECTOR('',#10179,1.);
#10179 = DIRECTION('',(-1.,0.,0.));
#10180 = PLANE('',#10181);
#10181 = AXIS2_PLACEMENT_3D('',#10182,#10183,#10184);
#10182 = CARTESIAN_POINT('',(210.2,-158.4,-4.517949192431));
#10183 = DIRECTION('',(-0.,-0.5,-0.866025403784));
#10184 = DIRECTION('',(0.,0.866025403784,-0.5));
#10185 = ADVANCED_FACE('',(#10186),#10204,.T.);
#10186 = FACE_BOUND('',#10187,.T.);
#10187 = EDGE_LOOP('',(#10188,#10189,#10190,#10198));
#10188 = ORIENTED_EDGE('',*,*,#10023,.T.);
#10189 = ORIENTED_EDGE('',*,*,#10175,.T.);
#10190 = ORIENTED_EDGE('',*,*,#10191,.T.);
#10191 = EDGE_CURVE('',#10168,#10192,#10194,.T.);
#10192 = VERTEX_POINT('',#10193);
#10193 = CARTESIAN_POINT('',(207.7,-156.9,-7.116025403784));
#10194 = LINE('',#10195,#10196);
#10195 = CARTESIAN_POINT('',(207.7,-156.9,-5.383974596216));
#10196 = VECTOR('',#10197,1.);
#10197 = DIRECTION('',(0.,0.,-1.));
#10198 = ORIENTED_EDGE('',*,*,#10199,.F.);
#10199 = EDGE_CURVE('',#10016,#10192,#10200,.T.);
#10200 = LINE('',#10201,#10202);
#10201 = CARTESIAN_POINT('',(210.2,-156.9,-7.116025403784));
#10202 = VECTOR('',#10203,1.);
#10203 = DIRECTION('',(-1.,0.,0.));
#10204 = PLANE('',#10205);
#10205 = AXIS2_PLACEMENT_3D('',#10206,#10207,#10208);
#10206 = CARTESIAN_POINT('',(210.2,-156.9,-5.383974596216));
#10207 = DIRECTION('',(-0.,-1.,-0.));
#10208 = DIRECTION('',(0.,0.,-1.));
#10209 = ADVANCED_FACE('',(#10210),#10221,.T.);
#10210 = FACE_BOUND('',#10211,.T.);
#10211 = EDGE_LOOP('',(#10212,#10213,#10214,#10220));
#10212 = ORIENTED_EDGE('',*,*,#10015,.T.);
#10213 = ORIENTED_EDGE('',*,*,#10199,.T.);
#10214 = ORIENTED_EDGE('',*,*,#10215,.T.);
#10215 = EDGE_CURVE('',#10192,#10088,#10216,.T.);
#10216 = LINE('',#10217,#10218);
#10217 = CARTESIAN_POINT('',(207.7,-156.9,-7.116025403784));
#10218 = VECTOR('',#10219,1.);
#10219 = DIRECTION('',(0.,-0.866025403784,-0.5));
#10220 = ORIENTED_EDGE('',*,*,#10087,.F.);
#10221 = PLANE('',#10222);
#10222 = AXIS2_PLACEMENT_3D('',#10223,#10224,#10225);
#10223 = CARTESIAN_POINT('',(210.2,-156.9,-7.116025403784));
#10224 = DIRECTION('',(0.,-0.5,0.866025403784));
#10225 = DIRECTION('',(0.,-0.866025403784,-0.5));
#10226 = ADVANCED_FACE('',(#10227),#10230,.T.);
#10227 = FACE_BOUND('',#10228,.T.);
#10228 = EDGE_LOOP('',(#10229));
#10229 = ORIENTED_EDGE('',*,*,#10061,.T.);
#10230 = PLANE('',#10231);
#10231 = AXIS2_PLACEMENT_3D('',#10232,#10233,#10234);
#10232 = CARTESIAN_POINT('',(190.1,-158.4,-6.25));
#10233 = DIRECTION('',(-1.,0.,0.));
#10234 = DIRECTION('',(0.,0.,-1.));
#10235 = ADVANCED_FACE('',(#10236),#10244,.F.);
#10236 = FACE_BOUND('',#10237,.F.);
#10237 = EDGE_LOOP('',(#10238,#10239,#10240,#10241,#10242,#10243));
#10238 = ORIENTED_EDGE('',*,*,#10215,.T.);
#10239 = ORIENTED_EDGE('',*,*,#10095,.T.);
#10240 = ORIENTED_EDGE('',*,*,#10119,.T.);
#10241 = ORIENTED_EDGE('',*,*,#10143,.T.);
#10242 = ORIENTED_EDGE('',*,*,#10167,.T.);
#10243 = ORIENTED_EDGE('',*,*,#10191,.T.);
#10244 = PLANE('',#10245);
#10245 = AXIS2_PLACEMENT_3D('',#10246,#10247,#10248);
#10246 = CARTESIAN_POINT('',(207.7,-158.4,-6.25));
#10247 = DIRECTION('',(-1.,-0.,-0.));
#10248 = DIRECTION('',(0.,0.,-1.));
#10249 = MANIFOLD_SOLID_BREP('',#10250);
#10250 = CLOSED_SHELL('',(#10251,#10291,#10322,#10353,#10397,#10441,
    #10458,#10475,#10487));
#10251 = ADVANCED_FACE('',(#10252),#10286,.F.);
#10252 = FACE_BOUND('',#10253,.F.);
#10253 = EDGE_LOOP('',(#10254,#10264,#10272,#10280));
#10254 = ORIENTED_EDGE('',*,*,#10255,.T.);
#10255 = EDGE_CURVE('',#10256,#10258,#10260,.T.);
#10256 = VERTEX_POINT('',#10257);
#10257 = CARTESIAN_POINT('',(198.6,-156.3792740578,-2.75));
#10258 = VERTEX_POINT('',#10259);
#10259 = CARTESIAN_POINT('',(193.6,-156.3792740578,-2.75));
#10260 = LINE('',#10261,#10262);
#10261 = CARTESIAN_POINT('',(198.6,-156.3792740578,-2.75));
#10262 = VECTOR('',#10263,1.);
#10263 = DIRECTION('',(-1.,0.,0.));
#10264 = ORIENTED_EDGE('',*,*,#10265,.T.);
#10265 = EDGE_CURVE('',#10258,#10266,#10268,.T.);
#10266 = VERTEX_POINT('',#10267);
#10267 = CARTESIAN_POINT('',(193.6,-154.3585481156,-6.25));
#10268 = LINE('',#10269,#10270);
#10269 = CARTESIAN_POINT('',(193.6,-156.3792740578,-2.75));
#10270 = VECTOR('',#10271,1.);
#10271 = DIRECTION('',(0.,0.5,-0.866025403784));
#10272 = ORIENTED_EDGE('',*,*,#10273,.F.);
#10273 = EDGE_CURVE('',#10274,#10266,#10276,.T.);
#10274 = VERTEX_POINT('',#10275);
#10275 = CARTESIAN_POINT('',(198.6,-154.3585481156,-6.25));
#10276 = LINE('',#10277,#10278);
#10277 = CARTESIAN_POINT('',(198.6,-154.3585481156,-6.25));
#10278 = VECTOR('',#10279,1.);
#10279 = DIRECTION('',(-1.,0.,0.));
#10280 = ORIENTED_EDGE('',*,*,#10281,.F.);
#10281 = EDGE_CURVE('',#10256,#10274,#10282,.T.);
#10282 = LINE('',#10283,#10284);
#10283 = CARTESIAN_POINT('',(198.6,-156.3792740578,-2.75));
#10284 = VECTOR('',#10285,1.);
#10285 = DIRECTION('',(0.,0.5,-0.866025403784));
#10286 = PLANE('',#10287);
#10287 = AXIS2_PLACEMENT_3D('',#10288,#10289,#10290);
#10288 = CARTESIAN_POINT('',(198.6,-156.3792740578,-2.75));
#10289 = DIRECTION('',(-0.,-0.866025403784,-0.5));
#10290 = DIRECTION('',(0.,0.5,-0.866025403784));
#10291 = ADVANCED_FACE('',(#10292),#10317,.F.);
#10292 = FACE_BOUND('',#10293,.F.);
#10293 = EDGE_LOOP('',(#10294,#10304,#10310,#10311));
#10294 = ORIENTED_EDGE('',*,*,#10295,.T.);
#10295 = EDGE_CURVE('',#10296,#10298,#10300,.T.);
#10296 = VERTEX_POINT('',#10297);
#10297 = CARTESIAN_POINT('',(198.6,-160.4207259421,-2.75));
#10298 = VERTEX_POINT('',#10299);
#10299 = CARTESIAN_POINT('',(193.6,-160.4207259421,-2.75));
#10300 = LINE('',#10301,#10302);
#10301 = CARTESIAN_POINT('',(198.6,-160.4207259421,-2.75));
#10302 = VECTOR('',#10303,1.);
#10303 = DIRECTION('',(-1.,0.,0.));
#10304 = ORIENTED_EDGE('',*,*,#10305,.T.);
#10305 = EDGE_CURVE('',#10298,#10258,#10306,.T.);
#10306 = LINE('',#10307,#10308);
#10307 = CARTESIAN_POINT('',(193.6,-160.4207259421,-2.75));
#10308 = VECTOR('',#10309,1.);
#10309 = DIRECTION('',(0.,1.,3.296507462372E-16));
#10310 = ORIENTED_EDGE('',*,*,#10255,.F.);
#10311 = ORIENTED_EDGE('',*,*,#10312,.F.);
#10312 = EDGE_CURVE('',#10296,#10256,#10313,.T.);
#10313 = LINE('',#10314,#10315);
#10314 = CARTESIAN_POINT('',(198.6,-160.4207259421,-2.75));
#10315 = VECTOR('',#10316,1.);
#10316 = DIRECTION('',(0.,1.,3.296507462372E-16));
#10317 = PLANE('',#10318);
#10318 = AXIS2_PLACEMENT_3D('',#10319,#10320,#10321);
#10319 = CARTESIAN_POINT('',(198.6,-160.4207259421,-2.75));
#10320 = DIRECTION('',(0.,3.296507462372E-16,-1.));
#10321 = DIRECTION('',(0.,1.,3.296507462372E-16));
#10322 = ADVANCED_FACE('',(#10323),#10348,.F.);
#10323 = FACE_BOUND('',#10324,.F.);
#10324 = EDGE_LOOP('',(#10325,#10326,#10334,#10342));
#10325 = ORIENTED_EDGE('',*,*,#10273,.T.);
#10326 = ORIENTED_EDGE('',*,*,#10327,.T.);
#10327 = EDGE_CURVE('',#10266,#10328,#10330,.T.);
#10328 = VERTEX_POINT('',#10329);
#10329 = CARTESIAN_POINT('',(193.6,-156.3792740578,-9.75));
#10330 = LINE('',#10331,#10332);
#10331 = CARTESIAN_POINT('',(193.6,-154.3585481156,-6.25));
#10332 = VECTOR('',#10333,1.);
#10333 = DIRECTION('',(0.,-0.5,-0.866025403784));
#10334 = ORIENTED_EDGE('',*,*,#10335,.F.);
#10335 = EDGE_CURVE('',#10336,#10328,#10338,.T.);
#10336 = VERTEX_POINT('',#10337);
#10337 = CARTESIAN_POINT('',(198.6,-156.3792740578,-9.75));
#10338 = LINE('',#10339,#10340);
#10339 = CARTESIAN_POINT('',(198.6,-156.3792740578,-9.75));
#10340 = VECTOR('',#10341,1.);
#10341 = DIRECTION('',(-1.,0.,0.));
#10342 = ORIENTED_EDGE('',*,*,#10343,.F.);
#10343 = EDGE_CURVE('',#10274,#10336,#10344,.T.);
#10344 = LINE('',#10345,#10346);
#10345 = CARTESIAN_POINT('',(198.6,-154.3585481156,-6.25));
#10346 = VECTOR('',#10347,1.);
#10347 = DIRECTION('',(0.,-0.5,-0.866025403784));
#10348 = PLANE('',#10349);
#10349 = AXIS2_PLACEMENT_3D('',#10350,#10351,#10352);
#10350 = CARTESIAN_POINT('',(198.6,-154.3585481156,-6.25));
#10351 = DIRECTION('',(0.,-0.866025403784,0.5));
#10352 = DIRECTION('',(0.,-0.5,-0.866025403784));
#10353 = ADVANCED_FACE('',(#10354,#10381),#10392,.F.);
#10354 = FACE_BOUND('',#10355,.F.);
#10355 = EDGE_LOOP('',(#10356,#10357,#10358,#10366,#10374,#10380));
#10356 = ORIENTED_EDGE('',*,*,#10281,.T.);
#10357 = ORIENTED_EDGE('',*,*,#10343,.T.);
#10358 = ORIENTED_EDGE('',*,*,#10359,.T.);
#10359 = EDGE_CURVE('',#10336,#10360,#10362,.T.);
#10360 = VERTEX_POINT('',#10361);
#10361 = CARTESIAN_POINT('',(198.6,-160.4207259421,-9.75));
#10362 = LINE('',#10363,#10364);
#10363 = CARTESIAN_POINT('',(198.6,-156.3792740578,-9.75));
#10364 = VECTOR('',#10365,1.);
#10365 = DIRECTION('',(0.,-1.,0.));
#10366 = ORIENTED_EDGE('',*,*,#10367,.T.);
#10367 = EDGE_CURVE('',#10360,#10368,#10370,.T.);
#10368 = VERTEX_POINT('',#10369);
#10369 = CARTESIAN_POINT('',(198.6,-162.4414518843,-6.25));
#10370 = LINE('',#10371,#10372);
#10371 = CARTESIAN_POINT('',(198.6,-160.4207259421,-9.75));
#10372 = VECTOR('',#10373,1.);
#10373 = DIRECTION('',(0.,-0.5,0.866025403784));
#10374 = ORIENTED_EDGE('',*,*,#10375,.T.);
#10375 = EDGE_CURVE('',#10368,#10296,#10376,.T.);
#10376 = LINE('',#10377,#10378);
#10377 = CARTESIAN_POINT('',(198.6,-162.4414518843,-6.25));
#10378 = VECTOR('',#10379,1.);
#10379 = DIRECTION('',(0.,0.5,0.866025403784));
#10380 = ORIENTED_EDGE('',*,*,#10312,.T.);
#10381 = FACE_BOUND('',#10382,.F.);
#10382 = EDGE_LOOP('',(#10383));
#10383 = ORIENTED_EDGE('',*,*,#10384,.F.);
#10384 = EDGE_CURVE('',#10385,#10385,#10387,.T.);
#10385 = VERTEX_POINT('',#10386);
#10386 = CARTESIAN_POINT('',(198.6,-158.4,-8.25));
#10387 = CIRCLE('',#10388,2.);
#10388 = AXIS2_PLACEMENT_3D('',#10389,#10390,#10391);
#10389 = CARTESIAN_POINT('',(198.6,-158.4,-6.25));
#10390 = DIRECTION('',(-1.,0.,0.));
#10391 = DIRECTION('',(0.,0.,-1.));
#10392 = PLANE('',#10393);
#10393 = AXIS2_PLACEMENT_3D('',#10394,#10395,#10396);
#10394 = CARTESIAN_POINT('',(198.6,-158.4,-6.25));
#10395 = DIRECTION('',(-1.,-0.,-0.));
#10396 = DIRECTION('',(0.,0.,-1.));
#10397 = ADVANCED_FACE('',(#10398,#10425),#10436,.T.);
#10398 = FACE_BOUND('',#10399,.T.);
#10399 = EDGE_LOOP('',(#10400,#10401,#10402,#10410,#10418,#10424));
#10400 = ORIENTED_EDGE('',*,*,#10265,.T.);
#10401 = ORIENTED_EDGE('',*,*,#10327,.T.);
#10402 = ORIENTED_EDGE('',*,*,#10403,.T.);
#10403 = EDGE_CURVE('',#10328,#10404,#10406,.T.);
#10404 = VERTEX_POINT('',#10405);
#10405 = CARTESIAN_POINT('',(193.6,-160.4207259421,-9.75));
#10406 = LINE('',#10407,#10408);
#10407 = CARTESIAN_POINT('',(193.6,-156.3792740578,-9.75));
#10408 = VECTOR('',#10409,1.);
#10409 = DIRECTION('',(0.,-1.,0.));
#10410 = ORIENTED_EDGE('',*,*,#10411,.T.);
#10411 = EDGE_CURVE('',#10404,#10412,#10414,.T.);
#10412 = VERTEX_POINT('',#10413);
#10413 = CARTESIAN_POINT('',(193.6,-162.4414518843,-6.25));
#10414 = LINE('',#10415,#10416);
#10415 = CARTESIAN_POINT('',(193.6,-160.4207259421,-9.75));
#10416 = VECTOR('',#10417,1.);
#10417 = DIRECTION('',(0.,-0.5,0.866025403784));
#10418 = ORIENTED_EDGE('',*,*,#10419,.T.);
#10419 = EDGE_CURVE('',#10412,#10298,#10420,.T.);
#10420 = LINE('',#10421,#10422);
#10421 = CARTESIAN_POINT('',(193.6,-162.4414518843,-6.25));
#10422 = VECTOR('',#10423,1.);
#10423 = DIRECTION('',(0.,0.5,0.866025403784));
#10424 = ORIENTED_EDGE('',*,*,#10305,.T.);
#10425 = FACE_BOUND('',#10426,.T.);
#10426 = EDGE_LOOP('',(#10427));
#10427 = ORIENTED_EDGE('',*,*,#10428,.F.);
#10428 = EDGE_CURVE('',#10429,#10429,#10431,.T.);
#10429 = VERTEX_POINT('',#10430);
#10430 = CARTESIAN_POINT('',(193.6,-158.4,-8.25));
#10431 = CIRCLE('',#10432,2.);
#10432 = AXIS2_PLACEMENT_3D('',#10433,#10434,#10435);
#10433 = CARTESIAN_POINT('',(193.6,-158.4,-6.25));
#10434 = DIRECTION('',(-1.,0.,0.));
#10435 = DIRECTION('',(0.,0.,-1.));
#10436 = PLANE('',#10437);
#10437 = AXIS2_PLACEMENT_3D('',#10438,#10439,#10440);
#10438 = CARTESIAN_POINT('',(193.6,-158.4,-6.25));
#10439 = DIRECTION('',(-1.,-0.,-0.));
#10440 = DIRECTION('',(0.,0.,-1.));
#10441 = ADVANCED_FACE('',(#10442),#10453,.F.);
#10442 = FACE_BOUND('',#10443,.F.);
#10443 = EDGE_LOOP('',(#10444,#10450,#10451,#10452));
#10444 = ORIENTED_EDGE('',*,*,#10445,.T.);
#10445 = EDGE_CURVE('',#10368,#10412,#10446,.T.);
#10446 = LINE('',#10447,#10448);
#10447 = CARTESIAN_POINT('',(198.6,-162.4414518843,-6.25));
#10448 = VECTOR('',#10449,1.);
#10449 = DIRECTION('',(-1.,0.,0.));
#10450 = ORIENTED_EDGE('',*,*,#10419,.T.);
#10451 = ORIENTED_EDGE('',*,*,#10295,.F.);
#10452 = ORIENTED_EDGE('',*,*,#10375,.F.);
#10453 = PLANE('',#10454);
#10454 = AXIS2_PLACEMENT_3D('',#10455,#10456,#10457);
#10455 = CARTESIAN_POINT('',(198.6,-162.4414518843,-6.25));
#10456 = DIRECTION('',(0.,0.866025403784,-0.5));
#10457 = DIRECTION('',(0.,0.5,0.866025403784));
#10458 = ADVANCED_FACE('',(#10459),#10470,.F.);
#10459 = FACE_BOUND('',#10460,.F.);
#10460 = EDGE_LOOP('',(#10461,#10462,#10463,#10469));
#10461 = ORIENTED_EDGE('',*,*,#10335,.T.);
#10462 = ORIENTED_EDGE('',*,*,#10403,.T.);
#10463 = ORIENTED_EDGE('',*,*,#10464,.F.);
#10464 = EDGE_CURVE('',#10360,#10404,#10465,.T.);
#10465 = LINE('',#10466,#10467);
#10466 = CARTESIAN_POINT('',(198.6,-160.4207259421,-9.75));
#10467 = VECTOR('',#10468,1.);
#10468 = DIRECTION('',(-1.,0.,0.));
#10469 = ORIENTED_EDGE('',*,*,#10359,.F.);
#10470 = PLANE('',#10471);
#10471 = AXIS2_PLACEMENT_3D('',#10472,#10473,#10474);
#10472 = CARTESIAN_POINT('',(198.6,-156.3792740578,-9.75));
#10473 = DIRECTION('',(0.,0.,1.));
#10474 = DIRECTION('',(0.,-1.,0.));
#10475 = ADVANCED_FACE('',(#10476),#10482,.F.);
#10476 = FACE_BOUND('',#10477,.F.);
#10477 = EDGE_LOOP('',(#10478,#10479,#10480,#10481));
#10478 = ORIENTED_EDGE('',*,*,#10464,.T.);
#10479 = ORIENTED_EDGE('',*,*,#10411,.T.);
#10480 = ORIENTED_EDGE('',*,*,#10445,.F.);
#10481 = ORIENTED_EDGE('',*,*,#10367,.F.);
#10482 = PLANE('',#10483);
#10483 = AXIS2_PLACEMENT_3D('',#10484,#10485,#10486);
#10484 = CARTESIAN_POINT('',(198.6,-160.4207259421,-9.75));
#10485 = DIRECTION('',(0.,0.866025403784,0.5));
#10486 = DIRECTION('',(0.,-0.5,0.866025403784));
#10487 = ADVANCED_FACE('',(#10488),#10499,.F.);
#10488 = FACE_BOUND('',#10489,.F.);
#10489 = EDGE_LOOP('',(#10490,#10491,#10497,#10498));
#10490 = ORIENTED_EDGE('',*,*,#10428,.F.);
#10491 = ORIENTED_EDGE('',*,*,#10492,.F.);
#10492 = EDGE_CURVE('',#10385,#10429,#10493,.T.);
#10493 = LINE('',#10494,#10495);
#10494 = CARTESIAN_POINT('',(199.6,-158.4,-8.25));
#10495 = VECTOR('',#10496,1.);
#10496 = DIRECTION('',(-1.,0.,0.));
#10497 = ORIENTED_EDGE('',*,*,#10384,.T.);
#10498 = ORIENTED_EDGE('',*,*,#10492,.T.);
#10499 = CYLINDRICAL_SURFACE('',#10500,2.);
#10500 = AXIS2_PLACEMENT_3D('',#10501,#10502,#10503);
#10501 = CARTESIAN_POINT('',(199.6,-158.4,-6.25));
#10502 = DIRECTION('',(-1.,0.,0.));
#10503 = DIRECTION('',(0.,0.,-1.));
#10504 = MANIFOLD_SOLID_BREP('',#10505);
#10505 = CLOSED_SHELL('',(#10506,#10546,#10577,#10608,#10691,#10774,
    #10805,#10836,#10867,#10932,#10963,#10994,#11025,#11108,#11130,
    #11152,#11174,#11194,#11214,#11228,#11242,#11256));
#10506 = ADVANCED_FACE('',(#10507),#10541,.T.);
#10507 = FACE_BOUND('',#10508,.T.);
#10508 = EDGE_LOOP('',(#10509,#10519,#10527,#10535));
#10509 = ORIENTED_EDGE('',*,*,#10510,.F.);
#10510 = EDGE_CURVE('',#10511,#10513,#10515,.T.);
#10511 = VERTEX_POINT('',#10512);
#10512 = CARTESIAN_POINT('',(174.8,-216.5,8.6));
#10513 = VERTEX_POINT('',#10514);
#10514 = CARTESIAN_POINT('',(174.8,-243.1,8.6));
#10515 = LINE('',#10516,#10517);
#10516 = CARTESIAN_POINT('',(174.8,-216.5,8.6));
#10517 = VECTOR('',#10518,1.);
#10518 = DIRECTION('',(0.,-1.,0.));
#10519 = ORIENTED_EDGE('',*,*,#10520,.F.);
#10520 = EDGE_CURVE('',#10521,#10511,#10523,.T.);
#10521 = VERTEX_POINT('',#10522);
#10522 = CARTESIAN_POINT('',(174.8,-216.5,-11.1));
#10523 = LINE('',#10524,#10525);
#10524 = CARTESIAN_POINT('',(174.8,-216.5,-11.1));
#10525 = VECTOR('',#10526,1.);
#10526 = DIRECTION('',(0.,0.,1.));
#10527 = ORIENTED_EDGE('',*,*,#10528,.T.);
#10528 = EDGE_CURVE('',#10521,#10529,#10531,.T.);
#10529 = VERTEX_POINT('',#10530);
#10530 = CARTESIAN_POINT('',(174.8,-243.1,-11.1));
#10531 = LINE('',#10532,#10533);
#10532 = CARTESIAN_POINT('',(174.8,-216.5,-11.1));
#10533 = VECTOR('',#10534,1.);
#10534 = DIRECTION('',(0.,-1.,0.));
#10535 = ORIENTED_EDGE('',*,*,#10536,.T.);
#10536 = EDGE_CURVE('',#10529,#10513,#10537,.T.);
#10537 = LINE('',#10538,#10539);
#10538 = CARTESIAN_POINT('',(174.8,-243.1,-11.1));
#10539 = VECTOR('',#10540,1.);
#10540 = DIRECTION('',(0.,0.,1.));
#10541 = PLANE('',#10542);
#10542 = AXIS2_PLACEMENT_3D('',#10543,#10544,#10545);
#10543 = CARTESIAN_POINT('',(174.8,-216.5,-11.1));
#10544 = DIRECTION('',(-1.,0.,0.));
#10545 = DIRECTION('',(0.,-1.,0.));
#10546 = ADVANCED_FACE('',(#10547),#10572,.F.);
#10547 = FACE_BOUND('',#10548,.F.);
#10548 = EDGE_LOOP('',(#10549,#10557,#10565,#10571));
#10549 = ORIENTED_EDGE('',*,*,#10550,.F.);
#10550 = EDGE_CURVE('',#10551,#10521,#10553,.T.);
#10551 = VERTEX_POINT('',#10552);
#10552 = CARTESIAN_POINT('',(215.5,-216.5,-11.1));
#10553 = LINE('',#10554,#10555);
#10554 = CARTESIAN_POINT('',(215.5,-216.5,-11.1));
#10555 = VECTOR('',#10556,1.);
#10556 = DIRECTION('',(-1.,0.,0.));
#10557 = ORIENTED_EDGE('',*,*,#10558,.T.);
#10558 = EDGE_CURVE('',#10551,#10559,#10561,.T.);
#10559 = VERTEX_POINT('',#10560);
#10560 = CARTESIAN_POINT('',(215.5,-216.5,8.6));
#10561 = LINE('',#10562,#10563);
#10562 = CARTESIAN_POINT('',(215.5,-216.5,-11.1));
#10563 = VECTOR('',#10564,1.);
#10564 = DIRECTION('',(0.,0.,1.));
#10565 = ORIENTED_EDGE('',*,*,#10566,.T.);
#10566 = EDGE_CURVE('',#10559,#10511,#10567,.T.);
#10567 = LINE('',#10568,#10569);
#10568 = CARTESIAN_POINT('',(215.5,-216.5,8.6));
#10569 = VECTOR('',#10570,1.);
#10570 = DIRECTION('',(-1.,0.,0.));
#10571 = ORIENTED_EDGE('',*,*,#10520,.F.);
#10572 = PLANE('',#10573);
#10573 = AXIS2_PLACEMENT_3D('',#10574,#10575,#10576);
#10574 = CARTESIAN_POINT('',(215.5,-216.5,-11.1));
#10575 = DIRECTION('',(0.,-1.,0.));
#10576 = DIRECTION('',(0.,0.,1.));
#10577 = ADVANCED_FACE('',(#10578),#10603,.F.);
#10578 = FACE_BOUND('',#10579,.F.);
#10579 = EDGE_LOOP('',(#10580,#10588,#10589,#10597));
#10580 = ORIENTED_EDGE('',*,*,#10581,.F.);
#10581 = EDGE_CURVE('',#10559,#10582,#10584,.T.);
#10582 = VERTEX_POINT('',#10583);
#10583 = CARTESIAN_POINT('',(215.5,-243.1,8.6));
#10584 = LINE('',#10585,#10586);
#10585 = CARTESIAN_POINT('',(215.5,-216.5,8.6));
#10586 = VECTOR('',#10587,1.);
#10587 = DIRECTION('',(0.,-1.,0.));
#10588 = ORIENTED_EDGE('',*,*,#10558,.F.);
#10589 = ORIENTED_EDGE('',*,*,#10590,.T.);
#10590 = EDGE_CURVE('',#10551,#10591,#10593,.T.);
#10591 = VERTEX_POINT('',#10592);
#10592 = CARTESIAN_POINT('',(215.5,-243.1,-11.1));
#10593 = LINE('',#10594,#10595);
#10594 = CARTESIAN_POINT('',(215.5,-216.5,-11.1));
#10595 = VECTOR('',#10596,1.);
#10596 = DIRECTION('',(0.,-1.,0.));
#10597 = ORIENTED_EDGE('',*,*,#10598,.T.);
#10598 = EDGE_CURVE('',#10591,#10582,#10599,.T.);
#10599 = LINE('',#10600,#10601);
#10600 = CARTESIAN_POINT('',(215.5,-243.1,-11.1));
#10601 = VECTOR('',#10602,1.);
#10602 = DIRECTION('',(0.,0.,1.));
#10603 = PLANE('',#10604);
#10604 = AXIS2_PLACEMENT_3D('',#10605,#10606,#10607);
#10605 = CARTESIAN_POINT('',(215.5,-216.5,-11.1));
#10606 = DIRECTION('',(-1.,0.,0.));
#10607 = DIRECTION('',(0.,-1.,0.));
#10608 = ADVANCED_FACE('',(#10609),#10686,.F.);
#10609 = FACE_BOUND('',#10610,.F.);
#10610 = EDGE_LOOP('',(#10611,#10621,#10627,#10628,#10636,#10644,#10653,
    #10662,#10670,#10679));
#10611 = ORIENTED_EDGE('',*,*,#10612,.T.);
#10612 = EDGE_CURVE('',#10613,#10615,#10617,.T.);
#10613 = VERTEX_POINT('',#10614);
#10614 = CARTESIAN_POINT('',(221.95,-243.1,4.792832680731));
#10615 = VERTEX_POINT('',#10616);
#10616 = CARTESIAN_POINT('',(221.95,-243.1,8.6));
#10617 = LINE('',#10618,#10619);
#10618 = CARTESIAN_POINT('',(221.95,-243.1,-11.1));
#10619 = VECTOR('',#10620,1.);
#10620 = DIRECTION('',(0.,0.,1.));
#10621 = ORIENTED_EDGE('',*,*,#10622,.T.);
#10622 = EDGE_CURVE('',#10615,#10582,#10623,.T.);
#10623 = LINE('',#10624,#10625);
#10624 = CARTESIAN_POINT('',(221.95,-243.1,8.6));
#10625 = VECTOR('',#10626,1.);
#10626 = DIRECTION('',(-1.,0.,0.));
#10627 = ORIENTED_EDGE('',*,*,#10598,.F.);
#10628 = ORIENTED_EDGE('',*,*,#10629,.F.);
#10629 = EDGE_CURVE('',#10630,#10591,#10632,.T.);
#10630 = VERTEX_POINT('',#10631);
#10631 = CARTESIAN_POINT('',(221.95,-243.1,-11.1));
#10632 = LINE('',#10633,#10634);
#10633 = CARTESIAN_POINT('',(221.95,-243.1,-11.1));
#10634 = VECTOR('',#10635,1.);
#10635 = DIRECTION('',(-1.,0.,0.));
#10636 = ORIENTED_EDGE('',*,*,#10637,.T.);
#10637 = EDGE_CURVE('',#10630,#10638,#10640,.T.);
#10638 = VERTEX_POINT('',#10639);
#10639 = CARTESIAN_POINT('',(221.95,-243.1,-7.292832680731));
#10640 = LINE('',#10641,#10642);
#10641 = CARTESIAN_POINT('',(221.95,-243.1,-11.1));
#10642 = VECTOR('',#10643,1.);
#10643 = DIRECTION('',(0.,0.,1.));
#10644 = ORIENTED_EDGE('',*,*,#10645,.F.);
#10645 = EDGE_CURVE('',#10646,#10638,#10648,.T.);
#10646 = VERTEX_POINT('',#10647);
#10647 = CARTESIAN_POINT('',(219.9,-243.1,-3.95));
#10648 = CIRCLE('',#10649,2.3);
#10649 = AXIS2_PLACEMENT_3D('',#10650,#10651,#10652);
#10650 = CARTESIAN_POINT('',(219.9,-243.1,-6.25));
#10651 = DIRECTION('',(0.,-1.,0.));
#10652 = DIRECTION('',(0.,0.,1.));
#10653 = ORIENTED_EDGE('',*,*,#10654,.F.);
#10654 = EDGE_CURVE('',#10655,#10646,#10657,.T.);
#10655 = VERTEX_POINT('',#10656);
#10656 = CARTESIAN_POINT('',(221.95,-243.1,-5.207167319269));
#10657 = CIRCLE('',#10658,2.3);
#10658 = AXIS2_PLACEMENT_3D('',#10659,#10660,#10661);
#10659 = CARTESIAN_POINT('',(219.9,-243.1,-6.25));
#10660 = DIRECTION('',(0.,-1.,0.));
#10661 = DIRECTION('',(0.,0.,1.));
#10662 = ORIENTED_EDGE('',*,*,#10663,.T.);
#10663 = EDGE_CURVE('',#10655,#10664,#10666,.T.);
#10664 = VERTEX_POINT('',#10665);
#10665 = CARTESIAN_POINT('',(221.95,-243.1,2.707167319269));
#10666 = LINE('',#10667,#10668);
#10667 = CARTESIAN_POINT('',(221.95,-243.1,-11.1));
#10668 = VECTOR('',#10669,1.);
#10669 = DIRECTION('',(0.,0.,1.));
#10670 = ORIENTED_EDGE('',*,*,#10671,.F.);
#10671 = EDGE_CURVE('',#10672,#10664,#10674,.T.);
#10672 = VERTEX_POINT('',#10673);
#10673 = CARTESIAN_POINT('',(219.9,-243.1,6.05));
#10674 = CIRCLE('',#10675,2.3);
#10675 = AXIS2_PLACEMENT_3D('',#10676,#10677,#10678);
#10676 = CARTESIAN_POINT('',(219.9,-243.1,3.75));
#10677 = DIRECTION('',(0.,-1.,0.));
#10678 = DIRECTION('',(0.,0.,1.));
#10679 = ORIENTED_EDGE('',*,*,#10680,.F.);
#10680 = EDGE_CURVE('',#10613,#10672,#10681,.T.);
#10681 = CIRCLE('',#10682,2.3);
#10682 = AXIS2_PLACEMENT_3D('',#10683,#10684,#10685);
#10683 = CARTESIAN_POINT('',(219.9,-243.1,3.75));
#10684 = DIRECTION('',(0.,-1.,0.));
#10685 = DIRECTION('',(0.,0.,1.));
#10686 = PLANE('',#10687);
#10687 = AXIS2_PLACEMENT_3D('',#10688,#10689,#10690);
#10688 = CARTESIAN_POINT('',(221.95,-243.1,-11.1));
#10689 = DIRECTION('',(0.,-1.,0.));
#10690 = DIRECTION('',(0.,0.,1.));
#10691 = ADVANCED_FACE('',(#10692),#10769,.F.);
#10692 = FACE_BOUND('',#10693,.F.);
#10693 = EDGE_LOOP('',(#10694,#10695,#10703,#10711,#10720,#10729,#10737,
    #10746,#10755,#10763));
#10694 = ORIENTED_EDGE('',*,*,#10536,.T.);
#10695 = ORIENTED_EDGE('',*,*,#10696,.T.);
#10696 = EDGE_CURVE('',#10513,#10697,#10699,.T.);
#10697 = VERTEX_POINT('',#10698);
#10698 = CARTESIAN_POINT('',(168.35,-243.1,8.6));
#10699 = LINE('',#10700,#10701);
#10700 = CARTESIAN_POINT('',(221.95,-243.1,8.6));
#10701 = VECTOR('',#10702,1.);
#10702 = DIRECTION('',(-1.,0.,0.));
#10703 = ORIENTED_EDGE('',*,*,#10704,.F.);
#10704 = EDGE_CURVE('',#10705,#10697,#10707,.T.);
#10705 = VERTEX_POINT('',#10706);
#10706 = CARTESIAN_POINT('',(168.35,-243.1,4.792832680731));
#10707 = LINE('',#10708,#10709);
#10708 = CARTESIAN_POINT('',(168.35,-243.1,-11.1));
#10709 = VECTOR('',#10710,1.);
#10710 = DIRECTION('',(0.,0.,1.));
#10711 = ORIENTED_EDGE('',*,*,#10712,.F.);
#10712 = EDGE_CURVE('',#10713,#10705,#10715,.T.);
#10713 = VERTEX_POINT('',#10714);
#10714 = CARTESIAN_POINT('',(170.4,-243.1,6.05));
#10715 = CIRCLE('',#10716,2.3);
#10716 = AXIS2_PLACEMENT_3D('',#10717,#10718,#10719);
#10717 = CARTESIAN_POINT('',(170.4,-243.1,3.75));
#10718 = DIRECTION('',(0.,-1.,0.));
#10719 = DIRECTION('',(0.,0.,1.));
#10720 = ORIENTED_EDGE('',*,*,#10721,.F.);
#10721 = EDGE_CURVE('',#10722,#10713,#10724,.T.);
#10722 = VERTEX_POINT('',#10723);
#10723 = CARTESIAN_POINT('',(168.35,-243.1,2.707167319269));
#10724 = CIRCLE('',#10725,2.3);
#10725 = AXIS2_PLACEMENT_3D('',#10726,#10727,#10728);
#10726 = CARTESIAN_POINT('',(170.4,-243.1,3.75));
#10727 = DIRECTION('',(0.,-1.,0.));
#10728 = DIRECTION('',(0.,0.,1.));
#10729 = ORIENTED_EDGE('',*,*,#10730,.F.);
#10730 = EDGE_CURVE('',#10731,#10722,#10733,.T.);
#10731 = VERTEX_POINT('',#10732);
#10732 = CARTESIAN_POINT('',(168.35,-243.1,-5.207167319269));
#10733 = LINE('',#10734,#10735);
#10734 = CARTESIAN_POINT('',(168.35,-243.1,-11.1));
#10735 = VECTOR('',#10736,1.);
#10736 = DIRECTION('',(0.,0.,1.));
#10737 = ORIENTED_EDGE('',*,*,#10738,.F.);
#10738 = EDGE_CURVE('',#10739,#10731,#10741,.T.);
#10739 = VERTEX_POINT('',#10740);
#10740 = CARTESIAN_POINT('',(170.4,-243.1,-3.95));
#10741 = CIRCLE('',#10742,2.3);
#10742 = AXIS2_PLACEMENT_3D('',#10743,#10744,#10745);
#10743 = CARTESIAN_POINT('',(170.4,-243.1,-6.25));
#10744 = DIRECTION('',(0.,-1.,0.));
#10745 = DIRECTION('',(0.,0.,1.));
#10746 = ORIENTED_EDGE('',*,*,#10747,.F.);
#10747 = EDGE_CURVE('',#10748,#10739,#10750,.T.);
#10748 = VERTEX_POINT('',#10749);
#10749 = CARTESIAN_POINT('',(168.35,-243.1,-7.292832680731));
#10750 = CIRCLE('',#10751,2.3);
#10751 = AXIS2_PLACEMENT_3D('',#10752,#10753,#10754);
#10752 = CARTESIAN_POINT('',(170.4,-243.1,-6.25));
#10753 = DIRECTION('',(0.,-1.,0.));
#10754 = DIRECTION('',(0.,0.,1.));
#10755 = ORIENTED_EDGE('',*,*,#10756,.F.);
#10756 = EDGE_CURVE('',#10757,#10748,#10759,.T.);
#10757 = VERTEX_POINT('',#10758);
#10758 = CARTESIAN_POINT('',(168.35,-243.1,-11.1));
#10759 = LINE('',#10760,#10761);
#10760 = CARTESIAN_POINT('',(168.35,-243.1,-11.1));
#10761 = VECTOR('',#10762,1.);
#10762 = DIRECTION('',(0.,0.,1.));
#10763 = ORIENTED_EDGE('',*,*,#10764,.F.);
#10764 = EDGE_CURVE('',#10529,#10757,#10765,.T.);
#10765 = LINE('',#10766,#10767);
#10766 = CARTESIAN_POINT('',(221.95,-243.1,-11.1));
#10767 = VECTOR('',#10768,1.);
#10768 = DIRECTION('',(-1.,0.,0.));
#10769 = PLANE('',#10770);
#10770 = AXIS2_PLACEMENT_3D('',#10771,#10772,#10773);
#10771 = CARTESIAN_POINT('',(221.95,-243.1,-11.1));
#10772 = DIRECTION('',(0.,-1.,0.));
#10773 = DIRECTION('',(0.,0.,1.));
#10774 = ADVANCED_FACE('',(#10775),#10800,.F.);
#10775 = FACE_BOUND('',#10776,.F.);
#10776 = EDGE_LOOP('',(#10777,#10778,#10786,#10794));
#10777 = ORIENTED_EDGE('',*,*,#10612,.F.);
#10778 = ORIENTED_EDGE('',*,*,#10779,.T.);
#10779 = EDGE_CURVE('',#10613,#10780,#10782,.T.);
#10780 = VERTEX_POINT('',#10781);
#10781 = CARTESIAN_POINT('',(221.95,-245.6,4.792832680731));
#10782 = LINE('',#10783,#10784);
#10783 = CARTESIAN_POINT('',(221.95,-242.1,4.792832680731));
#10784 = VECTOR('',#10785,1.);
#10785 = DIRECTION('',(0.,-1.,0.));
#10786 = ORIENTED_EDGE('',*,*,#10787,.T.);
#10787 = EDGE_CURVE('',#10780,#10788,#10790,.T.);
#10788 = VERTEX_POINT('',#10789);
#10789 = CARTESIAN_POINT('',(221.95,-245.6,8.6));
#10790 = LINE('',#10791,#10792);
#10791 = CARTESIAN_POINT('',(221.95,-245.6,-11.1));
#10792 = VECTOR('',#10793,1.);
#10793 = DIRECTION('',(0.,0.,1.));
#10794 = ORIENTED_EDGE('',*,*,#10795,.F.);
#10795 = EDGE_CURVE('',#10615,#10788,#10796,.T.);
#10796 = LINE('',#10797,#10798);
#10797 = CARTESIAN_POINT('',(221.95,-243.1,8.6));
#10798 = VECTOR('',#10799,1.);
#10799 = DIRECTION('',(0.,-1.,0.));
#10800 = PLANE('',#10801);
#10801 = AXIS2_PLACEMENT_3D('',#10802,#10803,#10804);
#10802 = CARTESIAN_POINT('',(221.95,-243.1,-11.1));
#10803 = DIRECTION('',(-1.,0.,0.));
#10804 = DIRECTION('',(0.,-1.,0.));
#10805 = ADVANCED_FACE('',(#10806),#10831,.F.);
#10806 = FACE_BOUND('',#10807,.F.);
#10807 = EDGE_LOOP('',(#10808,#10809,#10817,#10825));
#10808 = ORIENTED_EDGE('',*,*,#10663,.F.);
#10809 = ORIENTED_EDGE('',*,*,#10810,.T.);
#10810 = EDGE_CURVE('',#10655,#10811,#10813,.T.);
#10811 = VERTEX_POINT('',#10812);
#10812 = CARTESIAN_POINT('',(221.95,-245.6,-5.207167319269));
#10813 = LINE('',#10814,#10815);
#10814 = CARTESIAN_POINT('',(221.95,-242.1,-5.207167319269));
#10815 = VECTOR('',#10816,1.);
#10816 = DIRECTION('',(0.,-1.,0.));
#10817 = ORIENTED_EDGE('',*,*,#10818,.T.);
#10818 = EDGE_CURVE('',#10811,#10819,#10821,.T.);
#10819 = VERTEX_POINT('',#10820);
#10820 = CARTESIAN_POINT('',(221.95,-245.6,2.707167319269));
#10821 = LINE('',#10822,#10823);
#10822 = CARTESIAN_POINT('',(221.95,-245.6,-11.1));
#10823 = VECTOR('',#10824,1.);
#10824 = DIRECTION('',(0.,0.,1.));
#10825 = ORIENTED_EDGE('',*,*,#10826,.F.);
#10826 = EDGE_CURVE('',#10664,#10819,#10827,.T.);
#10827 = LINE('',#10828,#10829);
#10828 = CARTESIAN_POINT('',(221.95,-242.1,2.707167319269));
#10829 = VECTOR('',#10830,1.);
#10830 = DIRECTION('',(0.,-1.,0.));
#10831 = PLANE('',#10832);
#10832 = AXIS2_PLACEMENT_3D('',#10833,#10834,#10835);
#10833 = CARTESIAN_POINT('',(221.95,-243.1,-11.1));
#10834 = DIRECTION('',(-1.,0.,0.));
#10835 = DIRECTION('',(0.,-1.,0.));
#10836 = ADVANCED_FACE('',(#10837),#10862,.F.);
#10837 = FACE_BOUND('',#10838,.F.);
#10838 = EDGE_LOOP('',(#10839,#10840,#10848,#10856));
#10839 = ORIENTED_EDGE('',*,*,#10637,.F.);
#10840 = ORIENTED_EDGE('',*,*,#10841,.T.);
#10841 = EDGE_CURVE('',#10630,#10842,#10844,.T.);
#10842 = VERTEX_POINT('',#10843);
#10843 = CARTESIAN_POINT('',(221.95,-245.6,-11.1));
#10844 = LINE('',#10845,#10846);
#10845 = CARTESIAN_POINT('',(221.95,-243.1,-11.1));
#10846 = VECTOR('',#10847,1.);
#10847 = DIRECTION('',(0.,-1.,0.));
#10848 = ORIENTED_EDGE('',*,*,#10849,.T.);
#10849 = EDGE_CURVE('',#10842,#10850,#10852,.T.);
#10850 = VERTEX_POINT('',#10851);
#10851 = CARTESIAN_POINT('',(221.95,-245.6,-7.292832680731));
#10852 = LINE('',#10853,#10854);
#10853 = CARTESIAN_POINT('',(221.95,-245.6,-11.1));
#10854 = VECTOR('',#10855,1.);
#10855 = DIRECTION('',(0.,0.,1.));
#10856 = ORIENTED_EDGE('',*,*,#10857,.F.);
#10857 = EDGE_CURVE('',#10638,#10850,#10858,.T.);
#10858 = LINE('',#10859,#10860);
#10859 = CARTESIAN_POINT('',(221.95,-242.1,-7.292832680731));
#10860 = VECTOR('',#10861,1.);
#10861 = DIRECTION('',(0.,-1.,0.));
#10862 = PLANE('',#10863);
#10863 = AXIS2_PLACEMENT_3D('',#10864,#10865,#10866);
#10864 = CARTESIAN_POINT('',(221.95,-243.1,-11.1));
#10865 = DIRECTION('',(-1.,0.,0.));
#10866 = DIRECTION('',(0.,-1.,0.));
#10867 = ADVANCED_FACE('',(#10868),#10927,.T.);
#10868 = FACE_BOUND('',#10869,.T.);
#10869 = EDGE_LOOP('',(#10870,#10871,#10879,#10887,#10893,#10894,#10903,
    #10910,#10911,#10920));
#10870 = ORIENTED_EDGE('',*,*,#10787,.T.);
#10871 = ORIENTED_EDGE('',*,*,#10872,.T.);
#10872 = EDGE_CURVE('',#10788,#10873,#10875,.T.);
#10873 = VERTEX_POINT('',#10874);
#10874 = CARTESIAN_POINT('',(215.5,-245.6,8.6));
#10875 = LINE('',#10876,#10877);
#10876 = CARTESIAN_POINT('',(221.95,-245.6,8.6));
#10877 = VECTOR('',#10878,1.);
#10878 = DIRECTION('',(-1.,0.,0.));
#10879 = ORIENTED_EDGE('',*,*,#10880,.F.);
#10880 = EDGE_CURVE('',#10881,#10873,#10883,.T.);
#10881 = VERTEX_POINT('',#10882);
#10882 = CARTESIAN_POINT('',(215.5,-245.6,-11.1));
#10883 = LINE('',#10884,#10885);
#10884 = CARTESIAN_POINT('',(215.5,-245.6,-11.1));
#10885 = VECTOR('',#10886,1.);
#10886 = DIRECTION('',(0.,0.,1.));
#10887 = ORIENTED_EDGE('',*,*,#10888,.F.);
#10888 = EDGE_CURVE('',#10842,#10881,#10889,.T.);
#10889 = LINE('',#10890,#10891);
#10890 = CARTESIAN_POINT('',(221.95,-245.6,-11.1));
#10891 = VECTOR('',#10892,1.);
#10892 = DIRECTION('',(-1.,0.,0.));
#10893 = ORIENTED_EDGE('',*,*,#10849,.T.);
#10894 = ORIENTED_EDGE('',*,*,#10895,.F.);
#10895 = EDGE_CURVE('',#10896,#10850,#10898,.T.);
#10896 = VERTEX_POINT('',#10897);
#10897 = CARTESIAN_POINT('',(219.9,-245.6,-3.95));
#10898 = CIRCLE('',#10899,2.3);
#10899 = AXIS2_PLACEMENT_3D('',#10900,#10901,#10902);
#10900 = CARTESIAN_POINT('',(219.9,-245.6,-6.25));
#10901 = DIRECTION('',(0.,-1.,0.));
#10902 = DIRECTION('',(0.,0.,1.));
#10903 = ORIENTED_EDGE('',*,*,#10904,.F.);
#10904 = EDGE_CURVE('',#10811,#10896,#10905,.T.);
#10905 = CIRCLE('',#10906,2.3);
#10906 = AXIS2_PLACEMENT_3D('',#10907,#10908,#10909);
#10907 = CARTESIAN_POINT('',(219.9,-245.6,-6.25));
#10908 = DIRECTION('',(0.,-1.,0.));
#10909 = DIRECTION('',(0.,0.,1.));
#10910 = ORIENTED_EDGE('',*,*,#10818,.T.);
#10911 = ORIENTED_EDGE('',*,*,#10912,.F.);
#10912 = EDGE_CURVE('',#10913,#10819,#10915,.T.);
#10913 = VERTEX_POINT('',#10914);
#10914 = CARTESIAN_POINT('',(219.9,-245.6,6.05));
#10915 = CIRCLE('',#10916,2.3);
#10916 = AXIS2_PLACEMENT_3D('',#10917,#10918,#10919);
#10917 = CARTESIAN_POINT('',(219.9,-245.6,3.75));
#10918 = DIRECTION('',(0.,-1.,0.));
#10919 = DIRECTION('',(0.,0.,1.));
#10920 = ORIENTED_EDGE('',*,*,#10921,.F.);
#10921 = EDGE_CURVE('',#10780,#10913,#10922,.T.);
#10922 = CIRCLE('',#10923,2.3);
#10923 = AXIS2_PLACEMENT_3D('',#10924,#10925,#10926);
#10924 = CARTESIAN_POINT('',(219.9,-245.6,3.75));
#10925 = DIRECTION('',(0.,-1.,0.));
#10926 = DIRECTION('',(0.,0.,1.));
#10927 = PLANE('',#10928);
#10928 = AXIS2_PLACEMENT_3D('',#10929,#10930,#10931);
#10929 = CARTESIAN_POINT('',(221.95,-245.6,-11.1));
#10930 = DIRECTION('',(0.,-1.,0.));
#10931 = DIRECTION('',(0.,0.,1.));
#10932 = ADVANCED_FACE('',(#10933),#10958,.F.);
#10933 = FACE_BOUND('',#10934,.F.);
#10934 = EDGE_LOOP('',(#10935,#10943,#10944,#10952));
#10935 = ORIENTED_EDGE('',*,*,#10936,.F.);
#10936 = EDGE_CURVE('',#10873,#10937,#10939,.T.);
#10937 = VERTEX_POINT('',#10938);
#10938 = CARTESIAN_POINT('',(215.5,-253.1,8.6));
#10939 = LINE('',#10940,#10941);
#10940 = CARTESIAN_POINT('',(215.5,-216.5,8.6));
#10941 = VECTOR('',#10942,1.);
#10942 = DIRECTION('',(0.,-1.,0.));
#10943 = ORIENTED_EDGE('',*,*,#10880,.F.);
#10944 = ORIENTED_EDGE('',*,*,#10945,.T.);
#10945 = EDGE_CURVE('',#10881,#10946,#10948,.T.);
#10946 = VERTEX_POINT('',#10947);
#10947 = CARTESIAN_POINT('',(215.5,-253.1,-11.1));
#10948 = LINE('',#10949,#10950);
#10949 = CARTESIAN_POINT('',(215.5,-216.5,-11.1));
#10950 = VECTOR('',#10951,1.);
#10951 = DIRECTION('',(0.,-1.,0.));
#10952 = ORIENTED_EDGE('',*,*,#10953,.T.);
#10953 = EDGE_CURVE('',#10946,#10937,#10954,.T.);
#10954 = LINE('',#10955,#10956);
#10955 = CARTESIAN_POINT('',(215.5,-253.1,-11.1));
#10956 = VECTOR('',#10957,1.);
#10957 = DIRECTION('',(0.,0.,1.));
#10958 = PLANE('',#10959);
#10959 = AXIS2_PLACEMENT_3D('',#10960,#10961,#10962);
#10960 = CARTESIAN_POINT('',(215.5,-216.5,-11.1));
#10961 = DIRECTION('',(-1.,0.,0.));
#10962 = DIRECTION('',(0.,-1.,0.));
#10963 = ADVANCED_FACE('',(#10964),#10989,.T.);
#10964 = FACE_BOUND('',#10965,.T.);
#10965 = EDGE_LOOP('',(#10966,#10974,#10975,#10983));
#10966 = ORIENTED_EDGE('',*,*,#10967,.F.);
#10967 = EDGE_CURVE('',#10946,#10968,#10970,.T.);
#10968 = VERTEX_POINT('',#10969);
#10969 = CARTESIAN_POINT('',(174.8,-253.1,-11.1));
#10970 = LINE('',#10971,#10972);
#10971 = CARTESIAN_POINT('',(215.5,-253.1,-11.1));
#10972 = VECTOR('',#10973,1.);
#10973 = DIRECTION('',(-1.,0.,0.));
#10974 = ORIENTED_EDGE('',*,*,#10953,.T.);
#10975 = ORIENTED_EDGE('',*,*,#10976,.T.);
#10976 = EDGE_CURVE('',#10937,#10977,#10979,.T.);
#10977 = VERTEX_POINT('',#10978);
#10978 = CARTESIAN_POINT('',(174.8,-253.1,8.6));
#10979 = LINE('',#10980,#10981);
#10980 = CARTESIAN_POINT('',(215.5,-253.1,8.6));
#10981 = VECTOR('',#10982,1.);
#10982 = DIRECTION('',(-1.,0.,0.));
#10983 = ORIENTED_EDGE('',*,*,#10984,.F.);
#10984 = EDGE_CURVE('',#10968,#10977,#10985,.T.);
#10985 = LINE('',#10986,#10987);
#10986 = CARTESIAN_POINT('',(174.8,-253.1,-11.1));
#10987 = VECTOR('',#10988,1.);
#10988 = DIRECTION('',(0.,0.,1.));
#10989 = PLANE('',#10990);
#10990 = AXIS2_PLACEMENT_3D('',#10991,#10992,#10993);
#10991 = CARTESIAN_POINT('',(215.5,-253.1,-11.1));
#10992 = DIRECTION('',(0.,-1.,0.));
#10993 = DIRECTION('',(0.,0.,1.));
#10994 = ADVANCED_FACE('',(#10995),#11020,.T.);
#10995 = FACE_BOUND('',#10996,.T.);
#10996 = EDGE_LOOP('',(#10997,#11005,#11013,#11019));
#10997 = ORIENTED_EDGE('',*,*,#10998,.F.);
#10998 = EDGE_CURVE('',#10999,#10977,#11001,.T.);
#10999 = VERTEX_POINT('',#11000);
#11000 = CARTESIAN_POINT('',(174.8,-245.6,8.6));
#11001 = LINE('',#11002,#11003);
#11002 = CARTESIAN_POINT('',(174.8,-216.5,8.6));
#11003 = VECTOR('',#11004,1.);
#11004 = DIRECTION('',(0.,-1.,0.));
#11005 = ORIENTED_EDGE('',*,*,#11006,.F.);
#11006 = EDGE_CURVE('',#11007,#10999,#11009,.T.);
#11007 = VERTEX_POINT('',#11008);
#11008 = CARTESIAN_POINT('',(174.8,-245.6,-11.1));
#11009 = LINE('',#11010,#11011);
#11010 = CARTESIAN_POINT('',(174.8,-245.6,-11.1));
#11011 = VECTOR('',#11012,1.);
#11012 = DIRECTION('',(0.,0.,1.));
#11013 = ORIENTED_EDGE('',*,*,#11014,.T.);
#11014 = EDGE_CURVE('',#11007,#10968,#11015,.T.);
#11015 = LINE('',#11016,#11017);
#11016 = CARTESIAN_POINT('',(174.8,-216.5,-11.1));
#11017 = VECTOR('',#11018,1.);
#11018 = DIRECTION('',(0.,-1.,0.));
#11019 = ORIENTED_EDGE('',*,*,#10984,.T.);
#11020 = PLANE('',#11021);
#11021 = AXIS2_PLACEMENT_3D('',#11022,#11023,#11024);
#11022 = CARTESIAN_POINT('',(174.8,-216.5,-11.1));
#11023 = DIRECTION('',(-1.,0.,0.));
#11024 = DIRECTION('',(0.,-1.,0.));
#11025 = ADVANCED_FACE('',(#11026),#11103,.T.);
#11026 = FACE_BOUND('',#11027,.T.);
#11027 = EDGE_LOOP('',(#11028,#11029,#11037,#11045,#11054,#11063,#11071,
    #11080,#11089,#11097));
#11028 = ORIENTED_EDGE('',*,*,#11006,.T.);
#11029 = ORIENTED_EDGE('',*,*,#11030,.T.);
#11030 = EDGE_CURVE('',#10999,#11031,#11033,.T.);
#11031 = VERTEX_POINT('',#11032);
#11032 = CARTESIAN_POINT('',(168.35,-245.6,8.6));
#11033 = LINE('',#11034,#11035);
#11034 = CARTESIAN_POINT('',(221.95,-245.6,8.6));
#11035 = VECTOR('',#11036,1.);
#11036 = DIRECTION('',(-1.,0.,0.));
#11037 = ORIENTED_EDGE('',*,*,#11038,.F.);
#11038 = EDGE_CURVE('',#11039,#11031,#11041,.T.);
#11039 = VERTEX_POINT('',#11040);
#11040 = CARTESIAN_POINT('',(168.35,-245.6,4.792832680731));
#11041 = LINE('',#11042,#11043);
#11042 = CARTESIAN_POINT('',(168.35,-245.6,-11.1));
#11043 = VECTOR('',#11044,1.);
#11044 = DIRECTION('',(0.,0.,1.));
#11045 = ORIENTED_EDGE('',*,*,#11046,.F.);
#11046 = EDGE_CURVE('',#11047,#11039,#11049,.T.);
#11047 = VERTEX_POINT('',#11048);
#11048 = CARTESIAN_POINT('',(170.4,-245.6,6.05));
#11049 = CIRCLE('',#11050,2.3);
#11050 = AXIS2_PLACEMENT_3D('',#11051,#11052,#11053);
#11051 = CARTESIAN_POINT('',(170.4,-245.6,3.75));
#11052 = DIRECTION('',(0.,-1.,0.));
#11053 = DIRECTION('',(0.,0.,1.));
#11054 = ORIENTED_EDGE('',*,*,#11055,.F.);
#11055 = EDGE_CURVE('',#11056,#11047,#11058,.T.);
#11056 = VERTEX_POINT('',#11057);
#11057 = CARTESIAN_POINT('',(168.35,-245.6,2.707167319269));
#11058 = CIRCLE('',#11059,2.3);
#11059 = AXIS2_PLACEMENT_3D('',#11060,#11061,#11062);
#11060 = CARTESIAN_POINT('',(170.4,-245.6,3.75));
#11061 = DIRECTION('',(0.,-1.,0.));
#11062 = DIRECTION('',(0.,0.,1.));
#11063 = ORIENTED_EDGE('',*,*,#11064,.F.);
#11064 = EDGE_CURVE('',#11065,#11056,#11067,.T.);
#11065 = VERTEX_POINT('',#11066);
#11066 = CARTESIAN_POINT('',(168.35,-245.6,-5.207167319269));
#11067 = LINE('',#11068,#11069);
#11068 = CARTESIAN_POINT('',(168.35,-245.6,-11.1));
#11069 = VECTOR('',#11070,1.);
#11070 = DIRECTION('',(0.,0.,1.));
#11071 = ORIENTED_EDGE('',*,*,#11072,.F.);
#11072 = EDGE_CURVE('',#11073,#11065,#11075,.T.);
#11073 = VERTEX_POINT('',#11074);
#11074 = CARTESIAN_POINT('',(170.4,-245.6,-3.95));
#11075 = CIRCLE('',#11076,2.3);
#11076 = AXIS2_PLACEMENT_3D('',#11077,#11078,#11079);
#11077 = CARTESIAN_POINT('',(170.4,-245.6,-6.25));
#11078 = DIRECTION('',(0.,-1.,0.));
#11079 = DIRECTION('',(0.,0.,1.));
#11080 = ORIENTED_EDGE('',*,*,#11081,.F.);
#11081 = EDGE_CURVE('',#11082,#11073,#11084,.T.);
#11082 = VERTEX_POINT('',#11083);
#11083 = CARTESIAN_POINT('',(168.35,-245.6,-7.292832680731));
#11084 = CIRCLE('',#11085,2.3);
#11085 = AXIS2_PLACEMENT_3D('',#11086,#11087,#11088);
#11086 = CARTESIAN_POINT('',(170.4,-245.6,-6.25));
#11087 = DIRECTION('',(0.,-1.,0.));
#11088 = DIRECTION('',(0.,0.,1.));
#11089 = ORIENTED_EDGE('',*,*,#11090,.F.);
#11090 = EDGE_CURVE('',#11091,#11082,#11093,.T.);
#11091 = VERTEX_POINT('',#11092);
#11092 = CARTESIAN_POINT('',(168.35,-245.6,-11.1));
#11093 = LINE('',#11094,#11095);
#11094 = CARTESIAN_POINT('',(168.35,-245.6,-11.1));
#11095 = VECTOR('',#11096,1.);
#11096 = DIRECTION('',(0.,0.,1.));
#11097 = ORIENTED_EDGE('',*,*,#11098,.F.);
#11098 = EDGE_CURVE('',#11007,#11091,#11099,.T.);
#11099 = LINE('',#11100,#11101);
#11100 = CARTESIAN_POINT('',(221.95,-245.6,-11.1));
#11101 = VECTOR('',#11102,1.);
#11102 = DIRECTION('',(-1.,0.,0.));
#11103 = PLANE('',#11104);
#11104 = AXIS2_PLACEMENT_3D('',#11105,#11106,#11107);
#11105 = CARTESIAN_POINT('',(221.95,-245.6,-11.1));
#11106 = DIRECTION('',(0.,-1.,0.));
#11107 = DIRECTION('',(0.,0.,1.));
#11108 = ADVANCED_FACE('',(#11109),#11125,.T.);
#11109 = FACE_BOUND('',#11110,.T.);
#11110 = EDGE_LOOP('',(#11111,#11112,#11118,#11119));
#11111 = ORIENTED_EDGE('',*,*,#10756,.F.);
#11112 = ORIENTED_EDGE('',*,*,#11113,.T.);
#11113 = EDGE_CURVE('',#10757,#11091,#11114,.T.);
#11114 = LINE('',#11115,#11116);
#11115 = CARTESIAN_POINT('',(168.35,-243.1,-11.1));
#11116 = VECTOR('',#11117,1.);
#11117 = DIRECTION('',(0.,-1.,0.));
#11118 = ORIENTED_EDGE('',*,*,#11090,.T.);
#11119 = ORIENTED_EDGE('',*,*,#11120,.F.);
#11120 = EDGE_CURVE('',#10748,#11082,#11121,.T.);
#11121 = LINE('',#11122,#11123);
#11122 = CARTESIAN_POINT('',(168.35,-242.1,-7.292832680731));
#11123 = VECTOR('',#11124,1.);
#11124 = DIRECTION('',(0.,-1.,0.));
#11125 = PLANE('',#11126);
#11126 = AXIS2_PLACEMENT_3D('',#11127,#11128,#11129);
#11127 = CARTESIAN_POINT('',(168.35,-243.1,-11.1));
#11128 = DIRECTION('',(-1.,0.,0.));
#11129 = DIRECTION('',(0.,-1.,0.));
#11130 = ADVANCED_FACE('',(#11131),#11147,.T.);
#11131 = FACE_BOUND('',#11132,.T.);
#11132 = EDGE_LOOP('',(#11133,#11134,#11140,#11141));
#11133 = ORIENTED_EDGE('',*,*,#10730,.F.);
#11134 = ORIENTED_EDGE('',*,*,#11135,.T.);
#11135 = EDGE_CURVE('',#10731,#11065,#11136,.T.);
#11136 = LINE('',#11137,#11138);
#11137 = CARTESIAN_POINT('',(168.35,-242.1,-5.207167319269));
#11138 = VECTOR('',#11139,1.);
#11139 = DIRECTION('',(0.,-1.,0.));
#11140 = ORIENTED_EDGE('',*,*,#11064,.T.);
#11141 = ORIENTED_EDGE('',*,*,#11142,.F.);
#11142 = EDGE_CURVE('',#10722,#11056,#11143,.T.);
#11143 = LINE('',#11144,#11145);
#11144 = CARTESIAN_POINT('',(168.35,-242.1,2.707167319269));
#11145 = VECTOR('',#11146,1.);
#11146 = DIRECTION('',(0.,-1.,0.));
#11147 = PLANE('',#11148);
#11148 = AXIS2_PLACEMENT_3D('',#11149,#11150,#11151);
#11149 = CARTESIAN_POINT('',(168.35,-243.1,-11.1));
#11150 = DIRECTION('',(-1.,0.,0.));
#11151 = DIRECTION('',(0.,-1.,0.));
#11152 = ADVANCED_FACE('',(#11153),#11169,.T.);
#11153 = FACE_BOUND('',#11154,.T.);
#11154 = EDGE_LOOP('',(#11155,#11156,#11162,#11163));
#11155 = ORIENTED_EDGE('',*,*,#10704,.F.);
#11156 = ORIENTED_EDGE('',*,*,#11157,.T.);
#11157 = EDGE_CURVE('',#10705,#11039,#11158,.T.);
#11158 = LINE('',#11159,#11160);
#11159 = CARTESIAN_POINT('',(168.35,-242.1,4.792832680731));
#11160 = VECTOR('',#11161,1.);
#11161 = DIRECTION('',(0.,-1.,0.));
#11162 = ORIENTED_EDGE('',*,*,#11038,.T.);
#11163 = ORIENTED_EDGE('',*,*,#11164,.F.);
#11164 = EDGE_CURVE('',#10697,#11031,#11165,.T.);
#11165 = LINE('',#11166,#11167);
#11166 = CARTESIAN_POINT('',(168.35,-243.1,8.6));
#11167 = VECTOR('',#11168,1.);
#11168 = DIRECTION('',(0.,-1.,0.));
#11169 = PLANE('',#11170);
#11170 = AXIS2_PLACEMENT_3D('',#11171,#11172,#11173);
#11171 = CARTESIAN_POINT('',(168.35,-243.1,-11.1));
#11172 = DIRECTION('',(-1.,0.,0.));
#11173 = DIRECTION('',(0.,-1.,0.));
#11174 = ADVANCED_FACE('',(#11175),#11189,.T.);
#11175 = FACE_BOUND('',#11176,.T.);
#11176 = EDGE_LOOP('',(#11177,#11178,#11179,#11180,#11181,#11182,#11183,
    #11184,#11185,#11186,#11187,#11188));
#11177 = ORIENTED_EDGE('',*,*,#10590,.T.);
#11178 = ORIENTED_EDGE('',*,*,#10629,.F.);
#11179 = ORIENTED_EDGE('',*,*,#10841,.T.);
#11180 = ORIENTED_EDGE('',*,*,#10888,.T.);
#11181 = ORIENTED_EDGE('',*,*,#10945,.T.);
#11182 = ORIENTED_EDGE('',*,*,#10967,.T.);
#11183 = ORIENTED_EDGE('',*,*,#11014,.F.);
#11184 = ORIENTED_EDGE('',*,*,#11098,.T.);
#11185 = ORIENTED_EDGE('',*,*,#11113,.F.);
#11186 = ORIENTED_EDGE('',*,*,#10764,.F.);
#11187 = ORIENTED_EDGE('',*,*,#10528,.F.);
#11188 = ORIENTED_EDGE('',*,*,#10550,.F.);
#11189 = PLANE('',#11190);
#11190 = AXIS2_PLACEMENT_3D('',#11191,#11192,#11193);
#11191 = CARTESIAN_POINT('',(195.15,-236.1657982261,-11.1));
#11192 = DIRECTION('',(0.,0.,-1.));
#11193 = DIRECTION('',(0.,1.,0.));
#11194 = ADVANCED_FACE('',(#11195),#11209,.T.);
#11195 = FACE_BOUND('',#11196,.T.);
#11196 = EDGE_LOOP('',(#11197,#11198,#11199,#11200,#11201,#11202,#11203,
    #11204,#11205,#11206,#11207,#11208));
#11197 = ORIENTED_EDGE('',*,*,#10581,.F.);
#11198 = ORIENTED_EDGE('',*,*,#10566,.T.);
#11199 = ORIENTED_EDGE('',*,*,#10510,.T.);
#11200 = ORIENTED_EDGE('',*,*,#10696,.T.);
#11201 = ORIENTED_EDGE('',*,*,#11164,.T.);
#11202 = ORIENTED_EDGE('',*,*,#11030,.F.);
#11203 = ORIENTED_EDGE('',*,*,#10998,.T.);
#11204 = ORIENTED_EDGE('',*,*,#10976,.F.);
#11205 = ORIENTED_EDGE('',*,*,#10936,.F.);
#11206 = ORIENTED_EDGE('',*,*,#10872,.F.);
#11207 = ORIENTED_EDGE('',*,*,#10795,.F.);
#11208 = ORIENTED_EDGE('',*,*,#10622,.T.);
#11209 = PLANE('',#11210);
#11210 = AXIS2_PLACEMENT_3D('',#11211,#11212,#11213);
#11211 = CARTESIAN_POINT('',(195.15,-236.1657982261,8.6));
#11212 = DIRECTION('',(0.,0.,1.));
#11213 = DIRECTION('',(0.,-1.,0.));
#11214 = ADVANCED_FACE('',(#11215),#11223,.F.);
#11215 = FACE_BOUND('',#11216,.F.);
#11216 = EDGE_LOOP('',(#11217,#11218,#11219,#11220,#11221,#11222));
#11217 = ORIENTED_EDGE('',*,*,#10826,.T.);
#11218 = ORIENTED_EDGE('',*,*,#10912,.F.);
#11219 = ORIENTED_EDGE('',*,*,#10921,.F.);
#11220 = ORIENTED_EDGE('',*,*,#10779,.F.);
#11221 = ORIENTED_EDGE('',*,*,#10680,.T.);
#11222 = ORIENTED_EDGE('',*,*,#10671,.T.);
#11223 = CYLINDRICAL_SURFACE('',#11224,2.3);
#11224 = AXIS2_PLACEMENT_3D('',#11225,#11226,#11227);
#11225 = CARTESIAN_POINT('',(219.9,-242.1,3.75));
#11226 = DIRECTION('',(0.,-1.,0.));
#11227 = DIRECTION('',(0.,0.,1.));
#11228 = ADVANCED_FACE('',(#11229),#11237,.F.);
#11229 = FACE_BOUND('',#11230,.F.);
#11230 = EDGE_LOOP('',(#11231,#11232,#11233,#11234,#11235,#11236));
#11231 = ORIENTED_EDGE('',*,*,#10857,.T.);
#11232 = ORIENTED_EDGE('',*,*,#10895,.F.);
#11233 = ORIENTED_EDGE('',*,*,#10904,.F.);
#11234 = ORIENTED_EDGE('',*,*,#10810,.F.);
#11235 = ORIENTED_EDGE('',*,*,#10654,.T.);
#11236 = ORIENTED_EDGE('',*,*,#10645,.T.);
#11237 = CYLINDRICAL_SURFACE('',#11238,2.3);
#11238 = AXIS2_PLACEMENT_3D('',#11239,#11240,#11241);
#11239 = CARTESIAN_POINT('',(219.9,-242.1,-6.25));
#11240 = DIRECTION('',(0.,-1.,0.));
#11241 = DIRECTION('',(0.,0.,1.));
#11242 = ADVANCED_FACE('',(#11243),#11251,.F.);
#11243 = FACE_BOUND('',#11244,.F.);
#11244 = EDGE_LOOP('',(#11245,#11246,#11247,#11248,#11249,#11250));
#11245 = ORIENTED_EDGE('',*,*,#11135,.T.);
#11246 = ORIENTED_EDGE('',*,*,#11072,.F.);
#11247 = ORIENTED_EDGE('',*,*,#11081,.F.);
#11248 = ORIENTED_EDGE('',*,*,#11120,.F.);
#11249 = ORIENTED_EDGE('',*,*,#10747,.T.);
#11250 = ORIENTED_EDGE('',*,*,#10738,.T.);
#11251 = CYLINDRICAL_SURFACE('',#11252,2.3);
#11252 = AXIS2_PLACEMENT_3D('',#11253,#11254,#11255);
#11253 = CARTESIAN_POINT('',(170.4,-242.1,-6.25));
#11254 = DIRECTION('',(0.,-1.,0.));
#11255 = DIRECTION('',(0.,0.,1.));
#11256 = ADVANCED_FACE('',(#11257),#11265,.F.);
#11257 = FACE_BOUND('',#11258,.F.);
#11258 = EDGE_LOOP('',(#11259,#11260,#11261,#11262,#11263,#11264));
#11259 = ORIENTED_EDGE('',*,*,#11157,.T.);
#11260 = ORIENTED_EDGE('',*,*,#11046,.F.);
#11261 = ORIENTED_EDGE('',*,*,#11055,.F.);
#11262 = ORIENTED_EDGE('',*,*,#11142,.F.);
#11263 = ORIENTED_EDGE('',*,*,#10721,.T.);
#11264 = ORIENTED_EDGE('',*,*,#10712,.T.);
#11265 = CYLINDRICAL_SURFACE('',#11266,2.3);
#11266 = AXIS2_PLACEMENT_3D('',#11267,#11268,#11269);
#11267 = CARTESIAN_POINT('',(170.4,-242.1,3.75));
#11268 = DIRECTION('',(0.,-1.,0.));
#11269 = DIRECTION('',(0.,0.,1.));
#11270 = MANIFOLD_SOLID_BREP('',#11271);
#11271 = CLOSED_SHELL('',(#11272,#11305,#11325,#11345,#11370,#11395));
#11272 = ADVANCED_FACE('',(#11273),#11300,.T.);
#11273 = FACE_BOUND('',#11274,.T.);
#11274 = EDGE_LOOP('',(#11275,#11284,#11292,#11299));
#11275 = ORIENTED_EDGE('',*,*,#11276,.F.);
#11276 = EDGE_CURVE('',#11277,#11277,#11279,.T.);
#11277 = VERTEX_POINT('',#11278);
#11278 = CARTESIAN_POINT('',(185.,-255.1,5.25));
#11279 = CIRCLE('',#11280,6.5);
#11280 = AXIS2_PLACEMENT_3D('',#11281,#11282,#11283);
#11281 = CARTESIAN_POINT('',(185.,-255.1,-1.25));
#11282 = DIRECTION('',(0.,-1.,0.));
#11283 = DIRECTION('',(0.,0.,1.));
#11284 = ORIENTED_EDGE('',*,*,#11285,.F.);
#11285 = EDGE_CURVE('',#11286,#11277,#11288,.T.);
#11286 = VERTEX_POINT('',#11287);
#11287 = CARTESIAN_POINT('',(185.,-253.1,5.25));
#11288 = LINE('',#11289,#11290);
#11289 = CARTESIAN_POINT('',(185.,-253.1,5.25));
#11290 = VECTOR('',#11291,1.);
#11291 = DIRECTION('',(0.,-1.,0.));
#11292 = ORIENTED_EDGE('',*,*,#11293,.T.);
#11293 = EDGE_CURVE('',#11286,#11286,#11294,.T.);
#11294 = CIRCLE('',#11295,6.5);
#11295 = AXIS2_PLACEMENT_3D('',#11296,#11297,#11298);
#11296 = CARTESIAN_POINT('',(185.,-253.1,-1.25));
#11297 = DIRECTION('',(0.,-1.,0.));
#11298 = DIRECTION('',(0.,0.,1.));
#11299 = ORIENTED_EDGE('',*,*,#11285,.T.);
#11300 = CYLINDRICAL_SURFACE('',#11301,6.5);
#11301 = AXIS2_PLACEMENT_3D('',#11302,#11303,#11304);
#11302 = CARTESIAN_POINT('',(185.,-253.1,-1.25));
#11303 = DIRECTION('',(0.,-1.,0.));
#11304 = DIRECTION('',(0.,0.,1.));
#11305 = ADVANCED_FACE('',(#11306,#11309),#11320,.T.);
#11306 = FACE_BOUND('',#11307,.T.);
#11307 = EDGE_LOOP('',(#11308));
#11308 = ORIENTED_EDGE('',*,*,#11276,.T.);
#11309 = FACE_BOUND('',#11310,.T.);
#11310 = EDGE_LOOP('',(#11311));
#11311 = ORIENTED_EDGE('',*,*,#11312,.F.);
#11312 = EDGE_CURVE('',#11313,#11313,#11315,.T.);
#11313 = VERTEX_POINT('',#11314);
#11314 = CARTESIAN_POINT('',(185.,-255.1,1.65));
#11315 = CIRCLE('',#11316,2.9);
#11316 = AXIS2_PLACEMENT_3D('',#11317,#11318,#11319);
#11317 = CARTESIAN_POINT('',(185.,-255.1,-1.25));
#11318 = DIRECTION('',(0.,-1.,0.));
#11319 = DIRECTION('',(0.,0.,1.));
#11320 = PLANE('',#11321);
#11321 = AXIS2_PLACEMENT_3D('',#11322,#11323,#11324);
#11322 = CARTESIAN_POINT('',(185.,-255.1,-1.25));
#11323 = DIRECTION('',(0.,-1.,0.));
#11324 = DIRECTION('',(0.,0.,1.));
#11325 = ADVANCED_FACE('',(#11326,#11329),#11340,.F.);
#11326 = FACE_BOUND('',#11327,.F.);
#11327 = EDGE_LOOP('',(#11328));
#11328 = ORIENTED_EDGE('',*,*,#11293,.T.);
#11329 = FACE_BOUND('',#11330,.F.);
#11330 = EDGE_LOOP('',(#11331));
#11331 = ORIENTED_EDGE('',*,*,#11332,.F.);
#11332 = EDGE_CURVE('',#11333,#11333,#11335,.T.);
#11333 = VERTEX_POINT('',#11334);
#11334 = CARTESIAN_POINT('',(185.,-253.1,0.25));
#11335 = CIRCLE('',#11336,1.5);
#11336 = AXIS2_PLACEMENT_3D('',#11337,#11338,#11339);
#11337 = CARTESIAN_POINT('',(185.,-253.1,-1.25));
#11338 = DIRECTION('',(0.,-1.,0.));
#11339 = DIRECTION('',(0.,0.,1.));
#11340 = PLANE('',#11341);
#11341 = AXIS2_PLACEMENT_3D('',#11342,#11343,#11344);
#11342 = CARTESIAN_POINT('',(185.,-253.1,-1.25));
#11343 = DIRECTION('',(0.,-1.,0.));
#11344 = DIRECTION('',(0.,0.,1.));
#11345 = ADVANCED_FACE('',(#11346),#11365,.T.);
#11346 = FACE_BOUND('',#11347,.T.);
#11347 = EDGE_LOOP('',(#11348,#11357,#11363,#11364));
#11348 = ORIENTED_EDGE('',*,*,#11349,.F.);
#11349 = EDGE_CURVE('',#11350,#11350,#11352,.T.);
#11350 = VERTEX_POINT('',#11351);
#11351 = CARTESIAN_POINT('',(185.,-259.4,1.65));
#11352 = CIRCLE('',#11353,2.9);
#11353 = AXIS2_PLACEMENT_3D('',#11354,#11355,#11356);
#11354 = CARTESIAN_POINT('',(185.,-259.4,-1.25));
#11355 = DIRECTION('',(0.,-1.,0.));
#11356 = DIRECTION('',(0.,0.,1.));
#11357 = ORIENTED_EDGE('',*,*,#11358,.F.);
#11358 = EDGE_CURVE('',#11313,#11350,#11359,.T.);
#11359 = LINE('',#11360,#11361);
#11360 = CARTESIAN_POINT('',(185.,-255.1,1.65));
#11361 = VECTOR('',#11362,1.);
#11362 = DIRECTION('',(0.,-1.,0.));
#11363 = ORIENTED_EDGE('',*,*,#11312,.T.);
#11364 = ORIENTED_EDGE('',*,*,#11358,.T.);
#11365 = CYLINDRICAL_SURFACE('',#11366,2.9);
#11366 = AXIS2_PLACEMENT_3D('',#11367,#11368,#11369);
#11367 = CARTESIAN_POINT('',(185.,-255.1,-1.25));
#11368 = DIRECTION('',(0.,-1.,0.));
#11369 = DIRECTION('',(0.,0.,1.));
#11370 = ADVANCED_FACE('',(#11371),#11390,.F.);
#11371 = FACE_BOUND('',#11372,.F.);
#11372 = EDGE_LOOP('',(#11373,#11382,#11388,#11389));
#11373 = ORIENTED_EDGE('',*,*,#11374,.F.);
#11374 = EDGE_CURVE('',#11375,#11375,#11377,.T.);
#11375 = VERTEX_POINT('',#11376);
#11376 = CARTESIAN_POINT('',(185.,-259.4,0.25));
#11377 = CIRCLE('',#11378,1.5);
#11378 = AXIS2_PLACEMENT_3D('',#11379,#11380,#11381);
#11379 = CARTESIAN_POINT('',(185.,-259.4,-1.25));
#11380 = DIRECTION('',(0.,-1.,0.));
#11381 = DIRECTION('',(0.,0.,1.));
#11382 = ORIENTED_EDGE('',*,*,#11383,.F.);
#11383 = EDGE_CURVE('',#11333,#11375,#11384,.T.);
#11384 = LINE('',#11385,#11386);
#11385 = CARTESIAN_POINT('',(185.,-252.1,0.25));
#11386 = VECTOR('',#11387,1.);
#11387 = DIRECTION('',(0.,-1.,0.));
#11388 = ORIENTED_EDGE('',*,*,#11332,.T.);
#11389 = ORIENTED_EDGE('',*,*,#11383,.T.);
#11390 = CYLINDRICAL_SURFACE('',#11391,1.5);
#11391 = AXIS2_PLACEMENT_3D('',#11392,#11393,#11394);
#11392 = CARTESIAN_POINT('',(185.,-252.1,-1.25));
#11393 = DIRECTION('',(0.,-1.,0.));
#11394 = DIRECTION('',(0.,0.,1.));
#11395 = ADVANCED_FACE('',(#11396,#11399),#11402,.T.);
#11396 = FACE_BOUND('',#11397,.T.);
#11397 = EDGE_LOOP('',(#11398));
#11398 = ORIENTED_EDGE('',*,*,#11349,.T.);
#11399 = FACE_BOUND('',#11400,.T.);
#11400 = EDGE_LOOP('',(#11401));
#11401 = ORIENTED_EDGE('',*,*,#11374,.F.);
#11402 = PLANE('',#11403);
#11403 = AXIS2_PLACEMENT_3D('',#11404,#11405,#11406);
#11404 = CARTESIAN_POINT('',(185.,-259.4,-1.25));
#11405 = DIRECTION('',(0.,-1.,0.));
#11406 = DIRECTION('',(0.,0.,1.));
#11407 = MANIFOLD_SOLID_BREP('',#11408);
#11408 = CLOSED_SHELL('',(#11409,#11442,#11462,#11521,#11546,#11577,
    #11601,#11625,#11649,#11673,#11690,#11699));
#11409 = ADVANCED_FACE('',(#11410),#11437,.T.);
#11410 = FACE_BOUND('',#11411,.T.);
#11411 = EDGE_LOOP('',(#11412,#11421,#11429,#11436));
#11412 = ORIENTED_EDGE('',*,*,#11413,.F.);
#11413 = EDGE_CURVE('',#11414,#11414,#11416,.T.);
#11414 = VERTEX_POINT('',#11415);
#11415 = CARTESIAN_POINT('',(219.9,-245.6,-2.75));
#11416 = CIRCLE('',#11417,3.5);
#11417 = AXIS2_PLACEMENT_3D('',#11418,#11419,#11420);
#11418 = CARTESIAN_POINT('',(219.9,-245.6,-6.25));
#11419 = DIRECTION('',(0.,1.,0.));
#11420 = DIRECTION('',(0.,-0.,1.));
#11421 = ORIENTED_EDGE('',*,*,#11422,.F.);
#11422 = EDGE_CURVE('',#11423,#11414,#11425,.T.);
#11423 = VERTEX_POINT('',#11424);
#11424 = CARTESIAN_POINT('',(219.9,-249.6,-2.75));
#11425 = LINE('',#11426,#11427);
#11426 = CARTESIAN_POINT('',(219.9,-249.6,-2.75));
#11427 = VECTOR('',#11428,1.);
#11428 = DIRECTION('',(0.,1.,0.));
#11429 = ORIENTED_EDGE('',*,*,#11430,.T.);
#11430 = EDGE_CURVE('',#11423,#11423,#11431,.T.);
#11431 = CIRCLE('',#11432,3.5);
#11432 = AXIS2_PLACEMENT_3D('',#11433,#11434,#11435);
#11433 = CARTESIAN_POINT('',(219.9,-249.6,-6.25));
#11434 = DIRECTION('',(0.,1.,0.));
#11435 = DIRECTION('',(0.,-0.,1.));
#11436 = ORIENTED_EDGE('',*,*,#11422,.T.);
#11437 = CYLINDRICAL_SURFACE('',#11438,3.5);
#11438 = AXIS2_PLACEMENT_3D('',#11439,#11440,#11441);
#11439 = CARTESIAN_POINT('',(219.9,-249.6,-6.25));
#11440 = DIRECTION('',(0.,1.,0.));
#11441 = DIRECTION('',(0.,-0.,1.));
#11442 = ADVANCED_FACE('',(#11443,#11446),#11457,.T.);
#11443 = FACE_BOUND('',#11444,.T.);
#11444 = EDGE_LOOP('',(#11445));
#11445 = ORIENTED_EDGE('',*,*,#11413,.T.);
#11446 = FACE_BOUND('',#11447,.T.);
#11447 = EDGE_LOOP('',(#11448));
#11448 = ORIENTED_EDGE('',*,*,#11449,.F.);
#11449 = EDGE_CURVE('',#11450,#11450,#11452,.T.);
#11450 = VERTEX_POINT('',#11451);
#11451 = CARTESIAN_POINT('',(219.9,-245.6,-4.25));
#11452 = CIRCLE('',#11453,2.);
#11453 = AXIS2_PLACEMENT_3D('',#11454,#11455,#11456);
#11454 = CARTESIAN_POINT('',(219.9,-245.6,-6.25));
#11455 = DIRECTION('',(0.,1.,0.));
#11456 = DIRECTION('',(0.,-0.,1.));
#11457 = PLANE('',#11458);
#11458 = AXIS2_PLACEMENT_3D('',#11459,#11460,#11461);
#11459 = CARTESIAN_POINT('',(219.9,-245.6,-6.25));
#11460 = DIRECTION('',(0.,1.,0.));
#11461 = DIRECTION('',(0.,-0.,1.));
#11462 = ADVANCED_FACE('',(#11463,#11466),#11516,.F.);
#11463 = FACE_BOUND('',#11464,.F.);
#11464 = EDGE_LOOP('',(#11465));
#11465 = ORIENTED_EDGE('',*,*,#11430,.T.);
#11466 = FACE_BOUND('',#11467,.F.);
#11467 = EDGE_LOOP('',(#11468,#11478,#11486,#11494,#11502,#11510));
#11468 = ORIENTED_EDGE('',*,*,#11469,.T.);
#11469 = EDGE_CURVE('',#11470,#11472,#11474,.T.);
#11470 = VERTEX_POINT('',#11471);
#11471 = CARTESIAN_POINT('',(218.4,-249.6,-7.116025403784));
#11472 = VERTEX_POINT('',#11473);
#11473 = CARTESIAN_POINT('',(219.9,-249.6,-7.982050807569));
#11474 = LINE('',#11475,#11476);
#11475 = CARTESIAN_POINT('',(219.525,-249.6,-7.765544456623));
#11476 = VECTOR('',#11477,1.);
#11477 = DIRECTION('',(0.866025403784,0.,-0.5));
#11478 = ORIENTED_EDGE('',*,*,#11479,.T.);
#11479 = EDGE_CURVE('',#11472,#11480,#11482,.T.);
#11480 = VERTEX_POINT('',#11481);
#11481 = CARTESIAN_POINT('',(221.4,-249.6,-7.116025403784));
#11482 = LINE('',#11483,#11484);
#11483 = CARTESIAN_POINT('',(221.025,-249.6,-7.332531754731));
#11484 = VECTOR('',#11485,1.);
#11485 = DIRECTION('',(0.866025403784,-0.,0.5));
#11486 = ORIENTED_EDGE('',*,*,#11487,.T.);
#11487 = EDGE_CURVE('',#11480,#11488,#11490,.T.);
#11488 = VERTEX_POINT('',#11489);
#11489 = CARTESIAN_POINT('',(221.4,-249.6,-5.383974596216));
#11490 = LINE('',#11491,#11492);
#11491 = CARTESIAN_POINT('',(221.4,-249.6,-5.816987298108));
#11492 = VECTOR('',#11493,1.);
#11493 = DIRECTION('',(0.,-0.,1.));
#11494 = ORIENTED_EDGE('',*,*,#11495,.T.);
#11495 = EDGE_CURVE('',#11488,#11496,#11498,.T.);
#11496 = VERTEX_POINT('',#11497);
#11497 = CARTESIAN_POINT('',(219.9,-249.6,-4.517949192431));
#11498 = LINE('',#11499,#11500);
#11499 = CARTESIAN_POINT('',(220.275,-249.6,-4.734455543377));
#11500 = VECTOR('',#11501,1.);
#11501 = DIRECTION('',(-0.866025403784,0.,0.5));
#11502 = ORIENTED_EDGE('',*,*,#11503,.T.);
#11503 = EDGE_CURVE('',#11496,#11504,#11506,.T.);
#11504 = VERTEX_POINT('',#11505);
#11505 = CARTESIAN_POINT('',(218.4,-249.6,-5.383974596216));
#11506 = LINE('',#11507,#11508);
#11507 = CARTESIAN_POINT('',(218.775,-249.6,-5.167468245269));
#11508 = VECTOR('',#11509,1.);
#11509 = DIRECTION('',(-0.866025403784,0.,-0.5));
#11510 = ORIENTED_EDGE('',*,*,#11511,.T.);
#11511 = EDGE_CURVE('',#11504,#11470,#11512,.T.);
#11512 = LINE('',#11513,#11514);
#11513 = CARTESIAN_POINT('',(218.4,-249.6,-6.683012701892));
#11514 = VECTOR('',#11515,1.);
#11515 = DIRECTION('',(0.,0.,-1.));
#11516 = PLANE('',#11517);
#11517 = AXIS2_PLACEMENT_3D('',#11518,#11519,#11520);
#11518 = CARTESIAN_POINT('',(219.9,-249.6,-6.25));
#11519 = DIRECTION('',(0.,1.,0.));
#11520 = DIRECTION('',(0.,-0.,1.));
#11521 = ADVANCED_FACE('',(#11522),#11541,.T.);
#11522 = FACE_BOUND('',#11523,.T.);
#11523 = EDGE_LOOP('',(#11524,#11533,#11539,#11540));
#11524 = ORIENTED_EDGE('',*,*,#11525,.F.);
#11525 = EDGE_CURVE('',#11526,#11526,#11528,.T.);
#11526 = VERTEX_POINT('',#11527);
#11527 = CARTESIAN_POINT('',(219.9,-229.6,-4.25));
#11528 = CIRCLE('',#11529,2.);
#11529 = AXIS2_PLACEMENT_3D('',#11530,#11531,#11532);
#11530 = CARTESIAN_POINT('',(219.9,-229.6,-6.25));
#11531 = DIRECTION('',(0.,1.,0.));
#11532 = DIRECTION('',(0.,-0.,1.));
#11533 = ORIENTED_EDGE('',*,*,#11534,.F.);
#11534 = EDGE_CURVE('',#11450,#11526,#11535,.T.);
#11535 = LINE('',#11536,#11537);
#11536 = CARTESIAN_POINT('',(219.9,-245.6,-4.25));
#11537 = VECTOR('',#11538,1.);
#11538 = DIRECTION('',(0.,1.,0.));
#11539 = ORIENTED_EDGE('',*,*,#11449,.T.);
#11540 = ORIENTED_EDGE('',*,*,#11534,.T.);
#11541 = CYLINDRICAL_SURFACE('',#11542,2.);
#11542 = AXIS2_PLACEMENT_3D('',#11543,#11544,#11545);
#11543 = CARTESIAN_POINT('',(219.9,-245.6,-6.25));
#11544 = DIRECTION('',(0.,1.,0.));
#11545 = DIRECTION('',(0.,-0.,1.));
#11546 = ADVANCED_FACE('',(#11547),#11572,.T.);
#11547 = FACE_BOUND('',#11548,.T.);
#11548 = EDGE_LOOP('',(#11549,#11550,#11558,#11566));
#11549 = ORIENTED_EDGE('',*,*,#11469,.T.);
#11550 = ORIENTED_EDGE('',*,*,#11551,.T.);
#11551 = EDGE_CURVE('',#11472,#11552,#11554,.T.);
#11552 = VERTEX_POINT('',#11553);
#11553 = CARTESIAN_POINT('',(219.9,-247.2,-7.982050807569));
#11554 = LINE('',#11555,#11556);
#11555 = CARTESIAN_POINT('',(219.9,-249.7,-7.982050807569));
#11556 = VECTOR('',#11557,1.);
#11557 = DIRECTION('',(0.,1.,0.));
#11558 = ORIENTED_EDGE('',*,*,#11559,.T.);
#11559 = EDGE_CURVE('',#11552,#11560,#11562,.T.);
#11560 = VERTEX_POINT('',#11561);
#11561 = CARTESIAN_POINT('',(218.4,-247.2,-7.116025403784));
#11562 = LINE('',#11563,#11564);
#11563 = CARTESIAN_POINT('',(219.9,-247.2,-7.982050807569));
#11564 = VECTOR('',#11565,1.);
#11565 = DIRECTION('',(-0.866025403784,0.,0.5));
#11566 = ORIENTED_EDGE('',*,*,#11567,.F.);
#11567 = EDGE_CURVE('',#11470,#11560,#11568,.T.);
#11568 = LINE('',#11569,#11570);
#11569 = CARTESIAN_POINT('',(218.4,-249.7,-7.116025403784));
#11570 = VECTOR('',#11571,1.);
#11571 = DIRECTION('',(0.,1.,0.));
#11572 = PLANE('',#11573);
#11573 = AXIS2_PLACEMENT_3D('',#11574,#11575,#11576);
#11574 = CARTESIAN_POINT('',(219.9,-249.7,-7.982050807569));
#11575 = DIRECTION('',(0.5,-0.,0.866025403784));
#11576 = DIRECTION('',(-0.866025403784,0.,0.5));
#11577 = ADVANCED_FACE('',(#11578),#11596,.T.);
#11578 = FACE_BOUND('',#11579,.T.);
#11579 = EDGE_LOOP('',(#11580,#11581,#11582,#11590));
#11580 = ORIENTED_EDGE('',*,*,#11511,.T.);
#11581 = ORIENTED_EDGE('',*,*,#11567,.T.);
#11582 = ORIENTED_EDGE('',*,*,#11583,.T.);
#11583 = EDGE_CURVE('',#11560,#11584,#11586,.T.);
#11584 = VERTEX_POINT('',#11585);
#11585 = CARTESIAN_POINT('',(218.4,-247.2,-5.383974596216));
#11586 = LINE('',#11587,#11588);
#11587 = CARTESIAN_POINT('',(218.4,-247.2,-7.116025403784));
#11588 = VECTOR('',#11589,1.);
#11589 = DIRECTION('',(0.,0.,1.));
#11590 = ORIENTED_EDGE('',*,*,#11591,.F.);
#11591 = EDGE_CURVE('',#11504,#11584,#11592,.T.);
#11592 = LINE('',#11593,#11594);
#11593 = CARTESIAN_POINT('',(218.4,-249.7,-5.383974596216));
#11594 = VECTOR('',#11595,1.);
#11595 = DIRECTION('',(0.,1.,0.));
#11596 = PLANE('',#11597);
#11597 = AXIS2_PLACEMENT_3D('',#11598,#11599,#11600);
#11598 = CARTESIAN_POINT('',(218.4,-249.7,-7.116025403784));
#11599 = DIRECTION('',(1.,0.,0.));
#11600 = DIRECTION('',(0.,0.,1.));
#11601 = ADVANCED_FACE('',(#11602),#11620,.T.);
#11602 = FACE_BOUND('',#11603,.T.);
#11603 = EDGE_LOOP('',(#11604,#11605,#11606,#11614));
#11604 = ORIENTED_EDGE('',*,*,#11503,.T.);
#11605 = ORIENTED_EDGE('',*,*,#11591,.T.);
#11606 = ORIENTED_EDGE('',*,*,#11607,.T.);
#11607 = EDGE_CURVE('',#11584,#11608,#11610,.T.);
#11608 = VERTEX_POINT('',#11609);
#11609 = CARTESIAN_POINT('',(219.9,-247.2,-4.517949192431));
#11610 = LINE('',#11611,#11612);
#11611 = CARTESIAN_POINT('',(218.4,-247.2,-5.383974596216));
#11612 = VECTOR('',#11613,1.);
#11613 = DIRECTION('',(0.866025403784,0.,0.5));
#11614 = ORIENTED_EDGE('',*,*,#11615,.F.);
#11615 = EDGE_CURVE('',#11496,#11608,#11616,.T.);
#11616 = LINE('',#11617,#11618);
#11617 = CARTESIAN_POINT('',(219.9,-249.7,-4.517949192431));
#11618 = VECTOR('',#11619,1.);
#11619 = DIRECTION('',(0.,1.,0.));
#11620 = PLANE('',#11621);
#11621 = AXIS2_PLACEMENT_3D('',#11622,#11623,#11624);
#11622 = CARTESIAN_POINT('',(218.4,-249.7,-5.383974596216));
#11623 = DIRECTION('',(0.5,0.,-0.866025403784));
#11624 = DIRECTION('',(0.866025403784,0.,0.5));
#11625 = ADVANCED_FACE('',(#11626),#11644,.T.);
#11626 = FACE_BOUND('',#11627,.T.);
#11627 = EDGE_LOOP('',(#11628,#11629,#11630,#11638));
#11628 = ORIENTED_EDGE('',*,*,#11495,.T.);
#11629 = ORIENTED_EDGE('',*,*,#11615,.T.);
#11630 = ORIENTED_EDGE('',*,*,#11631,.T.);
#11631 = EDGE_CURVE('',#11608,#11632,#11634,.T.);
#11632 = VERTEX_POINT('',#11633);
#11633 = CARTESIAN_POINT('',(221.4,-247.2,-5.383974596216));
#11634 = LINE('',#11635,#11636);
#11635 = CARTESIAN_POINT('',(219.9,-247.2,-4.517949192431));
#11636 = VECTOR('',#11637,1.);
#11637 = DIRECTION('',(0.866025403784,0.,-0.5));
#11638 = ORIENTED_EDGE('',*,*,#11639,.F.);
#11639 = EDGE_CURVE('',#11488,#11632,#11640,.T.);
#11640 = LINE('',#11641,#11642);
#11641 = CARTESIAN_POINT('',(221.4,-249.7,-5.383974596216));
#11642 = VECTOR('',#11643,1.);
#11643 = DIRECTION('',(0.,1.,0.));
#11644 = PLANE('',#11645);
#11645 = AXIS2_PLACEMENT_3D('',#11646,#11647,#11648);
#11646 = CARTESIAN_POINT('',(219.9,-249.7,-4.517949192431));
#11647 = DIRECTION('',(-0.5,0.,-0.866025403784));
#11648 = DIRECTION('',(0.866025403784,0.,-0.5));
#11649 = ADVANCED_FACE('',(#11650),#11668,.T.);
#11650 = FACE_BOUND('',#11651,.T.);
#11651 = EDGE_LOOP('',(#11652,#11653,#11654,#11662));
#11652 = ORIENTED_EDGE('',*,*,#11487,.T.);
#11653 = ORIENTED_EDGE('',*,*,#11639,.T.);
#11654 = ORIENTED_EDGE('',*,*,#11655,.T.);
#11655 = EDGE_CURVE('',#11632,#11656,#11658,.T.);
#11656 = VERTEX_POINT('',#11657);
#11657 = CARTESIAN_POINT('',(221.4,-247.2,-7.116025403784));
#11658 = LINE('',#11659,#11660);
#11659 = CARTESIAN_POINT('',(221.4,-247.2,-5.383974596216));
#11660 = VECTOR('',#11661,1.);
#11661 = DIRECTION('',(0.,0.,-1.));
#11662 = ORIENTED_EDGE('',*,*,#11663,.F.);
#11663 = EDGE_CURVE('',#11480,#11656,#11664,.T.);
#11664 = LINE('',#11665,#11666);
#11665 = CARTESIAN_POINT('',(221.4,-249.7,-7.116025403784));
#11666 = VECTOR('',#11667,1.);
#11667 = DIRECTION('',(0.,1.,0.));
#11668 = PLANE('',#11669);
#11669 = AXIS2_PLACEMENT_3D('',#11670,#11671,#11672);
#11670 = CARTESIAN_POINT('',(221.4,-249.7,-5.383974596216));
#11671 = DIRECTION('',(-1.,0.,0.));
#11672 = DIRECTION('',(0.,0.,-1.));
#11673 = ADVANCED_FACE('',(#11674),#11685,.T.);
#11674 = FACE_BOUND('',#11675,.T.);
#11675 = EDGE_LOOP('',(#11676,#11677,#11678,#11684));
#11676 = ORIENTED_EDGE('',*,*,#11479,.T.);
#11677 = ORIENTED_EDGE('',*,*,#11663,.T.);
#11678 = ORIENTED_EDGE('',*,*,#11679,.T.);
#11679 = EDGE_CURVE('',#11656,#11552,#11680,.T.);
#11680 = LINE('',#11681,#11682);
#11681 = CARTESIAN_POINT('',(221.4,-247.2,-7.116025403784));
#11682 = VECTOR('',#11683,1.);
#11683 = DIRECTION('',(-0.866025403784,0.,-0.5));
#11684 = ORIENTED_EDGE('',*,*,#11551,.F.);
#11685 = PLANE('',#11686);
#11686 = AXIS2_PLACEMENT_3D('',#11687,#11688,#11689);
#11687 = CARTESIAN_POINT('',(221.4,-249.7,-7.116025403784));
#11688 = DIRECTION('',(-0.5,0.,0.866025403784));
#11689 = DIRECTION('',(-0.866025403784,0.,-0.5));
#11690 = ADVANCED_FACE('',(#11691),#11694,.T.);
#11691 = FACE_BOUND('',#11692,.T.);
#11692 = EDGE_LOOP('',(#11693));
#11693 = ORIENTED_EDGE('',*,*,#11525,.T.);
#11694 = PLANE('',#11695);
#11695 = AXIS2_PLACEMENT_3D('',#11696,#11697,#11698);
#11696 = CARTESIAN_POINT('',(219.9,-229.6,-6.25));
#11697 = DIRECTION('',(0.,1.,0.));
#11698 = DIRECTION('',(0.,-0.,1.));
#11699 = ADVANCED_FACE('',(#11700),#11708,.F.);
#11700 = FACE_BOUND('',#11701,.F.);
#11701 = EDGE_LOOP('',(#11702,#11703,#11704,#11705,#11706,#11707));
#11702 = ORIENTED_EDGE('',*,*,#11679,.T.);
#11703 = ORIENTED_EDGE('',*,*,#11559,.T.);
#11704 = ORIENTED_EDGE('',*,*,#11583,.T.);
#11705 = ORIENTED_EDGE('',*,*,#11607,.T.);
#11706 = ORIENTED_EDGE('',*,*,#11631,.T.);
#11707 = ORIENTED_EDGE('',*,*,#11655,.T.);
#11708 = PLANE('',#11709);
#11709 = AXIS2_PLACEMENT_3D('',#11710,#11711,#11712);
#11710 = CARTESIAN_POINT('',(219.9,-247.2,-6.25));
#11711 = DIRECTION('',(0.,1.,0.));
#11712 = DIRECTION('',(0.,-0.,1.));
#11713 = MANIFOLD_SOLID_BREP('',#11714);
#11714 = CLOSED_SHELL('',(#11715,#11755,#11786,#11817,#11861,#11905,
    #11922,#11939,#11951));
#11715 = ADVANCED_FACE('',(#11716),#11750,.F.);
#11716 = FACE_BOUND('',#11717,.F.);
#11717 = EDGE_LOOP('',(#11718,#11728,#11736,#11744));
#11718 = ORIENTED_EDGE('',*,*,#11719,.T.);
#11719 = EDGE_CURVE('',#11720,#11722,#11724,.T.);
#11720 = VERTEX_POINT('',#11721);
#11721 = CARTESIAN_POINT('',(223.4,-238.1,-8.270725942164));
#11722 = VERTEX_POINT('',#11723);
#11723 = CARTESIAN_POINT('',(223.4,-233.1,-8.270725942164));
#11724 = LINE('',#11725,#11726);
#11725 = CARTESIAN_POINT('',(223.4,-238.1,-8.270725942164));
#11726 = VECTOR('',#11727,1.);
#11727 = DIRECTION('',(0.,1.,0.));
#11728 = ORIENTED_EDGE('',*,*,#11729,.T.);
#11729 = EDGE_CURVE('',#11722,#11730,#11732,.T.);
#11730 = VERTEX_POINT('',#11731);
#11731 = CARTESIAN_POINT('',(219.9,-233.1,-10.29145188432));
#11732 = LINE('',#11733,#11734);
#11733 = CARTESIAN_POINT('',(223.4,-233.1,-8.270725942164));
#11734 = VECTOR('',#11735,1.);
#11735 = DIRECTION('',(-0.866025403784,0.,-0.5));
#11736 = ORIENTED_EDGE('',*,*,#11737,.F.);
#11737 = EDGE_CURVE('',#11738,#11730,#11740,.T.);
#11738 = VERTEX_POINT('',#11739);
#11739 = CARTESIAN_POINT('',(219.9,-238.1,-10.29145188432));
#11740 = LINE('',#11741,#11742);
#11741 = CARTESIAN_POINT('',(219.9,-238.1,-10.29145188432));
#11742 = VECTOR('',#11743,1.);
#11743 = DIRECTION('',(0.,1.,0.));
#11744 = ORIENTED_EDGE('',*,*,#11745,.F.);
#11745 = EDGE_CURVE('',#11720,#11738,#11746,.T.);
#11746 = LINE('',#11747,#11748);
#11747 = CARTESIAN_POINT('',(223.4,-238.1,-8.270725942164));
#11748 = VECTOR('',#11749,1.);
#11749 = DIRECTION('',(-0.866025403784,0.,-0.5));
#11750 = PLANE('',#11751);
#11751 = AXIS2_PLACEMENT_3D('',#11752,#11753,#11754);
#11752 = CARTESIAN_POINT('',(223.4,-238.1,-8.270725942164));
#11753 = DIRECTION('',(-0.5,0.,0.866025403784));
#11754 = DIRECTION('',(-0.866025403784,0.,-0.5));
#11755 = ADVANCED_FACE('',(#11756),#11781,.F.);
#11756 = FACE_BOUND('',#11757,.F.);
#11757 = EDGE_LOOP('',(#11758,#11768,#11774,#11775));
#11758 = ORIENTED_EDGE('',*,*,#11759,.T.);
#11759 = EDGE_CURVE('',#11760,#11762,#11764,.T.);
#11760 = VERTEX_POINT('',#11761);
#11761 = CARTESIAN_POINT('',(223.4,-238.1,-4.229274057836));
#11762 = VERTEX_POINT('',#11763);
#11763 = CARTESIAN_POINT('',(223.4,-233.1,-4.229274057836));
#11764 = LINE('',#11765,#11766);
#11765 = CARTESIAN_POINT('',(223.4,-238.1,-4.229274057836));
#11766 = VECTOR('',#11767,1.);
#11767 = DIRECTION('',(0.,1.,0.));
#11768 = ORIENTED_EDGE('',*,*,#11769,.T.);
#11769 = EDGE_CURVE('',#11762,#11722,#11770,.T.);
#11770 = LINE('',#11771,#11772);
#11771 = CARTESIAN_POINT('',(223.4,-233.1,-4.229274057836));
#11772 = VECTOR('',#11773,1.);
#11773 = DIRECTION('',(0.,0.,-1.));
#11774 = ORIENTED_EDGE('',*,*,#11719,.F.);
#11775 = ORIENTED_EDGE('',*,*,#11776,.F.);
#11776 = EDGE_CURVE('',#11760,#11720,#11777,.T.);
#11777 = LINE('',#11778,#11779);
#11778 = CARTESIAN_POINT('',(223.4,-238.1,-4.229274057836));
#11779 = VECTOR('',#11780,1.);
#11780 = DIRECTION('',(0.,0.,-1.));
#11781 = PLANE('',#11782);
#11782 = AXIS2_PLACEMENT_3D('',#11783,#11784,#11785);
#11783 = CARTESIAN_POINT('',(223.4,-238.1,-4.229274057836));
#11784 = DIRECTION('',(-1.,0.,0.));
#11785 = DIRECTION('',(0.,0.,-1.));
#11786 = ADVANCED_FACE('',(#11787),#11812,.F.);
#11787 = FACE_BOUND('',#11788,.F.);
#11788 = EDGE_LOOP('',(#11789,#11790,#11798,#11806));
#11789 = ORIENTED_EDGE('',*,*,#11737,.T.);
#11790 = ORIENTED_EDGE('',*,*,#11791,.T.);
#11791 = EDGE_CURVE('',#11730,#11792,#11794,.T.);
#11792 = VERTEX_POINT('',#11793);
#11793 = CARTESIAN_POINT('',(216.4,-233.1,-8.270725942164));
#11794 = LINE('',#11795,#11796);
#11795 = CARTESIAN_POINT('',(219.9,-233.1,-10.29145188432));
#11796 = VECTOR('',#11797,1.);
#11797 = DIRECTION('',(-0.866025403784,0.,0.5));
#11798 = ORIENTED_EDGE('',*,*,#11799,.F.);
#11799 = EDGE_CURVE('',#11800,#11792,#11802,.T.);
#11800 = VERTEX_POINT('',#11801);
#11801 = CARTESIAN_POINT('',(216.4,-238.1,-8.270725942164));
#11802 = LINE('',#11803,#11804);
#11803 = CARTESIAN_POINT('',(216.4,-238.1,-8.270725942164));
#11804 = VECTOR('',#11805,1.);
#11805 = DIRECTION('',(0.,1.,0.));
#11806 = ORIENTED_EDGE('',*,*,#11807,.F.);
#11807 = EDGE_CURVE('',#11738,#11800,#11808,.T.);
#11808 = LINE('',#11809,#11810);
#11809 = CARTESIAN_POINT('',(219.9,-238.1,-10.29145188432));
#11810 = VECTOR('',#11811,1.);
#11811 = DIRECTION('',(-0.866025403784,0.,0.5));
#11812 = PLANE('',#11813);
#11813 = AXIS2_PLACEMENT_3D('',#11814,#11815,#11816);
#11814 = CARTESIAN_POINT('',(219.9,-238.1,-10.29145188432));
#11815 = DIRECTION('',(0.5,-0.,0.866025403784));
#11816 = DIRECTION('',(-0.866025403784,0.,0.5));
#11817 = ADVANCED_FACE('',(#11818,#11845),#11856,.F.);
#11818 = FACE_BOUND('',#11819,.F.);
#11819 = EDGE_LOOP('',(#11820,#11821,#11822,#11830,#11838,#11844));
#11820 = ORIENTED_EDGE('',*,*,#11745,.T.);
#11821 = ORIENTED_EDGE('',*,*,#11807,.T.);
#11822 = ORIENTED_EDGE('',*,*,#11823,.T.);
#11823 = EDGE_CURVE('',#11800,#11824,#11826,.T.);
#11824 = VERTEX_POINT('',#11825);
#11825 = CARTESIAN_POINT('',(216.4,-238.1,-4.229274057836));
#11826 = LINE('',#11827,#11828);
#11827 = CARTESIAN_POINT('',(216.4,-238.1,-8.270725942164));
#11828 = VECTOR('',#11829,1.);
#11829 = DIRECTION('',(0.,0.,1.));
#11830 = ORIENTED_EDGE('',*,*,#11831,.T.);
#11831 = EDGE_CURVE('',#11824,#11832,#11834,.T.);
#11832 = VERTEX_POINT('',#11833);
#11833 = CARTESIAN_POINT('',(219.9,-238.1,-2.208548115673));
#11834 = LINE('',#11835,#11836);
#11835 = CARTESIAN_POINT('',(216.4,-238.1,-4.229274057836));
#11836 = VECTOR('',#11837,1.);
#11837 = DIRECTION('',(0.866025403784,0.,0.5));
#11838 = ORIENTED_EDGE('',*,*,#11839,.T.);
#11839 = EDGE_CURVE('',#11832,#11760,#11840,.T.);
#11840 = LINE('',#11841,#11842);
#11841 = CARTESIAN_POINT('',(219.9,-238.1,-2.208548115673));
#11842 = VECTOR('',#11843,1.);
#11843 = DIRECTION('',(0.866025403784,0.,-0.5));
#11844 = ORIENTED_EDGE('',*,*,#11776,.T.);
#11845 = FACE_BOUND('',#11846,.F.);
#11846 = EDGE_LOOP('',(#11847));
#11847 = ORIENTED_EDGE('',*,*,#11848,.F.);
#11848 = EDGE_CURVE('',#11849,#11849,#11851,.T.);
#11849 = VERTEX_POINT('',#11850);
#11850 = CARTESIAN_POINT('',(219.9,-238.1,-4.25));
#11851 = CIRCLE('',#11852,2.);
#11852 = AXIS2_PLACEMENT_3D('',#11853,#11854,#11855);
#11853 = CARTESIAN_POINT('',(219.9,-238.1,-6.25));
#11854 = DIRECTION('',(0.,1.,0.));
#11855 = DIRECTION('',(0.,-0.,1.));
#11856 = PLANE('',#11857);
#11857 = AXIS2_PLACEMENT_3D('',#11858,#11859,#11860);
#11858 = CARTESIAN_POINT('',(219.9,-238.1,-6.25));
#11859 = DIRECTION('',(0.,1.,0.));
#11860 = DIRECTION('',(0.,-0.,1.));
#11861 = ADVANCED_FACE('',(#11862,#11889),#11900,.T.);
#11862 = FACE_BOUND('',#11863,.T.);
#11863 = EDGE_LOOP('',(#11864,#11865,#11866,#11874,#11882,#11888));
#11864 = ORIENTED_EDGE('',*,*,#11729,.T.);
#11865 = ORIENTED_EDGE('',*,*,#11791,.T.);
#11866 = ORIENTED_EDGE('',*,*,#11867,.T.);
#11867 = EDGE_CURVE('',#11792,#11868,#11870,.T.);
#11868 = VERTEX_POINT('',#11869);
#11869 = CARTESIAN_POINT('',(216.4,-233.1,-4.229274057836));
#11870 = LINE('',#11871,#11872);
#11871 = CARTESIAN_POINT('',(216.4,-233.1,-8.270725942164));
#11872 = VECTOR('',#11873,1.);
#11873 = DIRECTION('',(0.,0.,1.));
#11874 = ORIENTED_EDGE('',*,*,#11875,.T.);
#11875 = EDGE_CURVE('',#11868,#11876,#11878,.T.);
#11876 = VERTEX_POINT('',#11877);
#11877 = CARTESIAN_POINT('',(219.9,-233.1,-2.208548115673));
#11878 = LINE('',#11879,#11880);
#11879 = CARTESIAN_POINT('',(216.4,-233.1,-4.229274057836));
#11880 = VECTOR('',#11881,1.);
#11881 = DIRECTION('',(0.866025403784,0.,0.5));
#11882 = ORIENTED_EDGE('',*,*,#11883,.T.);
#11883 = EDGE_CURVE('',#11876,#11762,#11884,.T.);
#11884 = LINE('',#11885,#11886);
#11885 = CARTESIAN_POINT('',(219.9,-233.1,-2.208548115673));
#11886 = VECTOR('',#11887,1.);
#11887 = DIRECTION('',(0.866025403784,0.,-0.5));
#11888 = ORIENTED_EDGE('',*,*,#11769,.T.);
#11889 = FACE_BOUND('',#11890,.T.);
#11890 = EDGE_LOOP('',(#11891));
#11891 = ORIENTED_EDGE('',*,*,#11892,.F.);
#11892 = EDGE_CURVE('',#11893,#11893,#11895,.T.);
#11893 = VERTEX_POINT('',#11894);
#11894 = CARTESIAN_POINT('',(219.9,-233.1,-4.25));
#11895 = CIRCLE('',#11896,2.);
#11896 = AXIS2_PLACEMENT_3D('',#11897,#11898,#11899);
#11897 = CARTESIAN_POINT('',(219.9,-233.1,-6.25));
#11898 = DIRECTION('',(0.,1.,0.));
#11899 = DIRECTION('',(0.,-0.,1.));
#11900 = PLANE('',#11901);
#11901 = AXIS2_PLACEMENT_3D('',#11902,#11903,#11904);
#11902 = CARTESIAN_POINT('',(219.9,-233.1,-6.25));
#11903 = DIRECTION('',(0.,1.,0.));
#11904 = DIRECTION('',(0.,-0.,1.));
#11905 = ADVANCED_FACE('',(#11906),#11917,.F.);
#11906 = FACE_BOUND('',#11907,.F.);
#11907 = EDGE_LOOP('',(#11908,#11914,#11915,#11916));
#11908 = ORIENTED_EDGE('',*,*,#11909,.T.);
#11909 = EDGE_CURVE('',#11832,#11876,#11910,.T.);
#11910 = LINE('',#11911,#11912);
#11911 = CARTESIAN_POINT('',(219.9,-238.1,-2.208548115673));
#11912 = VECTOR('',#11913,1.);
#11913 = DIRECTION('',(0.,1.,0.));
#11914 = ORIENTED_EDGE('',*,*,#11883,.T.);
#11915 = ORIENTED_EDGE('',*,*,#11759,.F.);
#11916 = ORIENTED_EDGE('',*,*,#11839,.F.);
#11917 = PLANE('',#11918);
#11918 = AXIS2_PLACEMENT_3D('',#11919,#11920,#11921);
#11919 = CARTESIAN_POINT('',(219.9,-238.1,-2.208548115673));
#11920 = DIRECTION('',(-0.5,0.,-0.866025403784));
#11921 = DIRECTION('',(0.866025403784,0.,-0.5));
#11922 = ADVANCED_FACE('',(#11923),#11934,.F.);
#11923 = FACE_BOUND('',#11924,.F.);
#11924 = EDGE_LOOP('',(#11925,#11926,#11927,#11933));
#11925 = ORIENTED_EDGE('',*,*,#11799,.T.);
#11926 = ORIENTED_EDGE('',*,*,#11867,.T.);
#11927 = ORIENTED_EDGE('',*,*,#11928,.F.);
#11928 = EDGE_CURVE('',#11824,#11868,#11929,.T.);
#11929 = LINE('',#11930,#11931);
#11930 = CARTESIAN_POINT('',(216.4,-238.1,-4.229274057836));
#11931 = VECTOR('',#11932,1.);
#11932 = DIRECTION('',(0.,1.,0.));
#11933 = ORIENTED_EDGE('',*,*,#11823,.F.);
#11934 = PLANE('',#11935);
#11935 = AXIS2_PLACEMENT_3D('',#11936,#11937,#11938);
#11936 = CARTESIAN_POINT('',(216.4,-238.1,-8.270725942164));
#11937 = DIRECTION('',(1.,0.,0.));
#11938 = DIRECTION('',(0.,0.,1.));
#11939 = ADVANCED_FACE('',(#11940),#11946,.F.);
#11940 = FACE_BOUND('',#11941,.F.);
#11941 = EDGE_LOOP('',(#11942,#11943,#11944,#11945));
#11942 = ORIENTED_EDGE('',*,*,#11928,.T.);
#11943 = ORIENTED_EDGE('',*,*,#11875,.T.);
#11944 = ORIENTED_EDGE('',*,*,#11909,.F.);
#11945 = ORIENTED_EDGE('',*,*,#11831,.F.);
#11946 = PLANE('',#11947);
#11947 = AXIS2_PLACEMENT_3D('',#11948,#11949,#11950);
#11948 = CARTESIAN_POINT('',(216.4,-238.1,-4.229274057836));
#11949 = DIRECTION('',(0.5,0.,-0.866025403784));
#11950 = DIRECTION('',(0.866025403784,0.,0.5));
#11951 = ADVANCED_FACE('',(#11952),#11963,.F.);
#11952 = FACE_BOUND('',#11953,.F.);
#11953 = EDGE_LOOP('',(#11954,#11955,#11961,#11962));
#11954 = ORIENTED_EDGE('',*,*,#11892,.F.);
#11955 = ORIENTED_EDGE('',*,*,#11956,.F.);
#11956 = EDGE_CURVE('',#11849,#11893,#11957,.T.);
#11957 = LINE('',#11958,#11959);
#11958 = CARTESIAN_POINT('',(219.9,-239.1,-4.25));
#11959 = VECTOR('',#11960,1.);
#11960 = DIRECTION('',(0.,1.,0.));
#11961 = ORIENTED_EDGE('',*,*,#11848,.T.);
#11962 = ORIENTED_EDGE('',*,*,#11956,.T.);
#11963 = CYLINDRICAL_SURFACE('',#11964,2.);
#11964 = AXIS2_PLACEMENT_3D('',#11965,#11966,#11967);
#11965 = CARTESIAN_POINT('',(219.9,-239.1,-6.25));
#11966 = DIRECTION('',(0.,1.,0.));
#11967 = DIRECTION('',(0.,-0.,1.));
#11968 = MANIFOLD_SOLID_BREP('',#11969);
#11969 = CLOSED_SHELL('',(#11970,#12003,#12023,#12082,#12107,#12138,
    #12162,#12186,#12210,#12234,#12251,#12260));
#11970 = ADVANCED_FACE('',(#11971),#11998,.T.);
#11971 = FACE_BOUND('',#11972,.T.);
#11972 = EDGE_LOOP('',(#11973,#11982,#11990,#11997));
#11973 = ORIENTED_EDGE('',*,*,#11974,.F.);
#11974 = EDGE_CURVE('',#11975,#11975,#11977,.T.);
#11975 = VERTEX_POINT('',#11976);
#11976 = CARTESIAN_POINT('',(219.9,-245.6,7.25));
#11977 = CIRCLE('',#11978,3.5);
#11978 = AXIS2_PLACEMENT_3D('',#11979,#11980,#11981);
#11979 = CARTESIAN_POINT('',(219.9,-245.6,3.75));
#11980 = DIRECTION('',(0.,1.,0.));
#11981 = DIRECTION('',(0.,-0.,1.));
#11982 = ORIENTED_EDGE('',*,*,#11983,.F.);
#11983 = EDGE_CURVE('',#11984,#11975,#11986,.T.);
#11984 = VERTEX_POINT('',#11985);
#11985 = CARTESIAN_POINT('',(219.9,-249.6,7.25));
#11986 = LINE('',#11987,#11988);
#11987 = CARTESIAN_POINT('',(219.9,-249.6,7.25));
#11988 = VECTOR('',#11989,1.);
#11989 = DIRECTION('',(0.,1.,0.));
#11990 = ORIENTED_EDGE('',*,*,#11991,.T.);
#11991 = EDGE_CURVE('',#11984,#11984,#11992,.T.);
#11992 = CIRCLE('',#11993,3.5);
#11993 = AXIS2_PLACEMENT_3D('',#11994,#11995,#11996);
#11994 = CARTESIAN_POINT('',(219.9,-249.6,3.75));
#11995 = DIRECTION('',(0.,1.,0.));
#11996 = DIRECTION('',(0.,-0.,1.));
#11997 = ORIENTED_EDGE('',*,*,#11983,.T.);
#11998 = CYLINDRICAL_SURFACE('',#11999,3.5);
#11999 = AXIS2_PLACEMENT_3D('',#12000,#12001,#12002);
#12000 = CARTESIAN_POINT('',(219.9,-249.6,3.75));
#12001 = DIRECTION('',(0.,1.,0.));
#12002 = DIRECTION('',(0.,-0.,1.));
#12003 = ADVANCED_FACE('',(#12004,#12007),#12018,.T.);
#12004 = FACE_BOUND('',#12005,.T.);
#12005 = EDGE_LOOP('',(#12006));
#12006 = ORIENTED_EDGE('',*,*,#11974,.T.);
#12007 = FACE_BOUND('',#12008,.T.);
#12008 = EDGE_LOOP('',(#12009));
#12009 = ORIENTED_EDGE('',*,*,#12010,.F.);
#12010 = EDGE_CURVE('',#12011,#12011,#12013,.T.);
#12011 = VERTEX_POINT('',#12012);
#12012 = CARTESIAN_POINT('',(219.9,-245.6,5.75));
#12013 = CIRCLE('',#12014,2.);
#12014 = AXIS2_PLACEMENT_3D('',#12015,#12016,#12017);
#12015 = CARTESIAN_POINT('',(219.9,-245.6,3.75));
#12016 = DIRECTION('',(0.,1.,0.));
#12017 = DIRECTION('',(0.,-0.,1.));
#12018 = PLANE('',#12019);
#12019 = AXIS2_PLACEMENT_3D('',#12020,#12021,#12022);
#12020 = CARTESIAN_POINT('',(219.9,-245.6,3.75));
#12021 = DIRECTION('',(0.,1.,0.));
#12022 = DIRECTION('',(0.,-0.,1.));
#12023 = ADVANCED_FACE('',(#12024,#12027),#12077,.F.);
#12024 = FACE_BOUND('',#12025,.F.);
#12025 = EDGE_LOOP('',(#12026));
#12026 = ORIENTED_EDGE('',*,*,#11991,.T.);
#12027 = FACE_BOUND('',#12028,.F.);
#12028 = EDGE_LOOP('',(#12029,#12039,#12047,#12055,#12063,#12071));
#12029 = ORIENTED_EDGE('',*,*,#12030,.T.);
#12030 = EDGE_CURVE('',#12031,#12033,#12035,.T.);
#12031 = VERTEX_POINT('',#12032);
#12032 = CARTESIAN_POINT('',(218.4,-249.6,2.883974596216));
#12033 = VERTEX_POINT('',#12034);
#12034 = CARTESIAN_POINT('',(219.9,-249.6,2.017949192431));
#12035 = LINE('',#12036,#12037);
#12036 = CARTESIAN_POINT('',(219.525,-249.6,2.234455543377));
#12037 = VECTOR('',#12038,1.);
#12038 = DIRECTION('',(0.866025403784,0.,-0.5));
#12039 = ORIENTED_EDGE('',*,*,#12040,.T.);
#12040 = EDGE_CURVE('',#12033,#12041,#12043,.T.);
#12041 = VERTEX_POINT('',#12042);
#12042 = CARTESIAN_POINT('',(221.4,-249.6,2.883974596216));
#12043 = LINE('',#12044,#12045);
#12044 = CARTESIAN_POINT('',(221.025,-249.6,2.667468245269));
#12045 = VECTOR('',#12046,1.);
#12046 = DIRECTION('',(0.866025403784,-0.,0.5));
#12047 = ORIENTED_EDGE('',*,*,#12048,.T.);
#12048 = EDGE_CURVE('',#12041,#12049,#12051,.T.);
#12049 = VERTEX_POINT('',#12050);
#12050 = CARTESIAN_POINT('',(221.4,-249.6,4.616025403784));
#12051 = LINE('',#12052,#12053);
#12052 = CARTESIAN_POINT('',(221.4,-249.6,4.183012701892));
#12053 = VECTOR('',#12054,1.);
#12054 = DIRECTION('',(0.,-0.,1.));
#12055 = ORIENTED_EDGE('',*,*,#12056,.T.);
#12056 = EDGE_CURVE('',#12049,#12057,#12059,.T.);
#12057 = VERTEX_POINT('',#12058);
#12058 = CARTESIAN_POINT('',(219.9,-249.6,5.482050807569));
#12059 = LINE('',#12060,#12061);
#12060 = CARTESIAN_POINT('',(220.275,-249.6,5.265544456623));
#12061 = VECTOR('',#12062,1.);
#12062 = DIRECTION('',(-0.866025403784,0.,0.5));
#12063 = ORIENTED_EDGE('',*,*,#12064,.T.);
#12064 = EDGE_CURVE('',#12057,#12065,#12067,.T.);
#12065 = VERTEX_POINT('',#12066);
#12066 = CARTESIAN_POINT('',(218.4,-249.6,4.616025403784));
#12067 = LINE('',#12068,#12069);
#12068 = CARTESIAN_POINT('',(218.775,-249.6,4.832531754731));
#12069 = VECTOR('',#12070,1.);
#12070 = DIRECTION('',(-0.866025403784,0.,-0.5));
#12071 = ORIENTED_EDGE('',*,*,#12072,.T.);
#12072 = EDGE_CURVE('',#12065,#12031,#12073,.T.);
#12073 = LINE('',#12074,#12075);
#12074 = CARTESIAN_POINT('',(218.4,-249.6,3.316987298108));
#12075 = VECTOR('',#12076,1.);
#12076 = DIRECTION('',(0.,0.,-1.));
#12077 = PLANE('',#12078);
#12078 = AXIS2_PLACEMENT_3D('',#12079,#12080,#12081);
#12079 = CARTESIAN_POINT('',(219.9,-249.6,3.75));
#12080 = DIRECTION('',(0.,1.,0.));
#12081 = DIRECTION('',(0.,-0.,1.));
#12082 = ADVANCED_FACE('',(#12083),#12102,.T.);
#12083 = FACE_BOUND('',#12084,.T.);
#12084 = EDGE_LOOP('',(#12085,#12094,#12100,#12101));
#12085 = ORIENTED_EDGE('',*,*,#12086,.F.);
#12086 = EDGE_CURVE('',#12087,#12087,#12089,.T.);
#12087 = VERTEX_POINT('',#12088);
#12088 = CARTESIAN_POINT('',(219.9,-229.6,5.75));
#12089 = CIRCLE('',#12090,2.);
#12090 = AXIS2_PLACEMENT_3D('',#12091,#12092,#12093);
#12091 = CARTESIAN_POINT('',(219.9,-229.6,3.75));
#12092 = DIRECTION('',(0.,1.,0.));
#12093 = DIRECTION('',(0.,-0.,1.));
#12094 = ORIENTED_EDGE('',*,*,#12095,.F.);
#12095 = EDGE_CURVE('',#12011,#12087,#12096,.T.);
#12096 = LINE('',#12097,#12098);
#12097 = CARTESIAN_POINT('',(219.9,-245.6,5.75));
#12098 = VECTOR('',#12099,1.);
#12099 = DIRECTION('',(0.,1.,0.));
#12100 = ORIENTED_EDGE('',*,*,#12010,.T.);
#12101 = ORIENTED_EDGE('',*,*,#12095,.T.);
#12102 = CYLINDRICAL_SURFACE('',#12103,2.);
#12103 = AXIS2_PLACEMENT_3D('',#12104,#12105,#12106);
#12104 = CARTESIAN_POINT('',(219.9,-245.6,3.75));
#12105 = DIRECTION('',(0.,1.,0.));
#12106 = DIRECTION('',(0.,-0.,1.));
#12107 = ADVANCED_FACE('',(#12108),#12133,.T.);
#12108 = FACE_BOUND('',#12109,.T.);
#12109 = EDGE_LOOP('',(#12110,#12111,#12119,#12127));
#12110 = ORIENTED_EDGE('',*,*,#12030,.T.);
#12111 = ORIENTED_EDGE('',*,*,#12112,.T.);
#12112 = EDGE_CURVE('',#12033,#12113,#12115,.T.);
#12113 = VERTEX_POINT('',#12114);
#12114 = CARTESIAN_POINT('',(219.9,-247.2,2.017949192431));
#12115 = LINE('',#12116,#12117);
#12116 = CARTESIAN_POINT('',(219.9,-249.7,2.017949192431));
#12117 = VECTOR('',#12118,1.);
#12118 = DIRECTION('',(0.,1.,0.));
#12119 = ORIENTED_EDGE('',*,*,#12120,.T.);
#12120 = EDGE_CURVE('',#12113,#12121,#12123,.T.);
#12121 = VERTEX_POINT('',#12122);
#12122 = CARTESIAN_POINT('',(218.4,-247.2,2.883974596216));
#12123 = LINE('',#12124,#12125);
#12124 = CARTESIAN_POINT('',(219.9,-247.2,2.017949192431));
#12125 = VECTOR('',#12126,1.);
#12126 = DIRECTION('',(-0.866025403784,0.,0.5));
#12127 = ORIENTED_EDGE('',*,*,#12128,.F.);
#12128 = EDGE_CURVE('',#12031,#12121,#12129,.T.);
#12129 = LINE('',#12130,#12131);
#12130 = CARTESIAN_POINT('',(218.4,-249.7,2.883974596216));
#12131 = VECTOR('',#12132,1.);
#12132 = DIRECTION('',(0.,1.,0.));
#12133 = PLANE('',#12134);
#12134 = AXIS2_PLACEMENT_3D('',#12135,#12136,#12137);
#12135 = CARTESIAN_POINT('',(219.9,-249.7,2.017949192431));
#12136 = DIRECTION('',(0.5,-0.,0.866025403784));
#12137 = DIRECTION('',(-0.866025403784,0.,0.5));
#12138 = ADVANCED_FACE('',(#12139),#12157,.T.);
#12139 = FACE_BOUND('',#12140,.T.);
#12140 = EDGE_LOOP('',(#12141,#12142,#12143,#12151));
#12141 = ORIENTED_EDGE('',*,*,#12072,.T.);
#12142 = ORIENTED_EDGE('',*,*,#12128,.T.);
#12143 = ORIENTED_EDGE('',*,*,#12144,.T.);
#12144 = EDGE_CURVE('',#12121,#12145,#12147,.T.);
#12145 = VERTEX_POINT('',#12146);
#12146 = CARTESIAN_POINT('',(218.4,-247.2,4.616025403784));
#12147 = LINE('',#12148,#12149);
#12148 = CARTESIAN_POINT('',(218.4,-247.2,2.883974596216));
#12149 = VECTOR('',#12150,1.);
#12150 = DIRECTION('',(0.,0.,1.));
#12151 = ORIENTED_EDGE('',*,*,#12152,.F.);
#12152 = EDGE_CURVE('',#12065,#12145,#12153,.T.);
#12153 = LINE('',#12154,#12155);
#12154 = CARTESIAN_POINT('',(218.4,-249.7,4.616025403784));
#12155 = VECTOR('',#12156,1.);
#12156 = DIRECTION('',(0.,1.,0.));
#12157 = PLANE('',#12158);
#12158 = AXIS2_PLACEMENT_3D('',#12159,#12160,#12161);
#12159 = CARTESIAN_POINT('',(218.4,-249.7,2.883974596216));
#12160 = DIRECTION('',(1.,0.,0.));
#12161 = DIRECTION('',(0.,0.,1.));
#12162 = ADVANCED_FACE('',(#12163),#12181,.T.);
#12163 = FACE_BOUND('',#12164,.T.);
#12164 = EDGE_LOOP('',(#12165,#12166,#12167,#12175));
#12165 = ORIENTED_EDGE('',*,*,#12064,.T.);
#12166 = ORIENTED_EDGE('',*,*,#12152,.T.);
#12167 = ORIENTED_EDGE('',*,*,#12168,.T.);
#12168 = EDGE_CURVE('',#12145,#12169,#12171,.T.);
#12169 = VERTEX_POINT('',#12170);
#12170 = CARTESIAN_POINT('',(219.9,-247.2,5.482050807569));
#12171 = LINE('',#12172,#12173);
#12172 = CARTESIAN_POINT('',(218.4,-247.2,4.616025403784));
#12173 = VECTOR('',#12174,1.);
#12174 = DIRECTION('',(0.866025403784,0.,0.5));
#12175 = ORIENTED_EDGE('',*,*,#12176,.F.);
#12176 = EDGE_CURVE('',#12057,#12169,#12177,.T.);
#12177 = LINE('',#12178,#12179);
#12178 = CARTESIAN_POINT('',(219.9,-249.7,5.482050807569));
#12179 = VECTOR('',#12180,1.);
#12180 = DIRECTION('',(0.,1.,0.));
#12181 = PLANE('',#12182);
#12182 = AXIS2_PLACEMENT_3D('',#12183,#12184,#12185);
#12183 = CARTESIAN_POINT('',(218.4,-249.7,4.616025403784));
#12184 = DIRECTION('',(0.5,0.,-0.866025403784));
#12185 = DIRECTION('',(0.866025403784,0.,0.5));
#12186 = ADVANCED_FACE('',(#12187),#12205,.T.);
#12187 = FACE_BOUND('',#12188,.T.);
#12188 = EDGE_LOOP('',(#12189,#12190,#12191,#12199));
#12189 = ORIENTED_EDGE('',*,*,#12056,.T.);
#12190 = ORIENTED_EDGE('',*,*,#12176,.T.);
#12191 = ORIENTED_EDGE('',*,*,#12192,.T.);
#12192 = EDGE_CURVE('',#12169,#12193,#12195,.T.);
#12193 = VERTEX_POINT('',#12194);
#12194 = CARTESIAN_POINT('',(221.4,-247.2,4.616025403784));
#12195 = LINE('',#12196,#12197);
#12196 = CARTESIAN_POINT('',(219.9,-247.2,5.482050807569));
#12197 = VECTOR('',#12198,1.);
#12198 = DIRECTION('',(0.866025403784,0.,-0.5));
#12199 = ORIENTED_EDGE('',*,*,#12200,.F.);
#12200 = EDGE_CURVE('',#12049,#12193,#12201,.T.);
#12201 = LINE('',#12202,#12203);
#12202 = CARTESIAN_POINT('',(221.4,-249.7,4.616025403784));
#12203 = VECTOR('',#12204,1.);
#12204 = DIRECTION('',(0.,1.,0.));
#12205 = PLANE('',#12206);
#12206 = AXIS2_PLACEMENT_3D('',#12207,#12208,#12209);
#12207 = CARTESIAN_POINT('',(219.9,-249.7,5.482050807569));
#12208 = DIRECTION('',(-0.5,0.,-0.866025403784));
#12209 = DIRECTION('',(0.866025403784,0.,-0.5));
#12210 = ADVANCED_FACE('',(#12211),#12229,.T.);
#12211 = FACE_BOUND('',#12212,.T.);
#12212 = EDGE_LOOP('',(#12213,#12214,#12215,#12223));
#12213 = ORIENTED_EDGE('',*,*,#12048,.T.);
#12214 = ORIENTED_EDGE('',*,*,#12200,.T.);
#12215 = ORIENTED_EDGE('',*,*,#12216,.T.);
#12216 = EDGE_CURVE('',#12193,#12217,#12219,.T.);
#12217 = VERTEX_POINT('',#12218);
#12218 = CARTESIAN_POINT('',(221.4,-247.2,2.883974596216));
#12219 = LINE('',#12220,#12221);
#12220 = CARTESIAN_POINT('',(221.4,-247.2,4.616025403784));
#12221 = VECTOR('',#12222,1.);
#12222 = DIRECTION('',(0.,0.,-1.));
#12223 = ORIENTED_EDGE('',*,*,#12224,.F.);
#12224 = EDGE_CURVE('',#12041,#12217,#12225,.T.);
#12225 = LINE('',#12226,#12227);
#12226 = CARTESIAN_POINT('',(221.4,-249.7,2.883974596216));
#12227 = VECTOR('',#12228,1.);
#12228 = DIRECTION('',(0.,1.,0.));
#12229 = PLANE('',#12230);
#12230 = AXIS2_PLACEMENT_3D('',#12231,#12232,#12233);
#12231 = CARTESIAN_POINT('',(221.4,-249.7,4.616025403784));
#12232 = DIRECTION('',(-1.,0.,0.));
#12233 = DIRECTION('',(0.,0.,-1.));
#12234 = ADVANCED_FACE('',(#12235),#12246,.T.);
#12235 = FACE_BOUND('',#12236,.T.);
#12236 = EDGE_LOOP('',(#12237,#12238,#12239,#12245));
#12237 = ORIENTED_EDGE('',*,*,#12040,.T.);
#12238 = ORIENTED_EDGE('',*,*,#12224,.T.);
#12239 = ORIENTED_EDGE('',*,*,#12240,.T.);
#12240 = EDGE_CURVE('',#12217,#12113,#12241,.T.);
#12241 = LINE('',#12242,#12243);
#12242 = CARTESIAN_POINT('',(221.4,-247.2,2.883974596216));
#12243 = VECTOR('',#12244,1.);
#12244 = DIRECTION('',(-0.866025403784,0.,-0.5));
#12245 = ORIENTED_EDGE('',*,*,#12112,.F.);
#12246 = PLANE('',#12247);
#12247 = AXIS2_PLACEMENT_3D('',#12248,#12249,#12250);
#12248 = CARTESIAN_POINT('',(221.4,-249.7,2.883974596216));
#12249 = DIRECTION('',(-0.5,0.,0.866025403784));
#12250 = DIRECTION('',(-0.866025403784,0.,-0.5));
#12251 = ADVANCED_FACE('',(#12252),#12255,.T.);
#12252 = FACE_BOUND('',#12253,.T.);
#12253 = EDGE_LOOP('',(#12254));
#12254 = ORIENTED_EDGE('',*,*,#12086,.T.);
#12255 = PLANE('',#12256);
#12256 = AXIS2_PLACEMENT_3D('',#12257,#12258,#12259);
#12257 = CARTESIAN_POINT('',(219.9,-229.6,3.75));
#12258 = DIRECTION('',(0.,1.,0.));
#12259 = DIRECTION('',(0.,-0.,1.));
#12260 = ADVANCED_FACE('',(#12261),#12269,.F.);
#12261 = FACE_BOUND('',#12262,.F.);
#12262 = EDGE_LOOP('',(#12263,#12264,#12265,#12266,#12267,#12268));
#12263 = ORIENTED_EDGE('',*,*,#12240,.T.);
#12264 = ORIENTED_EDGE('',*,*,#12120,.T.);
#12265 = ORIENTED_EDGE('',*,*,#12144,.T.);
#12266 = ORIENTED_EDGE('',*,*,#12168,.T.);
#12267 = ORIENTED_EDGE('',*,*,#12192,.T.);
#12268 = ORIENTED_EDGE('',*,*,#12216,.T.);
#12269 = PLANE('',#12270);
#12270 = AXIS2_PLACEMENT_3D('',#12271,#12272,#12273);
#12271 = CARTESIAN_POINT('',(219.9,-247.2,3.75));
#12272 = DIRECTION('',(0.,1.,0.));
#12273 = DIRECTION('',(0.,-0.,1.));
#12274 = MANIFOLD_SOLID_BREP('',#12275);
#12275 = CLOSED_SHELL('',(#12276,#12316,#12347,#12378,#12422,#12466,
    #12483,#12500,#12512));
#12276 = ADVANCED_FACE('',(#12277),#12311,.F.);
#12277 = FACE_BOUND('',#12278,.F.);
#12278 = EDGE_LOOP('',(#12279,#12289,#12297,#12305));
#12279 = ORIENTED_EDGE('',*,*,#12280,.T.);
#12280 = EDGE_CURVE('',#12281,#12283,#12285,.T.);
#12281 = VERTEX_POINT('',#12282);
#12282 = CARTESIAN_POINT('',(223.4,-238.1,1.729274057836));
#12283 = VERTEX_POINT('',#12284);
#12284 = CARTESIAN_POINT('',(223.4,-233.1,1.729274057836));
#12285 = LINE('',#12286,#12287);
#12286 = CARTESIAN_POINT('',(223.4,-238.1,1.729274057836));
#12287 = VECTOR('',#12288,1.);
#12288 = DIRECTION('',(0.,1.,0.));
#12289 = ORIENTED_EDGE('',*,*,#12290,.T.);
#12290 = EDGE_CURVE('',#12283,#12291,#12293,.T.);
#12291 = VERTEX_POINT('',#12292);
#12292 = CARTESIAN_POINT('',(219.9,-233.1,-0.291451884327));
#12293 = LINE('',#12294,#12295);
#12294 = CARTESIAN_POINT('',(223.4,-233.1,1.729274057836));
#12295 = VECTOR('',#12296,1.);
#12296 = DIRECTION('',(-0.866025403784,0.,-0.5));
#12297 = ORIENTED_EDGE('',*,*,#12298,.F.);
#12298 = EDGE_CURVE('',#12299,#12291,#12301,.T.);
#12299 = VERTEX_POINT('',#12300);
#12300 = CARTESIAN_POINT('',(219.9,-238.1,-0.291451884327));
#12301 = LINE('',#12302,#12303);
#12302 = CARTESIAN_POINT('',(219.9,-238.1,-0.291451884327));
#12303 = VECTOR('',#12304,1.);
#12304 = DIRECTION('',(0.,1.,0.));
#12305 = ORIENTED_EDGE('',*,*,#12306,.F.);
#12306 = EDGE_CURVE('',#12281,#12299,#12307,.T.);
#12307 = LINE('',#12308,#12309);
#12308 = CARTESIAN_POINT('',(223.4,-238.1,1.729274057836));
#12309 = VECTOR('',#12310,1.);
#12310 = DIRECTION('',(-0.866025403784,0.,-0.5));
#12311 = PLANE('',#12312);
#12312 = AXIS2_PLACEMENT_3D('',#12313,#12314,#12315);
#12313 = CARTESIAN_POINT('',(223.4,-238.1,1.729274057836));
#12314 = DIRECTION('',(-0.5,0.,0.866025403784));
#12315 = DIRECTION('',(-0.866025403784,0.,-0.5));
#12316 = ADVANCED_FACE('',(#12317),#12342,.F.);
#12317 = FACE_BOUND('',#12318,.F.);
#12318 = EDGE_LOOP('',(#12319,#12329,#12335,#12336));
#12319 = ORIENTED_EDGE('',*,*,#12320,.T.);
#12320 = EDGE_CURVE('',#12321,#12323,#12325,.T.);
#12321 = VERTEX_POINT('',#12322);
#12322 = CARTESIAN_POINT('',(223.4,-238.1,5.770725942164));
#12323 = VERTEX_POINT('',#12324);
#12324 = CARTESIAN_POINT('',(223.4,-233.1,5.770725942164));
#12325 = LINE('',#12326,#12327);
#12326 = CARTESIAN_POINT('',(223.4,-238.1,5.770725942164));
#12327 = VECTOR('',#12328,1.);
#12328 = DIRECTION('',(0.,1.,0.));
#12329 = ORIENTED_EDGE('',*,*,#12330,.T.);
#12330 = EDGE_CURVE('',#12323,#12283,#12331,.T.);
#12331 = LINE('',#12332,#12333);
#12332 = CARTESIAN_POINT('',(223.4,-233.1,5.770725942164));
#12333 = VECTOR('',#12334,1.);
#12334 = DIRECTION('',(0.,0.,-1.));
#12335 = ORIENTED_EDGE('',*,*,#12280,.F.);
#12336 = ORIENTED_EDGE('',*,*,#12337,.F.);
#12337 = EDGE_CURVE('',#12321,#12281,#12338,.T.);
#12338 = LINE('',#12339,#12340);
#12339 = CARTESIAN_POINT('',(223.4,-238.1,5.770725942164));
#12340 = VECTOR('',#12341,1.);
#12341 = DIRECTION('',(0.,0.,-1.));
#12342 = PLANE('',#12343);
#12343 = AXIS2_PLACEMENT_3D('',#12344,#12345,#12346);
#12344 = CARTESIAN_POINT('',(223.4,-238.1,5.770725942164));
#12345 = DIRECTION('',(-1.,0.,0.));
#12346 = DIRECTION('',(0.,0.,-1.));
#12347 = ADVANCED_FACE('',(#12348),#12373,.F.);
#12348 = FACE_BOUND('',#12349,.F.);
#12349 = EDGE_LOOP('',(#12350,#12351,#12359,#12367));
#12350 = ORIENTED_EDGE('',*,*,#12298,.T.);
#12351 = ORIENTED_EDGE('',*,*,#12352,.T.);
#12352 = EDGE_CURVE('',#12291,#12353,#12355,.T.);
#12353 = VERTEX_POINT('',#12354);
#12354 = CARTESIAN_POINT('',(216.4,-233.1,1.729274057836));
#12355 = LINE('',#12356,#12357);
#12356 = CARTESIAN_POINT('',(219.9,-233.1,-0.291451884327));
#12357 = VECTOR('',#12358,1.);
#12358 = DIRECTION('',(-0.866025403784,0.,0.5));
#12359 = ORIENTED_EDGE('',*,*,#12360,.F.);
#12360 = EDGE_CURVE('',#12361,#12353,#12363,.T.);
#12361 = VERTEX_POINT('',#12362);
#12362 = CARTESIAN_POINT('',(216.4,-238.1,1.729274057836));
#12363 = LINE('',#12364,#12365);
#12364 = CARTESIAN_POINT('',(216.4,-238.1,1.729274057836));
#12365 = VECTOR('',#12366,1.);
#12366 = DIRECTION('',(0.,1.,0.));
#12367 = ORIENTED_EDGE('',*,*,#12368,.F.);
#12368 = EDGE_CURVE('',#12299,#12361,#12369,.T.);
#12369 = LINE('',#12370,#12371);
#12370 = CARTESIAN_POINT('',(219.9,-238.1,-0.291451884327));
#12371 = VECTOR('',#12372,1.);
#12372 = DIRECTION('',(-0.866025403784,0.,0.5));
#12373 = PLANE('',#12374);
#12374 = AXIS2_PLACEMENT_3D('',#12375,#12376,#12377);
#12375 = CARTESIAN_POINT('',(219.9,-238.1,-0.291451884327));
#12376 = DIRECTION('',(0.5,-0.,0.866025403784));
#12377 = DIRECTION('',(-0.866025403784,0.,0.5));
#12378 = ADVANCED_FACE('',(#12379,#12406),#12417,.F.);
#12379 = FACE_BOUND('',#12380,.F.);
#12380 = EDGE_LOOP('',(#12381,#12382,#12383,#12391,#12399,#12405));
#12381 = ORIENTED_EDGE('',*,*,#12306,.T.);
#12382 = ORIENTED_EDGE('',*,*,#12368,.T.);
#12383 = ORIENTED_EDGE('',*,*,#12384,.T.);
#12384 = EDGE_CURVE('',#12361,#12385,#12387,.T.);
#12385 = VERTEX_POINT('',#12386);
#12386 = CARTESIAN_POINT('',(216.4,-238.1,5.770725942164));
#12387 = LINE('',#12388,#12389);
#12388 = CARTESIAN_POINT('',(216.4,-238.1,1.729274057836));
#12389 = VECTOR('',#12390,1.);
#12390 = DIRECTION('',(0.,0.,1.));
#12391 = ORIENTED_EDGE('',*,*,#12392,.T.);
#12392 = EDGE_CURVE('',#12385,#12393,#12395,.T.);
#12393 = VERTEX_POINT('',#12394);
#12394 = CARTESIAN_POINT('',(219.9,-238.1,7.791451884327));
#12395 = LINE('',#12396,#12397);
#12396 = CARTESIAN_POINT('',(216.4,-238.1,5.770725942164));
#12397 = VECTOR('',#12398,1.);
#12398 = DIRECTION('',(0.866025403784,0.,0.5));
#12399 = ORIENTED_EDGE('',*,*,#12400,.T.);
#12400 = EDGE_CURVE('',#12393,#12321,#12401,.T.);
#12401 = LINE('',#12402,#12403);
#12402 = CARTESIAN_POINT('',(219.9,-238.1,7.791451884327));
#12403 = VECTOR('',#12404,1.);
#12404 = DIRECTION('',(0.866025403784,0.,-0.5));
#12405 = ORIENTED_EDGE('',*,*,#12337,.T.);
#12406 = FACE_BOUND('',#12407,.F.);
#12407 = EDGE_LOOP('',(#12408));
#12408 = ORIENTED_EDGE('',*,*,#12409,.F.);
#12409 = EDGE_CURVE('',#12410,#12410,#12412,.T.);
#12410 = VERTEX_POINT('',#12411);
#12411 = CARTESIAN_POINT('',(219.9,-238.1,5.75));
#12412 = CIRCLE('',#12413,2.);
#12413 = AXIS2_PLACEMENT_3D('',#12414,#12415,#12416);
#12414 = CARTESIAN_POINT('',(219.9,-238.1,3.75));
#12415 = DIRECTION('',(0.,1.,0.));
#12416 = DIRECTION('',(0.,-0.,1.));
#12417 = PLANE('',#12418);
#12418 = AXIS2_PLACEMENT_3D('',#12419,#12420,#12421);
#12419 = CARTESIAN_POINT('',(219.9,-238.1,3.75));
#12420 = DIRECTION('',(0.,1.,0.));
#12421 = DIRECTION('',(0.,-0.,1.));
#12422 = ADVANCED_FACE('',(#12423,#12450),#12461,.T.);
#12423 = FACE_BOUND('',#12424,.T.);
#12424 = EDGE_LOOP('',(#12425,#12426,#12427,#12435,#12443,#12449));
#12425 = ORIENTED_EDGE('',*,*,#12290,.T.);
#12426 = ORIENTED_EDGE('',*,*,#12352,.T.);
#12427 = ORIENTED_EDGE('',*,*,#12428,.T.);
#12428 = EDGE_CURVE('',#12353,#12429,#12431,.T.);
#12429 = VERTEX_POINT('',#12430);
#12430 = CARTESIAN_POINT('',(216.4,-233.1,5.770725942164));
#12431 = LINE('',#12432,#12433);
#12432 = CARTESIAN_POINT('',(216.4,-233.1,1.729274057836));
#12433 = VECTOR('',#12434,1.);
#12434 = DIRECTION('',(0.,0.,1.));
#12435 = ORIENTED_EDGE('',*,*,#12436,.T.);
#12436 = EDGE_CURVE('',#12429,#12437,#12439,.T.);
#12437 = VERTEX_POINT('',#12438);
#12438 = CARTESIAN_POINT('',(219.9,-233.1,7.791451884327));
#12439 = LINE('',#12440,#12441);
#12440 = CARTESIAN_POINT('',(216.4,-233.1,5.770725942164));
#12441 = VECTOR('',#12442,1.);
#12442 = DIRECTION('',(0.866025403784,0.,0.5));
#12443 = ORIENTED_EDGE('',*,*,#12444,.T.);
#12444 = EDGE_CURVE('',#12437,#12323,#12445,.T.);
#12445 = LINE('',#12446,#12447);
#12446 = CARTESIAN_POINT('',(219.9,-233.1,7.791451884327));
#12447 = VECTOR('',#12448,1.);
#12448 = DIRECTION('',(0.866025403784,0.,-0.5));
#12449 = ORIENTED_EDGE('',*,*,#12330,.T.);
#12450 = FACE_BOUND('',#12451,.T.);
#12451 = EDGE_LOOP('',(#12452));
#12452 = ORIENTED_EDGE('',*,*,#12453,.F.);
#12453 = EDGE_CURVE('',#12454,#12454,#12456,.T.);
#12454 = VERTEX_POINT('',#12455);
#12455 = CARTESIAN_POINT('',(219.9,-233.1,5.75));
#12456 = CIRCLE('',#12457,2.);
#12457 = AXIS2_PLACEMENT_3D('',#12458,#12459,#12460);
#12458 = CARTESIAN_POINT('',(219.9,-233.1,3.75));
#12459 = DIRECTION('',(0.,1.,0.));
#12460 = DIRECTION('',(0.,-0.,1.));
#12461 = PLANE('',#12462);
#12462 = AXIS2_PLACEMENT_3D('',#12463,#12464,#12465);
#12463 = CARTESIAN_POINT('',(219.9,-233.1,3.75));
#12464 = DIRECTION('',(0.,1.,0.));
#12465 = DIRECTION('',(0.,-0.,1.));
#12466 = ADVANCED_FACE('',(#12467),#12478,.F.);
#12467 = FACE_BOUND('',#12468,.F.);
#12468 = EDGE_LOOP('',(#12469,#12475,#12476,#12477));
#12469 = ORIENTED_EDGE('',*,*,#12470,.T.);
#12470 = EDGE_CURVE('',#12393,#12437,#12471,.T.);
#12471 = LINE('',#12472,#12473);
#12472 = CARTESIAN_POINT('',(219.9,-238.1,7.791451884327));
#12473 = VECTOR('',#12474,1.);
#12474 = DIRECTION('',(0.,1.,0.));
#12475 = ORIENTED_EDGE('',*,*,#12444,.T.);
#12476 = ORIENTED_EDGE('',*,*,#12320,.F.);
#12477 = ORIENTED_EDGE('',*,*,#12400,.F.);
#12478 = PLANE('',#12479);
#12479 = AXIS2_PLACEMENT_3D('',#12480,#12481,#12482);
#12480 = CARTESIAN_POINT('',(219.9,-238.1,7.791451884327));
#12481 = DIRECTION('',(-0.5,0.,-0.866025403784));
#12482 = DIRECTION('',(0.866025403784,0.,-0.5));
#12483 = ADVANCED_FACE('',(#12484),#12495,.F.);
#12484 = FACE_BOUND('',#12485,.F.);
#12485 = EDGE_LOOP('',(#12486,#12487,#12488,#12494));
#12486 = ORIENTED_EDGE('',*,*,#12360,.T.);
#12487 = ORIENTED_EDGE('',*,*,#12428,.T.);
#12488 = ORIENTED_EDGE('',*,*,#12489,.F.);
#12489 = EDGE_CURVE('',#12385,#12429,#12490,.T.);
#12490 = LINE('',#12491,#12492);
#12491 = CARTESIAN_POINT('',(216.4,-238.1,5.770725942164));
#12492 = VECTOR('',#12493,1.);
#12493 = DIRECTION('',(0.,1.,0.));
#12494 = ORIENTED_EDGE('',*,*,#12384,.F.);
#12495 = PLANE('',#12496);
#12496 = AXIS2_PLACEMENT_3D('',#12497,#12498,#12499);
#12497 = CARTESIAN_POINT('',(216.4,-238.1,1.729274057836));
#12498 = DIRECTION('',(1.,0.,0.));
#12499 = DIRECTION('',(0.,0.,1.));
#12500 = ADVANCED_FACE('',(#12501),#12507,.F.);
#12501 = FACE_BOUND('',#12502,.F.);
#12502 = EDGE_LOOP('',(#12503,#12504,#12505,#12506));
#12503 = ORIENTED_EDGE('',*,*,#12489,.T.);
#12504 = ORIENTED_EDGE('',*,*,#12436,.T.);
#12505 = ORIENTED_EDGE('',*,*,#12470,.F.);
#12506 = ORIENTED_EDGE('',*,*,#12392,.F.);
#12507 = PLANE('',#12508);
#12508 = AXIS2_PLACEMENT_3D('',#12509,#12510,#12511);
#12509 = CARTESIAN_POINT('',(216.4,-238.1,5.770725942164));
#12510 = DIRECTION('',(0.5,0.,-0.866025403784));
#12511 = DIRECTION('',(0.866025403784,0.,0.5));
#12512 = ADVANCED_FACE('',(#12513),#12524,.F.);
#12513 = FACE_BOUND('',#12514,.F.);
#12514 = EDGE_LOOP('',(#12515,#12516,#12522,#12523));
#12515 = ORIENTED_EDGE('',*,*,#12453,.F.);
#12516 = ORIENTED_EDGE('',*,*,#12517,.F.);
#12517 = EDGE_CURVE('',#12410,#12454,#12518,.T.);
#12518 = LINE('',#12519,#12520);
#12519 = CARTESIAN_POINT('',(219.9,-239.1,5.75));
#12520 = VECTOR('',#12521,1.);
#12521 = DIRECTION('',(0.,1.,0.));
#12522 = ORIENTED_EDGE('',*,*,#12409,.T.);
#12523 = ORIENTED_EDGE('',*,*,#12517,.T.);
#12524 = CYLINDRICAL_SURFACE('',#12525,2.);
#12525 = AXIS2_PLACEMENT_3D('',#12526,#12527,#12528);
#12526 = CARTESIAN_POINT('',(219.9,-239.1,3.75));
#12527 = DIRECTION('',(0.,1.,0.));
#12528 = DIRECTION('',(0.,-0.,1.));
#12529 = MANIFOLD_SOLID_BREP('',#12530);
#12530 = CLOSED_SHELL('',(#12531,#12564,#12584,#12643,#12668,#12699,
    #12723,#12747,#12771,#12795,#12812,#12821));
#12531 = ADVANCED_FACE('',(#12532),#12559,.T.);
#12532 = FACE_BOUND('',#12533,.T.);
#12533 = EDGE_LOOP('',(#12534,#12543,#12551,#12558));
#12534 = ORIENTED_EDGE('',*,*,#12535,.F.);
#12535 = EDGE_CURVE('',#12536,#12536,#12538,.T.);
#12536 = VERTEX_POINT('',#12537);
#12537 = CARTESIAN_POINT('',(170.4,-245.6,-2.75));
#12538 = CIRCLE('',#12539,3.5);
#12539 = AXIS2_PLACEMENT_3D('',#12540,#12541,#12542);
#12540 = CARTESIAN_POINT('',(170.4,-245.6,-6.25));
#12541 = DIRECTION('',(0.,1.,0.));
#12542 = DIRECTION('',(0.,-0.,1.));
#12543 = ORIENTED_EDGE('',*,*,#12544,.F.);
#12544 = EDGE_CURVE('',#12545,#12536,#12547,.T.);
#12545 = VERTEX_POINT('',#12546);
#12546 = CARTESIAN_POINT('',(170.4,-249.6,-2.75));
#12547 = LINE('',#12548,#12549);
#12548 = CARTESIAN_POINT('',(170.4,-249.6,-2.75));
#12549 = VECTOR('',#12550,1.);
#12550 = DIRECTION('',(0.,1.,0.));
#12551 = ORIENTED_EDGE('',*,*,#12552,.T.);
#12552 = EDGE_CURVE('',#12545,#12545,#12553,.T.);
#12553 = CIRCLE('',#12554,3.5);
#12554 = AXIS2_PLACEMENT_3D('',#12555,#12556,#12557);
#12555 = CARTESIAN_POINT('',(170.4,-249.6,-6.25));
#12556 = DIRECTION('',(0.,1.,0.));
#12557 = DIRECTION('',(0.,-0.,1.));
#12558 = ORIENTED_EDGE('',*,*,#12544,.T.);
#12559 = CYLINDRICAL_SURFACE('',#12560,3.5);
#12560 = AXIS2_PLACEMENT_3D('',#12561,#12562,#12563);
#12561 = CARTESIAN_POINT('',(170.4,-249.6,-6.25));
#12562 = DIRECTION('',(0.,1.,0.));
#12563 = DIRECTION('',(0.,-0.,1.));
#12564 = ADVANCED_FACE('',(#12565,#12568),#12579,.T.);
#12565 = FACE_BOUND('',#12566,.T.);
#12566 = EDGE_LOOP('',(#12567));
#12567 = ORIENTED_EDGE('',*,*,#12535,.T.);
#12568 = FACE_BOUND('',#12569,.T.);
#12569 = EDGE_LOOP('',(#12570));
#12570 = ORIENTED_EDGE('',*,*,#12571,.F.);
#12571 = EDGE_CURVE('',#12572,#12572,#12574,.T.);
#12572 = VERTEX_POINT('',#12573);
#12573 = CARTESIAN_POINT('',(170.4,-245.6,-4.25));
#12574 = CIRCLE('',#12575,2.);
#12575 = AXIS2_PLACEMENT_3D('',#12576,#12577,#12578);
#12576 = CARTESIAN_POINT('',(170.4,-245.6,-6.25));
#12577 = DIRECTION('',(0.,1.,0.));
#12578 = DIRECTION('',(0.,-0.,1.));
#12579 = PLANE('',#12580);
#12580 = AXIS2_PLACEMENT_3D('',#12581,#12582,#12583);
#12581 = CARTESIAN_POINT('',(170.4,-245.6,-6.25));
#12582 = DIRECTION('',(0.,1.,0.));
#12583 = DIRECTION('',(0.,-0.,1.));
#12584 = ADVANCED_FACE('',(#12585,#12588),#12638,.F.);
#12585 = FACE_BOUND('',#12586,.F.);
#12586 = EDGE_LOOP('',(#12587));
#12587 = ORIENTED_EDGE('',*,*,#12552,.T.);
#12588 = FACE_BOUND('',#12589,.F.);
#12589 = EDGE_LOOP('',(#12590,#12600,#12608,#12616,#12624,#12632));
#12590 = ORIENTED_EDGE('',*,*,#12591,.T.);
#12591 = EDGE_CURVE('',#12592,#12594,#12596,.T.);
#12592 = VERTEX_POINT('',#12593);
#12593 = CARTESIAN_POINT('',(168.9,-249.6,-7.116025403784));
#12594 = VERTEX_POINT('',#12595);
#12595 = CARTESIAN_POINT('',(170.4,-249.6,-7.982050807569));
#12596 = LINE('',#12597,#12598);
#12597 = CARTESIAN_POINT('',(170.025,-249.6,-7.765544456623));
#12598 = VECTOR('',#12599,1.);
#12599 = DIRECTION('',(0.866025403784,0.,-0.5));
#12600 = ORIENTED_EDGE('',*,*,#12601,.T.);
#12601 = EDGE_CURVE('',#12594,#12602,#12604,.T.);
#12602 = VERTEX_POINT('',#12603);
#12603 = CARTESIAN_POINT('',(171.9,-249.6,-7.116025403784));
#12604 = LINE('',#12605,#12606);
#12605 = CARTESIAN_POINT('',(171.525,-249.6,-7.332531754731));
#12606 = VECTOR('',#12607,1.);
#12607 = DIRECTION('',(0.866025403784,-0.,0.5));
#12608 = ORIENTED_EDGE('',*,*,#12609,.T.);
#12609 = EDGE_CURVE('',#12602,#12610,#12612,.T.);
#12610 = VERTEX_POINT('',#12611);
#12611 = CARTESIAN_POINT('',(171.9,-249.6,-5.383974596216));
#12612 = LINE('',#12613,#12614);
#12613 = CARTESIAN_POINT('',(171.9,-249.6,-5.816987298108));
#12614 = VECTOR('',#12615,1.);
#12615 = DIRECTION('',(0.,-0.,1.));
#12616 = ORIENTED_EDGE('',*,*,#12617,.T.);
#12617 = EDGE_CURVE('',#12610,#12618,#12620,.T.);
#12618 = VERTEX_POINT('',#12619);
#12619 = CARTESIAN_POINT('',(170.4,-249.6,-4.517949192431));
#12620 = LINE('',#12621,#12622);
#12621 = CARTESIAN_POINT('',(170.775,-249.6,-4.734455543377));
#12622 = VECTOR('',#12623,1.);
#12623 = DIRECTION('',(-0.866025403784,0.,0.5));
#12624 = ORIENTED_EDGE('',*,*,#12625,.T.);
#12625 = EDGE_CURVE('',#12618,#12626,#12628,.T.);
#12626 = VERTEX_POINT('',#12627);
#12627 = CARTESIAN_POINT('',(168.9,-249.6,-5.383974596216));
#12628 = LINE('',#12629,#12630);
#12629 = CARTESIAN_POINT('',(169.275,-249.6,-5.167468245269));
#12630 = VECTOR('',#12631,1.);
#12631 = DIRECTION('',(-0.866025403784,0.,-0.5));
#12632 = ORIENTED_EDGE('',*,*,#12633,.T.);
#12633 = EDGE_CURVE('',#12626,#12592,#12634,.T.);
#12634 = LINE('',#12635,#12636);
#12635 = CARTESIAN_POINT('',(168.9,-249.6,-6.683012701892));
#12636 = VECTOR('',#12637,1.);
#12637 = DIRECTION('',(0.,0.,-1.));
#12638 = PLANE('',#12639);
#12639 = AXIS2_PLACEMENT_3D('',#12640,#12641,#12642);
#12640 = CARTESIAN_POINT('',(170.4,-249.6,-6.25));
#12641 = DIRECTION('',(0.,1.,0.));
#12642 = DIRECTION('',(0.,-0.,1.));
#12643 = ADVANCED_FACE('',(#12644),#12663,.T.);
#12644 = FACE_BOUND('',#12645,.T.);
#12645 = EDGE_LOOP('',(#12646,#12655,#12661,#12662));
#12646 = ORIENTED_EDGE('',*,*,#12647,.F.);
#12647 = EDGE_CURVE('',#12648,#12648,#12650,.T.);
#12648 = VERTEX_POINT('',#12649);
#12649 = CARTESIAN_POINT('',(170.4,-229.6,-4.25));
#12650 = CIRCLE('',#12651,2.);
#12651 = AXIS2_PLACEMENT_3D('',#12652,#12653,#12654);
#12652 = CARTESIAN_POINT('',(170.4,-229.6,-6.25));
#12653 = DIRECTION('',(0.,1.,0.));
#12654 = DIRECTION('',(0.,-0.,1.));
#12655 = ORIENTED_EDGE('',*,*,#12656,.F.);
#12656 = EDGE_CURVE('',#12572,#12648,#12657,.T.);
#12657 = LINE('',#12658,#12659);
#12658 = CARTESIAN_POINT('',(170.4,-245.6,-4.25));
#12659 = VECTOR('',#12660,1.);
#12660 = DIRECTION('',(0.,1.,0.));
#12661 = ORIENTED_EDGE('',*,*,#12571,.T.);
#12662 = ORIENTED_EDGE('',*,*,#12656,.T.);
#12663 = CYLINDRICAL_SURFACE('',#12664,2.);
#12664 = AXIS2_PLACEMENT_3D('',#12665,#12666,#12667);
#12665 = CARTESIAN_POINT('',(170.4,-245.6,-6.25));
#12666 = DIRECTION('',(0.,1.,0.));
#12667 = DIRECTION('',(0.,-0.,1.));
#12668 = ADVANCED_FACE('',(#12669),#12694,.T.);
#12669 = FACE_BOUND('',#12670,.T.);
#12670 = EDGE_LOOP('',(#12671,#12672,#12680,#12688));
#12671 = ORIENTED_EDGE('',*,*,#12591,.T.);
#12672 = ORIENTED_EDGE('',*,*,#12673,.T.);
#12673 = EDGE_CURVE('',#12594,#12674,#12676,.T.);
#12674 = VERTEX_POINT('',#12675);
#12675 = CARTESIAN_POINT('',(170.4,-247.2,-7.982050807569));
#12676 = LINE('',#12677,#12678);
#12677 = CARTESIAN_POINT('',(170.4,-249.7,-7.982050807569));
#12678 = VECTOR('',#12679,1.);
#12679 = DIRECTION('',(0.,1.,0.));
#12680 = ORIENTED_EDGE('',*,*,#12681,.T.);
#12681 = EDGE_CURVE('',#12674,#12682,#12684,.T.);
#12682 = VERTEX_POINT('',#12683);
#12683 = CARTESIAN_POINT('',(168.9,-247.2,-7.116025403784));
#12684 = LINE('',#12685,#12686);
#12685 = CARTESIAN_POINT('',(170.4,-247.2,-7.982050807569));
#12686 = VECTOR('',#12687,1.);
#12687 = DIRECTION('',(-0.866025403784,0.,0.5));
#12688 = ORIENTED_EDGE('',*,*,#12689,.F.);
#12689 = EDGE_CURVE('',#12592,#12682,#12690,.T.);
#12690 = LINE('',#12691,#12692);
#12691 = CARTESIAN_POINT('',(168.9,-249.7,-7.116025403784));
#12692 = VECTOR('',#12693,1.);
#12693 = DIRECTION('',(0.,1.,0.));
#12694 = PLANE('',#12695);
#12695 = AXIS2_PLACEMENT_3D('',#12696,#12697,#12698);
#12696 = CARTESIAN_POINT('',(170.4,-249.7,-7.982050807569));
#12697 = DIRECTION('',(0.5,-0.,0.866025403784));
#12698 = DIRECTION('',(-0.866025403784,0.,0.5));
#12699 = ADVANCED_FACE('',(#12700),#12718,.T.);
#12700 = FACE_BOUND('',#12701,.T.);
#12701 = EDGE_LOOP('',(#12702,#12703,#12704,#12712));
#12702 = ORIENTED_EDGE('',*,*,#12633,.T.);
#12703 = ORIENTED_EDGE('',*,*,#12689,.T.);
#12704 = ORIENTED_EDGE('',*,*,#12705,.T.);
#12705 = EDGE_CURVE('',#12682,#12706,#12708,.T.);
#12706 = VERTEX_POINT('',#12707);
#12707 = CARTESIAN_POINT('',(168.9,-247.2,-5.383974596216));
#12708 = LINE('',#12709,#12710);
#12709 = CARTESIAN_POINT('',(168.9,-247.2,-7.116025403784));
#12710 = VECTOR('',#12711,1.);
#12711 = DIRECTION('',(0.,0.,1.));
#12712 = ORIENTED_EDGE('',*,*,#12713,.F.);
#12713 = EDGE_CURVE('',#12626,#12706,#12714,.T.);
#12714 = LINE('',#12715,#12716);
#12715 = CARTESIAN_POINT('',(168.9,-249.7,-5.383974596216));
#12716 = VECTOR('',#12717,1.);
#12717 = DIRECTION('',(0.,1.,0.));
#12718 = PLANE('',#12719);
#12719 = AXIS2_PLACEMENT_3D('',#12720,#12721,#12722);
#12720 = CARTESIAN_POINT('',(168.9,-249.7,-7.116025403784));
#12721 = DIRECTION('',(1.,0.,0.));
#12722 = DIRECTION('',(0.,0.,1.));
#12723 = ADVANCED_FACE('',(#12724),#12742,.T.);
#12724 = FACE_BOUND('',#12725,.T.);
#12725 = EDGE_LOOP('',(#12726,#12727,#12728,#12736));
#12726 = ORIENTED_EDGE('',*,*,#12625,.T.);
#12727 = ORIENTED_EDGE('',*,*,#12713,.T.);
#12728 = ORIENTED_EDGE('',*,*,#12729,.T.);
#12729 = EDGE_CURVE('',#12706,#12730,#12732,.T.);
#12730 = VERTEX_POINT('',#12731);
#12731 = CARTESIAN_POINT('',(170.4,-247.2,-4.517949192431));
#12732 = LINE('',#12733,#12734);
#12733 = CARTESIAN_POINT('',(168.9,-247.2,-5.383974596216));
#12734 = VECTOR('',#12735,1.);
#12735 = DIRECTION('',(0.866025403784,0.,0.5));
#12736 = ORIENTED_EDGE('',*,*,#12737,.F.);
#12737 = EDGE_CURVE('',#12618,#12730,#12738,.T.);
#12738 = LINE('',#12739,#12740);
#12739 = CARTESIAN_POINT('',(170.4,-249.7,-4.517949192431));
#12740 = VECTOR('',#12741,1.);
#12741 = DIRECTION('',(0.,1.,0.));
#12742 = PLANE('',#12743);
#12743 = AXIS2_PLACEMENT_3D('',#12744,#12745,#12746);
#12744 = CARTESIAN_POINT('',(168.9,-249.7,-5.383974596216));
#12745 = DIRECTION('',(0.5,0.,-0.866025403784));
#12746 = DIRECTION('',(0.866025403784,0.,0.5));
#12747 = ADVANCED_FACE('',(#12748),#12766,.T.);
#12748 = FACE_BOUND('',#12749,.T.);
#12749 = EDGE_LOOP('',(#12750,#12751,#12752,#12760));
#12750 = ORIENTED_EDGE('',*,*,#12617,.T.);
#12751 = ORIENTED_EDGE('',*,*,#12737,.T.);
#12752 = ORIENTED_EDGE('',*,*,#12753,.T.);
#12753 = EDGE_CURVE('',#12730,#12754,#12756,.T.);
#12754 = VERTEX_POINT('',#12755);
#12755 = CARTESIAN_POINT('',(171.9,-247.2,-5.383974596216));
#12756 = LINE('',#12757,#12758);
#12757 = CARTESIAN_POINT('',(170.4,-247.2,-4.517949192431));
#12758 = VECTOR('',#12759,1.);
#12759 = DIRECTION('',(0.866025403784,0.,-0.5));
#12760 = ORIENTED_EDGE('',*,*,#12761,.F.);
#12761 = EDGE_CURVE('',#12610,#12754,#12762,.T.);
#12762 = LINE('',#12763,#12764);
#12763 = CARTESIAN_POINT('',(171.9,-249.7,-5.383974596216));
#12764 = VECTOR('',#12765,1.);
#12765 = DIRECTION('',(0.,1.,0.));
#12766 = PLANE('',#12767);
#12767 = AXIS2_PLACEMENT_3D('',#12768,#12769,#12770);
#12768 = CARTESIAN_POINT('',(170.4,-249.7,-4.517949192431));
#12769 = DIRECTION('',(-0.5,0.,-0.866025403784));
#12770 = DIRECTION('',(0.866025403784,0.,-0.5));
#12771 = ADVANCED_FACE('',(#12772),#12790,.T.);
#12772 = FACE_BOUND('',#12773,.T.);
#12773 = EDGE_LOOP('',(#12774,#12775,#12776,#12784));
#12774 = ORIENTED_EDGE('',*,*,#12609,.T.);
#12775 = ORIENTED_EDGE('',*,*,#12761,.T.);
#12776 = ORIENTED_EDGE('',*,*,#12777,.T.);
#12777 = EDGE_CURVE('',#12754,#12778,#12780,.T.);
#12778 = VERTEX_POINT('',#12779);
#12779 = CARTESIAN_POINT('',(171.9,-247.2,-7.116025403784));
#12780 = LINE('',#12781,#12782);
#12781 = CARTESIAN_POINT('',(171.9,-247.2,-5.383974596216));
#12782 = VECTOR('',#12783,1.);
#12783 = DIRECTION('',(0.,0.,-1.));
#12784 = ORIENTED_EDGE('',*,*,#12785,.F.);
#12785 = EDGE_CURVE('',#12602,#12778,#12786,.T.);
#12786 = LINE('',#12787,#12788);
#12787 = CARTESIAN_POINT('',(171.9,-249.7,-7.116025403784));
#12788 = VECTOR('',#12789,1.);
#12789 = DIRECTION('',(0.,1.,0.));
#12790 = PLANE('',#12791);
#12791 = AXIS2_PLACEMENT_3D('',#12792,#12793,#12794);
#12792 = CARTESIAN_POINT('',(171.9,-249.7,-5.383974596216));
#12793 = DIRECTION('',(-1.,0.,0.));
#12794 = DIRECTION('',(0.,0.,-1.));
#12795 = ADVANCED_FACE('',(#12796),#12807,.T.);
#12796 = FACE_BOUND('',#12797,.T.);
#12797 = EDGE_LOOP('',(#12798,#12799,#12800,#12806));
#12798 = ORIENTED_EDGE('',*,*,#12601,.T.);
#12799 = ORIENTED_EDGE('',*,*,#12785,.T.);
#12800 = ORIENTED_EDGE('',*,*,#12801,.T.);
#12801 = EDGE_CURVE('',#12778,#12674,#12802,.T.);
#12802 = LINE('',#12803,#12804);
#12803 = CARTESIAN_POINT('',(171.9,-247.2,-7.116025403784));
#12804 = VECTOR('',#12805,1.);
#12805 = DIRECTION('',(-0.866025403784,0.,-0.5));
#12806 = ORIENTED_EDGE('',*,*,#12673,.F.);
#12807 = PLANE('',#12808);
#12808 = AXIS2_PLACEMENT_3D('',#12809,#12810,#12811);
#12809 = CARTESIAN_POINT('',(171.9,-249.7,-7.116025403784));
#12810 = DIRECTION('',(-0.5,0.,0.866025403784));
#12811 = DIRECTION('',(-0.866025403784,0.,-0.5));
#12812 = ADVANCED_FACE('',(#12813),#12816,.T.);
#12813 = FACE_BOUND('',#12814,.T.);
#12814 = EDGE_LOOP('',(#12815));
#12815 = ORIENTED_EDGE('',*,*,#12647,.T.);
#12816 = PLANE('',#12817);
#12817 = AXIS2_PLACEMENT_3D('',#12818,#12819,#12820);
#12818 = CARTESIAN_POINT('',(170.4,-229.6,-6.25));
#12819 = DIRECTION('',(0.,1.,0.));
#12820 = DIRECTION('',(0.,-0.,1.));
#12821 = ADVANCED_FACE('',(#12822),#12830,.F.);
#12822 = FACE_BOUND('',#12823,.F.);
#12823 = EDGE_LOOP('',(#12824,#12825,#12826,#12827,#12828,#12829));
#12824 = ORIENTED_EDGE('',*,*,#12801,.T.);
#12825 = ORIENTED_EDGE('',*,*,#12681,.T.);
#12826 = ORIENTED_EDGE('',*,*,#12705,.T.);
#12827 = ORIENTED_EDGE('',*,*,#12729,.T.);
#12828 = ORIENTED_EDGE('',*,*,#12753,.T.);
#12829 = ORIENTED_EDGE('',*,*,#12777,.T.);
#12830 = PLANE('',#12831);
#12831 = AXIS2_PLACEMENT_3D('',#12832,#12833,#12834);
#12832 = CARTESIAN_POINT('',(170.4,-247.2,-6.25));
#12833 = DIRECTION('',(0.,1.,0.));
#12834 = DIRECTION('',(0.,-0.,1.));
#12835 = MANIFOLD_SOLID_BREP('',#12836);
#12836 = CLOSED_SHELL('',(#12837,#12877,#12908,#12939,#12983,#13027,
    #13044,#13061,#13073));
#12837 = ADVANCED_FACE('',(#12838),#12872,.F.);
#12838 = FACE_BOUND('',#12839,.F.);
#12839 = EDGE_LOOP('',(#12840,#12850,#12858,#12866));
#12840 = ORIENTED_EDGE('',*,*,#12841,.T.);
#12841 = EDGE_CURVE('',#12842,#12844,#12846,.T.);
#12842 = VERTEX_POINT('',#12843);
#12843 = CARTESIAN_POINT('',(173.9,-238.1,-8.270725942164));
#12844 = VERTEX_POINT('',#12845);
#12845 = CARTESIAN_POINT('',(173.9,-233.1,-8.270725942164));
#12846 = LINE('',#12847,#12848);
#12847 = CARTESIAN_POINT('',(173.9,-238.1,-8.270725942164));
#12848 = VECTOR('',#12849,1.);
#12849 = DIRECTION('',(0.,1.,0.));
#12850 = ORIENTED_EDGE('',*,*,#12851,.T.);
#12851 = EDGE_CURVE('',#12844,#12852,#12854,.T.);
#12852 = VERTEX_POINT('',#12853);
#12853 = CARTESIAN_POINT('',(170.4,-233.1,-10.29145188432));
#12854 = LINE('',#12855,#12856);
#12855 = CARTESIAN_POINT('',(173.9,-233.1,-8.270725942164));
#12856 = VECTOR('',#12857,1.);
#12857 = DIRECTION('',(-0.866025403784,0.,-0.5));
#12858 = ORIENTED_EDGE('',*,*,#12859,.F.);
#12859 = EDGE_CURVE('',#12860,#12852,#12862,.T.);
#12860 = VERTEX_POINT('',#12861);
#12861 = CARTESIAN_POINT('',(170.4,-238.1,-10.29145188432));
#12862 = LINE('',#12863,#12864);
#12863 = CARTESIAN_POINT('',(170.4,-238.1,-10.29145188432));
#12864 = VECTOR('',#12865,1.);
#12865 = DIRECTION('',(0.,1.,0.));
#12866 = ORIENTED_EDGE('',*,*,#12867,.F.);
#12867 = EDGE_CURVE('',#12842,#12860,#12868,.T.);
#12868 = LINE('',#12869,#12870);
#12869 = CARTESIAN_POINT('',(173.9,-238.1,-8.270725942164));
#12870 = VECTOR('',#12871,1.);
#12871 = DIRECTION('',(-0.866025403784,0.,-0.5));
#12872 = PLANE('',#12873);
#12873 = AXIS2_PLACEMENT_3D('',#12874,#12875,#12876);
#12874 = CARTESIAN_POINT('',(173.9,-238.1,-8.270725942164));
#12875 = DIRECTION('',(-0.5,0.,0.866025403784));
#12876 = DIRECTION('',(-0.866025403784,0.,-0.5));
#12877 = ADVANCED_FACE('',(#12878),#12903,.F.);
#12878 = FACE_BOUND('',#12879,.F.);
#12879 = EDGE_LOOP('',(#12880,#12890,#12896,#12897));
#12880 = ORIENTED_EDGE('',*,*,#12881,.T.);
#12881 = EDGE_CURVE('',#12882,#12884,#12886,.T.);
#12882 = VERTEX_POINT('',#12883);
#12883 = CARTESIAN_POINT('',(173.9,-238.1,-4.229274057836));
#12884 = VERTEX_POINT('',#12885);
#12885 = CARTESIAN_POINT('',(173.9,-233.1,-4.229274057836));
#12886 = LINE('',#12887,#12888);
#12887 = CARTESIAN_POINT('',(173.9,-238.1,-4.229274057836));
#12888 = VECTOR('',#12889,1.);
#12889 = DIRECTION('',(0.,1.,0.));
#12890 = ORIENTED_EDGE('',*,*,#12891,.T.);
#12891 = EDGE_CURVE('',#12884,#12844,#12892,.T.);
#12892 = LINE('',#12893,#12894);
#12893 = CARTESIAN_POINT('',(173.9,-233.1,-4.229274057836));
#12894 = VECTOR('',#12895,1.);
#12895 = DIRECTION('',(0.,0.,-1.));
#12896 = ORIENTED_EDGE('',*,*,#12841,.F.);
#12897 = ORIENTED_EDGE('',*,*,#12898,.F.);
#12898 = EDGE_CURVE('',#12882,#12842,#12899,.T.);
#12899 = LINE('',#12900,#12901);
#12900 = CARTESIAN_POINT('',(173.9,-238.1,-4.229274057836));
#12901 = VECTOR('',#12902,1.);
#12902 = DIRECTION('',(0.,0.,-1.));
#12903 = PLANE('',#12904);
#12904 = AXIS2_PLACEMENT_3D('',#12905,#12906,#12907);
#12905 = CARTESIAN_POINT('',(173.9,-238.1,-4.229274057836));
#12906 = DIRECTION('',(-1.,0.,0.));
#12907 = DIRECTION('',(0.,0.,-1.));
#12908 = ADVANCED_FACE('',(#12909),#12934,.F.);
#12909 = FACE_BOUND('',#12910,.F.);
#12910 = EDGE_LOOP('',(#12911,#12912,#12920,#12928));
#12911 = ORIENTED_EDGE('',*,*,#12859,.T.);
#12912 = ORIENTED_EDGE('',*,*,#12913,.T.);
#12913 = EDGE_CURVE('',#12852,#12914,#12916,.T.);
#12914 = VERTEX_POINT('',#12915);
#12915 = CARTESIAN_POINT('',(166.9,-233.1,-8.270725942164));
#12916 = LINE('',#12917,#12918);
#12917 = CARTESIAN_POINT('',(170.4,-233.1,-10.29145188432));
#12918 = VECTOR('',#12919,1.);
#12919 = DIRECTION('',(-0.866025403784,0.,0.5));
#12920 = ORIENTED_EDGE('',*,*,#12921,.F.);
#12921 = EDGE_CURVE('',#12922,#12914,#12924,.T.);
#12922 = VERTEX_POINT('',#12923);
#12923 = CARTESIAN_POINT('',(166.9,-238.1,-8.270725942164));
#12924 = LINE('',#12925,#12926);
#12925 = CARTESIAN_POINT('',(166.9,-238.1,-8.270725942164));
#12926 = VECTOR('',#12927,1.);
#12927 = DIRECTION('',(0.,1.,0.));
#12928 = ORIENTED_EDGE('',*,*,#12929,.F.);
#12929 = EDGE_CURVE('',#12860,#12922,#12930,.T.);
#12930 = LINE('',#12931,#12932);
#12931 = CARTESIAN_POINT('',(170.4,-238.1,-10.29145188432));
#12932 = VECTOR('',#12933,1.);
#12933 = DIRECTION('',(-0.866025403784,0.,0.5));
#12934 = PLANE('',#12935);
#12935 = AXIS2_PLACEMENT_3D('',#12936,#12937,#12938);
#12936 = CARTESIAN_POINT('',(170.4,-238.1,-10.29145188432));
#12937 = DIRECTION('',(0.5,-0.,0.866025403784));
#12938 = DIRECTION('',(-0.866025403784,0.,0.5));
#12939 = ADVANCED_FACE('',(#12940,#12967),#12978,.F.);
#12940 = FACE_BOUND('',#12941,.F.);
#12941 = EDGE_LOOP('',(#12942,#12943,#12944,#12952,#12960,#12966));
#12942 = ORIENTED_EDGE('',*,*,#12867,.T.);
#12943 = ORIENTED_EDGE('',*,*,#12929,.T.);
#12944 = ORIENTED_EDGE('',*,*,#12945,.T.);
#12945 = EDGE_CURVE('',#12922,#12946,#12948,.T.);
#12946 = VERTEX_POINT('',#12947);
#12947 = CARTESIAN_POINT('',(166.9,-238.1,-4.229274057836));
#12948 = LINE('',#12949,#12950);
#12949 = CARTESIAN_POINT('',(166.9,-238.1,-8.270725942164));
#12950 = VECTOR('',#12951,1.);
#12951 = DIRECTION('',(0.,0.,1.));
#12952 = ORIENTED_EDGE('',*,*,#12953,.T.);
#12953 = EDGE_CURVE('',#12946,#12954,#12956,.T.);
#12954 = VERTEX_POINT('',#12955);
#12955 = CARTESIAN_POINT('',(170.4,-238.1,-2.208548115673));
#12956 = LINE('',#12957,#12958);
#12957 = CARTESIAN_POINT('',(166.9,-238.1,-4.229274057836));
#12958 = VECTOR('',#12959,1.);
#12959 = DIRECTION('',(0.866025403784,0.,0.5));
#12960 = ORIENTED_EDGE('',*,*,#12961,.T.);
#12961 = EDGE_CURVE('',#12954,#12882,#12962,.T.);
#12962 = LINE('',#12963,#12964);
#12963 = CARTESIAN_POINT('',(170.4,-238.1,-2.208548115673));
#12964 = VECTOR('',#12965,1.);
#12965 = DIRECTION('',(0.866025403784,0.,-0.5));
#12966 = ORIENTED_EDGE('',*,*,#12898,.T.);
#12967 = FACE_BOUND('',#12968,.F.);
#12968 = EDGE_LOOP('',(#12969));
#12969 = ORIENTED_EDGE('',*,*,#12970,.F.);
#12970 = EDGE_CURVE('',#12971,#12971,#12973,.T.);
#12971 = VERTEX_POINT('',#12972);
#12972 = CARTESIAN_POINT('',(170.4,-238.1,-4.25));
#12973 = CIRCLE('',#12974,2.);
#12974 = AXIS2_PLACEMENT_3D('',#12975,#12976,#12977);
#12975 = CARTESIAN_POINT('',(170.4,-238.1,-6.25));
#12976 = DIRECTION('',(0.,1.,0.));
#12977 = DIRECTION('',(0.,-0.,1.));
#12978 = PLANE('',#12979);
#12979 = AXIS2_PLACEMENT_3D('',#12980,#12981,#12982);
#12980 = CARTESIAN_POINT('',(170.4,-238.1,-6.25));
#12981 = DIRECTION('',(0.,1.,0.));
#12982 = DIRECTION('',(0.,-0.,1.));
#12983 = ADVANCED_FACE('',(#12984,#13011),#13022,.T.);
#12984 = FACE_BOUND('',#12985,.T.);
#12985 = EDGE_LOOP('',(#12986,#12987,#12988,#12996,#13004,#13010));
#12986 = ORIENTED_EDGE('',*,*,#12851,.T.);
#12987 = ORIENTED_EDGE('',*,*,#12913,.T.);
#12988 = ORIENTED_EDGE('',*,*,#12989,.T.);
#12989 = EDGE_CURVE('',#12914,#12990,#12992,.T.);
#12990 = VERTEX_POINT('',#12991);
#12991 = CARTESIAN_POINT('',(166.9,-233.1,-4.229274057836));
#12992 = LINE('',#12993,#12994);
#12993 = CARTESIAN_POINT('',(166.9,-233.1,-8.270725942164));
#12994 = VECTOR('',#12995,1.);
#12995 = DIRECTION('',(0.,0.,1.));
#12996 = ORIENTED_EDGE('',*,*,#12997,.T.);
#12997 = EDGE_CURVE('',#12990,#12998,#13000,.T.);
#12998 = VERTEX_POINT('',#12999);
#12999 = CARTESIAN_POINT('',(170.4,-233.1,-2.208548115673));
#13000 = LINE('',#13001,#13002);
#13001 = CARTESIAN_POINT('',(166.9,-233.1,-4.229274057836));
#13002 = VECTOR('',#13003,1.);
#13003 = DIRECTION('',(0.866025403784,0.,0.5));
#13004 = ORIENTED_EDGE('',*,*,#13005,.T.);
#13005 = EDGE_CURVE('',#12998,#12884,#13006,.T.);
#13006 = LINE('',#13007,#13008);
#13007 = CARTESIAN_POINT('',(170.4,-233.1,-2.208548115673));
#13008 = VECTOR('',#13009,1.);
#13009 = DIRECTION('',(0.866025403784,0.,-0.5));
#13010 = ORIENTED_EDGE('',*,*,#12891,.T.);
#13011 = FACE_BOUND('',#13012,.T.);
#13012 = EDGE_LOOP('',(#13013));
#13013 = ORIENTED_EDGE('',*,*,#13014,.F.);
#13014 = EDGE_CURVE('',#13015,#13015,#13017,.T.);
#13015 = VERTEX_POINT('',#13016);
#13016 = CARTESIAN_POINT('',(170.4,-233.1,-4.25));
#13017 = CIRCLE('',#13018,2.);
#13018 = AXIS2_PLACEMENT_3D('',#13019,#13020,#13021);
#13019 = CARTESIAN_POINT('',(170.4,-233.1,-6.25));
#13020 = DIRECTION('',(0.,1.,0.));
#13021 = DIRECTION('',(0.,-0.,1.));
#13022 = PLANE('',#13023);
#13023 = AXIS2_PLACEMENT_3D('',#13024,#13025,#13026);
#13024 = CARTESIAN_POINT('',(170.4,-233.1,-6.25));
#13025 = DIRECTION('',(0.,1.,0.));
#13026 = DIRECTION('',(0.,-0.,1.));
#13027 = ADVANCED_FACE('',(#13028),#13039,.F.);
#13028 = FACE_BOUND('',#13029,.F.);
#13029 = EDGE_LOOP('',(#13030,#13036,#13037,#13038));
#13030 = ORIENTED_EDGE('',*,*,#13031,.T.);
#13031 = EDGE_CURVE('',#12954,#12998,#13032,.T.);
#13032 = LINE('',#13033,#13034);
#13033 = CARTESIAN_POINT('',(170.4,-238.1,-2.208548115673));
#13034 = VECTOR('',#13035,1.);
#13035 = DIRECTION('',(0.,1.,0.));
#13036 = ORIENTED_EDGE('',*,*,#13005,.T.);
#13037 = ORIENTED_EDGE('',*,*,#12881,.F.);
#13038 = ORIENTED_EDGE('',*,*,#12961,.F.);
#13039 = PLANE('',#13040);
#13040 = AXIS2_PLACEMENT_3D('',#13041,#13042,#13043);
#13041 = CARTESIAN_POINT('',(170.4,-238.1,-2.208548115673));
#13042 = DIRECTION('',(-0.5,0.,-0.866025403784));
#13043 = DIRECTION('',(0.866025403784,0.,-0.5));
#13044 = ADVANCED_FACE('',(#13045),#13056,.F.);
#13045 = FACE_BOUND('',#13046,.F.);
#13046 = EDGE_LOOP('',(#13047,#13048,#13049,#13055));
#13047 = ORIENTED_EDGE('',*,*,#12921,.T.);
#13048 = ORIENTED_EDGE('',*,*,#12989,.T.);
#13049 = ORIENTED_EDGE('',*,*,#13050,.F.);
#13050 = EDGE_CURVE('',#12946,#12990,#13051,.T.);
#13051 = LINE('',#13052,#13053);
#13052 = CARTESIAN_POINT('',(166.9,-238.1,-4.229274057836));
#13053 = VECTOR('',#13054,1.);
#13054 = DIRECTION('',(0.,1.,0.));
#13055 = ORIENTED_EDGE('',*,*,#12945,.F.);
#13056 = PLANE('',#13057);
#13057 = AXIS2_PLACEMENT_3D('',#13058,#13059,#13060);
#13058 = CARTESIAN_POINT('',(166.9,-238.1,-8.270725942164));
#13059 = DIRECTION('',(1.,0.,0.));
#13060 = DIRECTION('',(0.,0.,1.));
#13061 = ADVANCED_FACE('',(#13062),#13068,.F.);
#13062 = FACE_BOUND('',#13063,.F.);
#13063 = EDGE_LOOP('',(#13064,#13065,#13066,#13067));
#13064 = ORIENTED_EDGE('',*,*,#13050,.T.);
#13065 = ORIENTED_EDGE('',*,*,#12997,.T.);
#13066 = ORIENTED_EDGE('',*,*,#13031,.F.);
#13067 = ORIENTED_EDGE('',*,*,#12953,.F.);
#13068 = PLANE('',#13069);
#13069 = AXIS2_PLACEMENT_3D('',#13070,#13071,#13072);
#13070 = CARTESIAN_POINT('',(166.9,-238.1,-4.229274057836));
#13071 = DIRECTION('',(0.5,0.,-0.866025403784));
#13072 = DIRECTION('',(0.866025403784,0.,0.5));
#13073 = ADVANCED_FACE('',(#13074),#13085,.F.);
#13074 = FACE_BOUND('',#13075,.F.);
#13075 = EDGE_LOOP('',(#13076,#13077,#13083,#13084));
#13076 = ORIENTED_EDGE('',*,*,#13014,.F.);
#13077 = ORIENTED_EDGE('',*,*,#13078,.F.);
#13078 = EDGE_CURVE('',#12971,#13015,#13079,.T.);
#13079 = LINE('',#13080,#13081);
#13080 = CARTESIAN_POINT('',(170.4,-239.1,-4.25));
#13081 = VECTOR('',#13082,1.);
#13082 = DIRECTION('',(0.,1.,0.));
#13083 = ORIENTED_EDGE('',*,*,#12970,.T.);
#13084 = ORIENTED_EDGE('',*,*,#13078,.T.);
#13085 = CYLINDRICAL_SURFACE('',#13086,2.);
#13086 = AXIS2_PLACEMENT_3D('',#13087,#13088,#13089);
#13087 = CARTESIAN_POINT('',(170.4,-239.1,-6.25));
#13088 = DIRECTION('',(0.,1.,0.));
#13089 = DIRECTION('',(0.,-0.,1.));
#13090 = MANIFOLD_SOLID_BREP('',#13091);
#13091 = CLOSED_SHELL('',(#13092,#13125,#13145,#13204,#13229,#13260,
    #13284,#13308,#13332,#13356,#13373,#13382));
#13092 = ADVANCED_FACE('',(#13093),#13120,.T.);
#13093 = FACE_BOUND('',#13094,.T.);
#13094 = EDGE_LOOP('',(#13095,#13104,#13112,#13119));
#13095 = ORIENTED_EDGE('',*,*,#13096,.F.);
#13096 = EDGE_CURVE('',#13097,#13097,#13099,.T.);
#13097 = VERTEX_POINT('',#13098);
#13098 = CARTESIAN_POINT('',(170.4,-245.6,7.25));
#13099 = CIRCLE('',#13100,3.5);
#13100 = AXIS2_PLACEMENT_3D('',#13101,#13102,#13103);
#13101 = CARTESIAN_POINT('',(170.4,-245.6,3.75));
#13102 = DIRECTION('',(0.,1.,0.));
#13103 = DIRECTION('',(0.,-0.,1.));
#13104 = ORIENTED_EDGE('',*,*,#13105,.F.);
#13105 = EDGE_CURVE('',#13106,#13097,#13108,.T.);
#13106 = VERTEX_POINT('',#13107);
#13107 = CARTESIAN_POINT('',(170.4,-249.6,7.25));
#13108 = LINE('',#13109,#13110);
#13109 = CARTESIAN_POINT('',(170.4,-249.6,7.25));
#13110 = VECTOR('',#13111,1.);
#13111 = DIRECTION('',(0.,1.,0.));
#13112 = ORIENTED_EDGE('',*,*,#13113,.T.);
#13113 = EDGE_CURVE('',#13106,#13106,#13114,.T.);
#13114 = CIRCLE('',#13115,3.5);
#13115 = AXIS2_PLACEMENT_3D('',#13116,#13117,#13118);
#13116 = CARTESIAN_POINT('',(170.4,-249.6,3.75));
#13117 = DIRECTION('',(0.,1.,0.));
#13118 = DIRECTION('',(0.,-0.,1.));
#13119 = ORIENTED_EDGE('',*,*,#13105,.T.);
#13120 = CYLINDRICAL_SURFACE('',#13121,3.5);
#13121 = AXIS2_PLACEMENT_3D('',#13122,#13123,#13124);
#13122 = CARTESIAN_POINT('',(170.4,-249.6,3.75));
#13123 = DIRECTION('',(0.,1.,0.));
#13124 = DIRECTION('',(0.,-0.,1.));
#13125 = ADVANCED_FACE('',(#13126,#13129),#13140,.T.);
#13126 = FACE_BOUND('',#13127,.T.);
#13127 = EDGE_LOOP('',(#13128));
#13128 = ORIENTED_EDGE('',*,*,#13096,.T.);
#13129 = FACE_BOUND('',#13130,.T.);
#13130 = EDGE_LOOP('',(#13131));
#13131 = ORIENTED_EDGE('',*,*,#13132,.F.);
#13132 = EDGE_CURVE('',#13133,#13133,#13135,.T.);
#13133 = VERTEX_POINT('',#13134);
#13134 = CARTESIAN_POINT('',(170.4,-245.6,5.75));
#13135 = CIRCLE('',#13136,2.);
#13136 = AXIS2_PLACEMENT_3D('',#13137,#13138,#13139);
#13137 = CARTESIAN_POINT('',(170.4,-245.6,3.75));
#13138 = DIRECTION('',(0.,1.,0.));
#13139 = DIRECTION('',(0.,-0.,1.));
#13140 = PLANE('',#13141);
#13141 = AXIS2_PLACEMENT_3D('',#13142,#13143,#13144);
#13142 = CARTESIAN_POINT('',(170.4,-245.6,3.75));
#13143 = DIRECTION('',(0.,1.,0.));
#13144 = DIRECTION('',(0.,-0.,1.));
#13145 = ADVANCED_FACE('',(#13146,#13149),#13199,.F.);
#13146 = FACE_BOUND('',#13147,.F.);
#13147 = EDGE_LOOP('',(#13148));
#13148 = ORIENTED_EDGE('',*,*,#13113,.T.);
#13149 = FACE_BOUND('',#13150,.F.);
#13150 = EDGE_LOOP('',(#13151,#13161,#13169,#13177,#13185,#13193));
#13151 = ORIENTED_EDGE('',*,*,#13152,.T.);
#13152 = EDGE_CURVE('',#13153,#13155,#13157,.T.);
#13153 = VERTEX_POINT('',#13154);
#13154 = CARTESIAN_POINT('',(168.9,-249.6,2.883974596216));
#13155 = VERTEX_POINT('',#13156);
#13156 = CARTESIAN_POINT('',(170.4,-249.6,2.017949192431));
#13157 = LINE('',#13158,#13159);
#13158 = CARTESIAN_POINT('',(170.025,-249.6,2.234455543377));
#13159 = VECTOR('',#13160,1.);
#13160 = DIRECTION('',(0.866025403784,0.,-0.5));
#13161 = ORIENTED_EDGE('',*,*,#13162,.T.);
#13162 = EDGE_CURVE('',#13155,#13163,#13165,.T.);
#13163 = VERTEX_POINT('',#13164);
#13164 = CARTESIAN_POINT('',(171.9,-249.6,2.883974596216));
#13165 = LINE('',#13166,#13167);
#13166 = CARTESIAN_POINT('',(171.525,-249.6,2.667468245269));
#13167 = VECTOR('',#13168,1.);
#13168 = DIRECTION('',(0.866025403784,-0.,0.5));
#13169 = ORIENTED_EDGE('',*,*,#13170,.T.);
#13170 = EDGE_CURVE('',#13163,#13171,#13173,.T.);
#13171 = VERTEX_POINT('',#13172);
#13172 = CARTESIAN_POINT('',(171.9,-249.6,4.616025403784));
#13173 = LINE('',#13174,#13175);
#13174 = CARTESIAN_POINT('',(171.9,-249.6,4.183012701892));
#13175 = VECTOR('',#13176,1.);
#13176 = DIRECTION('',(0.,-0.,1.));
#13177 = ORIENTED_EDGE('',*,*,#13178,.T.);
#13178 = EDGE_CURVE('',#13171,#13179,#13181,.T.);
#13179 = VERTEX_POINT('',#13180);
#13180 = CARTESIAN_POINT('',(170.4,-249.6,5.482050807569));
#13181 = LINE('',#13182,#13183);
#13182 = CARTESIAN_POINT('',(170.775,-249.6,5.265544456623));
#13183 = VECTOR('',#13184,1.);
#13184 = DIRECTION('',(-0.866025403784,0.,0.5));
#13185 = ORIENTED_EDGE('',*,*,#13186,.T.);
#13186 = EDGE_CURVE('',#13179,#13187,#13189,.T.);
#13187 = VERTEX_POINT('',#13188);
#13188 = CARTESIAN_POINT('',(168.9,-249.6,4.616025403784));
#13189 = LINE('',#13190,#13191);
#13190 = CARTESIAN_POINT('',(169.275,-249.6,4.832531754731));
#13191 = VECTOR('',#13192,1.);
#13192 = DIRECTION('',(-0.866025403784,0.,-0.5));
#13193 = ORIENTED_EDGE('',*,*,#13194,.T.);
#13194 = EDGE_CURVE('',#13187,#13153,#13195,.T.);
#13195 = LINE('',#13196,#13197);
#13196 = CARTESIAN_POINT('',(168.9,-249.6,3.316987298108));
#13197 = VECTOR('',#13198,1.);
#13198 = DIRECTION('',(0.,0.,-1.));
#13199 = PLANE('',#13200);
#13200 = AXIS2_PLACEMENT_3D('',#13201,#13202,#13203);
#13201 = CARTESIAN_POINT('',(170.4,-249.6,3.75));
#13202 = DIRECTION('',(0.,1.,0.));
#13203 = DIRECTION('',(0.,-0.,1.));
#13204 = ADVANCED_FACE('',(#13205),#13224,.T.);
#13205 = FACE_BOUND('',#13206,.T.);
#13206 = EDGE_LOOP('',(#13207,#13216,#13222,#13223));
#13207 = ORIENTED_EDGE('',*,*,#13208,.F.);
#13208 = EDGE_CURVE('',#13209,#13209,#13211,.T.);
#13209 = VERTEX_POINT('',#13210);
#13210 = CARTESIAN_POINT('',(170.4,-229.6,5.75));
#13211 = CIRCLE('',#13212,2.);
#13212 = AXIS2_PLACEMENT_3D('',#13213,#13214,#13215);
#13213 = CARTESIAN_POINT('',(170.4,-229.6,3.75));
#13214 = DIRECTION('',(0.,1.,0.));
#13215 = DIRECTION('',(0.,-0.,1.));
#13216 = ORIENTED_EDGE('',*,*,#13217,.F.);
#13217 = EDGE_CURVE('',#13133,#13209,#13218,.T.);
#13218 = LINE('',#13219,#13220);
#13219 = CARTESIAN_POINT('',(170.4,-245.6,5.75));
#13220 = VECTOR('',#13221,1.);
#13221 = DIRECTION('',(0.,1.,0.));
#13222 = ORIENTED_EDGE('',*,*,#13132,.T.);
#13223 = ORIENTED_EDGE('',*,*,#13217,.T.);
#13224 = CYLINDRICAL_SURFACE('',#13225,2.);
#13225 = AXIS2_PLACEMENT_3D('',#13226,#13227,#13228);
#13226 = CARTESIAN_POINT('',(170.4,-245.6,3.75));
#13227 = DIRECTION('',(0.,1.,0.));
#13228 = DIRECTION('',(0.,-0.,1.));
#13229 = ADVANCED_FACE('',(#13230),#13255,.T.);
#13230 = FACE_BOUND('',#13231,.T.);
#13231 = EDGE_LOOP('',(#13232,#13233,#13241,#13249));
#13232 = ORIENTED_EDGE('',*,*,#13152,.T.);
#13233 = ORIENTED_EDGE('',*,*,#13234,.T.);
#13234 = EDGE_CURVE('',#13155,#13235,#13237,.T.);
#13235 = VERTEX_POINT('',#13236);
#13236 = CARTESIAN_POINT('',(170.4,-247.2,2.017949192431));
#13237 = LINE('',#13238,#13239);
#13238 = CARTESIAN_POINT('',(170.4,-249.7,2.017949192431));
#13239 = VECTOR('',#13240,1.);
#13240 = DIRECTION('',(0.,1.,0.));
#13241 = ORIENTED_EDGE('',*,*,#13242,.T.);
#13242 = EDGE_CURVE('',#13235,#13243,#13245,.T.);
#13243 = VERTEX_POINT('',#13244);
#13244 = CARTESIAN_POINT('',(168.9,-247.2,2.883974596216));
#13245 = LINE('',#13246,#13247);
#13246 = CARTESIAN_POINT('',(170.4,-247.2,2.017949192431));
#13247 = VECTOR('',#13248,1.);
#13248 = DIRECTION('',(-0.866025403784,0.,0.5));
#13249 = ORIENTED_EDGE('',*,*,#13250,.F.);
#13250 = EDGE_CURVE('',#13153,#13243,#13251,.T.);
#13251 = LINE('',#13252,#13253);
#13252 = CARTESIAN_POINT('',(168.9,-249.7,2.883974596216));
#13253 = VECTOR('',#13254,1.);
#13254 = DIRECTION('',(0.,1.,0.));
#13255 = PLANE('',#13256);
#13256 = AXIS2_PLACEMENT_3D('',#13257,#13258,#13259);
#13257 = CARTESIAN_POINT('',(170.4,-249.7,2.017949192431));
#13258 = DIRECTION('',(0.5,-0.,0.866025403784));
#13259 = DIRECTION('',(-0.866025403784,0.,0.5));
#13260 = ADVANCED_FACE('',(#13261),#13279,.T.);
#13261 = FACE_BOUND('',#13262,.T.);
#13262 = EDGE_LOOP('',(#13263,#13264,#13265,#13273));
#13263 = ORIENTED_EDGE('',*,*,#13194,.T.);
#13264 = ORIENTED_EDGE('',*,*,#13250,.T.);
#13265 = ORIENTED_EDGE('',*,*,#13266,.T.);
#13266 = EDGE_CURVE('',#13243,#13267,#13269,.T.);
#13267 = VERTEX_POINT('',#13268);
#13268 = CARTESIAN_POINT('',(168.9,-247.2,4.616025403784));
#13269 = LINE('',#13270,#13271);
#13270 = CARTESIAN_POINT('',(168.9,-247.2,2.883974596216));
#13271 = VECTOR('',#13272,1.);
#13272 = DIRECTION('',(0.,0.,1.));
#13273 = ORIENTED_EDGE('',*,*,#13274,.F.);
#13274 = EDGE_CURVE('',#13187,#13267,#13275,.T.);
#13275 = LINE('',#13276,#13277);
#13276 = CARTESIAN_POINT('',(168.9,-249.7,4.616025403784));
#13277 = VECTOR('',#13278,1.);
#13278 = DIRECTION('',(0.,1.,0.));
#13279 = PLANE('',#13280);
#13280 = AXIS2_PLACEMENT_3D('',#13281,#13282,#13283);
#13281 = CARTESIAN_POINT('',(168.9,-249.7,2.883974596216));
#13282 = DIRECTION('',(1.,0.,0.));
#13283 = DIRECTION('',(0.,0.,1.));
#13284 = ADVANCED_FACE('',(#13285),#13303,.T.);
#13285 = FACE_BOUND('',#13286,.T.);
#13286 = EDGE_LOOP('',(#13287,#13288,#13289,#13297));
#13287 = ORIENTED_EDGE('',*,*,#13186,.T.);
#13288 = ORIENTED_EDGE('',*,*,#13274,.T.);
#13289 = ORIENTED_EDGE('',*,*,#13290,.T.);
#13290 = EDGE_CURVE('',#13267,#13291,#13293,.T.);
#13291 = VERTEX_POINT('',#13292);
#13292 = CARTESIAN_POINT('',(170.4,-247.2,5.482050807569));
#13293 = LINE('',#13294,#13295);
#13294 = CARTESIAN_POINT('',(168.9,-247.2,4.616025403784));
#13295 = VECTOR('',#13296,1.);
#13296 = DIRECTION('',(0.866025403784,0.,0.5));
#13297 = ORIENTED_EDGE('',*,*,#13298,.F.);
#13298 = EDGE_CURVE('',#13179,#13291,#13299,.T.);
#13299 = LINE('',#13300,#13301);
#13300 = CARTESIAN_POINT('',(170.4,-249.7,5.482050807569));
#13301 = VECTOR('',#13302,1.);
#13302 = DIRECTION('',(0.,1.,0.));
#13303 = PLANE('',#13304);
#13304 = AXIS2_PLACEMENT_3D('',#13305,#13306,#13307);
#13305 = CARTESIAN_POINT('',(168.9,-249.7,4.616025403784));
#13306 = DIRECTION('',(0.5,0.,-0.866025403784));
#13307 = DIRECTION('',(0.866025403784,0.,0.5));
#13308 = ADVANCED_FACE('',(#13309),#13327,.T.);
#13309 = FACE_BOUND('',#13310,.T.);
#13310 = EDGE_LOOP('',(#13311,#13312,#13313,#13321));
#13311 = ORIENTED_EDGE('',*,*,#13178,.T.);
#13312 = ORIENTED_EDGE('',*,*,#13298,.T.);
#13313 = ORIENTED_EDGE('',*,*,#13314,.T.);
#13314 = EDGE_CURVE('',#13291,#13315,#13317,.T.);
#13315 = VERTEX_POINT('',#13316);
#13316 = CARTESIAN_POINT('',(171.9,-247.2,4.616025403784));
#13317 = LINE('',#13318,#13319);
#13318 = CARTESIAN_POINT('',(170.4,-247.2,5.482050807569));
#13319 = VECTOR('',#13320,1.);
#13320 = DIRECTION('',(0.866025403784,0.,-0.5));
#13321 = ORIENTED_EDGE('',*,*,#13322,.F.);
#13322 = EDGE_CURVE('',#13171,#13315,#13323,.T.);
#13323 = LINE('',#13324,#13325);
#13324 = CARTESIAN_POINT('',(171.9,-249.7,4.616025403784));
#13325 = VECTOR('',#13326,1.);
#13326 = DIRECTION('',(0.,1.,0.));
#13327 = PLANE('',#13328);
#13328 = AXIS2_PLACEMENT_3D('',#13329,#13330,#13331);
#13329 = CARTESIAN_POINT('',(170.4,-249.7,5.482050807569));
#13330 = DIRECTION('',(-0.5,0.,-0.866025403784));
#13331 = DIRECTION('',(0.866025403784,0.,-0.5));
#13332 = ADVANCED_FACE('',(#13333),#13351,.T.);
#13333 = FACE_BOUND('',#13334,.T.);
#13334 = EDGE_LOOP('',(#13335,#13336,#13337,#13345));
#13335 = ORIENTED_EDGE('',*,*,#13170,.T.);
#13336 = ORIENTED_EDGE('',*,*,#13322,.T.);
#13337 = ORIENTED_EDGE('',*,*,#13338,.T.);
#13338 = EDGE_CURVE('',#13315,#13339,#13341,.T.);
#13339 = VERTEX_POINT('',#13340);
#13340 = CARTESIAN_POINT('',(171.9,-247.2,2.883974596216));
#13341 = LINE('',#13342,#13343);
#13342 = CARTESIAN_POINT('',(171.9,-247.2,4.616025403784));
#13343 = VECTOR('',#13344,1.);
#13344 = DIRECTION('',(0.,0.,-1.));
#13345 = ORIENTED_EDGE('',*,*,#13346,.F.);
#13346 = EDGE_CURVE('',#13163,#13339,#13347,.T.);
#13347 = LINE('',#13348,#13349);
#13348 = CARTESIAN_POINT('',(171.9,-249.7,2.883974596216));
#13349 = VECTOR('',#13350,1.);
#13350 = DIRECTION('',(0.,1.,0.));
#13351 = PLANE('',#13352);
#13352 = AXIS2_PLACEMENT_3D('',#13353,#13354,#13355);
#13353 = CARTESIAN_POINT('',(171.9,-249.7,4.616025403784));
#13354 = DIRECTION('',(-1.,0.,0.));
#13355 = DIRECTION('',(0.,0.,-1.));
#13356 = ADVANCED_FACE('',(#13357),#13368,.T.);
#13357 = FACE_BOUND('',#13358,.T.);
#13358 = EDGE_LOOP('',(#13359,#13360,#13361,#13367));
#13359 = ORIENTED_EDGE('',*,*,#13162,.T.);
#13360 = ORIENTED_EDGE('',*,*,#13346,.T.);
#13361 = ORIENTED_EDGE('',*,*,#13362,.T.);
#13362 = EDGE_CURVE('',#13339,#13235,#13363,.T.);
#13363 = LINE('',#13364,#13365);
#13364 = CARTESIAN_POINT('',(171.9,-247.2,2.883974596216));
#13365 = VECTOR('',#13366,1.);
#13366 = DIRECTION('',(-0.866025403784,0.,-0.5));
#13367 = ORIENTED_EDGE('',*,*,#13234,.F.);
#13368 = PLANE('',#13369);
#13369 = AXIS2_PLACEMENT_3D('',#13370,#13371,#13372);
#13370 = CARTESIAN_POINT('',(171.9,-249.7,2.883974596216));
#13371 = DIRECTION('',(-0.5,0.,0.866025403784));
#13372 = DIRECTION('',(-0.866025403784,0.,-0.5));
#13373 = ADVANCED_FACE('',(#13374),#13377,.T.);
#13374 = FACE_BOUND('',#13375,.T.);
#13375 = EDGE_LOOP('',(#13376));
#13376 = ORIENTED_EDGE('',*,*,#13208,.T.);
#13377 = PLANE('',#13378);
#13378 = AXIS2_PLACEMENT_3D('',#13379,#13380,#13381);
#13379 = CARTESIAN_POINT('',(170.4,-229.6,3.75));
#13380 = DIRECTION('',(0.,1.,0.));
#13381 = DIRECTION('',(0.,-0.,1.));
#13382 = ADVANCED_FACE('',(#13383),#13391,.F.);
#13383 = FACE_BOUND('',#13384,.F.);
#13384 = EDGE_LOOP('',(#13385,#13386,#13387,#13388,#13389,#13390));
#13385 = ORIENTED_EDGE('',*,*,#13362,.T.);
#13386 = ORIENTED_EDGE('',*,*,#13242,.T.);
#13387 = ORIENTED_EDGE('',*,*,#13266,.T.);
#13388 = ORIENTED_EDGE('',*,*,#13290,.T.);
#13389 = ORIENTED_EDGE('',*,*,#13314,.T.);
#13390 = ORIENTED_EDGE('',*,*,#13338,.T.);
#13391 = PLANE('',#13392);
#13392 = AXIS2_PLACEMENT_3D('',#13393,#13394,#13395);
#13393 = CARTESIAN_POINT('',(170.4,-247.2,3.75));
#13394 = DIRECTION('',(0.,1.,0.));
#13395 = DIRECTION('',(0.,-0.,1.));
#13396 = MANIFOLD_SOLID_BREP('',#13397);
#13397 = CLOSED_SHELL('',(#13398,#13438,#13469,#13500,#13544,#13588,
    #13605,#13622,#13634));
#13398 = ADVANCED_FACE('',(#13399),#13433,.F.);
#13399 = FACE_BOUND('',#13400,.F.);
#13400 = EDGE_LOOP('',(#13401,#13411,#13419,#13427));
#13401 = ORIENTED_EDGE('',*,*,#13402,.T.);
#13402 = EDGE_CURVE('',#13403,#13405,#13407,.T.);
#13403 = VERTEX_POINT('',#13404);
#13404 = CARTESIAN_POINT('',(173.9,-238.1,1.729274057836));
#13405 = VERTEX_POINT('',#13406);
#13406 = CARTESIAN_POINT('',(173.9,-233.1,1.729274057836));
#13407 = LINE('',#13408,#13409);
#13408 = CARTESIAN_POINT('',(173.9,-238.1,1.729274057836));
#13409 = VECTOR('',#13410,1.);
#13410 = DIRECTION('',(0.,1.,0.));
#13411 = ORIENTED_EDGE('',*,*,#13412,.T.);
#13412 = EDGE_CURVE('',#13405,#13413,#13415,.T.);
#13413 = VERTEX_POINT('',#13414);
#13414 = CARTESIAN_POINT('',(170.4,-233.1,-0.291451884327));
#13415 = LINE('',#13416,#13417);
#13416 = CARTESIAN_POINT('',(173.9,-233.1,1.729274057836));
#13417 = VECTOR('',#13418,1.);
#13418 = DIRECTION('',(-0.866025403784,0.,-0.5));
#13419 = ORIENTED_EDGE('',*,*,#13420,.F.);
#13420 = EDGE_CURVE('',#13421,#13413,#13423,.T.);
#13421 = VERTEX_POINT('',#13422);
#13422 = CARTESIAN_POINT('',(170.4,-238.1,-0.291451884327));
#13423 = LINE('',#13424,#13425);
#13424 = CARTESIAN_POINT('',(170.4,-238.1,-0.291451884327));
#13425 = VECTOR('',#13426,1.);
#13426 = DIRECTION('',(0.,1.,0.));
#13427 = ORIENTED_EDGE('',*,*,#13428,.F.);
#13428 = EDGE_CURVE('',#13403,#13421,#13429,.T.);
#13429 = LINE('',#13430,#13431);
#13430 = CARTESIAN_POINT('',(173.9,-238.1,1.729274057836));
#13431 = VECTOR('',#13432,1.);
#13432 = DIRECTION('',(-0.866025403784,0.,-0.5));
#13433 = PLANE('',#13434);
#13434 = AXIS2_PLACEMENT_3D('',#13435,#13436,#13437);
#13435 = CARTESIAN_POINT('',(173.9,-238.1,1.729274057836));
#13436 = DIRECTION('',(-0.5,0.,0.866025403784));
#13437 = DIRECTION('',(-0.866025403784,0.,-0.5));
#13438 = ADVANCED_FACE('',(#13439),#13464,.F.);
#13439 = FACE_BOUND('',#13440,.F.);
#13440 = EDGE_LOOP('',(#13441,#13451,#13457,#13458));
#13441 = ORIENTED_EDGE('',*,*,#13442,.T.);
#13442 = EDGE_CURVE('',#13443,#13445,#13447,.T.);
#13443 = VERTEX_POINT('',#13444);
#13444 = CARTESIAN_POINT('',(173.9,-238.1,5.770725942164));
#13445 = VERTEX_POINT('',#13446);
#13446 = CARTESIAN_POINT('',(173.9,-233.1,5.770725942164));
#13447 = LINE('',#13448,#13449);
#13448 = CARTESIAN_POINT('',(173.9,-238.1,5.770725942164));
#13449 = VECTOR('',#13450,1.);
#13450 = DIRECTION('',(0.,1.,0.));
#13451 = ORIENTED_EDGE('',*,*,#13452,.T.);
#13452 = EDGE_CURVE('',#13445,#13405,#13453,.T.);
#13453 = LINE('',#13454,#13455);
#13454 = CARTESIAN_POINT('',(173.9,-233.1,5.770725942164));
#13455 = VECTOR('',#13456,1.);
#13456 = DIRECTION('',(0.,0.,-1.));
#13457 = ORIENTED_EDGE('',*,*,#13402,.F.);
#13458 = ORIENTED_EDGE('',*,*,#13459,.F.);
#13459 = EDGE_CURVE('',#13443,#13403,#13460,.T.);
#13460 = LINE('',#13461,#13462);
#13461 = CARTESIAN_POINT('',(173.9,-238.1,5.770725942164));
#13462 = VECTOR('',#13463,1.);
#13463 = DIRECTION('',(0.,0.,-1.));
#13464 = PLANE('',#13465);
#13465 = AXIS2_PLACEMENT_3D('',#13466,#13467,#13468);
#13466 = CARTESIAN_POINT('',(173.9,-238.1,5.770725942164));
#13467 = DIRECTION('',(-1.,0.,0.));
#13468 = DIRECTION('',(0.,0.,-1.));
#13469 = ADVANCED_FACE('',(#13470),#13495,.F.);
#13470 = FACE_BOUND('',#13471,.F.);
#13471 = EDGE_LOOP('',(#13472,#13473,#13481,#13489));
#13472 = ORIENTED_EDGE('',*,*,#13420,.T.);
#13473 = ORIENTED_EDGE('',*,*,#13474,.T.);
#13474 = EDGE_CURVE('',#13413,#13475,#13477,.T.);
#13475 = VERTEX_POINT('',#13476);
#13476 = CARTESIAN_POINT('',(166.9,-233.1,1.729274057836));
#13477 = LINE('',#13478,#13479);
#13478 = CARTESIAN_POINT('',(170.4,-233.1,-0.291451884327));
#13479 = VECTOR('',#13480,1.);
#13480 = DIRECTION('',(-0.866025403784,0.,0.5));
#13481 = ORIENTED_EDGE('',*,*,#13482,.F.);
#13482 = EDGE_CURVE('',#13483,#13475,#13485,.T.);
#13483 = VERTEX_POINT('',#13484);
#13484 = CARTESIAN_POINT('',(166.9,-238.1,1.729274057836));
#13485 = LINE('',#13486,#13487);
#13486 = CARTESIAN_POINT('',(166.9,-238.1,1.729274057836));
#13487 = VECTOR('',#13488,1.);
#13488 = DIRECTION('',(0.,1.,0.));
#13489 = ORIENTED_EDGE('',*,*,#13490,.F.);
#13490 = EDGE_CURVE('',#13421,#13483,#13491,.T.);
#13491 = LINE('',#13492,#13493);
#13492 = CARTESIAN_POINT('',(170.4,-238.1,-0.291451884327));
#13493 = VECTOR('',#13494,1.);
#13494 = DIRECTION('',(-0.866025403784,0.,0.5));
#13495 = PLANE('',#13496);
#13496 = AXIS2_PLACEMENT_3D('',#13497,#13498,#13499);
#13497 = CARTESIAN_POINT('',(170.4,-238.1,-0.291451884327));
#13498 = DIRECTION('',(0.5,-0.,0.866025403784));
#13499 = DIRECTION('',(-0.866025403784,0.,0.5));
#13500 = ADVANCED_FACE('',(#13501,#13528),#13539,.F.);
#13501 = FACE_BOUND('',#13502,.F.);
#13502 = EDGE_LOOP('',(#13503,#13504,#13505,#13513,#13521,#13527));
#13503 = ORIENTED_EDGE('',*,*,#13428,.T.);
#13504 = ORIENTED_EDGE('',*,*,#13490,.T.);
#13505 = ORIENTED_EDGE('',*,*,#13506,.T.);
#13506 = EDGE_CURVE('',#13483,#13507,#13509,.T.);
#13507 = VERTEX_POINT('',#13508);
#13508 = CARTESIAN_POINT('',(166.9,-238.1,5.770725942164));
#13509 = LINE('',#13510,#13511);
#13510 = CARTESIAN_POINT('',(166.9,-238.1,1.729274057836));
#13511 = VECTOR('',#13512,1.);
#13512 = DIRECTION('',(0.,0.,1.));
#13513 = ORIENTED_EDGE('',*,*,#13514,.T.);
#13514 = EDGE_CURVE('',#13507,#13515,#13517,.T.);
#13515 = VERTEX_POINT('',#13516);
#13516 = CARTESIAN_POINT('',(170.4,-238.1,7.791451884327));
#13517 = LINE('',#13518,#13519);
#13518 = CARTESIAN_POINT('',(166.9,-238.1,5.770725942164));
#13519 = VECTOR('',#13520,1.);
#13520 = DIRECTION('',(0.866025403784,0.,0.5));
#13521 = ORIENTED_EDGE('',*,*,#13522,.T.);
#13522 = EDGE_CURVE('',#13515,#13443,#13523,.T.);
#13523 = LINE('',#13524,#13525);
#13524 = CARTESIAN_POINT('',(170.4,-238.1,7.791451884327));
#13525 = VECTOR('',#13526,1.);
#13526 = DIRECTION('',(0.866025403784,0.,-0.5));
#13527 = ORIENTED_EDGE('',*,*,#13459,.T.);
#13528 = FACE_BOUND('',#13529,.F.);
#13529 = EDGE_LOOP('',(#13530));
#13530 = ORIENTED_EDGE('',*,*,#13531,.F.);
#13531 = EDGE_CURVE('',#13532,#13532,#13534,.T.);
#13532 = VERTEX_POINT('',#13533);
#13533 = CARTESIAN_POINT('',(170.4,-238.1,5.75));
#13534 = CIRCLE('',#13535,2.);
#13535 = AXIS2_PLACEMENT_3D('',#13536,#13537,#13538);
#13536 = CARTESIAN_POINT('',(170.4,-238.1,3.75));
#13537 = DIRECTION('',(0.,1.,0.));
#13538 = DIRECTION('',(0.,-0.,1.));
#13539 = PLANE('',#13540);
#13540 = AXIS2_PLACEMENT_3D('',#13541,#13542,#13543);
#13541 = CARTESIAN_POINT('',(170.4,-238.1,3.75));
#13542 = DIRECTION('',(0.,1.,0.));
#13543 = DIRECTION('',(0.,-0.,1.));
#13544 = ADVANCED_FACE('',(#13545,#13572),#13583,.T.);
#13545 = FACE_BOUND('',#13546,.T.);
#13546 = EDGE_LOOP('',(#13547,#13548,#13549,#13557,#13565,#13571));
#13547 = ORIENTED_EDGE('',*,*,#13412,.T.);
#13548 = ORIENTED_EDGE('',*,*,#13474,.T.);
#13549 = ORIENTED_EDGE('',*,*,#13550,.T.);
#13550 = EDGE_CURVE('',#13475,#13551,#13553,.T.);
#13551 = VERTEX_POINT('',#13552);
#13552 = CARTESIAN_POINT('',(166.9,-233.1,5.770725942164));
#13553 = LINE('',#13554,#13555);
#13554 = CARTESIAN_POINT('',(166.9,-233.1,1.729274057836));
#13555 = VECTOR('',#13556,1.);
#13556 = DIRECTION('',(0.,0.,1.));
#13557 = ORIENTED_EDGE('',*,*,#13558,.T.);
#13558 = EDGE_CURVE('',#13551,#13559,#13561,.T.);
#13559 = VERTEX_POINT('',#13560);
#13560 = CARTESIAN_POINT('',(170.4,-233.1,7.791451884327));
#13561 = LINE('',#13562,#13563);
#13562 = CARTESIAN_POINT('',(166.9,-233.1,5.770725942164));
#13563 = VECTOR('',#13564,1.);
#13564 = DIRECTION('',(0.866025403784,0.,0.5));
#13565 = ORIENTED_EDGE('',*,*,#13566,.T.);
#13566 = EDGE_CURVE('',#13559,#13445,#13567,.T.);
#13567 = LINE('',#13568,#13569);
#13568 = CARTESIAN_POINT('',(170.4,-233.1,7.791451884327));
#13569 = VECTOR('',#13570,1.);
#13570 = DIRECTION('',(0.866025403784,0.,-0.5));
#13571 = ORIENTED_EDGE('',*,*,#13452,.T.);
#13572 = FACE_BOUND('',#13573,.T.);
#13573 = EDGE_LOOP('',(#13574));
#13574 = ORIENTED_EDGE('',*,*,#13575,.F.);
#13575 = EDGE_CURVE('',#13576,#13576,#13578,.T.);
#13576 = VERTEX_POINT('',#13577);
#13577 = CARTESIAN_POINT('',(170.4,-233.1,5.75));
#13578 = CIRCLE('',#13579,2.);
#13579 = AXIS2_PLACEMENT_3D('',#13580,#13581,#13582);
#13580 = CARTESIAN_POINT('',(170.4,-233.1,3.75));
#13581 = DIRECTION('',(0.,1.,0.));
#13582 = DIRECTION('',(0.,-0.,1.));
#13583 = PLANE('',#13584);
#13584 = AXIS2_PLACEMENT_3D('',#13585,#13586,#13587);
#13585 = CARTESIAN_POINT('',(170.4,-233.1,3.75));
#13586 = DIRECTION('',(0.,1.,0.));
#13587 = DIRECTION('',(0.,-0.,1.));
#13588 = ADVANCED_FACE('',(#13589),#13600,.F.);
#13589 = FACE_BOUND('',#13590,.F.);
#13590 = EDGE_LOOP('',(#13591,#13597,#13598,#13599));
#13591 = ORIENTED_EDGE('',*,*,#13592,.T.);
#13592 = EDGE_CURVE('',#13515,#13559,#13593,.T.);
#13593 = LINE('',#13594,#13595);
#13594 = CARTESIAN_POINT('',(170.4,-238.1,7.791451884327));
#13595 = VECTOR('',#13596,1.);
#13596 = DIRECTION('',(0.,1.,0.));
#13597 = ORIENTED_EDGE('',*,*,#13566,.T.);
#13598 = ORIENTED_EDGE('',*,*,#13442,.F.);
#13599 = ORIENTED_EDGE('',*,*,#13522,.F.);
#13600 = PLANE('',#13601);
#13601 = AXIS2_PLACEMENT_3D('',#13602,#13603,#13604);
#13602 = CARTESIAN_POINT('',(170.4,-238.1,7.791451884327));
#13603 = DIRECTION('',(-0.5,0.,-0.866025403784));
#13604 = DIRECTION('',(0.866025403784,0.,-0.5));
#13605 = ADVANCED_FACE('',(#13606),#13617,.F.);
#13606 = FACE_BOUND('',#13607,.F.);
#13607 = EDGE_LOOP('',(#13608,#13609,#13610,#13616));
#13608 = ORIENTED_EDGE('',*,*,#13482,.T.);
#13609 = ORIENTED_EDGE('',*,*,#13550,.T.);
#13610 = ORIENTED_EDGE('',*,*,#13611,.F.);
#13611 = EDGE_CURVE('',#13507,#13551,#13612,.T.);
#13612 = LINE('',#13613,#13614);
#13613 = CARTESIAN_POINT('',(166.9,-238.1,5.770725942164));
#13614 = VECTOR('',#13615,1.);
#13615 = DIRECTION('',(0.,1.,0.));
#13616 = ORIENTED_EDGE('',*,*,#13506,.F.);
#13617 = PLANE('',#13618);
#13618 = AXIS2_PLACEMENT_3D('',#13619,#13620,#13621);
#13619 = CARTESIAN_POINT('',(166.9,-238.1,1.729274057836));
#13620 = DIRECTION('',(1.,0.,0.));
#13621 = DIRECTION('',(0.,0.,1.));
#13622 = ADVANCED_FACE('',(#13623),#13629,.F.);
#13623 = FACE_BOUND('',#13624,.F.);
#13624 = EDGE_LOOP('',(#13625,#13626,#13627,#13628));
#13625 = ORIENTED_EDGE('',*,*,#13611,.T.);
#13626 = ORIENTED_EDGE('',*,*,#13558,.T.);
#13627 = ORIENTED_EDGE('',*,*,#13592,.F.);
#13628 = ORIENTED_EDGE('',*,*,#13514,.F.);
#13629 = PLANE('',#13630);
#13630 = AXIS2_PLACEMENT_3D('',#13631,#13632,#13633);
#13631 = CARTESIAN_POINT('',(166.9,-238.1,5.770725942164));
#13632 = DIRECTION('',(0.5,0.,-0.866025403784));
#13633 = DIRECTION('',(0.866025403784,0.,0.5));
#13634 = ADVANCED_FACE('',(#13635),#13646,.F.);
#13635 = FACE_BOUND('',#13636,.F.);
#13636 = EDGE_LOOP('',(#13637,#13638,#13644,#13645));
#13637 = ORIENTED_EDGE('',*,*,#13575,.F.);
#13638 = ORIENTED_EDGE('',*,*,#13639,.F.);
#13639 = EDGE_CURVE('',#13532,#13576,#13640,.T.);
#13640 = LINE('',#13641,#13642);
#13641 = CARTESIAN_POINT('',(170.4,-239.1,5.75));
#13642 = VECTOR('',#13643,1.);
#13643 = DIRECTION('',(0.,1.,0.));
#13644 = ORIENTED_EDGE('',*,*,#13531,.T.);
#13645 = ORIENTED_EDGE('',*,*,#13639,.T.);
#13646 = CYLINDRICAL_SURFACE('',#13647,2.);
#13647 = AXIS2_PLACEMENT_3D('',#13648,#13649,#13650);
#13648 = CARTESIAN_POINT('',(170.4,-239.1,3.75));
#13649 = DIRECTION('',(0.,1.,0.));
#13650 = DIRECTION('',(0.,-0.,1.));
#13651 = MANIFOLD_SOLID_BREP('',#13652);
#13652 = CLOSED_SHELL('',(#13653,#13686,#13750,#13814,#13831,#13848,
    #13865,#13882));
#13653 = ADVANCED_FACE('',(#13654),#13681,.T.);
#13654 = FACE_BOUND('',#13655,.T.);
#13655 = EDGE_LOOP('',(#13656,#13665,#13673,#13680));
#13656 = ORIENTED_EDGE('',*,*,#13657,.F.);
#13657 = EDGE_CURVE('',#13658,#13658,#13660,.T.);
#13658 = VERTEX_POINT('',#13659);
#13659 = CARTESIAN_POINT('',(185.,-259.4,11.25));
#13660 = CIRCLE('',#13661,12.5);
#13661 = AXIS2_PLACEMENT_3D('',#13662,#13663,#13664);
#13662 = CARTESIAN_POINT('',(185.,-259.4,-1.25));
#13663 = DIRECTION('',(0.,-1.,0.));
#13664 = DIRECTION('',(0.,0.,1.));
#13665 = ORIENTED_EDGE('',*,*,#13666,.F.);
#13666 = EDGE_CURVE('',#13667,#13658,#13669,.T.);
#13667 = VERTEX_POINT('',#13668);
#13668 = CARTESIAN_POINT('',(185.,-256.1,11.25));
#13669 = LINE('',#13670,#13671);
#13670 = CARTESIAN_POINT('',(185.,-256.1,11.25));
#13671 = VECTOR('',#13672,1.);
#13672 = DIRECTION('',(0.,-1.,0.));
#13673 = ORIENTED_EDGE('',*,*,#13674,.T.);
#13674 = EDGE_CURVE('',#13667,#13667,#13675,.T.);
#13675 = CIRCLE('',#13676,12.5);
#13676 = AXIS2_PLACEMENT_3D('',#13677,#13678,#13679);
#13677 = CARTESIAN_POINT('',(185.,-256.1,-1.25));
#13678 = DIRECTION('',(0.,-1.,0.));
#13679 = DIRECTION('',(0.,0.,1.));
#13680 = ORIENTED_EDGE('',*,*,#13666,.T.);
#13681 = CYLINDRICAL_SURFACE('',#13682,12.5);
#13682 = AXIS2_PLACEMENT_3D('',#13683,#13684,#13685);
#13683 = CARTESIAN_POINT('',(185.,-256.1,-1.25));
#13684 = DIRECTION('',(0.,-1.,0.));
#13685 = DIRECTION('',(0.,0.,1.));
#13686 = ADVANCED_FACE('',(#13687,#13690,#13701,#13712,#13723,#13734),
  #13745,.T.);
#13687 = FACE_BOUND('',#13688,.T.);
#13688 = EDGE_LOOP('',(#13689));
#13689 = ORIENTED_EDGE('',*,*,#13657,.T.);
#13690 = FACE_BOUND('',#13691,.T.);
#13691 = EDGE_LOOP('',(#13692));
#13692 = ORIENTED_EDGE('',*,*,#13693,.F.);
#13693 = EDGE_CURVE('',#13694,#13694,#13696,.T.);
#13694 = VERTEX_POINT('',#13695);
#13695 = CARTESIAN_POINT('',(191.01040764008,-259.4,-5.760407640086));
#13696 = CIRCLE('',#13697,1.5);
#13697 = AXIS2_PLACEMENT_3D('',#13698,#13699,#13700);
#13698 = CARTESIAN_POINT('',(191.01040764008,-259.4,-7.260407640086));
#13699 = DIRECTION('',(0.,-1.,0.));
#13700 = DIRECTION('',(0.,0.,1.));
#13701 = FACE_BOUND('',#13702,.T.);
#13702 = EDGE_LOOP('',(#13703));
#13703 = ORIENTED_EDGE('',*,*,#13704,.F.);
#13704 = EDGE_CURVE('',#13705,#13705,#13707,.T.);
#13705 = VERTEX_POINT('',#13706);
#13706 = CARTESIAN_POINT('',(191.01040764008,-259.4,6.260407640086));
#13707 = CIRCLE('',#13708,1.5);
#13708 = AXIS2_PLACEMENT_3D('',#13709,#13710,#13711);
#13709 = CARTESIAN_POINT('',(191.01040764008,-259.4,4.760407640086));
#13710 = DIRECTION('',(0.,-1.,0.));
#13711 = DIRECTION('',(0.,0.,1.));
#13712 = FACE_BOUND('',#13713,.T.);
#13713 = EDGE_LOOP('',(#13714));
#13714 = ORIENTED_EDGE('',*,*,#13715,.F.);
#13715 = EDGE_CURVE('',#13716,#13716,#13718,.T.);
#13716 = VERTEX_POINT('',#13717);
#13717 = CARTESIAN_POINT('',(178.98959235991,-259.4,-5.760407640086));
#13718 = CIRCLE('',#13719,1.5);
#13719 = AXIS2_PLACEMENT_3D('',#13720,#13721,#13722);
#13720 = CARTESIAN_POINT('',(178.98959235991,-259.4,-7.260407640086));
#13721 = DIRECTION('',(0.,-1.,0.));
#13722 = DIRECTION('',(0.,0.,1.));
#13723 = FACE_BOUND('',#13724,.T.);
#13724 = EDGE_LOOP('',(#13725));
#13725 = ORIENTED_EDGE('',*,*,#13726,.F.);
#13726 = EDGE_CURVE('',#13727,#13727,#13729,.T.);
#13727 = VERTEX_POINT('',#13728);
#13728 = CARTESIAN_POINT('',(185.,-259.4,1.75));
#13729 = CIRCLE('',#13730,3.);
#13730 = AXIS2_PLACEMENT_3D('',#13731,#13732,#13733);
#13731 = CARTESIAN_POINT('',(185.,-259.4,-1.25));
#13732 = DIRECTION('',(0.,-1.,0.));
#13733 = DIRECTION('',(0.,0.,1.));
#13734 = FACE_BOUND('',#13735,.T.);
#13735 = EDGE_LOOP('',(#13736));
#13736 = ORIENTED_EDGE('',*,*,#13737,.F.);
#13737 = EDGE_CURVE('',#13738,#13738,#13740,.T.);
#13738 = VERTEX_POINT('',#13739);
#13739 = CARTESIAN_POINT('',(178.98959235991,-259.4,6.260407640086));
#13740 = CIRCLE('',#13741,1.5);
#13741 = AXIS2_PLACEMENT_3D('',#13742,#13743,#13744);
#13742 = CARTESIAN_POINT('',(178.98959235991,-259.4,4.760407640086));
#13743 = DIRECTION('',(0.,-1.,0.));
#13744 = DIRECTION('',(0.,0.,1.));
#13745 = PLANE('',#13746);
#13746 = AXIS2_PLACEMENT_3D('',#13747,#13748,#13749);
#13747 = CARTESIAN_POINT('',(185.,-259.4,-1.25));
#13748 = DIRECTION('',(0.,-1.,0.));
#13749 = DIRECTION('',(0.,0.,1.));
#13750 = ADVANCED_FACE('',(#13751,#13754,#13765,#13776,#13787,#13798),
  #13809,.F.);
#13751 = FACE_BOUND('',#13752,.F.);
#13752 = EDGE_LOOP('',(#13753));
#13753 = ORIENTED_EDGE('',*,*,#13674,.T.);
#13754 = FACE_BOUND('',#13755,.F.);
#13755 = EDGE_LOOP('',(#13756));
#13756 = ORIENTED_EDGE('',*,*,#13757,.F.);
#13757 = EDGE_CURVE('',#13758,#13758,#13760,.T.);
#13758 = VERTEX_POINT('',#13759);
#13759 = CARTESIAN_POINT('',(191.01040764008,-256.1,-5.760407640086));
#13760 = CIRCLE('',#13761,1.5);
#13761 = AXIS2_PLACEMENT_3D('',#13762,#13763,#13764);
#13762 = CARTESIAN_POINT('',(191.01040764008,-256.1,-7.260407640086));
#13763 = DIRECTION('',(0.,-1.,0.));
#13764 = DIRECTION('',(0.,0.,1.));
#13765 = FACE_BOUND('',#13766,.F.);
#13766 = EDGE_LOOP('',(#13767));
#13767 = ORIENTED_EDGE('',*,*,#13768,.F.);
#13768 = EDGE_CURVE('',#13769,#13769,#13771,.T.);
#13769 = VERTEX_POINT('',#13770);
#13770 = CARTESIAN_POINT('',(191.01040764008,-256.1,6.260407640086));
#13771 = CIRCLE('',#13772,1.5);
#13772 = AXIS2_PLACEMENT_3D('',#13773,#13774,#13775);
#13773 = CARTESIAN_POINT('',(191.01040764008,-256.1,4.760407640086));
#13774 = DIRECTION('',(0.,-1.,0.));
#13775 = DIRECTION('',(0.,0.,1.));
#13776 = FACE_BOUND('',#13777,.F.);
#13777 = EDGE_LOOP('',(#13778));
#13778 = ORIENTED_EDGE('',*,*,#13779,.F.);
#13779 = EDGE_CURVE('',#13780,#13780,#13782,.T.);
#13780 = VERTEX_POINT('',#13781);
#13781 = CARTESIAN_POINT('',(178.98959235991,-256.1,-5.760407640086));
#13782 = CIRCLE('',#13783,1.5);
#13783 = AXIS2_PLACEMENT_3D('',#13784,#13785,#13786);
#13784 = CARTESIAN_POINT('',(178.98959235991,-256.1,-7.260407640086));
#13785 = DIRECTION('',(0.,-1.,0.));
#13786 = DIRECTION('',(0.,0.,1.));
#13787 = FACE_BOUND('',#13788,.F.);
#13788 = EDGE_LOOP('',(#13789));
#13789 = ORIENTED_EDGE('',*,*,#13790,.F.);
#13790 = EDGE_CURVE('',#13791,#13791,#13793,.T.);
#13791 = VERTEX_POINT('',#13792);
#13792 = CARTESIAN_POINT('',(185.,-256.1,1.75));
#13793 = CIRCLE('',#13794,3.);
#13794 = AXIS2_PLACEMENT_3D('',#13795,#13796,#13797);
#13795 = CARTESIAN_POINT('',(185.,-256.1,-1.25));
#13796 = DIRECTION('',(0.,-1.,0.));
#13797 = DIRECTION('',(0.,0.,1.));
#13798 = FACE_BOUND('',#13799,.F.);
#13799 = EDGE_LOOP('',(#13800));
#13800 = ORIENTED_EDGE('',*,*,#13801,.F.);
#13801 = EDGE_CURVE('',#13802,#13802,#13804,.T.);
#13802 = VERTEX_POINT('',#13803);
#13803 = CARTESIAN_POINT('',(178.98959235991,-256.1,6.260407640086));
#13804 = CIRCLE('',#13805,1.5);
#13805 = AXIS2_PLACEMENT_3D('',#13806,#13807,#13808);
#13806 = CARTESIAN_POINT('',(178.98959235991,-256.1,4.760407640086));
#13807 = DIRECTION('',(0.,-1.,0.));
#13808 = DIRECTION('',(0.,0.,1.));
#13809 = PLANE('',#13810);
#13810 = AXIS2_PLACEMENT_3D('',#13811,#13812,#13813);
#13811 = CARTESIAN_POINT('',(185.,-256.1,-1.25));
#13812 = DIRECTION('',(0.,-1.,0.));
#13813 = DIRECTION('',(0.,0.,1.));
#13814 = ADVANCED_FACE('',(#13815),#13826,.F.);
#13815 = FACE_BOUND('',#13816,.F.);
#13816 = EDGE_LOOP('',(#13817,#13818,#13824,#13825));
#13817 = ORIENTED_EDGE('',*,*,#13693,.F.);
#13818 = ORIENTED_EDGE('',*,*,#13819,.F.);
#13819 = EDGE_CURVE('',#13758,#13694,#13820,.T.);
#13820 = LINE('',#13821,#13822);
#13821 = CARTESIAN_POINT('',(191.01040764008,-255.1,-5.760407640086));
#13822 = VECTOR('',#13823,1.);
#13823 = DIRECTION('',(0.,-1.,0.));
#13824 = ORIENTED_EDGE('',*,*,#13757,.T.);
#13825 = ORIENTED_EDGE('',*,*,#13819,.T.);
#13826 = CYLINDRICAL_SURFACE('',#13827,1.5);
#13827 = AXIS2_PLACEMENT_3D('',#13828,#13829,#13830);
#13828 = CARTESIAN_POINT('',(191.01040764008,-255.1,-7.260407640086));
#13829 = DIRECTION('',(0.,-1.,0.));
#13830 = DIRECTION('',(0.,0.,1.));
#13831 = ADVANCED_FACE('',(#13832),#13843,.F.);
#13832 = FACE_BOUND('',#13833,.F.);
#13833 = EDGE_LOOP('',(#13834,#13835,#13841,#13842));
#13834 = ORIENTED_EDGE('',*,*,#13704,.F.);
#13835 = ORIENTED_EDGE('',*,*,#13836,.F.);
#13836 = EDGE_CURVE('',#13769,#13705,#13837,.T.);
#13837 = LINE('',#13838,#13839);
#13838 = CARTESIAN_POINT('',(191.01040764008,-255.1,6.260407640086));
#13839 = VECTOR('',#13840,1.);
#13840 = DIRECTION('',(0.,-1.,0.));
#13841 = ORIENTED_EDGE('',*,*,#13768,.T.);
#13842 = ORIENTED_EDGE('',*,*,#13836,.T.);
#13843 = CYLINDRICAL_SURFACE('',#13844,1.5);
#13844 = AXIS2_PLACEMENT_3D('',#13845,#13846,#13847);
#13845 = CARTESIAN_POINT('',(191.01040764008,-255.1,4.760407640086));
#13846 = DIRECTION('',(0.,-1.,0.));
#13847 = DIRECTION('',(0.,0.,1.));
#13848 = ADVANCED_FACE('',(#13849),#13860,.F.);
#13849 = FACE_BOUND('',#13850,.F.);
#13850 = EDGE_LOOP('',(#13851,#13852,#13858,#13859));
#13851 = ORIENTED_EDGE('',*,*,#13715,.F.);
#13852 = ORIENTED_EDGE('',*,*,#13853,.F.);
#13853 = EDGE_CURVE('',#13780,#13716,#13854,.T.);
#13854 = LINE('',#13855,#13856);
#13855 = CARTESIAN_POINT('',(178.98959235991,-255.1,-5.760407640086));
#13856 = VECTOR('',#13857,1.);
#13857 = DIRECTION('',(0.,-1.,0.));
#13858 = ORIENTED_EDGE('',*,*,#13779,.T.);
#13859 = ORIENTED_EDGE('',*,*,#13853,.T.);
#13860 = CYLINDRICAL_SURFACE('',#13861,1.5);
#13861 = AXIS2_PLACEMENT_3D('',#13862,#13863,#13864);
#13862 = CARTESIAN_POINT('',(178.98959235991,-255.1,-7.260407640086));
#13863 = DIRECTION('',(0.,-1.,0.));
#13864 = DIRECTION('',(0.,0.,1.));
#13865 = ADVANCED_FACE('',(#13866),#13877,.F.);
#13866 = FACE_BOUND('',#13867,.F.);
#13867 = EDGE_LOOP('',(#13868,#13869,#13875,#13876));
#13868 = ORIENTED_EDGE('',*,*,#13726,.F.);
#13869 = ORIENTED_EDGE('',*,*,#13870,.F.);
#13870 = EDGE_CURVE('',#13791,#13727,#13871,.T.);
#13871 = LINE('',#13872,#13873);
#13872 = CARTESIAN_POINT('',(185.,-255.1,1.75));
#13873 = VECTOR('',#13874,1.);
#13874 = DIRECTION('',(0.,-1.,0.));
#13875 = ORIENTED_EDGE('',*,*,#13790,.T.);
#13876 = ORIENTED_EDGE('',*,*,#13870,.T.);
#13877 = CYLINDRICAL_SURFACE('',#13878,3.);
#13878 = AXIS2_PLACEMENT_3D('',#13879,#13880,#13881);
#13879 = CARTESIAN_POINT('',(185.,-255.1,-1.25));
#13880 = DIRECTION('',(0.,-1.,0.));
#13881 = DIRECTION('',(0.,0.,1.));
#13882 = ADVANCED_FACE('',(#13883),#13894,.F.);
#13883 = FACE_BOUND('',#13884,.F.);
#13884 = EDGE_LOOP('',(#13885,#13886,#13892,#13893));
#13885 = ORIENTED_EDGE('',*,*,#13737,.F.);
#13886 = ORIENTED_EDGE('',*,*,#13887,.F.);
#13887 = EDGE_CURVE('',#13802,#13738,#13888,.T.);
#13888 = LINE('',#13889,#13890);
#13889 = CARTESIAN_POINT('',(178.98959235991,-255.1,6.260407640086));
#13890 = VECTOR('',#13891,1.);
#13891 = DIRECTION('',(0.,-1.,0.));
#13892 = ORIENTED_EDGE('',*,*,#13801,.T.);
#13893 = ORIENTED_EDGE('',*,*,#13887,.T.);
#13894 = CYLINDRICAL_SURFACE('',#13895,1.5);
#13895 = AXIS2_PLACEMENT_3D('',#13896,#13897,#13898);
#13896 = CARTESIAN_POINT('',(178.98959235991,-255.1,4.760407640086));
#13897 = DIRECTION('',(0.,-1.,0.));
#13898 = DIRECTION('',(0.,0.,1.));
#13899 = MANIFOLD_SOLID_BREP('',#13900);
#13900 = CLOSED_SHELL('',(#13901,#13934,#13954,#14013,#14038,#14069,
    #14093,#14117,#14141,#14165,#14182,#14191));
#13901 = ADVANCED_FACE('',(#13902),#13929,.T.);
#13902 = FACE_BOUND('',#13903,.T.);
#13903 = EDGE_LOOP('',(#13904,#13913,#13921,#13928));
#13904 = ORIENTED_EDGE('',*,*,#13905,.F.);
#13905 = EDGE_CURVE('',#13906,#13906,#13908,.T.);
#13906 = VERTEX_POINT('',#13907);
#13907 = CARTESIAN_POINT('',(185.,-259.4,-4.));
#13908 = CIRCLE('',#13909,2.75);
#13909 = AXIS2_PLACEMENT_3D('',#13910,#13911,#13912);
#13910 = CARTESIAN_POINT('',(185.,-259.4,-1.25));
#13911 = DIRECTION('',(0.,1.,0.));
#13912 = DIRECTION('',(-0.,0.,-1.));
#13913 = ORIENTED_EDGE('',*,*,#13914,.F.);
#13914 = EDGE_CURVE('',#13915,#13906,#13917,.T.);
#13915 = VERTEX_POINT('',#13916);
#13916 = CARTESIAN_POINT('',(185.,-262.4,-4.));
#13917 = LINE('',#13918,#13919);
#13918 = CARTESIAN_POINT('',(185.,-262.4,-4.));
#13919 = VECTOR('',#13920,1.);
#13920 = DIRECTION('',(0.,1.,0.));
#13921 = ORIENTED_EDGE('',*,*,#13922,.T.);
#13922 = EDGE_CURVE('',#13915,#13915,#13923,.T.);
#13923 = CIRCLE('',#13924,2.75);
#13924 = AXIS2_PLACEMENT_3D('',#13925,#13926,#13927);
#13925 = CARTESIAN_POINT('',(185.,-262.4,-1.25));
#13926 = DIRECTION('',(0.,1.,0.));
#13927 = DIRECTION('',(-0.,0.,-1.));
#13928 = ORIENTED_EDGE('',*,*,#13914,.T.);
#13929 = CYLINDRICAL_SURFACE('',#13930,2.75);
#13930 = AXIS2_PLACEMENT_3D('',#13931,#13932,#13933);
#13931 = CARTESIAN_POINT('',(185.,-262.4,-1.25));
#13932 = DIRECTION('',(0.,1.,0.));
#13933 = DIRECTION('',(-0.,0.,-1.));
#13934 = ADVANCED_FACE('',(#13935,#13938),#13949,.T.);
#13935 = FACE_BOUND('',#13936,.T.);
#13936 = EDGE_LOOP('',(#13937));
#13937 = ORIENTED_EDGE('',*,*,#13905,.T.);
#13938 = FACE_BOUND('',#13939,.T.);
#13939 = EDGE_LOOP('',(#13940));
#13940 = ORIENTED_EDGE('',*,*,#13941,.F.);
#13941 = EDGE_CURVE('',#13942,#13942,#13944,.T.);
#13942 = VERTEX_POINT('',#13943);
#13943 = CARTESIAN_POINT('',(185.,-259.4,-2.75));
#13944 = CIRCLE('',#13945,1.5);
#13945 = AXIS2_PLACEMENT_3D('',#13946,#13947,#13948);
#13946 = CARTESIAN_POINT('',(185.,-259.4,-1.25));
#13947 = DIRECTION('',(0.,1.,0.));
#13948 = DIRECTION('',(-0.,0.,-1.));
#13949 = PLANE('',#13950);
#13950 = AXIS2_PLACEMENT_3D('',#13951,#13952,#13953);
#13951 = CARTESIAN_POINT('',(185.,-259.4,-1.25));
#13952 = DIRECTION('',(0.,1.,0.));
#13953 = DIRECTION('',(-0.,0.,-1.));
#13954 = ADVANCED_FACE('',(#13955,#13958),#14008,.F.);
#13955 = FACE_BOUND('',#13956,.F.);
#13956 = EDGE_LOOP('',(#13957));
#13957 = ORIENTED_EDGE('',*,*,#13922,.T.);
#13958 = FACE_BOUND('',#13959,.F.);
#13959 = EDGE_LOOP('',(#13960,#13970,#13978,#13986,#13994,#14002));
#13960 = ORIENTED_EDGE('',*,*,#13961,.T.);
#13961 = EDGE_CURVE('',#13962,#13964,#13966,.T.);
#13962 = VERTEX_POINT('',#13963);
#13963 = CARTESIAN_POINT('',(185.72168783648,-262.4,-2.5));
#13964 = VERTEX_POINT('',#13965);
#13965 = CARTESIAN_POINT('',(186.44337567297,-262.4,-1.25));
#13966 = LINE('',#13967,#13968);
#13967 = CARTESIAN_POINT('',(186.26295371385,-262.4,-1.5625));
#13968 = VECTOR('',#13969,1.);
#13969 = DIRECTION('',(0.5,0.,0.866025403784));
#13970 = ORIENTED_EDGE('',*,*,#13971,.T.);
#13971 = EDGE_CURVE('',#13964,#13972,#13974,.T.);
#13972 = VERTEX_POINT('',#13973);
#13973 = CARTESIAN_POINT('',(185.72168783648,-262.4,2.22044604925E-16));
#13974 = LINE('',#13975,#13976);
#13975 = CARTESIAN_POINT('',(185.9021097956,-262.4,-0.3125));
#13976 = VECTOR('',#13977,1.);
#13977 = DIRECTION('',(-0.5,0.,0.866025403784));
#13978 = ORIENTED_EDGE('',*,*,#13979,.T.);
#13979 = EDGE_CURVE('',#13972,#13980,#13982,.T.);
#13980 = VERTEX_POINT('',#13981);
#13981 = CARTESIAN_POINT('',(184.27831216351,-262.4,-2.22044604925E-16)
  );
#13982 = LINE('',#13983,#13984);
#13983 = CARTESIAN_POINT('',(184.63915608175,-262.4,0.));
#13984 = VECTOR('',#13985,1.);
#13985 = DIRECTION('',(-1.,0.,-3.076740298214E-16));
#13986 = ORIENTED_EDGE('',*,*,#13987,.T.);
#13987 = EDGE_CURVE('',#13980,#13988,#13990,.T.);
#13988 = VERTEX_POINT('',#13989);
#13989 = CARTESIAN_POINT('',(183.55662432702,-262.4,-1.25));
#13990 = LINE('',#13991,#13992);
#13991 = CARTESIAN_POINT('',(183.73704628614,-262.4,-0.9375));
#13992 = VECTOR('',#13993,1.);
#13993 = DIRECTION('',(-0.5,0.,-0.866025403784));
#13994 = ORIENTED_EDGE('',*,*,#13995,.T.);
#13995 = EDGE_CURVE('',#13988,#13996,#13998,.T.);
#13996 = VERTEX_POINT('',#13997);
#13997 = CARTESIAN_POINT('',(184.27831216351,-262.4,-2.5));
#13998 = LINE('',#13999,#14000);
#13999 = CARTESIAN_POINT('',(184.09789020439,-262.4,-2.1875));
#14000 = VECTOR('',#14001,1.);
#14001 = DIRECTION('',(0.5,0.,-0.866025403784));
#14002 = ORIENTED_EDGE('',*,*,#14003,.T.);
#14003 = EDGE_CURVE('',#13996,#13962,#14004,.T.);
#14004 = LINE('',#14005,#14006);
#14005 = CARTESIAN_POINT('',(185.36084391824,-262.4,-2.5));
#14006 = VECTOR('',#14007,1.);
#14007 = DIRECTION('',(1.,0.,-1.538370149107E-16));
#14008 = PLANE('',#14009);
#14009 = AXIS2_PLACEMENT_3D('',#14010,#14011,#14012);
#14010 = CARTESIAN_POINT('',(185.,-262.4,-1.25));
#14011 = DIRECTION('',(0.,1.,0.));
#14012 = DIRECTION('',(-0.,0.,-1.));
#14013 = ADVANCED_FACE('',(#14014),#14033,.T.);
#14014 = FACE_BOUND('',#14015,.T.);
#14015 = EDGE_LOOP('',(#14016,#14025,#14031,#14032));
#14016 = ORIENTED_EDGE('',*,*,#14017,.F.);
#14017 = EDGE_CURVE('',#14018,#14018,#14020,.T.);
#14018 = VERTEX_POINT('',#14019);
#14019 = CARTESIAN_POINT('',(185.,-254.4,-2.75));
#14020 = CIRCLE('',#14021,1.5);
#14021 = AXIS2_PLACEMENT_3D('',#14022,#14023,#14024);
#14022 = CARTESIAN_POINT('',(185.,-254.4,-1.25));
#14023 = DIRECTION('',(0.,1.,0.));
#14024 = DIRECTION('',(-0.,0.,-1.));
#14025 = ORIENTED_EDGE('',*,*,#14026,.F.);
#14026 = EDGE_CURVE('',#13942,#14018,#14027,.T.);
#14027 = LINE('',#14028,#14029);
#14028 = CARTESIAN_POINT('',(185.,-259.4,-2.75));
#14029 = VECTOR('',#14030,1.);
#14030 = DIRECTION('',(0.,1.,0.));
#14031 = ORIENTED_EDGE('',*,*,#13941,.T.);
#14032 = ORIENTED_EDGE('',*,*,#14026,.T.);
#14033 = CYLINDRICAL_SURFACE('',#14034,1.5);
#14034 = AXIS2_PLACEMENT_3D('',#14035,#14036,#14037);
#14035 = CARTESIAN_POINT('',(185.,-259.4,-1.25));
#14036 = DIRECTION('',(0.,1.,0.));
#14037 = DIRECTION('',(-0.,0.,-1.));
#14038 = ADVANCED_FACE('',(#14039),#14064,.T.);
#14039 = FACE_BOUND('',#14040,.T.);
#14040 = EDGE_LOOP('',(#14041,#14042,#14050,#14058));
#14041 = ORIENTED_EDGE('',*,*,#13961,.T.);
#14042 = ORIENTED_EDGE('',*,*,#14043,.T.);
#14043 = EDGE_CURVE('',#13964,#14044,#14046,.T.);
#14044 = VERTEX_POINT('',#14045);
#14045 = CARTESIAN_POINT('',(186.44337567297,-260.6,-1.25));
#14046 = LINE('',#14047,#14048);
#14047 = CARTESIAN_POINT('',(186.44337567297,-262.5,-1.25));
#14048 = VECTOR('',#14049,1.);
#14049 = DIRECTION('',(0.,1.,0.));
#14050 = ORIENTED_EDGE('',*,*,#14051,.T.);
#14051 = EDGE_CURVE('',#14044,#14052,#14054,.T.);
#14052 = VERTEX_POINT('',#14053);
#14053 = CARTESIAN_POINT('',(185.72168783648,-260.6,-2.5));
#14054 = LINE('',#14055,#14056);
#14055 = CARTESIAN_POINT('',(186.44337567297,-260.6,-1.25));
#14056 = VECTOR('',#14057,1.);
#14057 = DIRECTION('',(-0.5,0.,-0.866025403784));
#14058 = ORIENTED_EDGE('',*,*,#14059,.F.);
#14059 = EDGE_CURVE('',#13962,#14052,#14060,.T.);
#14060 = LINE('',#14061,#14062);
#14061 = CARTESIAN_POINT('',(185.72168783648,-262.5,-2.5));
#14062 = VECTOR('',#14063,1.);
#14063 = DIRECTION('',(0.,1.,0.));
#14064 = PLANE('',#14065);
#14065 = AXIS2_PLACEMENT_3D('',#14066,#14067,#14068);
#14066 = CARTESIAN_POINT('',(186.44337567297,-262.5,-1.25));
#14067 = DIRECTION('',(-0.866025403784,0.,0.5));
#14068 = DIRECTION('',(-0.5,0.,-0.866025403784));
#14069 = ADVANCED_FACE('',(#14070),#14088,.T.);
#14070 = FACE_BOUND('',#14071,.T.);
#14071 = EDGE_LOOP('',(#14072,#14073,#14074,#14082));
#14072 = ORIENTED_EDGE('',*,*,#14003,.T.);
#14073 = ORIENTED_EDGE('',*,*,#14059,.T.);
#14074 = ORIENTED_EDGE('',*,*,#14075,.T.);
#14075 = EDGE_CURVE('',#14052,#14076,#14078,.T.);
#14076 = VERTEX_POINT('',#14077);
#14077 = CARTESIAN_POINT('',(184.27831216351,-260.6,-2.5));
#14078 = LINE('',#14079,#14080);
#14079 = CARTESIAN_POINT('',(185.72168783648,-260.6,-2.5));
#14080 = VECTOR('',#14081,1.);
#14081 = DIRECTION('',(-1.,0.,1.538370149107E-16));
#14082 = ORIENTED_EDGE('',*,*,#14083,.F.);
#14083 = EDGE_CURVE('',#13996,#14076,#14084,.T.);
#14084 = LINE('',#14085,#14086);
#14085 = CARTESIAN_POINT('',(184.27831216351,-262.5,-2.5));
#14086 = VECTOR('',#14087,1.);
#14087 = DIRECTION('',(0.,1.,0.));
#14088 = PLANE('',#14089);
#14089 = AXIS2_PLACEMENT_3D('',#14090,#14091,#14092);
#14090 = CARTESIAN_POINT('',(185.72168783648,-262.5,-2.5));
#14091 = DIRECTION('',(1.538370149107E-16,0.,1.));
#14092 = DIRECTION('',(-1.,0.,1.538370149107E-16));
#14093 = ADVANCED_FACE('',(#14094),#14112,.T.);
#14094 = FACE_BOUND('',#14095,.T.);
#14095 = EDGE_LOOP('',(#14096,#14097,#14098,#14106));
#14096 = ORIENTED_EDGE('',*,*,#13995,.T.);
#14097 = ORIENTED_EDGE('',*,*,#14083,.T.);
#14098 = ORIENTED_EDGE('',*,*,#14099,.T.);
#14099 = EDGE_CURVE('',#14076,#14100,#14102,.T.);
#14100 = VERTEX_POINT('',#14101);
#14101 = CARTESIAN_POINT('',(183.55662432702,-260.6,-1.25));
#14102 = LINE('',#14103,#14104);
#14103 = CARTESIAN_POINT('',(184.27831216351,-260.6,-2.5));
#14104 = VECTOR('',#14105,1.);
#14105 = DIRECTION('',(-0.5,0.,0.866025403784));
#14106 = ORIENTED_EDGE('',*,*,#14107,.F.);
#14107 = EDGE_CURVE('',#13988,#14100,#14108,.T.);
#14108 = LINE('',#14109,#14110);
#14109 = CARTESIAN_POINT('',(183.55662432702,-262.5,-1.25));
#14110 = VECTOR('',#14111,1.);
#14111 = DIRECTION('',(0.,1.,0.));
#14112 = PLANE('',#14113);
#14113 = AXIS2_PLACEMENT_3D('',#14114,#14115,#14116);
#14114 = CARTESIAN_POINT('',(184.27831216351,-262.5,-2.5));
#14115 = DIRECTION('',(0.866025403784,0.,0.5));
#14116 = DIRECTION('',(-0.5,0.,0.866025403784));
#14117 = ADVANCED_FACE('',(#14118),#14136,.T.);
#14118 = FACE_BOUND('',#14119,.T.);
#14119 = EDGE_LOOP('',(#14120,#14121,#14122,#14130));
#14120 = ORIENTED_EDGE('',*,*,#13987,.T.);
#14121 = ORIENTED_EDGE('',*,*,#14107,.T.);
#14122 = ORIENTED_EDGE('',*,*,#14123,.T.);
#14123 = EDGE_CURVE('',#14100,#14124,#14126,.T.);
#14124 = VERTEX_POINT('',#14125);
#14125 = CARTESIAN_POINT('',(184.27831216351,-260.6,-2.22044604925E-16)
  );
#14126 = LINE('',#14127,#14128);
#14127 = CARTESIAN_POINT('',(183.55662432702,-260.6,-1.25));
#14128 = VECTOR('',#14129,1.);
#14129 = DIRECTION('',(0.5,0.,0.866025403784));
#14130 = ORIENTED_EDGE('',*,*,#14131,.F.);
#14131 = EDGE_CURVE('',#13980,#14124,#14132,.T.);
#14132 = LINE('',#14133,#14134);
#14133 = CARTESIAN_POINT('',(184.27831216351,-262.5,-2.22044604925E-16)
  );
#14134 = VECTOR('',#14135,1.);
#14135 = DIRECTION('',(0.,1.,0.));
#14136 = PLANE('',#14137);
#14137 = AXIS2_PLACEMENT_3D('',#14138,#14139,#14140);
#14138 = CARTESIAN_POINT('',(183.55662432702,-262.5,-1.25));
#14139 = DIRECTION('',(0.866025403784,0.,-0.5));
#14140 = DIRECTION('',(0.5,0.,0.866025403784));
#14141 = ADVANCED_FACE('',(#14142),#14160,.T.);
#14142 = FACE_BOUND('',#14143,.T.);
#14143 = EDGE_LOOP('',(#14144,#14145,#14146,#14154));
#14144 = ORIENTED_EDGE('',*,*,#13979,.T.);
#14145 = ORIENTED_EDGE('',*,*,#14131,.T.);
#14146 = ORIENTED_EDGE('',*,*,#14147,.T.);
#14147 = EDGE_CURVE('',#14124,#14148,#14150,.T.);
#14148 = VERTEX_POINT('',#14149);
#14149 = CARTESIAN_POINT('',(185.72168783648,-260.6,2.22044604925E-16));
#14150 = LINE('',#14151,#14152);
#14151 = CARTESIAN_POINT('',(184.27831216351,-260.6,-2.22044604925E-16)
  );
#14152 = VECTOR('',#14153,1.);
#14153 = DIRECTION('',(1.,0.,3.076740298214E-16));
#14154 = ORIENTED_EDGE('',*,*,#14155,.F.);
#14155 = EDGE_CURVE('',#13972,#14148,#14156,.T.);
#14156 = LINE('',#14157,#14158);
#14157 = CARTESIAN_POINT('',(185.72168783648,-262.5,2.22044604925E-16));
#14158 = VECTOR('',#14159,1.);
#14159 = DIRECTION('',(0.,1.,0.));
#14160 = PLANE('',#14161);
#14161 = AXIS2_PLACEMENT_3D('',#14162,#14163,#14164);
#14162 = CARTESIAN_POINT('',(184.27831216351,-262.5,-2.22044604925E-16)
  );
#14163 = DIRECTION('',(3.076740298214E-16,0.,-1.));
#14164 = DIRECTION('',(1.,0.,3.076740298214E-16));
#14165 = ADVANCED_FACE('',(#14166),#14177,.T.);
#14166 = FACE_BOUND('',#14167,.T.);
#14167 = EDGE_LOOP('',(#14168,#14169,#14170,#14176));
#14168 = ORIENTED_EDGE('',*,*,#13971,.T.);
#14169 = ORIENTED_EDGE('',*,*,#14155,.T.);
#14170 = ORIENTED_EDGE('',*,*,#14171,.T.);
#14171 = EDGE_CURVE('',#14148,#14044,#14172,.T.);
#14172 = LINE('',#14173,#14174);
#14173 = CARTESIAN_POINT('',(185.72168783648,-260.6,2.22044604925E-16));
#14174 = VECTOR('',#14175,1.);
#14175 = DIRECTION('',(0.5,-0.,-0.866025403784));
#14176 = ORIENTED_EDGE('',*,*,#14043,.F.);
#14177 = PLANE('',#14178);
#14178 = AXIS2_PLACEMENT_3D('',#14179,#14180,#14181);
#14179 = CARTESIAN_POINT('',(185.72168783648,-262.5,2.22044604925E-16));
#14180 = DIRECTION('',(-0.866025403784,0.,-0.5));
#14181 = DIRECTION('',(0.5,-0.,-0.866025403784));
#14182 = ADVANCED_FACE('',(#14183),#14186,.T.);
#14183 = FACE_BOUND('',#14184,.T.);
#14184 = EDGE_LOOP('',(#14185));
#14185 = ORIENTED_EDGE('',*,*,#14017,.T.);
#14186 = PLANE('',#14187);
#14187 = AXIS2_PLACEMENT_3D('',#14188,#14189,#14190);
#14188 = CARTESIAN_POINT('',(185.,-254.4,-1.25));
#14189 = DIRECTION('',(0.,1.,0.));
#14190 = DIRECTION('',(-0.,0.,-1.));
#14191 = ADVANCED_FACE('',(#14192),#14200,.F.);
#14192 = FACE_BOUND('',#14193,.F.);
#14193 = EDGE_LOOP('',(#14194,#14195,#14196,#14197,#14198,#14199));
#14194 = ORIENTED_EDGE('',*,*,#14171,.T.);
#14195 = ORIENTED_EDGE('',*,*,#14051,.T.);
#14196 = ORIENTED_EDGE('',*,*,#14075,.T.);
#14197 = ORIENTED_EDGE('',*,*,#14099,.T.);
#14198 = ORIENTED_EDGE('',*,*,#14123,.T.);
#14199 = ORIENTED_EDGE('',*,*,#14147,.T.);
#14200 = PLANE('',#14201);
#14201 = AXIS2_PLACEMENT_3D('',#14202,#14203,#14204);
#14202 = CARTESIAN_POINT('',(185.,-260.6,-1.25));
#14203 = DIRECTION('',(0.,1.,-0.));
#14204 = DIRECTION('',(0.,0.,-1.));
#14205 = MANIFOLD_SOLID_BREP('',#14206);
#14206 = CLOSED_SHELL('',(#14207,#14580,#14633,#14697,#14724,#14751,
    #14776,#14801,#14826,#14851,#14876,#14901,#14926,#14951,#14976,
    #14985,#14994,#15006,#15018,#15030,#15042));
#14207 = ADVANCED_FACE('',(#14208,#14235,#14405),#14575,.T.);
#14208 = FACE_BOUND('',#14209,.T.);
#14209 = EDGE_LOOP('',(#14210,#14219,#14227,#14234));
#14210 = ORIENTED_EDGE('',*,*,#14211,.F.);
#14211 = EDGE_CURVE('',#14212,#14212,#14214,.T.);
#14212 = VERTEX_POINT('',#14213);
#14213 = CARTESIAN_POINT('',(185.,-267.4,-15.25));
#14214 = CIRCLE('',#14215,14.);
#14215 = AXIS2_PLACEMENT_3D('',#14216,#14217,#14218);
#14216 = CARTESIAN_POINT('',(185.,-267.4,-1.25));
#14217 = DIRECTION('',(0.,-1.,0.));
#14218 = DIRECTION('',(0.,-0.,-1.));
#14219 = ORIENTED_EDGE('',*,*,#14220,.F.);
#14220 = EDGE_CURVE('',#14221,#14212,#14223,.T.);
#14221 = VERTEX_POINT('',#14222);
#14222 = CARTESIAN_POINT('',(185.,-259.4,-15.25));
#14223 = LINE('',#14224,#14225);
#14224 = CARTESIAN_POINT('',(185.,-259.4,-15.25));
#14225 = VECTOR('',#14226,1.);
#14226 = DIRECTION('',(0.,-1.,0.));
#14227 = ORIENTED_EDGE('',*,*,#14228,.T.);
#14228 = EDGE_CURVE('',#14221,#14221,#14229,.T.);
#14229 = CIRCLE('',#14230,14.);
#14230 = AXIS2_PLACEMENT_3D('',#14231,#14232,#14233);
#14231 = CARTESIAN_POINT('',(185.,-259.4,-1.25));
#14232 = DIRECTION('',(0.,-1.,0.));
#14233 = DIRECTION('',(0.,-0.,-1.));
#14234 = ORIENTED_EDGE('',*,*,#14220,.T.);
#14235 = FACE_BOUND('',#14236,.T.);
#14236 = EDGE_LOOP('',(#14237,#14295,#14351));
#14237 = ORIENTED_EDGE('',*,*,#14238,.T.);
#14238 = EDGE_CURVE('',#14239,#14241,#14243,.T.);
#14239 = VERTEX_POINT('',#14240);
#14240 = CARTESIAN_POINT('',(199.,-261.1,-1.25));
#14241 = VERTEX_POINT('',#14242);
#14242 = CARTESIAN_POINT('',(198.80977914378,-263.4,-3.55));
#14243 = B_SPLINE_CURVE_WITH_KNOTS('',8,(#14244,#14245,#14246,#14247,
    #14248,#14249,#14250,#14251,#14252,#14253,#14254,#14255,#14256,
    #14257,#14258,#14259,#14260,#14261,#14262,#14263,#14264,#14265,
    #14266,#14267,#14268,#14269,#14270,#14271,#14272,#14273,#14274,
    #14275,#14276,#14277,#14278,#14279,#14280,#14281,#14282,#14283,
    #14284,#14285,#14286,#14287,#14288,#14289,#14290,#14291,#14292,
    #14293,#14294),.UNSPECIFIED.,.T.,.F.,(9,7,7,7,7,7,7,9),(0.,
    0.154730079324,0.286595415379,0.422738240106,0.578829371294,
    0.706560761154,0.8274633354,1.),.UNSPECIFIED.);
#14244 = CARTESIAN_POINT('',(198.80977914378,-263.4,-3.55));
#14245 = CARTESIAN_POINT('',(198.80977914378,-263.6402553033,-3.55));
#14246 = CARTESIAN_POINT('',(198.81455587857,-263.8801379125,
    -3.521317654719));
#14247 = CARTESIAN_POINT('',(198.82408465061,-264.1177645164,
    -3.46411071658));
#14248 = CARTESIAN_POINT('',(198.83811785371,-264.3510746765,
    -3.377784437248));
#14249 = CARTESIAN_POINT('',(198.85616499733,-264.5774105262,
    -3.261247933009));
#14250 = CARTESIAN_POINT('',(198.8773620189,-264.7932440839,
    -3.113070560792));
#14251 = CARTESIAN_POINT('',(198.90031769267,-264.9937823624,
    -2.931721430138));
#14252 = CARTESIAN_POINT('',(198.94237670284,-265.3242163455,
    -2.532295359082));
#14253 = CARTESIAN_POINT('',(198.96231037519,-265.4661598107,
    -2.316368949241));
#14254 = CARTESIAN_POINT('',(198.98078551797,-265.5854622415,
    -2.071519681219));
#14255 = CARTESIAN_POINT('',(198.99534885359,-265.6727920657,
    -1.803727343732));
#14256 = CARTESIAN_POINT('',(199.00375927385,-265.7219841767,
    -1.521177213335));
#14257 = CARTESIAN_POINT('',(199.00499239644,-265.7300647805,
    -1.233154517634));
#14258 = CARTESIAN_POINT('',(198.99939901277,-265.6973675327,
    -0.949189646501));
#14259 = CARTESIAN_POINT('',(198.9768623327,-265.5558564501,
    -0.398040368787));
#14260 = CARTESIAN_POINT('',(198.9599591,-265.4471382294,-0.141550835527
    ));
#14261 = CARTESIAN_POINT('',(198.93957978108,-265.3093486575,
    8.867325407472E-02));
#14262 = CARTESIAN_POINT('',(198.91776029113,-265.1489000227,
    0.291453344561));
#14263 = CARTESIAN_POINT('',(198.89622629367,-264.9712723748,
    0.466524160865));
#14264 = CARTESIAN_POINT('',(198.87628448894,-264.7811914663,
    0.614228639102));
#14265 = CARTESIAN_POINT('',(198.85884630065,-264.5827046624,
    0.735383661776));
#14266 = CARTESIAN_POINT('',(198.8279611638,-264.1460751239,
    0.940845926692));
#14267 = CARTESIAN_POINT('',(198.81521186376,-263.9026801504,
    1.018897090277));
#14268 = CARTESIAN_POINT('',(198.8071817066,-263.6528870809,
    1.065593486123));
#14269 = CARTESIAN_POINT('',(198.80444213802,-263.4,1.081136625371));
#14270 = CARTESIAN_POINT('',(198.8071817066,-263.147112919,
    1.065593486123));
#14271 = CARTESIAN_POINT('',(198.81521186376,-262.8973198495,
    1.018897090278));
#14272 = CARTESIAN_POINT('',(198.8279611638,-262.653924876,0.94084592669
    ));
#14273 = CARTESIAN_POINT('',(198.8579573269,-262.2298629425,
    0.741297527788));
#14274 = CARTESIAN_POINT('',(198.87411120188,-262.0437803504,
    0.629304085101));
#14275 = CARTESIAN_POINT('',(198.8924647227,-261.8650557197,
    0.494256835345));
#14276 = CARTESIAN_POINT('',(198.91230126782,-261.696788797,
    0.335437500659));
#14277 = CARTESIAN_POINT('',(198.93261568291,-261.5426432988,
    0.152379077406));
#14278 = CARTESIAN_POINT('',(198.95207778108,-261.4069408493,
    -5.498999330974E-02));
#14279 = CARTESIAN_POINT('',(198.9690780115,-261.2948298057,
    -0.286091301548));
#14280 = CARTESIAN_POINT('',(198.9941285422,-261.1347080181,
    -0.778895491181));
#14281 = CARTESIAN_POINT('',(199.00243318825,-261.0847152166,
    -1.034844330925));
#14282 = CARTESIAN_POINT('',(199.00539322215,-261.0680921533,
    -1.299966349945));
#14283 = CARTESIAN_POINT('',(199.00216365078,-261.0871104107,
    -1.566012168432));
#14284 = CARTESIAN_POINT('',(198.99296967782,-261.1409515455,
    -1.824472375744));
#14285 = CARTESIAN_POINT('',(198.97921284431,-261.2257960505,
    -2.067376876551));
#14286 = CARTESIAN_POINT('',(198.96281295814,-261.334802663,
    -2.288201564279));
#14287 = CARTESIAN_POINT('',(198.92116003598,-261.6339225463,
    -2.759539080211));
#14288 = CARTESIAN_POINT('',(198.89422250152,-261.8452161989,
    -2.992576363856));
#14289 = CARTESIAN_POINT('',(198.86824816594,-262.0801698624,
    -3.182425083734));
#14290 = CARTESIAN_POINT('',(198.84566672642,-262.331010931,
    -3.331239655558));
#14291 = CARTESIAN_POINT('',(198.82791396768,-262.5921450756,
    -3.441108084352));
#14292 = CARTESIAN_POINT('',(198.81582531568,-262.8594441366,
    -3.513698461386));
#14293 = CARTESIAN_POINT('',(198.80977914378,-263.1297108816,-3.55));
#14294 = CARTESIAN_POINT('',(198.80977914378,-263.4,-3.55));
#14295 = ORIENTED_EDGE('',*,*,#14296,.T.);
#14296 = EDGE_CURVE('',#14241,#14297,#14299,.T.);
#14297 = VERTEX_POINT('',#14298);
#14298 = CARTESIAN_POINT('',(199.,-265.7,-1.25));
#14299 = B_SPLINE_CURVE_WITH_KNOTS('',8,(#14300,#14301,#14302,#14303,
    #14304,#14305,#14306,#14307,#14308,#14309,#14310,#14311,#14312,
    #14313,#14314,#14315,#14316,#14317,#14318,#14319,#14320,#14321,
    #14322,#14323,#14324,#14325,#14326,#14327,#14328,#14329,#14330,
    #14331,#14332,#14333,#14334,#14335,#14336,#14337,#14338,#14339,
    #14340,#14341,#14342,#14343,#14344,#14345,#14346,#14347,#14348,
    #14349,#14350),.UNSPECIFIED.,.T.,.F.,(9,7,7,7,7,7,7,9),(0.,
    0.154730079324,0.286595415379,0.422738240106,0.578829371294,
    0.706560761154,0.8274633354,1.),.UNSPECIFIED.);
#14300 = CARTESIAN_POINT('',(198.80977914378,-263.4,-3.55));
#14301 = CARTESIAN_POINT('',(198.80977914378,-263.6402553033,-3.55));
#14302 = CARTESIAN_POINT('',(198.81455587857,-263.8801379125,
    -3.521317654719));
#14303 = CARTESIAN_POINT('',(198.82408465061,-264.1177645164,
    -3.46411071658));
#14304 = CARTESIAN_POINT('',(198.83811785371,-264.3510746765,
    -3.377784437248));
#14305 = CARTESIAN_POINT('',(198.85616499733,-264.5774105262,
    -3.261247933009));
#14306 = CARTESIAN_POINT('',(198.8773620189,-264.7932440839,
    -3.113070560792));
#14307 = CARTESIAN_POINT('',(198.90031769267,-264.9937823624,
    -2.931721430138));
#14308 = CARTESIAN_POINT('',(198.94237670284,-265.3242163455,
    -2.532295359082));
#14309 = CARTESIAN_POINT('',(198.96231037519,-265.4661598107,
    -2.316368949241));
#14310 = CARTESIAN_POINT('',(198.98078551797,-265.5854622415,
    -2.071519681219));
#14311 = CARTESIAN_POINT('',(198.99534885359,-265.6727920657,
    -1.803727343732));
#14312 = CARTESIAN_POINT('',(199.00375927385,-265.7219841767,
    -1.521177213335));
#14313 = CARTESIAN_POINT('',(199.00499239644,-265.7300647805,
    -1.233154517634));
#14314 = CARTESIAN_POINT('',(198.99939901277,-265.6973675327,
    -0.949189646501));
#14315 = CARTESIAN_POINT('',(198.9768623327,-265.5558564501,
    -0.398040368787));
#14316 = CARTESIAN_POINT('',(198.9599591,-265.4471382294,-0.141550835527
    ));
#14317 = CARTESIAN_POINT('',(198.93957978108,-265.3093486575,
    8.867325407472E-02));
#14318 = CARTESIAN_POINT('',(198.91776029113,-265.1489000227,
    0.291453344561));
#14319 = CARTESIAN_POINT('',(198.89622629367,-264.9712723748,
    0.466524160865));
#14320 = CARTESIAN_POINT('',(198.87628448894,-264.7811914663,
    0.614228639102));
#14321 = CARTESIAN_POINT('',(198.85884630065,-264.5827046624,
    0.735383661776));
#14322 = CARTESIAN_POINT('',(198.8279611638,-264.1460751239,
    0.940845926692));
#14323 = CARTESIAN_POINT('',(198.81521186376,-263.9026801504,
    1.018897090277));
#14324 = CARTESIAN_POINT('',(198.8071817066,-263.6528870809,
    1.065593486123));
#14325 = CARTESIAN_POINT('',(198.80444213802,-263.4,1.081136625371));
#14326 = CARTESIAN_POINT('',(198.8071817066,-263.147112919,
    1.065593486123));
#14327 = CARTESIAN_POINT('',(198.81521186376,-262.8973198495,
    1.018897090278));
#14328 = CARTESIAN_POINT('',(198.8279611638,-262.653924876,0.94084592669
    ));
#14329 = CARTESIAN_POINT('',(198.8579573269,-262.2298629425,
    0.741297527788));
#14330 = CARTESIAN_POINT('',(198.87411120188,-262.0437803504,
    0.629304085101));
#14331 = CARTESIAN_POINT('',(198.8924647227,-261.8650557197,
    0.494256835345));
#14332 = CARTESIAN_POINT('',(198.91230126782,-261.696788797,
    0.335437500659));
#14333 = CARTESIAN_POINT('',(198.93261568291,-261.5426432988,
    0.152379077406));
#14334 = CARTESIAN_POINT('',(198.95207778108,-261.4069408493,
    -5.498999330974E-02));
#14335 = CARTESIAN_POINT('',(198.9690780115,-261.2948298057,
    -0.286091301548));
#14336 = CARTESIAN_POINT('',(198.9941285422,-261.1347080181,
    -0.778895491181));
#14337 = CARTESIAN_POINT('',(199.00243318825,-261.0847152166,
    -1.034844330925));
#14338 = CARTESIAN_POINT('',(199.00539322215,-261.0680921533,
    -1.299966349945));
#14339 = CARTESIAN_POINT('',(199.00216365078,-261.0871104107,
    -1.566012168432));
#14340 = CARTESIAN_POINT('',(198.99296967782,-261.1409515455,
    -1.824472375744));
#14341 = CARTESIAN_POINT('',(198.97921284431,-261.2257960505,
    -2.067376876551));
#14342 = CARTESIAN_POINT('',(198.96281295814,-261.334802663,
    -2.288201564279));
#14343 = CARTESIAN_POINT('',(198.92116003598,-261.6339225463,
    -2.759539080211));
#14344 = CARTESIAN_POINT('',(198.89422250152,-261.8452161989,
    -2.992576363856));
#14345 = CARTESIAN_POINT('',(198.86824816594,-262.0801698624,
    -3.182425083734));
#14346 = CARTESIAN_POINT('',(198.84566672642,-262.331010931,
    -3.331239655558));
#14347 = CARTESIAN_POINT('',(198.82791396768,-262.5921450756,
    -3.441108084352));
#14348 = CARTESIAN_POINT('',(198.81582531568,-262.8594441366,
    -3.513698461386));
#14349 = CARTESIAN_POINT('',(198.80977914378,-263.1297108816,-3.55));
#14350 = CARTESIAN_POINT('',(198.80977914378,-263.4,-3.55));
#14351 = ORIENTED_EDGE('',*,*,#14352,.T.);
#14352 = EDGE_CURVE('',#14297,#14239,#14353,.T.);
#14353 = B_SPLINE_CURVE_WITH_KNOTS('',8,(#14354,#14355,#14356,#14357,
    #14358,#14359,#14360,#14361,#14362,#14363,#14364,#14365,#14366,
    #14367,#14368,#14369,#14370,#14371,#14372,#14373,#14374,#14375,
    #14376,#14377,#14378,#14379,#14380,#14381,#14382,#14383,#14384,
    #14385,#14386,#14387,#14388,#14389,#14390,#14391,#14392,#14393,
    #14394,#14395,#14396,#14397,#14398,#14399,#14400,#14401,#14402,
    #14403,#14404),.UNSPECIFIED.,.T.,.F.,(9,7,7,7,7,7,7,9),(0.,
    0.154730079324,0.286595415379,0.422738240106,0.578829371294,
    0.706560761154,0.8274633354,1.),.UNSPECIFIED.);
#14354 = CARTESIAN_POINT('',(198.80977914378,-263.4,-3.55));
#14355 = CARTESIAN_POINT('',(198.80977914378,-263.6402553033,-3.55));
#14356 = CARTESIAN_POINT('',(198.81455587857,-263.8801379125,
    -3.521317654719));
#14357 = CARTESIAN_POINT('',(198.82408465061,-264.1177645164,
    -3.46411071658));
#14358 = CARTESIAN_POINT('',(198.83811785371,-264.3510746765,
    -3.377784437248));
#14359 = CARTESIAN_POINT('',(198.85616499733,-264.5774105262,
    -3.261247933009));
#14360 = CARTESIAN_POINT('',(198.8773620189,-264.7932440839,
    -3.113070560792));
#14361 = CARTESIAN_POINT('',(198.90031769267,-264.9937823624,
    -2.931721430138));
#14362 = CARTESIAN_POINT('',(198.94237670284,-265.3242163455,
    -2.532295359082));
#14363 = CARTESIAN_POINT('',(198.96231037519,-265.4661598107,
    -2.316368949241));
#14364 = CARTESIAN_POINT('',(198.98078551797,-265.5854622415,
    -2.071519681219));
#14365 = CARTESIAN_POINT('',(198.99534885359,-265.6727920657,
    -1.803727343732));
#14366 = CARTESIAN_POINT('',(199.00375927385,-265.7219841767,
    -1.521177213335));
#14367 = CARTESIAN_POINT('',(199.00499239644,-265.7300647805,
    -1.233154517634));
#14368 = CARTESIAN_POINT('',(198.99939901277,-265.6973675327,
    -0.949189646501));
#14369 = CARTESIAN_POINT('',(198.9768623327,-265.5558564501,
    -0.398040368787));
#14370 = CARTESIAN_POINT('',(198.9599591,-265.4471382294,-0.141550835527
    ));
#14371 = CARTESIAN_POINT('',(198.93957978108,-265.3093486575,
    8.867325407472E-02));
#14372 = CARTESIAN_POINT('',(198.91776029113,-265.1489000227,
    0.291453344561));
#14373 = CARTESIAN_POINT('',(198.89622629367,-264.9712723748,
    0.466524160865));
#14374 = CARTESIAN_POINT('',(198.87628448894,-264.7811914663,
    0.614228639102));
#14375 = CARTESIAN_POINT('',(198.85884630065,-264.5827046624,
    0.735383661776));
#14376 = CARTESIAN_POINT('',(198.8279611638,-264.1460751239,
    0.940845926692));
#14377 = CARTESIAN_POINT('',(198.81521186376,-263.9026801504,
    1.018897090277));
#14378 = CARTESIAN_POINT('',(198.8071817066,-263.6528870809,
    1.065593486123));
#14379 = CARTESIAN_POINT('',(198.80444213802,-263.4,1.081136625371));
#14380 = CARTESIAN_POINT('',(198.8071817066,-263.147112919,
    1.065593486123));
#14381 = CARTESIAN_POINT('',(198.81521186376,-262.8973198495,
    1.018897090278));
#14382 = CARTESIAN_POINT('',(198.8279611638,-262.653924876,0.94084592669
    ));
#14383 = CARTESIAN_POINT('',(198.8579573269,-262.2298629425,
    0.741297527788));
#14384 = CARTESIAN_POINT('',(198.87411120188,-262.0437803504,
    0.629304085101));
#14385 = CARTESIAN_POINT('',(198.8924647227,-261.8650557197,
    0.494256835345));
#14386 = CARTESIAN_POINT('',(198.91230126782,-261.696788797,
    0.335437500659));
#14387 = CARTESIAN_POINT('',(198.93261568291,-261.5426432988,
    0.152379077406));
#14388 = CARTESIAN_POINT('',(198.95207778108,-261.4069408493,
    -5.498999330974E-02));
#14389 = CARTESIAN_POINT('',(198.9690780115,-261.2948298057,
    -0.286091301548));
#14390 = CARTESIAN_POINT('',(198.9941285422,-261.1347080181,
    -0.778895491181));
#14391 = CARTESIAN_POINT('',(199.00243318825,-261.0847152166,
    -1.034844330925));
#14392 = CARTESIAN_POINT('',(199.00539322215,-261.0680921533,
    -1.299966349945));
#14393 = CARTESIAN_POINT('',(199.00216365078,-261.0871104107,
    -1.566012168432));
#14394 = CARTESIAN_POINT('',(198.99296967782,-261.1409515455,
    -1.824472375744));
#14395 = CARTESIAN_POINT('',(198.97921284431,-261.2257960505,
    -2.067376876551));
#14396 = CARTESIAN_POINT('',(198.96281295814,-261.334802663,
    -2.288201564279));
#14397 = CARTESIAN_POINT('',(198.92116003598,-261.6339225463,
    -2.759539080211));
#14398 = CARTESIAN_POINT('',(198.89422250152,-261.8452161989,
    -2.992576363856));
#14399 = CARTESIAN_POINT('',(198.86824816594,-262.0801698624,
    -3.182425083734));
#14400 = CARTESIAN_POINT('',(198.84566672642,-262.331010931,
    -3.331239655558));
#14401 = CARTESIAN_POINT('',(198.82791396768,-262.5921450756,
    -3.441108084352));
#14402 = CARTESIAN_POINT('',(198.81582531568,-262.8594441366,
    -3.513698461386));
#14403 = CARTESIAN_POINT('',(198.80977914378,-263.1297108816,-3.55));
#14404 = CARTESIAN_POINT('',(198.80977914378,-263.4,-3.55));
#14405 = FACE_BOUND('',#14406,.T.);
#14406 = EDGE_LOOP('',(#14407,#14465,#14521));
#14407 = ORIENTED_EDGE('',*,*,#14408,.T.);
#14408 = EDGE_CURVE('',#14409,#14411,#14413,.T.);
#14409 = VERTEX_POINT('',#14410);
#14410 = CARTESIAN_POINT('',(171.,-261.1,-1.25));
#14411 = VERTEX_POINT('',#14412);
#14412 = CARTESIAN_POINT('',(171.19022085621,-263.4,1.05));
#14413 = B_SPLINE_CURVE_WITH_KNOTS('',8,(#14414,#14415,#14416,#14417,
    #14418,#14419,#14420,#14421,#14422,#14423,#14424,#14425,#14426,
    #14427,#14428,#14429,#14430,#14431,#14432,#14433,#14434,#14435,
    #14436,#14437,#14438,#14439,#14440,#14441,#14442,#14443,#14444,
    #14445,#14446,#14447,#14448,#14449,#14450,#14451,#14452,#14453,
    #14454,#14455,#14456,#14457,#14458,#14459,#14460,#14461,#14462,
    #14463,#14464),.UNSPECIFIED.,.T.,.F.,(9,7,7,7,7,7,7,9),(0.,
    0.154730079325,0.286595415381,0.42273824011,0.578829371297,
    0.706560761156,0.827463335401,1.),.UNSPECIFIED.);
#14414 = CARTESIAN_POINT('',(171.19022085621,-263.4,1.05));
#14415 = CARTESIAN_POINT('',(171.19022085621,-263.6402553033,1.05));
#14416 = CARTESIAN_POINT('',(171.18544412142,-263.8801379125,
    1.021317654719));
#14417 = CARTESIAN_POINT('',(171.17591534938,-264.1177645164,
    0.96411071658));
#14418 = CARTESIAN_POINT('',(171.16188214628,-264.3510746765,
    0.877784437248));
#14419 = CARTESIAN_POINT('',(171.14383500266,-264.5774105262,
    0.761247933009));
#14420 = CARTESIAN_POINT('',(171.12263798109,-264.7932440839,
    0.613070560792));
#14421 = CARTESIAN_POINT('',(171.09968230732,-264.9937823624,
    0.431721430138));
#14422 = CARTESIAN_POINT('',(171.05762329715,-265.3242163455,
    3.229535908129E-02));
#14423 = CARTESIAN_POINT('',(171.0376896248,-265.4661598107,
    -0.183631050757));
#14424 = CARTESIAN_POINT('',(171.01921448202,-265.5854622415,
    -0.428480318783));
#14425 = CARTESIAN_POINT('',(171.0046511464,-265.6727920657,
    -0.696272656267));
#14426 = CARTESIAN_POINT('',(170.99624072614,-265.7219841767,
    -0.978822786665));
#14427 = CARTESIAN_POINT('',(170.99500760355,-265.7300647805,
    -1.266845482366));
#14428 = CARTESIAN_POINT('',(171.00060098722,-265.6973675327,
    -1.550810353499));
#14429 = CARTESIAN_POINT('',(171.02313766729,-265.5558564501,
    -2.101959631213));
#14430 = CARTESIAN_POINT('',(171.04004089999,-265.4471382294,
    -2.358449164473));
#14431 = CARTESIAN_POINT('',(171.06042021891,-265.3093486575,
    -2.588673254075));
#14432 = CARTESIAN_POINT('',(171.08223970886,-265.1489000227,
    -2.791453344561));
#14433 = CARTESIAN_POINT('',(171.10377370632,-264.9712723748,
    -2.966524160864));
#14434 = CARTESIAN_POINT('',(171.12371551105,-264.7811914663,
    -3.114228639102));
#14435 = CARTESIAN_POINT('',(171.14115369934,-264.5827046624,
    -3.235383661776));
#14436 = CARTESIAN_POINT('',(171.17203883619,-264.1460751239,
    -3.44084592669));
#14437 = CARTESIAN_POINT('',(171.18478813623,-263.9026801504,
    -3.518897090276));
#14438 = CARTESIAN_POINT('',(171.19281829339,-263.6528870809,
    -3.565593486123));
#14439 = CARTESIAN_POINT('',(171.19555786197,-263.4,-3.581136625372));
#14440 = CARTESIAN_POINT('',(171.19281829339,-263.147112919,
    -3.565593486124));
#14441 = CARTESIAN_POINT('',(171.18478813623,-262.8973198495,
    -3.518897090276));
#14442 = CARTESIAN_POINT('',(171.17203883619,-262.653924876,
    -3.44084592669));
#14443 = CARTESIAN_POINT('',(171.1420426731,-262.2298629425,
    -3.241297527788));
#14444 = CARTESIAN_POINT('',(171.12588879811,-262.0437803504,
    -3.1293040851));
#14445 = CARTESIAN_POINT('',(171.10753527729,-261.8650557197,
    -2.994256835345));
#14446 = CARTESIAN_POINT('',(171.08769873217,-261.696788797,
    -2.835437500659));
#14447 = CARTESIAN_POINT('',(171.06738431708,-261.5426432988,
    -2.652379077406));
#14448 = CARTESIAN_POINT('',(171.04792221891,-261.4069408493,
    -2.44501000669));
#14449 = CARTESIAN_POINT('',(171.03092198849,-261.2948298057,
    -2.213908698452));
#14450 = CARTESIAN_POINT('',(171.00587145779,-261.1347080181,
    -1.721104508819));
#14451 = CARTESIAN_POINT('',(170.99756681174,-261.0847152166,
    -1.465155669075));
#14452 = CARTESIAN_POINT('',(170.99460677784,-261.0680921533,
    -1.200033650055));
#14453 = CARTESIAN_POINT('',(170.99783634921,-261.0871104107,
    -0.933987831568));
#14454 = CARTESIAN_POINT('',(171.00703032217,-261.1409515455,
    -0.675527624256));
#14455 = CARTESIAN_POINT('',(171.02078715569,-261.2257960505,
    -0.432623123448));
#14456 = CARTESIAN_POINT('',(171.03718704185,-261.334802663,
    -0.211798435721));
#14457 = CARTESIAN_POINT('',(171.07883996401,-261.6339225463,
    0.259539080211));
#14458 = CARTESIAN_POINT('',(171.10577749847,-261.8452161989,
    0.492576363857));
#14459 = CARTESIAN_POINT('',(171.13175183405,-262.0801698624,
    0.682425083731));
#14460 = CARTESIAN_POINT('',(171.15433327357,-262.331010931,
    0.83123965556));
#14461 = CARTESIAN_POINT('',(171.17208603231,-262.5921450756,
    0.941108084351));
#14462 = CARTESIAN_POINT('',(171.18417468431,-262.8594441366,
    1.013698461387));
#14463 = CARTESIAN_POINT('',(171.19022085621,-263.1297108816,1.05));
#14464 = CARTESIAN_POINT('',(171.19022085621,-263.4,1.05));
#14465 = ORIENTED_EDGE('',*,*,#14466,.T.);
#14466 = EDGE_CURVE('',#14411,#14467,#14469,.T.);
#14467 = VERTEX_POINT('',#14468);
#14468 = CARTESIAN_POINT('',(171.,-265.7,-1.25));
#14469 = B_SPLINE_CURVE_WITH_KNOTS('',8,(#14470,#14471,#14472,#14473,
    #14474,#14475,#14476,#14477,#14478,#14479,#14480,#14481,#14482,
    #14483,#14484,#14485,#14486,#14487,#14488,#14489,#14490,#14491,
    #14492,#14493,#14494,#14495,#14496,#14497,#14498,#14499,#14500,
    #14501,#14502,#14503,#14504,#14505,#14506,#14507,#14508,#14509,
    #14510,#14511,#14512,#14513,#14514,#14515,#14516,#14517,#14518,
    #14519,#14520),.UNSPECIFIED.,.T.,.F.,(9,7,7,7,7,7,7,9),(0.,
    0.154730079325,0.286595415381,0.42273824011,0.578829371297,
    0.706560761156,0.827463335401,1.),.UNSPECIFIED.);
#14470 = CARTESIAN_POINT('',(171.19022085621,-263.4,1.05));
#14471 = CARTESIAN_POINT('',(171.19022085621,-263.6402553033,1.05));
#14472 = CARTESIAN_POINT('',(171.18544412142,-263.8801379125,
    1.021317654719));
#14473 = CARTESIAN_POINT('',(171.17591534938,-264.1177645164,
    0.96411071658));
#14474 = CARTESIAN_POINT('',(171.16188214628,-264.3510746765,
    0.877784437248));
#14475 = CARTESIAN_POINT('',(171.14383500266,-264.5774105262,
    0.761247933009));
#14476 = CARTESIAN_POINT('',(171.12263798109,-264.7932440839,
    0.613070560792));
#14477 = CARTESIAN_POINT('',(171.09968230732,-264.9937823624,
    0.431721430138));
#14478 = CARTESIAN_POINT('',(171.05762329715,-265.3242163455,
    3.229535908129E-02));
#14479 = CARTESIAN_POINT('',(171.0376896248,-265.4661598107,
    -0.183631050757));
#14480 = CARTESIAN_POINT('',(171.01921448202,-265.5854622415,
    -0.428480318783));
#14481 = CARTESIAN_POINT('',(171.0046511464,-265.6727920657,
    -0.696272656267));
#14482 = CARTESIAN_POINT('',(170.99624072614,-265.7219841767,
    -0.978822786665));
#14483 = CARTESIAN_POINT('',(170.99500760355,-265.7300647805,
    -1.266845482366));
#14484 = CARTESIAN_POINT('',(171.00060098722,-265.6973675327,
    -1.550810353499));
#14485 = CARTESIAN_POINT('',(171.02313766729,-265.5558564501,
    -2.101959631213));
#14486 = CARTESIAN_POINT('',(171.04004089999,-265.4471382294,
    -2.358449164473));
#14487 = CARTESIAN_POINT('',(171.06042021891,-265.3093486575,
    -2.588673254075));
#14488 = CARTESIAN_POINT('',(171.08223970886,-265.1489000227,
    -2.791453344561));
#14489 = CARTESIAN_POINT('',(171.10377370632,-264.9712723748,
    -2.966524160864));
#14490 = CARTESIAN_POINT('',(171.12371551105,-264.7811914663,
    -3.114228639102));
#14491 = CARTESIAN_POINT('',(171.14115369934,-264.5827046624,
    -3.235383661776));
#14492 = CARTESIAN_POINT('',(171.17203883619,-264.1460751239,
    -3.44084592669));
#14493 = CARTESIAN_POINT('',(171.18478813623,-263.9026801504,
    -3.518897090276));
#14494 = CARTESIAN_POINT('',(171.19281829339,-263.6528870809,
    -3.565593486123));
#14495 = CARTESIAN_POINT('',(171.19555786197,-263.4,-3.581136625372));
#14496 = CARTESIAN_POINT('',(171.19281829339,-263.147112919,
    -3.565593486124));
#14497 = CARTESIAN_POINT('',(171.18478813623,-262.8973198495,
    -3.518897090276));
#14498 = CARTESIAN_POINT('',(171.17203883619,-262.653924876,
    -3.44084592669));
#14499 = CARTESIAN_POINT('',(171.1420426731,-262.2298629425,
    -3.241297527788));
#14500 = CARTESIAN_POINT('',(171.12588879811,-262.0437803504,
    -3.1293040851));
#14501 = CARTESIAN_POINT('',(171.10753527729,-261.8650557197,
    -2.994256835345));
#14502 = CARTESIAN_POINT('',(171.08769873217,-261.696788797,
    -2.835437500659));
#14503 = CARTESIAN_POINT('',(171.06738431708,-261.5426432988,
    -2.652379077406));
#14504 = CARTESIAN_POINT('',(171.04792221891,-261.4069408493,
    -2.44501000669));
#14505 = CARTESIAN_POINT('',(171.03092198849,-261.2948298057,
    -2.213908698452));
#14506 = CARTESIAN_POINT('',(171.00587145779,-261.1347080181,
    -1.721104508819));
#14507 = CARTESIAN_POINT('',(170.99756681174,-261.0847152166,
    -1.465155669075));
#14508 = CARTESIAN_POINT('',(170.99460677784,-261.0680921533,
    -1.200033650055));
#14509 = CARTESIAN_POINT('',(170.99783634921,-261.0871104107,
    -0.933987831568));
#14510 = CARTESIAN_POINT('',(171.00703032217,-261.1409515455,
    -0.675527624256));
#14511 = CARTESIAN_POINT('',(171.02078715569,-261.2257960505,
    -0.432623123448));
#14512 = CARTESIAN_POINT('',(171.03718704185,-261.334802663,
    -0.211798435721));
#14513 = CARTESIAN_POINT('',(171.07883996401,-261.6339225463,
    0.259539080211));
#14514 = CARTESIAN_POINT('',(171.10577749847,-261.8452161989,
    0.492576363857));
#14515 = CARTESIAN_POINT('',(171.13175183405,-262.0801698624,
    0.682425083731));
#14516 = CARTESIAN_POINT('',(171.15433327357,-262.331010931,
    0.83123965556));
#14517 = CARTESIAN_POINT('',(171.17208603231,-262.5921450756,
    0.941108084351));
#14518 = CARTESIAN_POINT('',(171.18417468431,-262.8594441366,
    1.013698461387));
#14519 = CARTESIAN_POINT('',(171.19022085621,-263.1297108816,1.05));
#14520 = CARTESIAN_POINT('',(171.19022085621,-263.4,1.05));
#14521 = ORIENTED_EDGE('',*,*,#14522,.T.);
#14522 = EDGE_CURVE('',#14467,#14409,#14523,.T.);
#14523 = B_SPLINE_CURVE_WITH_KNOTS('',8,(#14524,#14525,#14526,#14527,
    #14528,#14529,#14530,#14531,#14532,#14533,#14534,#14535,#14536,
    #14537,#14538,#14539,#14540,#14541,#14542,#14543,#14544,#14545,
    #14546,#14547,#14548,#14549,#14550,#14551,#14552,#14553,#14554,
    #14555,#14556,#14557,#14558,#14559,#14560,#14561,#14562,#14563,
    #14564,#14565,#14566,#14567,#14568,#14569,#14570,#14571,#14572,
    #14573,#14574),.UNSPECIFIED.,.T.,.F.,(9,7,7,7,7,7,7,9),(0.,
    0.154730079325,0.286595415381,0.42273824011,0.578829371297,
    0.706560761156,0.827463335401,1.),.UNSPECIFIED.);
#14524 = CARTESIAN_POINT('',(171.19022085621,-263.4,1.05));
#14525 = CARTESIAN_POINT('',(171.19022085621,-263.6402553033,1.05));
#14526 = CARTESIAN_POINT('',(171.18544412142,-263.8801379125,
    1.021317654719));
#14527 = CARTESIAN_POINT('',(171.17591534938,-264.1177645164,
    0.96411071658));
#14528 = CARTESIAN_POINT('',(171.16188214628,-264.3510746765,
    0.877784437248));
#14529 = CARTESIAN_POINT('',(171.14383500266,-264.5774105262,
    0.761247933009));
#14530 = CARTESIAN_POINT('',(171.12263798109,-264.7932440839,
    0.613070560792));
#14531 = CARTESIAN_POINT('',(171.09968230732,-264.9937823624,
    0.431721430138));
#14532 = CARTESIAN_POINT('',(171.05762329715,-265.3242163455,
    3.229535908129E-02));
#14533 = CARTESIAN_POINT('',(171.0376896248,-265.4661598107,
    -0.183631050757));
#14534 = CARTESIAN_POINT('',(171.01921448202,-265.5854622415,
    -0.428480318783));
#14535 = CARTESIAN_POINT('',(171.0046511464,-265.6727920657,
    -0.696272656267));
#14536 = CARTESIAN_POINT('',(170.99624072614,-265.7219841767,
    -0.978822786665));
#14537 = CARTESIAN_POINT('',(170.99500760355,-265.7300647805,
    -1.266845482366));
#14538 = CARTESIAN_POINT('',(171.00060098722,-265.6973675327,
    -1.550810353499));
#14539 = CARTESIAN_POINT('',(171.02313766729,-265.5558564501,
    -2.101959631213));
#14540 = CARTESIAN_POINT('',(171.04004089999,-265.4471382294,
    -2.358449164473));
#14541 = CARTESIAN_POINT('',(171.06042021891,-265.3093486575,
    -2.588673254075));
#14542 = CARTESIAN_POINT('',(171.08223970886,-265.1489000227,
    -2.791453344561));
#14543 = CARTESIAN_POINT('',(171.10377370632,-264.9712723748,
    -2.966524160864));
#14544 = CARTESIAN_POINT('',(171.12371551105,-264.7811914663,
    -3.114228639102));
#14545 = CARTESIAN_POINT('',(171.14115369934,-264.5827046624,
    -3.235383661776));
#14546 = CARTESIAN_POINT('',(171.17203883619,-264.1460751239,
    -3.44084592669));
#14547 = CARTESIAN_POINT('',(171.18478813623,-263.9026801504,
    -3.518897090276));
#14548 = CARTESIAN_POINT('',(171.19281829339,-263.6528870809,
    -3.565593486123));
#14549 = CARTESIAN_POINT('',(171.19555786197,-263.4,-3.581136625372));
#14550 = CARTESIAN_POINT('',(171.19281829339,-263.147112919,
    -3.565593486124));
#14551 = CARTESIAN_POINT('',(171.18478813623,-262.8973198495,
    -3.518897090276));
#14552 = CARTESIAN_POINT('',(171.17203883619,-262.653924876,
    -3.44084592669));
#14553 = CARTESIAN_POINT('',(171.1420426731,-262.2298629425,
    -3.241297527788));
#14554 = CARTESIAN_POINT('',(171.12588879811,-262.0437803504,
    -3.1293040851));
#14555 = CARTESIAN_POINT('',(171.10753527729,-261.8650557197,
    -2.994256835345));
#14556 = CARTESIAN_POINT('',(171.08769873217,-261.696788797,
    -2.835437500659));
#14557 = CARTESIAN_POINT('',(171.06738431708,-261.5426432988,
    -2.652379077406));
#14558 = CARTESIAN_POINT('',(171.04792221891,-261.4069408493,
    -2.44501000669));
#14559 = CARTESIAN_POINT('',(171.03092198849,-261.2948298057,
    -2.213908698452));
#14560 = CARTESIAN_POINT('',(171.00587145779,-261.1347080181,
    -1.721104508819));
#14561 = CARTESIAN_POINT('',(170.99756681174,-261.0847152166,
    -1.465155669075));
#14562 = CARTESIAN_POINT('',(170.99460677784,-261.0680921533,
    -1.200033650055));
#14563 = CARTESIAN_POINT('',(170.99783634921,-261.0871104107,
    -0.933987831568));
#14564 = CARTESIAN_POINT('',(171.00703032217,-261.1409515455,
    -0.675527624256));
#14565 = CARTESIAN_POINT('',(171.02078715569,-261.2257960505,
    -0.432623123448));
#14566 = CARTESIAN_POINT('',(171.03718704185,-261.334802663,
    -0.211798435721));
#14567 = CARTESIAN_POINT('',(171.07883996401,-261.6339225463,
    0.259539080211));
#14568 = CARTESIAN_POINT('',(171.10577749847,-261.8452161989,
    0.492576363857));
#14569 = CARTESIAN_POINT('',(171.13175183405,-262.0801698624,
    0.682425083731));
#14570 = CARTESIAN_POINT('',(171.15433327357,-262.331010931,
    0.83123965556));
#14571 = CARTESIAN_POINT('',(171.17208603231,-262.5921450756,
    0.941108084351));
#14572 = CARTESIAN_POINT('',(171.18417468431,-262.8594441366,
    1.013698461387));
#14573 = CARTESIAN_POINT('',(171.19022085621,-263.1297108816,1.05));
#14574 = CARTESIAN_POINT('',(171.19022085621,-263.4,1.05));
#14575 = CYLINDRICAL_SURFACE('',#14576,14.);
#14576 = AXIS2_PLACEMENT_3D('',#14577,#14578,#14579);
#14577 = CARTESIAN_POINT('',(185.,-259.4,-1.25));
#14578 = DIRECTION('',(0.,-1.,0.));
#14579 = DIRECTION('',(0.,-0.,-1.));
#14580 = ADVANCED_FACE('',(#14581,#14584,#14595,#14606,#14617),#14628,
  .T.);
#14581 = FACE_BOUND('',#14582,.T.);
#14582 = EDGE_LOOP('',(#14583));
#14583 = ORIENTED_EDGE('',*,*,#14211,.T.);
#14584 = FACE_BOUND('',#14585,.T.);
#14585 = EDGE_LOOP('',(#14586));
#14586 = ORIENTED_EDGE('',*,*,#14587,.F.);
#14587 = EDGE_CURVE('',#14588,#14588,#14590,.T.);
#14588 = VERTEX_POINT('',#14589);
#14589 = CARTESIAN_POINT('',(178.98959235991,-267.4,1.760407640086));
#14590 = CIRCLE('',#14591,3.);
#14591 = AXIS2_PLACEMENT_3D('',#14592,#14593,#14594);
#14592 = CARTESIAN_POINT('',(178.98959235991,-267.4,4.760407640086));
#14593 = DIRECTION('',(0.,-1.,0.));
#14594 = DIRECTION('',(0.,-0.,-1.));
#14595 = FACE_BOUND('',#14596,.T.);
#14596 = EDGE_LOOP('',(#14597));
#14597 = ORIENTED_EDGE('',*,*,#14598,.F.);
#14598 = EDGE_CURVE('',#14599,#14599,#14601,.T.);
#14599 = VERTEX_POINT('',#14600);
#14600 = CARTESIAN_POINT('',(178.98959235991,-267.4,-10.26040764008));
#14601 = CIRCLE('',#14602,3.);
#14602 = AXIS2_PLACEMENT_3D('',#14603,#14604,#14605);
#14603 = CARTESIAN_POINT('',(178.98959235991,-267.4,-7.260407640086));
#14604 = DIRECTION('',(0.,-1.,0.));
#14605 = DIRECTION('',(0.,-0.,-1.));
#14606 = FACE_BOUND('',#14607,.T.);
#14607 = EDGE_LOOP('',(#14608));
#14608 = ORIENTED_EDGE('',*,*,#14609,.F.);
#14609 = EDGE_CURVE('',#14610,#14610,#14612,.T.);
#14610 = VERTEX_POINT('',#14611);
#14611 = CARTESIAN_POINT('',(191.01040764008,-267.4,1.760407640086));
#14612 = CIRCLE('',#14613,3.);
#14613 = AXIS2_PLACEMENT_3D('',#14614,#14615,#14616);
#14614 = CARTESIAN_POINT('',(191.01040764008,-267.4,4.760407640086));
#14615 = DIRECTION('',(0.,-1.,0.));
#14616 = DIRECTION('',(0.,-0.,-1.));
#14617 = FACE_BOUND('',#14618,.T.);
#14618 = EDGE_LOOP('',(#14619));
#14619 = ORIENTED_EDGE('',*,*,#14620,.F.);
#14620 = EDGE_CURVE('',#14621,#14621,#14623,.T.);
#14621 = VERTEX_POINT('',#14622);
#14622 = CARTESIAN_POINT('',(191.01040764008,-267.4,-10.26040764008));
#14623 = CIRCLE('',#14624,3.);
#14624 = AXIS2_PLACEMENT_3D('',#14625,#14626,#14627);
#14625 = CARTESIAN_POINT('',(191.01040764008,-267.4,-7.260407640086));
#14626 = DIRECTION('',(0.,-1.,0.));
#14627 = DIRECTION('',(0.,-0.,-1.));
#14628 = PLANE('',#14629);
#14629 = AXIS2_PLACEMENT_3D('',#14630,#14631,#14632);
#14630 = CARTESIAN_POINT('',(185.,-267.4,-1.25));
#14631 = DIRECTION('',(0.,-1.,0.));
#14632 = DIRECTION('',(0.,-0.,-1.));
#14633 = ADVANCED_FACE('',(#14634,#14637,#14648,#14659,#14670,#14681),
  #14692,.F.);
#14634 = FACE_BOUND('',#14635,.F.);
#14635 = EDGE_LOOP('',(#14636));
#14636 = ORIENTED_EDGE('',*,*,#14228,.T.);
#14637 = FACE_BOUND('',#14638,.F.);
#14638 = EDGE_LOOP('',(#14639));
#14639 = ORIENTED_EDGE('',*,*,#14640,.F.);
#14640 = EDGE_CURVE('',#14641,#14641,#14643,.T.);
#14641 = VERTEX_POINT('',#14642);
#14642 = CARTESIAN_POINT('',(178.98959235991,-259.4,3.060407640086));
#14643 = CIRCLE('',#14644,1.7);
#14644 = AXIS2_PLACEMENT_3D('',#14645,#14646,#14647);
#14645 = CARTESIAN_POINT('',(178.98959235991,-259.4,4.760407640086));
#14646 = DIRECTION('',(0.,-1.,0.));
#14647 = DIRECTION('',(0.,-0.,-1.));
#14648 = FACE_BOUND('',#14649,.F.);
#14649 = EDGE_LOOP('',(#14650));
#14650 = ORIENTED_EDGE('',*,*,#14651,.F.);
#14651 = EDGE_CURVE('',#14652,#14652,#14654,.T.);
#14652 = VERTEX_POINT('',#14653);
#14653 = CARTESIAN_POINT('',(185.,-259.4,-5.75));
#14654 = CIRCLE('',#14655,4.5);
#14655 = AXIS2_PLACEMENT_3D('',#14656,#14657,#14658);
#14656 = CARTESIAN_POINT('',(185.,-259.4,-1.25));
#14657 = DIRECTION('',(0.,-1.,0.));
#14658 = DIRECTION('',(0.,-0.,-1.));
#14659 = FACE_BOUND('',#14660,.F.);
#14660 = EDGE_LOOP('',(#14661));
#14661 = ORIENTED_EDGE('',*,*,#14662,.F.);
#14662 = EDGE_CURVE('',#14663,#14663,#14665,.T.);
#14663 = VERTEX_POINT('',#14664);
#14664 = CARTESIAN_POINT('',(178.98959235991,-259.4,-8.960407640086));
#14665 = CIRCLE('',#14666,1.7);
#14666 = AXIS2_PLACEMENT_3D('',#14667,#14668,#14669);
#14667 = CARTESIAN_POINT('',(178.98959235991,-259.4,-7.260407640086));
#14668 = DIRECTION('',(0.,-1.,0.));
#14669 = DIRECTION('',(0.,-0.,-1.));
#14670 = FACE_BOUND('',#14671,.F.);
#14671 = EDGE_LOOP('',(#14672));
#14672 = ORIENTED_EDGE('',*,*,#14673,.F.);
#14673 = EDGE_CURVE('',#14674,#14674,#14676,.T.);
#14674 = VERTEX_POINT('',#14675);
#14675 = CARTESIAN_POINT('',(191.01040764008,-259.4,3.060407640086));
#14676 = CIRCLE('',#14677,1.7);
#14677 = AXIS2_PLACEMENT_3D('',#14678,#14679,#14680);
#14678 = CARTESIAN_POINT('',(191.01040764008,-259.4,4.760407640086));
#14679 = DIRECTION('',(0.,-1.,0.));
#14680 = DIRECTION('',(0.,-0.,-1.));
#14681 = FACE_BOUND('',#14682,.F.);
#14682 = EDGE_LOOP('',(#14683));
#14683 = ORIENTED_EDGE('',*,*,#14684,.F.);
#14684 = EDGE_CURVE('',#14685,#14685,#14687,.T.);
#14685 = VERTEX_POINT('',#14686);
#14686 = CARTESIAN_POINT('',(191.01040764008,-259.4,-8.960407640086));
#14687 = CIRCLE('',#14688,1.7);
#14688 = AXIS2_PLACEMENT_3D('',#14689,#14690,#14691);
#14689 = CARTESIAN_POINT('',(191.01040764008,-259.4,-7.260407640086));
#14690 = DIRECTION('',(0.,-1.,0.));
#14691 = DIRECTION('',(0.,-0.,-1.));
#14692 = PLANE('',#14693);
#14693 = AXIS2_PLACEMENT_3D('',#14694,#14695,#14696);
#14694 = CARTESIAN_POINT('',(185.,-259.4,-1.25));
#14695 = DIRECTION('',(0.,-1.,0.));
#14696 = DIRECTION('',(0.,-0.,-1.));
#14697 = ADVANCED_FACE('',(#14698),#14719,.F.);
#14698 = FACE_BOUND('',#14699,.F.);
#14699 = EDGE_LOOP('',(#14700,#14708,#14715,#14716,#14717,#14718));
#14700 = ORIENTED_EDGE('',*,*,#14701,.T.);
#14701 = EDGE_CURVE('',#14241,#14702,#14704,.T.);
#14702 = VERTEX_POINT('',#14703);
#14703 = CARTESIAN_POINT('',(192.8,-263.4,-3.55));
#14704 = LINE('',#14705,#14706);
#14705 = CARTESIAN_POINT('',(199.,-263.4,-3.55));
#14706 = VECTOR('',#14707,1.);
#14707 = DIRECTION('',(-1.,0.,0.));
#14708 = ORIENTED_EDGE('',*,*,#14709,.F.);
#14709 = EDGE_CURVE('',#14702,#14702,#14710,.T.);
#14710 = CIRCLE('',#14711,2.3);
#14711 = AXIS2_PLACEMENT_3D('',#14712,#14713,#14714);
#14712 = CARTESIAN_POINT('',(192.8,-263.4,-1.25));
#14713 = DIRECTION('',(-1.,0.,0.));
#14714 = DIRECTION('',(0.,0.,-1.));
#14715 = ORIENTED_EDGE('',*,*,#14701,.F.);
#14716 = ORIENTED_EDGE('',*,*,#14296,.T.);
#14717 = ORIENTED_EDGE('',*,*,#14352,.T.);
#14718 = ORIENTED_EDGE('',*,*,#14238,.T.);
#14719 = CYLINDRICAL_SURFACE('',#14720,2.3);
#14720 = AXIS2_PLACEMENT_3D('',#14721,#14722,#14723);
#14721 = CARTESIAN_POINT('',(199.,-263.4,-1.25));
#14722 = DIRECTION('',(-1.,0.,0.));
#14723 = DIRECTION('',(0.,0.,-1.));
#14724 = ADVANCED_FACE('',(#14725),#14746,.F.);
#14725 = FACE_BOUND('',#14726,.F.);
#14726 = EDGE_LOOP('',(#14727,#14735,#14742,#14743,#14744,#14745));
#14727 = ORIENTED_EDGE('',*,*,#14728,.T.);
#14728 = EDGE_CURVE('',#14411,#14729,#14731,.T.);
#14729 = VERTEX_POINT('',#14730);
#14730 = CARTESIAN_POINT('',(177.2,-263.4,1.05));
#14731 = LINE('',#14732,#14733);
#14732 = CARTESIAN_POINT('',(171.,-263.4,1.05));
#14733 = VECTOR('',#14734,1.);
#14734 = DIRECTION('',(1.,0.,0.));
#14735 = ORIENTED_EDGE('',*,*,#14736,.F.);
#14736 = EDGE_CURVE('',#14729,#14729,#14737,.T.);
#14737 = CIRCLE('',#14738,2.3);
#14738 = AXIS2_PLACEMENT_3D('',#14739,#14740,#14741);
#14739 = CARTESIAN_POINT('',(177.2,-263.4,-1.25));
#14740 = DIRECTION('',(1.,0.,0.));
#14741 = DIRECTION('',(-0.,0.,1.));
#14742 = ORIENTED_EDGE('',*,*,#14728,.F.);
#14743 = ORIENTED_EDGE('',*,*,#14466,.T.);
#14744 = ORIENTED_EDGE('',*,*,#14522,.T.);
#14745 = ORIENTED_EDGE('',*,*,#14408,.T.);
#14746 = CYLINDRICAL_SURFACE('',#14747,2.3);
#14747 = AXIS2_PLACEMENT_3D('',#14748,#14749,#14750);
#14748 = CARTESIAN_POINT('',(171.,-263.4,-1.25));
#14749 = DIRECTION('',(1.,0.,0.));
#14750 = DIRECTION('',(-0.,0.,1.));
#14751 = ADVANCED_FACE('',(#14752),#14771,.F.);
#14752 = FACE_BOUND('',#14753,.F.);
#14753 = EDGE_LOOP('',(#14754,#14755,#14763,#14770));
#14754 = ORIENTED_EDGE('',*,*,#14587,.F.);
#14755 = ORIENTED_EDGE('',*,*,#14756,.F.);
#14756 = EDGE_CURVE('',#14757,#14588,#14759,.T.);
#14757 = VERTEX_POINT('',#14758);
#14758 = CARTESIAN_POINT('',(178.98959235991,-263.4,1.760407640086));
#14759 = LINE('',#14760,#14761);
#14760 = CARTESIAN_POINT('',(178.98959235991,-263.4,1.760407640086));
#14761 = VECTOR('',#14762,1.);
#14762 = DIRECTION('',(0.,-1.,0.));
#14763 = ORIENTED_EDGE('',*,*,#14764,.T.);
#14764 = EDGE_CURVE('',#14757,#14757,#14765,.T.);
#14765 = CIRCLE('',#14766,3.);
#14766 = AXIS2_PLACEMENT_3D('',#14767,#14768,#14769);
#14767 = CARTESIAN_POINT('',(178.98959235991,-263.4,4.760407640086));
#14768 = DIRECTION('',(0.,-1.,0.));
#14769 = DIRECTION('',(0.,-0.,-1.));
#14770 = ORIENTED_EDGE('',*,*,#14756,.T.);
#14771 = CYLINDRICAL_SURFACE('',#14772,3.);
#14772 = AXIS2_PLACEMENT_3D('',#14773,#14774,#14775);
#14773 = CARTESIAN_POINT('',(178.98959235991,-263.4,4.760407640086));
#14774 = DIRECTION('',(0.,-1.,0.));
#14775 = DIRECTION('',(0.,-0.,-1.));
#14776 = ADVANCED_FACE('',(#14777),#14796,.F.);
#14777 = FACE_BOUND('',#14778,.F.);
#14778 = EDGE_LOOP('',(#14779,#14780,#14788,#14795));
#14779 = ORIENTED_EDGE('',*,*,#14598,.F.);
#14780 = ORIENTED_EDGE('',*,*,#14781,.F.);
#14781 = EDGE_CURVE('',#14782,#14599,#14784,.T.);
#14782 = VERTEX_POINT('',#14783);
#14783 = CARTESIAN_POINT('',(178.98959235991,-263.4,-10.26040764008));
#14784 = LINE('',#14785,#14786);
#14785 = CARTESIAN_POINT('',(178.98959235991,-263.4,-10.26040764008));
#14786 = VECTOR('',#14787,1.);
#14787 = DIRECTION('',(0.,-1.,0.));
#14788 = ORIENTED_EDGE('',*,*,#14789,.T.);
#14789 = EDGE_CURVE('',#14782,#14782,#14790,.T.);
#14790 = CIRCLE('',#14791,3.);
#14791 = AXIS2_PLACEMENT_3D('',#14792,#14793,#14794);
#14792 = CARTESIAN_POINT('',(178.98959235991,-263.4,-7.260407640086));
#14793 = DIRECTION('',(0.,-1.,0.));
#14794 = DIRECTION('',(0.,-0.,-1.));
#14795 = ORIENTED_EDGE('',*,*,#14781,.T.);
#14796 = CYLINDRICAL_SURFACE('',#14797,3.);
#14797 = AXIS2_PLACEMENT_3D('',#14798,#14799,#14800);
#14798 = CARTESIAN_POINT('',(178.98959235991,-263.4,-7.260407640086));
#14799 = DIRECTION('',(0.,-1.,0.));
#14800 = DIRECTION('',(0.,-0.,-1.));
#14801 = ADVANCED_FACE('',(#14802),#14821,.F.);
#14802 = FACE_BOUND('',#14803,.F.);
#14803 = EDGE_LOOP('',(#14804,#14805,#14813,#14820));
#14804 = ORIENTED_EDGE('',*,*,#14609,.F.);
#14805 = ORIENTED_EDGE('',*,*,#14806,.F.);
#14806 = EDGE_CURVE('',#14807,#14610,#14809,.T.);
#14807 = VERTEX_POINT('',#14808);
#14808 = CARTESIAN_POINT('',(191.01040764008,-263.4,1.760407640086));
#14809 = LINE('',#14810,#14811);
#14810 = CARTESIAN_POINT('',(191.01040764008,-263.4,1.760407640086));
#14811 = VECTOR('',#14812,1.);
#14812 = DIRECTION('',(0.,-1.,0.));
#14813 = ORIENTED_EDGE('',*,*,#14814,.T.);
#14814 = EDGE_CURVE('',#14807,#14807,#14815,.T.);
#14815 = CIRCLE('',#14816,3.);
#14816 = AXIS2_PLACEMENT_3D('',#14817,#14818,#14819);
#14817 = CARTESIAN_POINT('',(191.01040764008,-263.4,4.760407640086));
#14818 = DIRECTION('',(0.,-1.,0.));
#14819 = DIRECTION('',(0.,-0.,-1.));
#14820 = ORIENTED_EDGE('',*,*,#14806,.T.);
#14821 = CYLINDRICAL_SURFACE('',#14822,3.);
#14822 = AXIS2_PLACEMENT_3D('',#14823,#14824,#14825);
#14823 = CARTESIAN_POINT('',(191.01040764008,-263.4,4.760407640086));
#14824 = DIRECTION('',(0.,-1.,0.));
#14825 = DIRECTION('',(0.,-0.,-1.));
#14826 = ADVANCED_FACE('',(#14827),#14846,.F.);
#14827 = FACE_BOUND('',#14828,.F.);
#14828 = EDGE_LOOP('',(#14829,#14830,#14838,#14845));
#14829 = ORIENTED_EDGE('',*,*,#14620,.F.);
#14830 = ORIENTED_EDGE('',*,*,#14831,.F.);
#14831 = EDGE_CURVE('',#14832,#14621,#14834,.T.);
#14832 = VERTEX_POINT('',#14833);
#14833 = CARTESIAN_POINT('',(191.01040764008,-263.4,-10.26040764008));
#14834 = LINE('',#14835,#14836);
#14835 = CARTESIAN_POINT('',(191.01040764008,-263.4,-10.26040764008));
#14836 = VECTOR('',#14837,1.);
#14837 = DIRECTION('',(0.,-1.,0.));
#14838 = ORIENTED_EDGE('',*,*,#14839,.T.);
#14839 = EDGE_CURVE('',#14832,#14832,#14840,.T.);
#14840 = CIRCLE('',#14841,3.);
#14841 = AXIS2_PLACEMENT_3D('',#14842,#14843,#14844);
#14842 = CARTESIAN_POINT('',(191.01040764008,-263.4,-7.260407640086));
#14843 = DIRECTION('',(0.,-1.,0.));
#14844 = DIRECTION('',(0.,-0.,-1.));
#14845 = ORIENTED_EDGE('',*,*,#14831,.T.);
#14846 = CYLINDRICAL_SURFACE('',#14847,3.);
#14847 = AXIS2_PLACEMENT_3D('',#14848,#14849,#14850);
#14848 = CARTESIAN_POINT('',(191.01040764008,-263.4,-7.260407640086));
#14849 = DIRECTION('',(0.,-1.,0.));
#14850 = DIRECTION('',(0.,-0.,-1.));
#14851 = ADVANCED_FACE('',(#14852),#14871,.F.);
#14852 = FACE_BOUND('',#14853,.F.);
#14853 = EDGE_LOOP('',(#14854,#14863,#14869,#14870));
#14854 = ORIENTED_EDGE('',*,*,#14855,.F.);
#14855 = EDGE_CURVE('',#14856,#14856,#14858,.T.);
#14856 = VERTEX_POINT('',#14857);
#14857 = CARTESIAN_POINT('',(178.98959235991,-263.4,3.060407640086));
#14858 = CIRCLE('',#14859,1.7);
#14859 = AXIS2_PLACEMENT_3D('',#14860,#14861,#14862);
#14860 = CARTESIAN_POINT('',(178.98959235991,-263.4,4.760407640086));
#14861 = DIRECTION('',(0.,-1.,0.));
#14862 = DIRECTION('',(0.,-0.,-1.));
#14863 = ORIENTED_EDGE('',*,*,#14864,.F.);
#14864 = EDGE_CURVE('',#14641,#14856,#14865,.T.);
#14865 = LINE('',#14866,#14867);
#14866 = CARTESIAN_POINT('',(178.98959235991,-259.3,3.060407640086));
#14867 = VECTOR('',#14868,1.);
#14868 = DIRECTION('',(0.,-1.,0.));
#14869 = ORIENTED_EDGE('',*,*,#14640,.T.);
#14870 = ORIENTED_EDGE('',*,*,#14864,.T.);
#14871 = CYLINDRICAL_SURFACE('',#14872,1.7);
#14872 = AXIS2_PLACEMENT_3D('',#14873,#14874,#14875);
#14873 = CARTESIAN_POINT('',(178.98959235991,-259.3,4.760407640086));
#14874 = DIRECTION('',(0.,-1.,0.));
#14875 = DIRECTION('',(0.,-0.,-1.));
#14876 = ADVANCED_FACE('',(#14877),#14896,.F.);
#14877 = FACE_BOUND('',#14878,.F.);
#14878 = EDGE_LOOP('',(#14879,#14887,#14894,#14895));
#14879 = ORIENTED_EDGE('',*,*,#14880,.T.);
#14880 = EDGE_CURVE('',#14652,#14881,#14883,.T.);
#14881 = VERTEX_POINT('',#14882);
#14882 = CARTESIAN_POINT('',(185.,-262.7,-5.75));
#14883 = LINE('',#14884,#14885);
#14884 = CARTESIAN_POINT('',(185.,-259.3,-5.75));
#14885 = VECTOR('',#14886,1.);
#14886 = DIRECTION('',(0.,-1.,0.));
#14887 = ORIENTED_EDGE('',*,*,#14888,.F.);
#14888 = EDGE_CURVE('',#14881,#14881,#14889,.T.);
#14889 = CIRCLE('',#14890,4.5);
#14890 = AXIS2_PLACEMENT_3D('',#14891,#14892,#14893);
#14891 = CARTESIAN_POINT('',(185.,-262.7,-1.25));
#14892 = DIRECTION('',(0.,-1.,0.));
#14893 = DIRECTION('',(0.,-0.,-1.));
#14894 = ORIENTED_EDGE('',*,*,#14880,.F.);
#14895 = ORIENTED_EDGE('',*,*,#14651,.T.);
#14896 = CYLINDRICAL_SURFACE('',#14897,4.5);
#14897 = AXIS2_PLACEMENT_3D('',#14898,#14899,#14900);
#14898 = CARTESIAN_POINT('',(185.,-259.3,-1.25));
#14899 = DIRECTION('',(0.,-1.,0.));
#14900 = DIRECTION('',(0.,-0.,-1.));
#14901 = ADVANCED_FACE('',(#14902),#14921,.F.);
#14902 = FACE_BOUND('',#14903,.F.);
#14903 = EDGE_LOOP('',(#14904,#14913,#14919,#14920));
#14904 = ORIENTED_EDGE('',*,*,#14905,.F.);
#14905 = EDGE_CURVE('',#14906,#14906,#14908,.T.);
#14906 = VERTEX_POINT('',#14907);
#14907 = CARTESIAN_POINT('',(178.98959235991,-263.4,-8.960407640086));
#14908 = CIRCLE('',#14909,1.7);
#14909 = AXIS2_PLACEMENT_3D('',#14910,#14911,#14912);
#14910 = CARTESIAN_POINT('',(178.98959235991,-263.4,-7.260407640086));
#14911 = DIRECTION('',(0.,-1.,0.));
#14912 = DIRECTION('',(0.,-0.,-1.));
#14913 = ORIENTED_EDGE('',*,*,#14914,.F.);
#14914 = EDGE_CURVE('',#14663,#14906,#14915,.T.);
#14915 = LINE('',#14916,#14917);
#14916 = CARTESIAN_POINT('',(178.98959235991,-259.3,-8.960407640086));
#14917 = VECTOR('',#14918,1.);
#14918 = DIRECTION('',(0.,-1.,0.));
#14919 = ORIENTED_EDGE('',*,*,#14662,.T.);
#14920 = ORIENTED_EDGE('',*,*,#14914,.T.);
#14921 = CYLINDRICAL_SURFACE('',#14922,1.7);
#14922 = AXIS2_PLACEMENT_3D('',#14923,#14924,#14925);
#14923 = CARTESIAN_POINT('',(178.98959235991,-259.3,-7.260407640086));
#14924 = DIRECTION('',(0.,-1.,0.));
#14925 = DIRECTION('',(0.,-0.,-1.));
#14926 = ADVANCED_FACE('',(#14927),#14946,.F.);
#14927 = FACE_BOUND('',#14928,.F.);
#14928 = EDGE_LOOP('',(#14929,#14938,#14944,#14945));
#14929 = ORIENTED_EDGE('',*,*,#14930,.F.);
#14930 = EDGE_CURVE('',#14931,#14931,#14933,.T.);
#14931 = VERTEX_POINT('',#14932);
#14932 = CARTESIAN_POINT('',(191.01040764008,-263.4,3.060407640086));
#14933 = CIRCLE('',#14934,1.7);
#14934 = AXIS2_PLACEMENT_3D('',#14935,#14936,#14937);
#14935 = CARTESIAN_POINT('',(191.01040764008,-263.4,4.760407640086));
#14936 = DIRECTION('',(0.,-1.,0.));
#14937 = DIRECTION('',(0.,-0.,-1.));
#14938 = ORIENTED_EDGE('',*,*,#14939,.F.);
#14939 = EDGE_CURVE('',#14674,#14931,#14940,.T.);
#14940 = LINE('',#14941,#14942);
#14941 = CARTESIAN_POINT('',(191.01040764008,-259.3,3.060407640086));
#14942 = VECTOR('',#14943,1.);
#14943 = DIRECTION('',(0.,-1.,0.));
#14944 = ORIENTED_EDGE('',*,*,#14673,.T.);
#14945 = ORIENTED_EDGE('',*,*,#14939,.T.);
#14946 = CYLINDRICAL_SURFACE('',#14947,1.7);
#14947 = AXIS2_PLACEMENT_3D('',#14948,#14949,#14950);
#14948 = CARTESIAN_POINT('',(191.01040764008,-259.3,4.760407640086));
#14949 = DIRECTION('',(0.,-1.,0.));
#14950 = DIRECTION('',(0.,-0.,-1.));
#14951 = ADVANCED_FACE('',(#14952),#14971,.F.);
#14952 = FACE_BOUND('',#14953,.F.);
#14953 = EDGE_LOOP('',(#14954,#14963,#14969,#14970));
#14954 = ORIENTED_EDGE('',*,*,#14955,.F.);
#14955 = EDGE_CURVE('',#14956,#14956,#14958,.T.);
#14956 = VERTEX_POINT('',#14957);
#14957 = CARTESIAN_POINT('',(191.01040764008,-263.4,-8.960407640086));
#14958 = CIRCLE('',#14959,1.7);
#14959 = AXIS2_PLACEMENT_3D('',#14960,#14961,#14962);
#14960 = CARTESIAN_POINT('',(191.01040764008,-263.4,-7.260407640086));
#14961 = DIRECTION('',(0.,-1.,0.));
#14962 = DIRECTION('',(0.,-0.,-1.));
#14963 = ORIENTED_EDGE('',*,*,#14964,.F.);
#14964 = EDGE_CURVE('',#14685,#14956,#14965,.T.);
#14965 = LINE('',#14966,#14967);
#14966 = CARTESIAN_POINT('',(191.01040764008,-259.3,-8.960407640086));
#14967 = VECTOR('',#14968,1.);
#14968 = DIRECTION('',(0.,-1.,0.));
#14969 = ORIENTED_EDGE('',*,*,#14684,.T.);
#14970 = ORIENTED_EDGE('',*,*,#14964,.T.);
#14971 = CYLINDRICAL_SURFACE('',#14972,1.7);
#14972 = AXIS2_PLACEMENT_3D('',#14973,#14974,#14975);
#14973 = CARTESIAN_POINT('',(191.01040764008,-259.3,-7.260407640086));
#14974 = DIRECTION('',(0.,-1.,0.));
#14975 = DIRECTION('',(0.,-0.,-1.));
#14976 = ADVANCED_FACE('',(#14977),#14980,.F.);
#14977 = FACE_BOUND('',#14978,.F.);
#14978 = EDGE_LOOP('',(#14979));
#14979 = ORIENTED_EDGE('',*,*,#14709,.T.);
#14980 = PLANE('',#14981);
#14981 = AXIS2_PLACEMENT_3D('',#14982,#14983,#14984);
#14982 = CARTESIAN_POINT('',(192.8,-263.4,-1.25));
#14983 = DIRECTION('',(-1.,0.,0.));
#14984 = DIRECTION('',(0.,0.,-1.));
#14985 = ADVANCED_FACE('',(#14986),#14989,.F.);
#14986 = FACE_BOUND('',#14987,.F.);
#14987 = EDGE_LOOP('',(#14988));
#14988 = ORIENTED_EDGE('',*,*,#14736,.T.);
#14989 = PLANE('',#14990);
#14990 = AXIS2_PLACEMENT_3D('',#14991,#14992,#14993);
#14991 = CARTESIAN_POINT('',(177.2,-263.4,-1.25));
#14992 = DIRECTION('',(1.,0.,0.));
#14993 = DIRECTION('',(-0.,0.,1.));
#14994 = ADVANCED_FACE('',(#14995,#14998),#15001,.T.);
#14995 = FACE_BOUND('',#14996,.T.);
#14996 = EDGE_LOOP('',(#14997));
#14997 = ORIENTED_EDGE('',*,*,#14764,.T.);
#14998 = FACE_BOUND('',#14999,.T.);
#14999 = EDGE_LOOP('',(#15000));
#15000 = ORIENTED_EDGE('',*,*,#14855,.F.);
#15001 = PLANE('',#15002);
#15002 = AXIS2_PLACEMENT_3D('',#15003,#15004,#15005);
#15003 = CARTESIAN_POINT('',(178.98959235991,-263.4,4.760407640086));
#15004 = DIRECTION('',(0.,-1.,0.));
#15005 = DIRECTION('',(0.,-0.,-1.));
#15006 = ADVANCED_FACE('',(#15007,#15010),#15013,.T.);
#15007 = FACE_BOUND('',#15008,.T.);
#15008 = EDGE_LOOP('',(#15009));
#15009 = ORIENTED_EDGE('',*,*,#14789,.T.);
#15010 = FACE_BOUND('',#15011,.T.);
#15011 = EDGE_LOOP('',(#15012));
#15012 = ORIENTED_EDGE('',*,*,#14905,.F.);
#15013 = PLANE('',#15014);
#15014 = AXIS2_PLACEMENT_3D('',#15015,#15016,#15017);
#15015 = CARTESIAN_POINT('',(178.98959235991,-263.4,-7.260407640086));
#15016 = DIRECTION('',(0.,-1.,0.));
#15017 = DIRECTION('',(0.,-0.,-1.));
#15018 = ADVANCED_FACE('',(#15019,#15022),#15025,.T.);
#15019 = FACE_BOUND('',#15020,.T.);
#15020 = EDGE_LOOP('',(#15021));
#15021 = ORIENTED_EDGE('',*,*,#14814,.T.);
#15022 = FACE_BOUND('',#15023,.T.);
#15023 = EDGE_LOOP('',(#15024));
#15024 = ORIENTED_EDGE('',*,*,#14930,.F.);
#15025 = PLANE('',#15026);
#15026 = AXIS2_PLACEMENT_3D('',#15027,#15028,#15029);
#15027 = CARTESIAN_POINT('',(191.01040764008,-263.4,4.760407640086));
#15028 = DIRECTION('',(0.,-1.,0.));
#15029 = DIRECTION('',(0.,-0.,-1.));
#15030 = ADVANCED_FACE('',(#15031,#15034),#15037,.T.);
#15031 = FACE_BOUND('',#15032,.T.);
#15032 = EDGE_LOOP('',(#15033));
#15033 = ORIENTED_EDGE('',*,*,#14839,.T.);
#15034 = FACE_BOUND('',#15035,.T.);
#15035 = EDGE_LOOP('',(#15036));
#15036 = ORIENTED_EDGE('',*,*,#14955,.F.);
#15037 = PLANE('',#15038);
#15038 = AXIS2_PLACEMENT_3D('',#15039,#15040,#15041);
#15039 = CARTESIAN_POINT('',(191.01040764008,-263.4,-7.260407640086));
#15040 = DIRECTION('',(0.,-1.,0.));
#15041 = DIRECTION('',(0.,-0.,-1.));
#15042 = ADVANCED_FACE('',(#15043),#15046,.F.);
#15043 = FACE_BOUND('',#15044,.F.);
#15044 = EDGE_LOOP('',(#15045));
#15045 = ORIENTED_EDGE('',*,*,#14888,.T.);
#15046 = PLANE('',#15047);
#15047 = AXIS2_PLACEMENT_3D('',#15048,#15049,#15050);
#15048 = CARTESIAN_POINT('',(185.,-262.7,-1.25));
#15049 = DIRECTION('',(0.,-1.,0.));
#15050 = DIRECTION('',(0.,-0.,-1.));
#15051 = MANIFOLD_SOLID_BREP('',#15052);
#15052 = CLOSED_SHELL('',(#15053,#15086,#15106,#15165,#15190,#15221,
    #15245,#15269,#15293,#15317,#15334,#15343));
#15053 = ADVANCED_FACE('',(#15054),#15081,.T.);
#15054 = FACE_BOUND('',#15055,.T.);
#15055 = EDGE_LOOP('',(#15056,#15065,#15073,#15080));
#15056 = ORIENTED_EDGE('',*,*,#15057,.F.);
#15057 = EDGE_CURVE('',#15058,#15058,#15060,.T.);
#15058 = VERTEX_POINT('',#15059);
#15059 = CARTESIAN_POINT('',(178.98959235991,-263.4,7.510407640086));
#15060 = CIRCLE('',#15061,2.75);
#15061 = AXIS2_PLACEMENT_3D('',#15062,#15063,#15064);
#15062 = CARTESIAN_POINT('',(178.98959235991,-263.4,4.760407640086));
#15063 = DIRECTION('',(0.,1.,0.));
#15064 = DIRECTION('',(0.,-0.,1.));
#15065 = ORIENTED_EDGE('',*,*,#15066,.F.);
#15066 = EDGE_CURVE('',#15067,#15058,#15069,.T.);
#15067 = VERTEX_POINT('',#15068);
#15068 = CARTESIAN_POINT('',(178.98959235991,-266.4,7.510407640086));
#15069 = LINE('',#15070,#15071);
#15070 = CARTESIAN_POINT('',(178.98959235991,-266.4,7.510407640086));
#15071 = VECTOR('',#15072,1.);
#15072 = DIRECTION('',(0.,1.,0.));
#15073 = ORIENTED_EDGE('',*,*,#15074,.T.);
#15074 = EDGE_CURVE('',#15067,#15067,#15075,.T.);
#15075 = CIRCLE('',#15076,2.75);
#15076 = AXIS2_PLACEMENT_3D('',#15077,#15078,#15079);
#15077 = CARTESIAN_POINT('',(178.98959235991,-266.4,4.760407640086));
#15078 = DIRECTION('',(0.,1.,0.));
#15079 = DIRECTION('',(0.,-0.,1.));
#15080 = ORIENTED_EDGE('',*,*,#15066,.T.);
#15081 = CYLINDRICAL_SURFACE('',#15082,2.75);
#15082 = AXIS2_PLACEMENT_3D('',#15083,#15084,#15085);
#15083 = CARTESIAN_POINT('',(178.98959235991,-266.4,4.760407640086));
#15084 = DIRECTION('',(0.,1.,0.));
#15085 = DIRECTION('',(0.,-0.,1.));
#15086 = ADVANCED_FACE('',(#15087,#15090),#15101,.T.);
#15087 = FACE_BOUND('',#15088,.T.);
#15088 = EDGE_LOOP('',(#15089));
#15089 = ORIENTED_EDGE('',*,*,#15057,.T.);
#15090 = FACE_BOUND('',#15091,.T.);
#15091 = EDGE_LOOP('',(#15092));
#15092 = ORIENTED_EDGE('',*,*,#15093,.F.);
#15093 = EDGE_CURVE('',#15094,#15094,#15096,.T.);
#15094 = VERTEX_POINT('',#15095);
#15095 = CARTESIAN_POINT('',(178.98959235991,-263.4,6.260407640086));
#15096 = CIRCLE('',#15097,1.5);
#15097 = AXIS2_PLACEMENT_3D('',#15098,#15099,#15100);
#15098 = CARTESIAN_POINT('',(178.98959235991,-263.4,4.760407640086));
#15099 = DIRECTION('',(0.,1.,0.));
#15100 = DIRECTION('',(0.,-0.,1.));
#15101 = PLANE('',#15102);
#15102 = AXIS2_PLACEMENT_3D('',#15103,#15104,#15105);
#15103 = CARTESIAN_POINT('',(178.98959235991,-263.4,4.760407640086));
#15104 = DIRECTION('',(0.,1.,0.));
#15105 = DIRECTION('',(0.,-0.,1.));
#15106 = ADVANCED_FACE('',(#15107,#15110),#15160,.F.);
#15107 = FACE_BOUND('',#15108,.F.);
#15108 = EDGE_LOOP('',(#15109));
#15109 = ORIENTED_EDGE('',*,*,#15074,.T.);
#15110 = FACE_BOUND('',#15111,.F.);
#15111 = EDGE_LOOP('',(#15112,#15122,#15130,#15138,#15146,#15154));
#15112 = ORIENTED_EDGE('',*,*,#15113,.T.);
#15113 = EDGE_CURVE('',#15114,#15116,#15118,.T.);
#15114 = VERTEX_POINT('',#15115);
#15115 = CARTESIAN_POINT('',(177.73959235991,-266.4,4.038719803599));
#15116 = VERTEX_POINT('',#15117);
#15117 = CARTESIAN_POINT('',(178.98959235991,-266.4,3.317031967112));
#15118 = LINE('',#15119,#15120);
#15119 = CARTESIAN_POINT('',(178.67709235991,-266.4,3.497453926233));
#15120 = VECTOR('',#15121,1.);
#15121 = DIRECTION('',(0.866025403784,0.,-0.5));
#15122 = ORIENTED_EDGE('',*,*,#15123,.T.);
#15123 = EDGE_CURVE('',#15116,#15124,#15126,.T.);
#15124 = VERTEX_POINT('',#15125);
#15125 = CARTESIAN_POINT('',(180.23959235991,-266.4,4.038719803599));
#15126 = LINE('',#15127,#15128);
#15127 = CARTESIAN_POINT('',(179.92709235991,-266.4,3.858297844477));
#15128 = VECTOR('',#15129,1.);
#15129 = DIRECTION('',(0.866025403784,-0.,0.5));
#15130 = ORIENTED_EDGE('',*,*,#15131,.T.);
#15131 = EDGE_CURVE('',#15124,#15132,#15134,.T.);
#15132 = VERTEX_POINT('',#15133);
#15133 = CARTESIAN_POINT('',(180.23959235991,-266.4,5.482095476573));
#15134 = LINE('',#15135,#15136);
#15135 = CARTESIAN_POINT('',(180.23959235991,-266.4,5.121251558329));
#15136 = VECTOR('',#15137,1.);
#15137 = DIRECTION('',(0.,-0.,1.));
#15138 = ORIENTED_EDGE('',*,*,#15139,.T.);
#15139 = EDGE_CURVE('',#15132,#15140,#15142,.T.);
#15140 = VERTEX_POINT('',#15141);
#15141 = CARTESIAN_POINT('',(178.98959235991,-266.4,6.20378331306));
#15142 = LINE('',#15143,#15144);
#15143 = CARTESIAN_POINT('',(179.30209235991,-266.4,6.023361353938));
#15144 = VECTOR('',#15145,1.);
#15145 = DIRECTION('',(-0.866025403784,0.,0.5));
#15146 = ORIENTED_EDGE('',*,*,#15147,.T.);
#15147 = EDGE_CURVE('',#15140,#15148,#15150,.T.);
#15148 = VERTEX_POINT('',#15149);
#15149 = CARTESIAN_POINT('',(177.73959235991,-266.4,5.482095476573));
#15150 = LINE('',#15151,#15152);
#15151 = CARTESIAN_POINT('',(178.05209235991,-266.4,5.662517435694));
#15152 = VECTOR('',#15153,1.);
#15153 = DIRECTION('',(-0.866025403784,0.,-0.5));
#15154 = ORIENTED_EDGE('',*,*,#15155,.T.);
#15155 = EDGE_CURVE('',#15148,#15114,#15156,.T.);
#15156 = LINE('',#15157,#15158);
#15157 = CARTESIAN_POINT('',(177.73959235991,-266.4,4.399563721842));
#15158 = VECTOR('',#15159,1.);
#15159 = DIRECTION('',(0.,0.,-1.));
#15160 = PLANE('',#15161);
#15161 = AXIS2_PLACEMENT_3D('',#15162,#15163,#15164);
#15162 = CARTESIAN_POINT('',(178.98959235991,-266.4,4.760407640086));
#15163 = DIRECTION('',(0.,1.,0.));
#15164 = DIRECTION('',(0.,-0.,1.));
#15165 = ADVANCED_FACE('',(#15166),#15185,.T.);
#15166 = FACE_BOUND('',#15167,.T.);
#15167 = EDGE_LOOP('',(#15168,#15177,#15183,#15184));
#15168 = ORIENTED_EDGE('',*,*,#15169,.F.);
#15169 = EDGE_CURVE('',#15170,#15170,#15172,.T.);
#15170 = VERTEX_POINT('',#15171);
#15171 = CARTESIAN_POINT('',(178.98959235991,-255.4,6.260407640086));
#15172 = CIRCLE('',#15173,1.5);
#15173 = AXIS2_PLACEMENT_3D('',#15174,#15175,#15176);
#15174 = CARTESIAN_POINT('',(178.98959235991,-255.4,4.760407640086));
#15175 = DIRECTION('',(0.,1.,0.));
#15176 = DIRECTION('',(0.,-0.,1.));
#15177 = ORIENTED_EDGE('',*,*,#15178,.F.);
#15178 = EDGE_CURVE('',#15094,#15170,#15179,.T.);
#15179 = LINE('',#15180,#15181);
#15180 = CARTESIAN_POINT('',(178.98959235991,-263.4,6.260407640086));
#15181 = VECTOR('',#15182,1.);
#15182 = DIRECTION('',(0.,1.,0.));
#15183 = ORIENTED_EDGE('',*,*,#15093,.T.);
#15184 = ORIENTED_EDGE('',*,*,#15178,.T.);
#15185 = CYLINDRICAL_SURFACE('',#15186,1.5);
#15186 = AXIS2_PLACEMENT_3D('',#15187,#15188,#15189);
#15187 = CARTESIAN_POINT('',(178.98959235991,-263.4,4.760407640086));
#15188 = DIRECTION('',(0.,1.,0.));
#15189 = DIRECTION('',(0.,-0.,1.));
#15190 = ADVANCED_FACE('',(#15191),#15216,.T.);
#15191 = FACE_BOUND('',#15192,.T.);
#15192 = EDGE_LOOP('',(#15193,#15194,#15202,#15210));
#15193 = ORIENTED_EDGE('',*,*,#15113,.T.);
#15194 = ORIENTED_EDGE('',*,*,#15195,.T.);
#15195 = EDGE_CURVE('',#15116,#15196,#15198,.T.);
#15196 = VERTEX_POINT('',#15197);
#15197 = CARTESIAN_POINT('',(178.98959235991,-264.6,3.317031967112));
#15198 = LINE('',#15199,#15200);
#15199 = CARTESIAN_POINT('',(178.98959235991,-266.5,3.317031967112));
#15200 = VECTOR('',#15201,1.);
#15201 = DIRECTION('',(0.,1.,0.));
#15202 = ORIENTED_EDGE('',*,*,#15203,.T.);
#15203 = EDGE_CURVE('',#15196,#15204,#15206,.T.);
#15204 = VERTEX_POINT('',#15205);
#15205 = CARTESIAN_POINT('',(177.73959235991,-264.6,4.038719803599));
#15206 = LINE('',#15207,#15208);
#15207 = CARTESIAN_POINT('',(178.98959235991,-264.6,3.317031967112));
#15208 = VECTOR('',#15209,1.);
#15209 = DIRECTION('',(-0.866025403784,0.,0.5));
#15210 = ORIENTED_EDGE('',*,*,#15211,.F.);
#15211 = EDGE_CURVE('',#15114,#15204,#15212,.T.);
#15212 = LINE('',#15213,#15214);
#15213 = CARTESIAN_POINT('',(177.73959235991,-266.5,4.038719803599));
#15214 = VECTOR('',#15215,1.);
#15215 = DIRECTION('',(0.,1.,0.));
#15216 = PLANE('',#15217);
#15217 = AXIS2_PLACEMENT_3D('',#15218,#15219,#15220);
#15218 = CARTESIAN_POINT('',(178.98959235991,-266.5,3.317031967112));
#15219 = DIRECTION('',(0.5,-0.,0.866025403784));
#15220 = DIRECTION('',(-0.866025403784,0.,0.5));
#15221 = ADVANCED_FACE('',(#15222),#15240,.T.);
#15222 = FACE_BOUND('',#15223,.T.);
#15223 = EDGE_LOOP('',(#15224,#15225,#15226,#15234));
#15224 = ORIENTED_EDGE('',*,*,#15155,.T.);
#15225 = ORIENTED_EDGE('',*,*,#15211,.T.);
#15226 = ORIENTED_EDGE('',*,*,#15227,.T.);
#15227 = EDGE_CURVE('',#15204,#15228,#15230,.T.);
#15228 = VERTEX_POINT('',#15229);
#15229 = CARTESIAN_POINT('',(177.73959235991,-264.6,5.482095476573));
#15230 = LINE('',#15231,#15232);
#15231 = CARTESIAN_POINT('',(177.73959235991,-264.6,4.038719803599));
#15232 = VECTOR('',#15233,1.);
#15233 = DIRECTION('',(0.,0.,1.));
#15234 = ORIENTED_EDGE('',*,*,#15235,.F.);
#15235 = EDGE_CURVE('',#15148,#15228,#15236,.T.);
#15236 = LINE('',#15237,#15238);
#15237 = CARTESIAN_POINT('',(177.73959235991,-266.5,5.482095476573));
#15238 = VECTOR('',#15239,1.);
#15239 = DIRECTION('',(0.,1.,0.));
#15240 = PLANE('',#15241);
#15241 = AXIS2_PLACEMENT_3D('',#15242,#15243,#15244);
#15242 = CARTESIAN_POINT('',(177.73959235991,-266.5,4.038719803599));
#15243 = DIRECTION('',(1.,0.,0.));
#15244 = DIRECTION('',(0.,0.,1.));
#15245 = ADVANCED_FACE('',(#15246),#15264,.T.);
#15246 = FACE_BOUND('',#15247,.T.);
#15247 = EDGE_LOOP('',(#15248,#15249,#15250,#15258));
#15248 = ORIENTED_EDGE('',*,*,#15147,.T.);
#15249 = ORIENTED_EDGE('',*,*,#15235,.T.);
#15250 = ORIENTED_EDGE('',*,*,#15251,.T.);
#15251 = EDGE_CURVE('',#15228,#15252,#15254,.T.);
#15252 = VERTEX_POINT('',#15253);
#15253 = CARTESIAN_POINT('',(178.98959235991,-264.6,6.20378331306));
#15254 = LINE('',#15255,#15256);
#15255 = CARTESIAN_POINT('',(177.73959235991,-264.6,5.482095476573));
#15256 = VECTOR('',#15257,1.);
#15257 = DIRECTION('',(0.866025403784,0.,0.5));
#15258 = ORIENTED_EDGE('',*,*,#15259,.F.);
#15259 = EDGE_CURVE('',#15140,#15252,#15260,.T.);
#15260 = LINE('',#15261,#15262);
#15261 = CARTESIAN_POINT('',(178.98959235991,-266.5,6.20378331306));
#15262 = VECTOR('',#15263,1.);
#15263 = DIRECTION('',(0.,1.,0.));
#15264 = PLANE('',#15265);
#15265 = AXIS2_PLACEMENT_3D('',#15266,#15267,#15268);
#15266 = CARTESIAN_POINT('',(177.73959235991,-266.5,5.482095476573));
#15267 = DIRECTION('',(0.5,0.,-0.866025403784));
#15268 = DIRECTION('',(0.866025403784,0.,0.5));
#15269 = ADVANCED_FACE('',(#15270),#15288,.T.);
#15270 = FACE_BOUND('',#15271,.T.);
#15271 = EDGE_LOOP('',(#15272,#15273,#15274,#15282));
#15272 = ORIENTED_EDGE('',*,*,#15139,.T.);
#15273 = ORIENTED_EDGE('',*,*,#15259,.T.);
#15274 = ORIENTED_EDGE('',*,*,#15275,.T.);
#15275 = EDGE_CURVE('',#15252,#15276,#15278,.T.);
#15276 = VERTEX_POINT('',#15277);
#15277 = CARTESIAN_POINT('',(180.23959235991,-264.6,5.482095476573));
#15278 = LINE('',#15279,#15280);
#15279 = CARTESIAN_POINT('',(178.98959235991,-264.6,6.20378331306));
#15280 = VECTOR('',#15281,1.);
#15281 = DIRECTION('',(0.866025403784,0.,-0.5));
#15282 = ORIENTED_EDGE('',*,*,#15283,.F.);
#15283 = EDGE_CURVE('',#15132,#15276,#15284,.T.);
#15284 = LINE('',#15285,#15286);
#15285 = CARTESIAN_POINT('',(180.23959235991,-266.5,5.482095476573));
#15286 = VECTOR('',#15287,1.);
#15287 = DIRECTION('',(0.,1.,0.));
#15288 = PLANE('',#15289);
#15289 = AXIS2_PLACEMENT_3D('',#15290,#15291,#15292);
#15290 = CARTESIAN_POINT('',(178.98959235991,-266.5,6.20378331306));
#15291 = DIRECTION('',(-0.5,0.,-0.866025403784));
#15292 = DIRECTION('',(0.866025403784,0.,-0.5));
#15293 = ADVANCED_FACE('',(#15294),#15312,.T.);
#15294 = FACE_BOUND('',#15295,.T.);
#15295 = EDGE_LOOP('',(#15296,#15297,#15298,#15306));
#15296 = ORIENTED_EDGE('',*,*,#15131,.T.);
#15297 = ORIENTED_EDGE('',*,*,#15283,.T.);
#15298 = ORIENTED_EDGE('',*,*,#15299,.T.);
#15299 = EDGE_CURVE('',#15276,#15300,#15302,.T.);
#15300 = VERTEX_POINT('',#15301);
#15301 = CARTESIAN_POINT('',(180.23959235991,-264.6,4.038719803599));
#15302 = LINE('',#15303,#15304);
#15303 = CARTESIAN_POINT('',(180.23959235991,-264.6,5.482095476573));
#15304 = VECTOR('',#15305,1.);
#15305 = DIRECTION('',(0.,0.,-1.));
#15306 = ORIENTED_EDGE('',*,*,#15307,.F.);
#15307 = EDGE_CURVE('',#15124,#15300,#15308,.T.);
#15308 = LINE('',#15309,#15310);
#15309 = CARTESIAN_POINT('',(180.23959235991,-266.5,4.038719803599));
#15310 = VECTOR('',#15311,1.);
#15311 = DIRECTION('',(0.,1.,0.));
#15312 = PLANE('',#15313);
#15313 = AXIS2_PLACEMENT_3D('',#15314,#15315,#15316);
#15314 = CARTESIAN_POINT('',(180.23959235991,-266.5,5.482095476573));
#15315 = DIRECTION('',(-1.,0.,0.));
#15316 = DIRECTION('',(0.,0.,-1.));
#15317 = ADVANCED_FACE('',(#15318),#15329,.T.);
#15318 = FACE_BOUND('',#15319,.T.);
#15319 = EDGE_LOOP('',(#15320,#15321,#15322,#15328));
#15320 = ORIENTED_EDGE('',*,*,#15123,.T.);
#15321 = ORIENTED_EDGE('',*,*,#15307,.T.);
#15322 = ORIENTED_EDGE('',*,*,#15323,.T.);
#15323 = EDGE_CURVE('',#15300,#15196,#15324,.T.);
#15324 = LINE('',#15325,#15326);
#15325 = CARTESIAN_POINT('',(180.23959235991,-264.6,4.038719803599));
#15326 = VECTOR('',#15327,1.);
#15327 = DIRECTION('',(-0.866025403784,0.,-0.5));
#15328 = ORIENTED_EDGE('',*,*,#15195,.F.);
#15329 = PLANE('',#15330);
#15330 = AXIS2_PLACEMENT_3D('',#15331,#15332,#15333);
#15331 = CARTESIAN_POINT('',(180.23959235991,-266.5,4.038719803599));
#15332 = DIRECTION('',(-0.5,0.,0.866025403784));
#15333 = DIRECTION('',(-0.866025403784,0.,-0.5));
#15334 = ADVANCED_FACE('',(#15335),#15338,.T.);
#15335 = FACE_BOUND('',#15336,.T.);
#15336 = EDGE_LOOP('',(#15337));
#15337 = ORIENTED_EDGE('',*,*,#15169,.T.);
#15338 = PLANE('',#15339);
#15339 = AXIS2_PLACEMENT_3D('',#15340,#15341,#15342);
#15340 = CARTESIAN_POINT('',(178.98959235991,-255.4,4.760407640086));
#15341 = DIRECTION('',(0.,1.,0.));
#15342 = DIRECTION('',(0.,-0.,1.));
#15343 = ADVANCED_FACE('',(#15344),#15352,.F.);
#15344 = FACE_BOUND('',#15345,.F.);
#15345 = EDGE_LOOP('',(#15346,#15347,#15348,#15349,#15350,#15351));
#15346 = ORIENTED_EDGE('',*,*,#15323,.T.);
#15347 = ORIENTED_EDGE('',*,*,#15203,.T.);
#15348 = ORIENTED_EDGE('',*,*,#15227,.T.);
#15349 = ORIENTED_EDGE('',*,*,#15251,.T.);
#15350 = ORIENTED_EDGE('',*,*,#15275,.T.);
#15351 = ORIENTED_EDGE('',*,*,#15299,.T.);
#15352 = PLANE('',#15353);
#15353 = AXIS2_PLACEMENT_3D('',#15354,#15355,#15356);
#15354 = CARTESIAN_POINT('',(178.98959235991,-264.6,4.760407640086));
#15355 = DIRECTION('',(0.,1.,0.));
#15356 = DIRECTION('',(0.,-0.,1.));
#15357 = MANIFOLD_SOLID_BREP('',#15358);
#15358 = CLOSED_SHELL('',(#15359,#15392,#15412,#15471,#15496,#15527,
    #15551,#15575,#15599,#15623,#15640,#15649));
#15359 = ADVANCED_FACE('',(#15360),#15387,.T.);
#15360 = FACE_BOUND('',#15361,.T.);
#15361 = EDGE_LOOP('',(#15362,#15371,#15379,#15386));
#15362 = ORIENTED_EDGE('',*,*,#15363,.F.);
#15363 = EDGE_CURVE('',#15364,#15364,#15366,.T.);
#15364 = VERTEX_POINT('',#15365);
#15365 = CARTESIAN_POINT('',(178.98959235991,-263.4,-4.510407640086));
#15366 = CIRCLE('',#15367,2.75);
#15367 = AXIS2_PLACEMENT_3D('',#15368,#15369,#15370);
#15368 = CARTESIAN_POINT('',(178.98959235991,-263.4,-7.260407640086));
#15369 = DIRECTION('',(0.,1.,0.));
#15370 = DIRECTION('',(0.,-0.,1.));
#15371 = ORIENTED_EDGE('',*,*,#15372,.F.);
#15372 = EDGE_CURVE('',#15373,#15364,#15375,.T.);
#15373 = VERTEX_POINT('',#15374);
#15374 = CARTESIAN_POINT('',(178.98959235991,-266.4,-4.510407640086));
#15375 = LINE('',#15376,#15377);
#15376 = CARTESIAN_POINT('',(178.98959235991,-266.4,-4.510407640086));
#15377 = VECTOR('',#15378,1.);
#15378 = DIRECTION('',(0.,1.,0.));
#15379 = ORIENTED_EDGE('',*,*,#15380,.T.);
#15380 = EDGE_CURVE('',#15373,#15373,#15381,.T.);
#15381 = CIRCLE('',#15382,2.75);
#15382 = AXIS2_PLACEMENT_3D('',#15383,#15384,#15385);
#15383 = CARTESIAN_POINT('',(178.98959235991,-266.4,-7.260407640086));
#15384 = DIRECTION('',(0.,1.,0.));
#15385 = DIRECTION('',(0.,-0.,1.));
#15386 = ORIENTED_EDGE('',*,*,#15372,.T.);
#15387 = CYLINDRICAL_SURFACE('',#15388,2.75);
#15388 = AXIS2_PLACEMENT_3D('',#15389,#15390,#15391);
#15389 = CARTESIAN_POINT('',(178.98959235991,-266.4,-7.260407640086));
#15390 = DIRECTION('',(0.,1.,0.));
#15391 = DIRECTION('',(0.,-0.,1.));
#15392 = ADVANCED_FACE('',(#15393,#15396),#15407,.T.);
#15393 = FACE_BOUND('',#15394,.T.);
#15394 = EDGE_LOOP('',(#15395));
#15395 = ORIENTED_EDGE('',*,*,#15363,.T.);
#15396 = FACE_BOUND('',#15397,.T.);
#15397 = EDGE_LOOP('',(#15398));
#15398 = ORIENTED_EDGE('',*,*,#15399,.F.);
#15399 = EDGE_CURVE('',#15400,#15400,#15402,.T.);
#15400 = VERTEX_POINT('',#15401);
#15401 = CARTESIAN_POINT('',(178.98959235991,-263.4,-5.760407640086));
#15402 = CIRCLE('',#15403,1.5);
#15403 = AXIS2_PLACEMENT_3D('',#15404,#15405,#15406);
#15404 = CARTESIAN_POINT('',(178.98959235991,-263.4,-7.260407640086));
#15405 = DIRECTION('',(0.,1.,0.));
#15406 = DIRECTION('',(0.,-0.,1.));
#15407 = PLANE('',#15408);
#15408 = AXIS2_PLACEMENT_3D('',#15409,#15410,#15411);
#15409 = CARTESIAN_POINT('',(178.98959235991,-263.4,-7.260407640086));
#15410 = DIRECTION('',(0.,1.,0.));
#15411 = DIRECTION('',(0.,-0.,1.));
#15412 = ADVANCED_FACE('',(#15413,#15416),#15466,.F.);
#15413 = FACE_BOUND('',#15414,.F.);
#15414 = EDGE_LOOP('',(#15415));
#15415 = ORIENTED_EDGE('',*,*,#15380,.T.);
#15416 = FACE_BOUND('',#15417,.F.);
#15417 = EDGE_LOOP('',(#15418,#15428,#15436,#15444,#15452,#15460));
#15418 = ORIENTED_EDGE('',*,*,#15419,.T.);
#15419 = EDGE_CURVE('',#15420,#15422,#15424,.T.);
#15420 = VERTEX_POINT('',#15421);
#15421 = CARTESIAN_POINT('',(177.73959235991,-266.4,-7.982095476573));
#15422 = VERTEX_POINT('',#15423);
#15423 = CARTESIAN_POINT('',(178.98959235991,-266.4,-8.70378331306));
#15424 = LINE('',#15425,#15426);
#15425 = CARTESIAN_POINT('',(178.67709235991,-266.4,-8.523361353938));
#15426 = VECTOR('',#15427,1.);
#15427 = DIRECTION('',(0.866025403784,0.,-0.5));
#15428 = ORIENTED_EDGE('',*,*,#15429,.T.);
#15429 = EDGE_CURVE('',#15422,#15430,#15432,.T.);
#15430 = VERTEX_POINT('',#15431);
#15431 = CARTESIAN_POINT('',(180.23959235991,-266.4,-7.982095476573));
#15432 = LINE('',#15433,#15434);
#15433 = CARTESIAN_POINT('',(179.92709235991,-266.4,-8.162517435694));
#15434 = VECTOR('',#15435,1.);
#15435 = DIRECTION('',(0.866025403784,-0.,0.5));
#15436 = ORIENTED_EDGE('',*,*,#15437,.T.);
#15437 = EDGE_CURVE('',#15430,#15438,#15440,.T.);
#15438 = VERTEX_POINT('',#15439);
#15439 = CARTESIAN_POINT('',(180.23959235991,-266.4,-6.538719803599));
#15440 = LINE('',#15441,#15442);
#15441 = CARTESIAN_POINT('',(180.23959235991,-266.4,-6.899563721842));
#15442 = VECTOR('',#15443,1.);
#15443 = DIRECTION('',(0.,-0.,1.));
#15444 = ORIENTED_EDGE('',*,*,#15445,.T.);
#15445 = EDGE_CURVE('',#15438,#15446,#15448,.T.);
#15446 = VERTEX_POINT('',#15447);
#15447 = CARTESIAN_POINT('',(178.98959235991,-266.4,-5.817031967112));
#15448 = LINE('',#15449,#15450);
#15449 = CARTESIAN_POINT('',(179.30209235991,-266.4,-5.997453926233));
#15450 = VECTOR('',#15451,1.);
#15451 = DIRECTION('',(-0.866025403784,0.,0.5));
#15452 = ORIENTED_EDGE('',*,*,#15453,.T.);
#15453 = EDGE_CURVE('',#15446,#15454,#15456,.T.);
#15454 = VERTEX_POINT('',#15455);
#15455 = CARTESIAN_POINT('',(177.73959235991,-266.4,-6.538719803599));
#15456 = LINE('',#15457,#15458);
#15457 = CARTESIAN_POINT('',(178.05209235991,-266.4,-6.358297844477));
#15458 = VECTOR('',#15459,1.);
#15459 = DIRECTION('',(-0.866025403784,0.,-0.5));
#15460 = ORIENTED_EDGE('',*,*,#15461,.T.);
#15461 = EDGE_CURVE('',#15454,#15420,#15462,.T.);
#15462 = LINE('',#15463,#15464);
#15463 = CARTESIAN_POINT('',(177.73959235991,-266.4,-7.621251558329));
#15464 = VECTOR('',#15465,1.);
#15465 = DIRECTION('',(0.,0.,-1.));
#15466 = PLANE('',#15467);
#15467 = AXIS2_PLACEMENT_3D('',#15468,#15469,#15470);
#15468 = CARTESIAN_POINT('',(178.98959235991,-266.4,-7.260407640086));
#15469 = DIRECTION('',(0.,1.,0.));
#15470 = DIRECTION('',(0.,-0.,1.));
#15471 = ADVANCED_FACE('',(#15472),#15491,.T.);
#15472 = FACE_BOUND('',#15473,.T.);
#15473 = EDGE_LOOP('',(#15474,#15483,#15489,#15490));
#15474 = ORIENTED_EDGE('',*,*,#15475,.F.);
#15475 = EDGE_CURVE('',#15476,#15476,#15478,.T.);
#15476 = VERTEX_POINT('',#15477);
#15477 = CARTESIAN_POINT('',(178.98959235991,-255.4,-5.760407640086));
#15478 = CIRCLE('',#15479,1.5);
#15479 = AXIS2_PLACEMENT_3D('',#15480,#15481,#15482);
#15480 = CARTESIAN_POINT('',(178.98959235991,-255.4,-7.260407640086));
#15481 = DIRECTION('',(0.,1.,0.));
#15482 = DIRECTION('',(0.,-0.,1.));
#15483 = ORIENTED_EDGE('',*,*,#15484,.F.);
#15484 = EDGE_CURVE('',#15400,#15476,#15485,.T.);
#15485 = LINE('',#15486,#15487);
#15486 = CARTESIAN_POINT('',(178.98959235991,-263.4,-5.760407640086));
#15487 = VECTOR('',#15488,1.);
#15488 = DIRECTION('',(0.,1.,0.));
#15489 = ORIENTED_EDGE('',*,*,#15399,.T.);
#15490 = ORIENTED_EDGE('',*,*,#15484,.T.);
#15491 = CYLINDRICAL_SURFACE('',#15492,1.5);
#15492 = AXIS2_PLACEMENT_3D('',#15493,#15494,#15495);
#15493 = CARTESIAN_POINT('',(178.98959235991,-263.4,-7.260407640086));
#15494 = DIRECTION('',(0.,1.,0.));
#15495 = DIRECTION('',(0.,-0.,1.));
#15496 = ADVANCED_FACE('',(#15497),#15522,.T.);
#15497 = FACE_BOUND('',#15498,.T.);
#15498 = EDGE_LOOP('',(#15499,#15500,#15508,#15516));
#15499 = ORIENTED_EDGE('',*,*,#15419,.T.);
#15500 = ORIENTED_EDGE('',*,*,#15501,.T.);
#15501 = EDGE_CURVE('',#15422,#15502,#15504,.T.);
#15502 = VERTEX_POINT('',#15503);
#15503 = CARTESIAN_POINT('',(178.98959235991,-264.6,-8.70378331306));
#15504 = LINE('',#15505,#15506);
#15505 = CARTESIAN_POINT('',(178.98959235991,-266.5,-8.70378331306));
#15506 = VECTOR('',#15507,1.);
#15507 = DIRECTION('',(0.,1.,0.));
#15508 = ORIENTED_EDGE('',*,*,#15509,.T.);
#15509 = EDGE_CURVE('',#15502,#15510,#15512,.T.);
#15510 = VERTEX_POINT('',#15511);
#15511 = CARTESIAN_POINT('',(177.73959235991,-264.6,-7.982095476573));
#15512 = LINE('',#15513,#15514);
#15513 = CARTESIAN_POINT('',(178.98959235991,-264.6,-8.70378331306));
#15514 = VECTOR('',#15515,1.);
#15515 = DIRECTION('',(-0.866025403784,0.,0.5));
#15516 = ORIENTED_EDGE('',*,*,#15517,.F.);
#15517 = EDGE_CURVE('',#15420,#15510,#15518,.T.);
#15518 = LINE('',#15519,#15520);
#15519 = CARTESIAN_POINT('',(177.73959235991,-266.5,-7.982095476573));
#15520 = VECTOR('',#15521,1.);
#15521 = DIRECTION('',(0.,1.,0.));
#15522 = PLANE('',#15523);
#15523 = AXIS2_PLACEMENT_3D('',#15524,#15525,#15526);
#15524 = CARTESIAN_POINT('',(178.98959235991,-266.5,-8.70378331306));
#15525 = DIRECTION('',(0.5,-0.,0.866025403784));
#15526 = DIRECTION('',(-0.866025403784,0.,0.5));
#15527 = ADVANCED_FACE('',(#15528),#15546,.T.);
#15528 = FACE_BOUND('',#15529,.T.);
#15529 = EDGE_LOOP('',(#15530,#15531,#15532,#15540));
#15530 = ORIENTED_EDGE('',*,*,#15461,.T.);
#15531 = ORIENTED_EDGE('',*,*,#15517,.T.);
#15532 = ORIENTED_EDGE('',*,*,#15533,.T.);
#15533 = EDGE_CURVE('',#15510,#15534,#15536,.T.);
#15534 = VERTEX_POINT('',#15535);
#15535 = CARTESIAN_POINT('',(177.73959235991,-264.6,-6.538719803599));
#15536 = LINE('',#15537,#15538);
#15537 = CARTESIAN_POINT('',(177.73959235991,-264.6,-7.982095476573));
#15538 = VECTOR('',#15539,1.);
#15539 = DIRECTION('',(0.,0.,1.));
#15540 = ORIENTED_EDGE('',*,*,#15541,.F.);
#15541 = EDGE_CURVE('',#15454,#15534,#15542,.T.);
#15542 = LINE('',#15543,#15544);
#15543 = CARTESIAN_POINT('',(177.73959235991,-266.5,-6.538719803599));
#15544 = VECTOR('',#15545,1.);
#15545 = DIRECTION('',(0.,1.,0.));
#15546 = PLANE('',#15547);
#15547 = AXIS2_PLACEMENT_3D('',#15548,#15549,#15550);
#15548 = CARTESIAN_POINT('',(177.73959235991,-266.5,-7.982095476573));
#15549 = DIRECTION('',(1.,0.,0.));
#15550 = DIRECTION('',(0.,0.,1.));
#15551 = ADVANCED_FACE('',(#15552),#15570,.T.);
#15552 = FACE_BOUND('',#15553,.T.);
#15553 = EDGE_LOOP('',(#15554,#15555,#15556,#15564));
#15554 = ORIENTED_EDGE('',*,*,#15453,.T.);
#15555 = ORIENTED_EDGE('',*,*,#15541,.T.);
#15556 = ORIENTED_EDGE('',*,*,#15557,.T.);
#15557 = EDGE_CURVE('',#15534,#15558,#15560,.T.);
#15558 = VERTEX_POINT('',#15559);
#15559 = CARTESIAN_POINT('',(178.98959235991,-264.6,-5.817031967112));
#15560 = LINE('',#15561,#15562);
#15561 = CARTESIAN_POINT('',(177.73959235991,-264.6,-6.538719803599));
#15562 = VECTOR('',#15563,1.);
#15563 = DIRECTION('',(0.866025403784,0.,0.5));
#15564 = ORIENTED_EDGE('',*,*,#15565,.F.);
#15565 = EDGE_CURVE('',#15446,#15558,#15566,.T.);
#15566 = LINE('',#15567,#15568);
#15567 = CARTESIAN_POINT('',(178.98959235991,-266.5,-5.817031967112));
#15568 = VECTOR('',#15569,1.);
#15569 = DIRECTION('',(0.,1.,0.));
#15570 = PLANE('',#15571);
#15571 = AXIS2_PLACEMENT_3D('',#15572,#15573,#15574);
#15572 = CARTESIAN_POINT('',(177.73959235991,-266.5,-6.538719803599));
#15573 = DIRECTION('',(0.5,0.,-0.866025403784));
#15574 = DIRECTION('',(0.866025403784,0.,0.5));
#15575 = ADVANCED_FACE('',(#15576),#15594,.T.);
#15576 = FACE_BOUND('',#15577,.T.);
#15577 = EDGE_LOOP('',(#15578,#15579,#15580,#15588));
#15578 = ORIENTED_EDGE('',*,*,#15445,.T.);
#15579 = ORIENTED_EDGE('',*,*,#15565,.T.);
#15580 = ORIENTED_EDGE('',*,*,#15581,.T.);
#15581 = EDGE_CURVE('',#15558,#15582,#15584,.T.);
#15582 = VERTEX_POINT('',#15583);
#15583 = CARTESIAN_POINT('',(180.23959235991,-264.6,-6.538719803599));
#15584 = LINE('',#15585,#15586);
#15585 = CARTESIAN_POINT('',(178.98959235991,-264.6,-5.817031967112));
#15586 = VECTOR('',#15587,1.);
#15587 = DIRECTION('',(0.866025403784,0.,-0.5));
#15588 = ORIENTED_EDGE('',*,*,#15589,.F.);
#15589 = EDGE_CURVE('',#15438,#15582,#15590,.T.);
#15590 = LINE('',#15591,#15592);
#15591 = CARTESIAN_POINT('',(180.23959235991,-266.5,-6.538719803599));
#15592 = VECTOR('',#15593,1.);
#15593 = DIRECTION('',(0.,1.,0.));
#15594 = PLANE('',#15595);
#15595 = AXIS2_PLACEMENT_3D('',#15596,#15597,#15598);
#15596 = CARTESIAN_POINT('',(178.98959235991,-266.5,-5.817031967112));
#15597 = DIRECTION('',(-0.5,0.,-0.866025403784));
#15598 = DIRECTION('',(0.866025403784,0.,-0.5));
#15599 = ADVANCED_FACE('',(#15600),#15618,.T.);
#15600 = FACE_BOUND('',#15601,.T.);
#15601 = EDGE_LOOP('',(#15602,#15603,#15604,#15612));
#15602 = ORIENTED_EDGE('',*,*,#15437,.T.);
#15603 = ORIENTED_EDGE('',*,*,#15589,.T.);
#15604 = ORIENTED_EDGE('',*,*,#15605,.T.);
#15605 = EDGE_CURVE('',#15582,#15606,#15608,.T.);
#15606 = VERTEX_POINT('',#15607);
#15607 = CARTESIAN_POINT('',(180.23959235991,-264.6,-7.982095476573));
#15608 = LINE('',#15609,#15610);
#15609 = CARTESIAN_POINT('',(180.23959235991,-264.6,-6.538719803599));
#15610 = VECTOR('',#15611,1.);
#15611 = DIRECTION('',(0.,0.,-1.));
#15612 = ORIENTED_EDGE('',*,*,#15613,.F.);
#15613 = EDGE_CURVE('',#15430,#15606,#15614,.T.);
#15614 = LINE('',#15615,#15616);
#15615 = CARTESIAN_POINT('',(180.23959235991,-266.5,-7.982095476573));
#15616 = VECTOR('',#15617,1.);
#15617 = DIRECTION('',(0.,1.,0.));
#15618 = PLANE('',#15619);
#15619 = AXIS2_PLACEMENT_3D('',#15620,#15621,#15622);
#15620 = CARTESIAN_POINT('',(180.23959235991,-266.5,-6.538719803599));
#15621 = DIRECTION('',(-1.,0.,0.));
#15622 = DIRECTION('',(0.,0.,-1.));
#15623 = ADVANCED_FACE('',(#15624),#15635,.T.);
#15624 = FACE_BOUND('',#15625,.T.);
#15625 = EDGE_LOOP('',(#15626,#15627,#15628,#15634));
#15626 = ORIENTED_EDGE('',*,*,#15429,.T.);
#15627 = ORIENTED_EDGE('',*,*,#15613,.T.);
#15628 = ORIENTED_EDGE('',*,*,#15629,.T.);
#15629 = EDGE_CURVE('',#15606,#15502,#15630,.T.);
#15630 = LINE('',#15631,#15632);
#15631 = CARTESIAN_POINT('',(180.23959235991,-264.6,-7.982095476573));
#15632 = VECTOR('',#15633,1.);
#15633 = DIRECTION('',(-0.866025403784,0.,-0.5));
#15634 = ORIENTED_EDGE('',*,*,#15501,.F.);
#15635 = PLANE('',#15636);
#15636 = AXIS2_PLACEMENT_3D('',#15637,#15638,#15639);
#15637 = CARTESIAN_POINT('',(180.23959235991,-266.5,-7.982095476573));
#15638 = DIRECTION('',(-0.5,0.,0.866025403784));
#15639 = DIRECTION('',(-0.866025403784,0.,-0.5));
#15640 = ADVANCED_FACE('',(#15641),#15644,.T.);
#15641 = FACE_BOUND('',#15642,.T.);
#15642 = EDGE_LOOP('',(#15643));
#15643 = ORIENTED_EDGE('',*,*,#15475,.T.);
#15644 = PLANE('',#15645);
#15645 = AXIS2_PLACEMENT_3D('',#15646,#15647,#15648);
#15646 = CARTESIAN_POINT('',(178.98959235991,-255.4,-7.260407640086));
#15647 = DIRECTION('',(0.,1.,0.));
#15648 = DIRECTION('',(0.,-0.,1.));
#15649 = ADVANCED_FACE('',(#15650),#15658,.F.);
#15650 = FACE_BOUND('',#15651,.F.);
#15651 = EDGE_LOOP('',(#15652,#15653,#15654,#15655,#15656,#15657));
#15652 = ORIENTED_EDGE('',*,*,#15629,.T.);
#15653 = ORIENTED_EDGE('',*,*,#15509,.T.);
#15654 = ORIENTED_EDGE('',*,*,#15533,.T.);
#15655 = ORIENTED_EDGE('',*,*,#15557,.T.);
#15656 = ORIENTED_EDGE('',*,*,#15581,.T.);
#15657 = ORIENTED_EDGE('',*,*,#15605,.T.);
#15658 = PLANE('',#15659);
#15659 = AXIS2_PLACEMENT_3D('',#15660,#15661,#15662);
#15660 = CARTESIAN_POINT('',(178.98959235991,-264.6,-7.260407640086));
#15661 = DIRECTION('',(0.,1.,0.));
#15662 = DIRECTION('',(0.,-0.,1.));
#15663 = MANIFOLD_SOLID_BREP('',#15664);
#15664 = CLOSED_SHELL('',(#15665,#15698,#15718,#15777,#15802,#15833,
    #15857,#15881,#15905,#15929,#15946,#15955));
#15665 = ADVANCED_FACE('',(#15666),#15693,.T.);
#15666 = FACE_BOUND('',#15667,.T.);
#15667 = EDGE_LOOP('',(#15668,#15677,#15685,#15692));
#15668 = ORIENTED_EDGE('',*,*,#15669,.F.);
#15669 = EDGE_CURVE('',#15670,#15670,#15672,.T.);
#15670 = VERTEX_POINT('',#15671);
#15671 = CARTESIAN_POINT('',(191.01040764008,-263.4,-4.510407640086));
#15672 = CIRCLE('',#15673,2.75);
#15673 = AXIS2_PLACEMENT_3D('',#15674,#15675,#15676);
#15674 = CARTESIAN_POINT('',(191.01040764008,-263.4,-7.260407640086));
#15675 = DIRECTION('',(0.,1.,0.));
#15676 = DIRECTION('',(0.,-0.,1.));
#15677 = ORIENTED_EDGE('',*,*,#15678,.F.);
#15678 = EDGE_CURVE('',#15679,#15670,#15681,.T.);
#15679 = VERTEX_POINT('',#15680);
#15680 = CARTESIAN_POINT('',(191.01040764008,-266.4,-4.510407640086));
#15681 = LINE('',#15682,#15683);
#15682 = CARTESIAN_POINT('',(191.01040764008,-266.4,-4.510407640086));
#15683 = VECTOR('',#15684,1.);
#15684 = DIRECTION('',(0.,1.,0.));
#15685 = ORIENTED_EDGE('',*,*,#15686,.T.);
#15686 = EDGE_CURVE('',#15679,#15679,#15687,.T.);
#15687 = CIRCLE('',#15688,2.75);
#15688 = AXIS2_PLACEMENT_3D('',#15689,#15690,#15691);
#15689 = CARTESIAN_POINT('',(191.01040764008,-266.4,-7.260407640086));
#15690 = DIRECTION('',(0.,1.,0.));
#15691 = DIRECTION('',(0.,-0.,1.));
#15692 = ORIENTED_EDGE('',*,*,#15678,.T.);
#15693 = CYLINDRICAL_SURFACE('',#15694,2.75);
#15694 = AXIS2_PLACEMENT_3D('',#15695,#15696,#15697);
#15695 = CARTESIAN_POINT('',(191.01040764008,-266.4,-7.260407640086));
#15696 = DIRECTION('',(0.,1.,0.));
#15697 = DIRECTION('',(0.,-0.,1.));
#15698 = ADVANCED_FACE('',(#15699,#15702),#15713,.T.);
#15699 = FACE_BOUND('',#15700,.T.);
#15700 = EDGE_LOOP('',(#15701));
#15701 = ORIENTED_EDGE('',*,*,#15669,.T.);
#15702 = FACE_BOUND('',#15703,.T.);
#15703 = EDGE_LOOP('',(#15704));
#15704 = ORIENTED_EDGE('',*,*,#15705,.F.);
#15705 = EDGE_CURVE('',#15706,#15706,#15708,.T.);
#15706 = VERTEX_POINT('',#15707);
#15707 = CARTESIAN_POINT('',(191.01040764008,-263.4,-5.760407640086));
#15708 = CIRCLE('',#15709,1.5);
#15709 = AXIS2_PLACEMENT_3D('',#15710,#15711,#15712);
#15710 = CARTESIAN_POINT('',(191.01040764008,-263.4,-7.260407640086));
#15711 = DIRECTION('',(0.,1.,0.));
#15712 = DIRECTION('',(0.,-0.,1.));
#15713 = PLANE('',#15714);
#15714 = AXIS2_PLACEMENT_3D('',#15715,#15716,#15717);
#15715 = CARTESIAN_POINT('',(191.01040764008,-263.4,-7.260407640086));
#15716 = DIRECTION('',(0.,1.,0.));
#15717 = DIRECTION('',(0.,-0.,1.));
#15718 = ADVANCED_FACE('',(#15719,#15722),#15772,.F.);
#15719 = FACE_BOUND('',#15720,.F.);
#15720 = EDGE_LOOP('',(#15721));
#15721 = ORIENTED_EDGE('',*,*,#15686,.T.);
#15722 = FACE_BOUND('',#15723,.F.);
#15723 = EDGE_LOOP('',(#15724,#15734,#15742,#15750,#15758,#15766));
#15724 = ORIENTED_EDGE('',*,*,#15725,.T.);
#15725 = EDGE_CURVE('',#15726,#15728,#15730,.T.);
#15726 = VERTEX_POINT('',#15727);
#15727 = CARTESIAN_POINT('',(189.76040764008,-266.4,-7.982095476573));
#15728 = VERTEX_POINT('',#15729);
#15729 = CARTESIAN_POINT('',(191.01040764008,-266.4,-8.70378331306));
#15730 = LINE('',#15731,#15732);
#15731 = CARTESIAN_POINT('',(190.69790764008,-266.4,-8.523361353938));
#15732 = VECTOR('',#15733,1.);
#15733 = DIRECTION('',(0.866025403784,0.,-0.5));
#15734 = ORIENTED_EDGE('',*,*,#15735,.T.);
#15735 = EDGE_CURVE('',#15728,#15736,#15738,.T.);
#15736 = VERTEX_POINT('',#15737);
#15737 = CARTESIAN_POINT('',(192.26040764008,-266.4,-7.982095476573));
#15738 = LINE('',#15739,#15740);
#15739 = CARTESIAN_POINT('',(191.94790764008,-266.4,-8.162517435694));
#15740 = VECTOR('',#15741,1.);
#15741 = DIRECTION('',(0.866025403784,-0.,0.5));
#15742 = ORIENTED_EDGE('',*,*,#15743,.T.);
#15743 = EDGE_CURVE('',#15736,#15744,#15746,.T.);
#15744 = VERTEX_POINT('',#15745);
#15745 = CARTESIAN_POINT('',(192.26040764008,-266.4,-6.538719803599));
#15746 = LINE('',#15747,#15748);
#15747 = CARTESIAN_POINT('',(192.26040764008,-266.4,-6.899563721842));
#15748 = VECTOR('',#15749,1.);
#15749 = DIRECTION('',(0.,-0.,1.));
#15750 = ORIENTED_EDGE('',*,*,#15751,.T.);
#15751 = EDGE_CURVE('',#15744,#15752,#15754,.T.);
#15752 = VERTEX_POINT('',#15753);
#15753 = CARTESIAN_POINT('',(191.01040764008,-266.4,-5.817031967112));
#15754 = LINE('',#15755,#15756);
#15755 = CARTESIAN_POINT('',(191.32290764008,-266.4,-5.997453926233));
#15756 = VECTOR('',#15757,1.);
#15757 = DIRECTION('',(-0.866025403784,0.,0.5));
#15758 = ORIENTED_EDGE('',*,*,#15759,.T.);
#15759 = EDGE_CURVE('',#15752,#15760,#15762,.T.);
#15760 = VERTEX_POINT('',#15761);
#15761 = CARTESIAN_POINT('',(189.76040764008,-266.4,-6.538719803599));
#15762 = LINE('',#15763,#15764);
#15763 = CARTESIAN_POINT('',(190.07290764008,-266.4,-6.358297844477));
#15764 = VECTOR('',#15765,1.);
#15765 = DIRECTION('',(-0.866025403784,0.,-0.5));
#15766 = ORIENTED_EDGE('',*,*,#15767,.T.);
#15767 = EDGE_CURVE('',#15760,#15726,#15768,.T.);
#15768 = LINE('',#15769,#15770);
#15769 = CARTESIAN_POINT('',(189.76040764008,-266.4,-7.621251558329));
#15770 = VECTOR('',#15771,1.);
#15771 = DIRECTION('',(0.,0.,-1.));
#15772 = PLANE('',#15773);
#15773 = AXIS2_PLACEMENT_3D('',#15774,#15775,#15776);
#15774 = CARTESIAN_POINT('',(191.01040764008,-266.4,-7.260407640086));
#15775 = DIRECTION('',(0.,1.,0.));
#15776 = DIRECTION('',(0.,-0.,1.));
#15777 = ADVANCED_FACE('',(#15778),#15797,.T.);
#15778 = FACE_BOUND('',#15779,.T.);
#15779 = EDGE_LOOP('',(#15780,#15789,#15795,#15796));
#15780 = ORIENTED_EDGE('',*,*,#15781,.F.);
#15781 = EDGE_CURVE('',#15782,#15782,#15784,.T.);
#15782 = VERTEX_POINT('',#15783);
#15783 = CARTESIAN_POINT('',(191.01040764008,-255.4,-5.760407640086));
#15784 = CIRCLE('',#15785,1.5);
#15785 = AXIS2_PLACEMENT_3D('',#15786,#15787,#15788);
#15786 = CARTESIAN_POINT('',(191.01040764008,-255.4,-7.260407640086));
#15787 = DIRECTION('',(0.,1.,0.));
#15788 = DIRECTION('',(0.,-0.,1.));
#15789 = ORIENTED_EDGE('',*,*,#15790,.F.);
#15790 = EDGE_CURVE('',#15706,#15782,#15791,.T.);
#15791 = LINE('',#15792,#15793);
#15792 = CARTESIAN_POINT('',(191.01040764008,-263.4,-5.760407640086));
#15793 = VECTOR('',#15794,1.);
#15794 = DIRECTION('',(0.,1.,0.));
#15795 = ORIENTED_EDGE('',*,*,#15705,.T.);
#15796 = ORIENTED_EDGE('',*,*,#15790,.T.);
#15797 = CYLINDRICAL_SURFACE('',#15798,1.5);
#15798 = AXIS2_PLACEMENT_3D('',#15799,#15800,#15801);
#15799 = CARTESIAN_POINT('',(191.01040764008,-263.4,-7.260407640086));
#15800 = DIRECTION('',(0.,1.,0.));
#15801 = DIRECTION('',(0.,-0.,1.));
#15802 = ADVANCED_FACE('',(#15803),#15828,.T.);
#15803 = FACE_BOUND('',#15804,.T.);
#15804 = EDGE_LOOP('',(#15805,#15806,#15814,#15822));
#15805 = ORIENTED_EDGE('',*,*,#15725,.T.);
#15806 = ORIENTED_EDGE('',*,*,#15807,.T.);
#15807 = EDGE_CURVE('',#15728,#15808,#15810,.T.);
#15808 = VERTEX_POINT('',#15809);
#15809 = CARTESIAN_POINT('',(191.01040764008,-264.6,-8.70378331306));
#15810 = LINE('',#15811,#15812);
#15811 = CARTESIAN_POINT('',(191.01040764008,-266.5,-8.70378331306));
#15812 = VECTOR('',#15813,1.);
#15813 = DIRECTION('',(0.,1.,0.));
#15814 = ORIENTED_EDGE('',*,*,#15815,.T.);
#15815 = EDGE_CURVE('',#15808,#15816,#15818,.T.);
#15816 = VERTEX_POINT('',#15817);
#15817 = CARTESIAN_POINT('',(189.76040764008,-264.6,-7.982095476573));
#15818 = LINE('',#15819,#15820);
#15819 = CARTESIAN_POINT('',(191.01040764008,-264.6,-8.70378331306));
#15820 = VECTOR('',#15821,1.);
#15821 = DIRECTION('',(-0.866025403784,0.,0.5));
#15822 = ORIENTED_EDGE('',*,*,#15823,.F.);
#15823 = EDGE_CURVE('',#15726,#15816,#15824,.T.);
#15824 = LINE('',#15825,#15826);
#15825 = CARTESIAN_POINT('',(189.76040764008,-266.5,-7.982095476573));
#15826 = VECTOR('',#15827,1.);
#15827 = DIRECTION('',(0.,1.,0.));
#15828 = PLANE('',#15829);
#15829 = AXIS2_PLACEMENT_3D('',#15830,#15831,#15832);
#15830 = CARTESIAN_POINT('',(191.01040764008,-266.5,-8.70378331306));
#15831 = DIRECTION('',(0.5,-0.,0.866025403784));
#15832 = DIRECTION('',(-0.866025403784,0.,0.5));
#15833 = ADVANCED_FACE('',(#15834),#15852,.T.);
#15834 = FACE_BOUND('',#15835,.T.);
#15835 = EDGE_LOOP('',(#15836,#15837,#15838,#15846));
#15836 = ORIENTED_EDGE('',*,*,#15767,.T.);
#15837 = ORIENTED_EDGE('',*,*,#15823,.T.);
#15838 = ORIENTED_EDGE('',*,*,#15839,.T.);
#15839 = EDGE_CURVE('',#15816,#15840,#15842,.T.);
#15840 = VERTEX_POINT('',#15841);
#15841 = CARTESIAN_POINT('',(189.76040764008,-264.6,-6.538719803599));
#15842 = LINE('',#15843,#15844);
#15843 = CARTESIAN_POINT('',(189.76040764008,-264.6,-7.982095476573));
#15844 = VECTOR('',#15845,1.);
#15845 = DIRECTION('',(0.,0.,1.));
#15846 = ORIENTED_EDGE('',*,*,#15847,.F.);
#15847 = EDGE_CURVE('',#15760,#15840,#15848,.T.);
#15848 = LINE('',#15849,#15850);
#15849 = CARTESIAN_POINT('',(189.76040764008,-266.5,-6.538719803599));
#15850 = VECTOR('',#15851,1.);
#15851 = DIRECTION('',(0.,1.,0.));
#15852 = PLANE('',#15853);
#15853 = AXIS2_PLACEMENT_3D('',#15854,#15855,#15856);
#15854 = CARTESIAN_POINT('',(189.76040764008,-266.5,-7.982095476573));
#15855 = DIRECTION('',(1.,0.,0.));
#15856 = DIRECTION('',(0.,0.,1.));
#15857 = ADVANCED_FACE('',(#15858),#15876,.T.);
#15858 = FACE_BOUND('',#15859,.T.);
#15859 = EDGE_LOOP('',(#15860,#15861,#15862,#15870));
#15860 = ORIENTED_EDGE('',*,*,#15759,.T.);
#15861 = ORIENTED_EDGE('',*,*,#15847,.T.);
#15862 = ORIENTED_EDGE('',*,*,#15863,.T.);
#15863 = EDGE_CURVE('',#15840,#15864,#15866,.T.);
#15864 = VERTEX_POINT('',#15865);
#15865 = CARTESIAN_POINT('',(191.01040764008,-264.6,-5.817031967112));
#15866 = LINE('',#15867,#15868);
#15867 = CARTESIAN_POINT('',(189.76040764008,-264.6,-6.538719803599));
#15868 = VECTOR('',#15869,1.);
#15869 = DIRECTION('',(0.866025403784,0.,0.5));
#15870 = ORIENTED_EDGE('',*,*,#15871,.F.);
#15871 = EDGE_CURVE('',#15752,#15864,#15872,.T.);
#15872 = LINE('',#15873,#15874);
#15873 = CARTESIAN_POINT('',(191.01040764008,-266.5,-5.817031967112));
#15874 = VECTOR('',#15875,1.);
#15875 = DIRECTION('',(0.,1.,0.));
#15876 = PLANE('',#15877);
#15877 = AXIS2_PLACEMENT_3D('',#15878,#15879,#15880);
#15878 = CARTESIAN_POINT('',(189.76040764008,-266.5,-6.538719803599));
#15879 = DIRECTION('',(0.5,0.,-0.866025403784));
#15880 = DIRECTION('',(0.866025403784,0.,0.5));
#15881 = ADVANCED_FACE('',(#15882),#15900,.T.);
#15882 = FACE_BOUND('',#15883,.T.);
#15883 = EDGE_LOOP('',(#15884,#15885,#15886,#15894));
#15884 = ORIENTED_EDGE('',*,*,#15751,.T.);
#15885 = ORIENTED_EDGE('',*,*,#15871,.T.);
#15886 = ORIENTED_EDGE('',*,*,#15887,.T.);
#15887 = EDGE_CURVE('',#15864,#15888,#15890,.T.);
#15888 = VERTEX_POINT('',#15889);
#15889 = CARTESIAN_POINT('',(192.26040764008,-264.6,-6.538719803599));
#15890 = LINE('',#15891,#15892);
#15891 = CARTESIAN_POINT('',(191.01040764008,-264.6,-5.817031967112));
#15892 = VECTOR('',#15893,1.);
#15893 = DIRECTION('',(0.866025403784,0.,-0.5));
#15894 = ORIENTED_EDGE('',*,*,#15895,.F.);
#15895 = EDGE_CURVE('',#15744,#15888,#15896,.T.);
#15896 = LINE('',#15897,#15898);
#15897 = CARTESIAN_POINT('',(192.26040764008,-266.5,-6.538719803599));
#15898 = VECTOR('',#15899,1.);
#15899 = DIRECTION('',(0.,1.,0.));
#15900 = PLANE('',#15901);
#15901 = AXIS2_PLACEMENT_3D('',#15902,#15903,#15904);
#15902 = CARTESIAN_POINT('',(191.01040764008,-266.5,-5.817031967112));
#15903 = DIRECTION('',(-0.5,0.,-0.866025403784));
#15904 = DIRECTION('',(0.866025403784,0.,-0.5));
#15905 = ADVANCED_FACE('',(#15906),#15924,.T.);
#15906 = FACE_BOUND('',#15907,.T.);
#15907 = EDGE_LOOP('',(#15908,#15909,#15910,#15918));
#15908 = ORIENTED_EDGE('',*,*,#15743,.T.);
#15909 = ORIENTED_EDGE('',*,*,#15895,.T.);
#15910 = ORIENTED_EDGE('',*,*,#15911,.T.);
#15911 = EDGE_CURVE('',#15888,#15912,#15914,.T.);
#15912 = VERTEX_POINT('',#15913);
#15913 = CARTESIAN_POINT('',(192.26040764008,-264.6,-7.982095476573));
#15914 = LINE('',#15915,#15916);
#15915 = CARTESIAN_POINT('',(192.26040764008,-264.6,-6.538719803599));
#15916 = VECTOR('',#15917,1.);
#15917 = DIRECTION('',(0.,0.,-1.));
#15918 = ORIENTED_EDGE('',*,*,#15919,.F.);
#15919 = EDGE_CURVE('',#15736,#15912,#15920,.T.);
#15920 = LINE('',#15921,#15922);
#15921 = CARTESIAN_POINT('',(192.26040764008,-266.5,-7.982095476573));
#15922 = VECTOR('',#15923,1.);
#15923 = DIRECTION('',(0.,1.,0.));
#15924 = PLANE('',#15925);
#15925 = AXIS2_PLACEMENT_3D('',#15926,#15927,#15928);
#15926 = CARTESIAN_POINT('',(192.26040764008,-266.5,-6.538719803599));
#15927 = DIRECTION('',(-1.,0.,0.));
#15928 = DIRECTION('',(0.,0.,-1.));
#15929 = ADVANCED_FACE('',(#15930),#15941,.T.);
#15930 = FACE_BOUND('',#15931,.T.);
#15931 = EDGE_LOOP('',(#15932,#15933,#15934,#15940));
#15932 = ORIENTED_EDGE('',*,*,#15735,.T.);
#15933 = ORIENTED_EDGE('',*,*,#15919,.T.);
#15934 = ORIENTED_EDGE('',*,*,#15935,.T.);
#15935 = EDGE_CURVE('',#15912,#15808,#15936,.T.);
#15936 = LINE('',#15937,#15938);
#15937 = CARTESIAN_POINT('',(192.26040764008,-264.6,-7.982095476573));
#15938 = VECTOR('',#15939,1.);
#15939 = DIRECTION('',(-0.866025403784,0.,-0.5));
#15940 = ORIENTED_EDGE('',*,*,#15807,.F.);
#15941 = PLANE('',#15942);
#15942 = AXIS2_PLACEMENT_3D('',#15943,#15944,#15945);
#15943 = CARTESIAN_POINT('',(192.26040764008,-266.5,-7.982095476573));
#15944 = DIRECTION('',(-0.5,0.,0.866025403784));
#15945 = DIRECTION('',(-0.866025403784,0.,-0.5));
#15946 = ADVANCED_FACE('',(#15947),#15950,.T.);
#15947 = FACE_BOUND('',#15948,.T.);
#15948 = EDGE_LOOP('',(#15949));
#15949 = ORIENTED_EDGE('',*,*,#15781,.T.);
#15950 = PLANE('',#15951);
#15951 = AXIS2_PLACEMENT_3D('',#15952,#15953,#15954);
#15952 = CARTESIAN_POINT('',(191.01040764008,-255.4,-7.260407640086));
#15953 = DIRECTION('',(0.,1.,0.));
#15954 = DIRECTION('',(0.,-0.,1.));
#15955 = ADVANCED_FACE('',(#15956),#15964,.F.);
#15956 = FACE_BOUND('',#15957,.F.);
#15957 = EDGE_LOOP('',(#15958,#15959,#15960,#15961,#15962,#15963));
#15958 = ORIENTED_EDGE('',*,*,#15935,.T.);
#15959 = ORIENTED_EDGE('',*,*,#15815,.T.);
#15960 = ORIENTED_EDGE('',*,*,#15839,.T.);
#15961 = ORIENTED_EDGE('',*,*,#15863,.T.);
#15962 = ORIENTED_EDGE('',*,*,#15887,.T.);
#15963 = ORIENTED_EDGE('',*,*,#15911,.T.);
#15964 = PLANE('',#15965);
#15965 = AXIS2_PLACEMENT_3D('',#15966,#15967,#15968);
#15966 = CARTESIAN_POINT('',(191.01040764008,-264.6,-7.260407640086));
#15967 = DIRECTION('',(0.,1.,0.));
#15968 = DIRECTION('',(0.,-0.,1.));
#15969 = MANIFOLD_SOLID_BREP('',#15970);
#15970 = CLOSED_SHELL('',(#15971,#16004,#16024,#16083,#16108,#16139,
    #16163,#16187,#16211,#16235,#16252,#16261));
#15971 = ADVANCED_FACE('',(#15972),#15999,.T.);
#15972 = FACE_BOUND('',#15973,.T.);
#15973 = EDGE_LOOP('',(#15974,#15983,#15991,#15998));
#15974 = ORIENTED_EDGE('',*,*,#15975,.F.);
#15975 = EDGE_CURVE('',#15976,#15976,#15978,.T.);
#15976 = VERTEX_POINT('',#15977);
#15977 = CARTESIAN_POINT('',(191.01040764008,-263.4,7.510407640086));
#15978 = CIRCLE('',#15979,2.75);
#15979 = AXIS2_PLACEMENT_3D('',#15980,#15981,#15982);
#15980 = CARTESIAN_POINT('',(191.01040764008,-263.4,4.760407640086));
#15981 = DIRECTION('',(0.,1.,0.));
#15982 = DIRECTION('',(0.,-0.,1.));
#15983 = ORIENTED_EDGE('',*,*,#15984,.F.);
#15984 = EDGE_CURVE('',#15985,#15976,#15987,.T.);
#15985 = VERTEX_POINT('',#15986);
#15986 = CARTESIAN_POINT('',(191.01040764008,-266.4,7.510407640086));
#15987 = LINE('',#15988,#15989);
#15988 = CARTESIAN_POINT('',(191.01040764008,-266.4,7.510407640086));
#15989 = VECTOR('',#15990,1.);
#15990 = DIRECTION('',(0.,1.,0.));
#15991 = ORIENTED_EDGE('',*,*,#15992,.T.);
#15992 = EDGE_CURVE('',#15985,#15985,#15993,.T.);
#15993 = CIRCLE('',#15994,2.75);
#15994 = AXIS2_PLACEMENT_3D('',#15995,#15996,#15997);
#15995 = CARTESIAN_POINT('',(191.01040764008,-266.4,4.760407640086));
#15996 = DIRECTION('',(0.,1.,0.));
#15997 = DIRECTION('',(0.,-0.,1.));
#15998 = ORIENTED_EDGE('',*,*,#15984,.T.);
#15999 = CYLINDRICAL_SURFACE('',#16000,2.75);
#16000 = AXIS2_PLACEMENT_3D('',#16001,#16002,#16003);
#16001 = CARTESIAN_POINT('',(191.01040764008,-266.4,4.760407640086));
#16002 = DIRECTION('',(0.,1.,0.));
#16003 = DIRECTION('',(0.,-0.,1.));
#16004 = ADVANCED_FACE('',(#16005,#16008),#16019,.T.);
#16005 = FACE_BOUND('',#16006,.T.);
#16006 = EDGE_LOOP('',(#16007));
#16007 = ORIENTED_EDGE('',*,*,#15975,.T.);
#16008 = FACE_BOUND('',#16009,.T.);
#16009 = EDGE_LOOP('',(#16010));
#16010 = ORIENTED_EDGE('',*,*,#16011,.F.);
#16011 = EDGE_CURVE('',#16012,#16012,#16014,.T.);
#16012 = VERTEX_POINT('',#16013);
#16013 = CARTESIAN_POINT('',(191.01040764008,-263.4,6.260407640086));
#16014 = CIRCLE('',#16015,1.5);
#16015 = AXIS2_PLACEMENT_3D('',#16016,#16017,#16018);
#16016 = CARTESIAN_POINT('',(191.01040764008,-263.4,4.760407640086));
#16017 = DIRECTION('',(0.,1.,0.));
#16018 = DIRECTION('',(0.,-0.,1.));
#16019 = PLANE('',#16020);
#16020 = AXIS2_PLACEMENT_3D('',#16021,#16022,#16023);
#16021 = CARTESIAN_POINT('',(191.01040764008,-263.4,4.760407640086));
#16022 = DIRECTION('',(0.,1.,0.));
#16023 = DIRECTION('',(0.,-0.,1.));
#16024 = ADVANCED_FACE('',(#16025,#16028),#16078,.F.);
#16025 = FACE_BOUND('',#16026,.F.);
#16026 = EDGE_LOOP('',(#16027));
#16027 = ORIENTED_EDGE('',*,*,#15992,.T.);
#16028 = FACE_BOUND('',#16029,.F.);
#16029 = EDGE_LOOP('',(#16030,#16040,#16048,#16056,#16064,#16072));
#16030 = ORIENTED_EDGE('',*,*,#16031,.T.);
#16031 = EDGE_CURVE('',#16032,#16034,#16036,.T.);
#16032 = VERTEX_POINT('',#16033);
#16033 = CARTESIAN_POINT('',(189.76040764008,-266.4,4.038719803599));
#16034 = VERTEX_POINT('',#16035);
#16035 = CARTESIAN_POINT('',(191.01040764008,-266.4,3.317031967112));
#16036 = LINE('',#16037,#16038);
#16037 = CARTESIAN_POINT('',(190.69790764008,-266.4,3.497453926233));
#16038 = VECTOR('',#16039,1.);
#16039 = DIRECTION('',(0.866025403784,0.,-0.5));
#16040 = ORIENTED_EDGE('',*,*,#16041,.T.);
#16041 = EDGE_CURVE('',#16034,#16042,#16044,.T.);
#16042 = VERTEX_POINT('',#16043);
#16043 = CARTESIAN_POINT('',(192.26040764008,-266.4,4.038719803599));
#16044 = LINE('',#16045,#16046);
#16045 = CARTESIAN_POINT('',(191.94790764008,-266.4,3.858297844477));
#16046 = VECTOR('',#16047,1.);
#16047 = DIRECTION('',(0.866025403784,-0.,0.5));
#16048 = ORIENTED_EDGE('',*,*,#16049,.T.);
#16049 = EDGE_CURVE('',#16042,#16050,#16052,.T.);
#16050 = VERTEX_POINT('',#16051);
#16051 = CARTESIAN_POINT('',(192.26040764008,-266.4,5.482095476573));
#16052 = LINE('',#16053,#16054);
#16053 = CARTESIAN_POINT('',(192.26040764008,-266.4,5.121251558329));
#16054 = VECTOR('',#16055,1.);
#16055 = DIRECTION('',(0.,-0.,1.));
#16056 = ORIENTED_EDGE('',*,*,#16057,.T.);
#16057 = EDGE_CURVE('',#16050,#16058,#16060,.T.);
#16058 = VERTEX_POINT('',#16059);
#16059 = CARTESIAN_POINT('',(191.01040764008,-266.4,6.20378331306));
#16060 = LINE('',#16061,#16062);
#16061 = CARTESIAN_POINT('',(191.32290764008,-266.4,6.023361353938));
#16062 = VECTOR('',#16063,1.);
#16063 = DIRECTION('',(-0.866025403784,0.,0.5));
#16064 = ORIENTED_EDGE('',*,*,#16065,.T.);
#16065 = EDGE_CURVE('',#16058,#16066,#16068,.T.);
#16066 = VERTEX_POINT('',#16067);
#16067 = CARTESIAN_POINT('',(189.76040764008,-266.4,5.482095476573));
#16068 = LINE('',#16069,#16070);
#16069 = CARTESIAN_POINT('',(190.07290764008,-266.4,5.662517435694));
#16070 = VECTOR('',#16071,1.);
#16071 = DIRECTION('',(-0.866025403784,0.,-0.5));
#16072 = ORIENTED_EDGE('',*,*,#16073,.T.);
#16073 = EDGE_CURVE('',#16066,#16032,#16074,.T.);
#16074 = LINE('',#16075,#16076);
#16075 = CARTESIAN_POINT('',(189.76040764008,-266.4,4.399563721842));
#16076 = VECTOR('',#16077,1.);
#16077 = DIRECTION('',(0.,0.,-1.));
#16078 = PLANE('',#16079);
#16079 = AXIS2_PLACEMENT_3D('',#16080,#16081,#16082);
#16080 = CARTESIAN_POINT('',(191.01040764008,-266.4,4.760407640086));
#16081 = DIRECTION('',(0.,1.,0.));
#16082 = DIRECTION('',(0.,-0.,1.));
#16083 = ADVANCED_FACE('',(#16084),#16103,.T.);
#16084 = FACE_BOUND('',#16085,.T.);
#16085 = EDGE_LOOP('',(#16086,#16095,#16101,#16102));
#16086 = ORIENTED_EDGE('',*,*,#16087,.F.);
#16087 = EDGE_CURVE('',#16088,#16088,#16090,.T.);
#16088 = VERTEX_POINT('',#16089);
#16089 = CARTESIAN_POINT('',(191.01040764008,-255.4,6.260407640086));
#16090 = CIRCLE('',#16091,1.5);
#16091 = AXIS2_PLACEMENT_3D('',#16092,#16093,#16094);
#16092 = CARTESIAN_POINT('',(191.01040764008,-255.4,4.760407640086));
#16093 = DIRECTION('',(0.,1.,0.));
#16094 = DIRECTION('',(0.,-0.,1.));
#16095 = ORIENTED_EDGE('',*,*,#16096,.F.);
#16096 = EDGE_CURVE('',#16012,#16088,#16097,.T.);
#16097 = LINE('',#16098,#16099);
#16098 = CARTESIAN_POINT('',(191.01040764008,-263.4,6.260407640086));
#16099 = VECTOR('',#16100,1.);
#16100 = DIRECTION('',(0.,1.,0.));
#16101 = ORIENTED_EDGE('',*,*,#16011,.T.);
#16102 = ORIENTED_EDGE('',*,*,#16096,.T.);
#16103 = CYLINDRICAL_SURFACE('',#16104,1.5);
#16104 = AXIS2_PLACEMENT_3D('',#16105,#16106,#16107);
#16105 = CARTESIAN_POINT('',(191.01040764008,-263.4,4.760407640086));
#16106 = DIRECTION('',(0.,1.,0.));
#16107 = DIRECTION('',(0.,-0.,1.));
#16108 = ADVANCED_FACE('',(#16109),#16134,.T.);
#16109 = FACE_BOUND('',#16110,.T.);
#16110 = EDGE_LOOP('',(#16111,#16112,#16120,#16128));
#16111 = ORIENTED_EDGE('',*,*,#16031,.T.);
#16112 = ORIENTED_EDGE('',*,*,#16113,.T.);
#16113 = EDGE_CURVE('',#16034,#16114,#16116,.T.);
#16114 = VERTEX_POINT('',#16115);
#16115 = CARTESIAN_POINT('',(191.01040764008,-264.6,3.317031967112));
#16116 = LINE('',#16117,#16118);
#16117 = CARTESIAN_POINT('',(191.01040764008,-266.5,3.317031967112));
#16118 = VECTOR('',#16119,1.);
#16119 = DIRECTION('',(0.,1.,0.));
#16120 = ORIENTED_EDGE('',*,*,#16121,.T.);
#16121 = EDGE_CURVE('',#16114,#16122,#16124,.T.);
#16122 = VERTEX_POINT('',#16123);
#16123 = CARTESIAN_POINT('',(189.76040764008,-264.6,4.038719803599));
#16124 = LINE('',#16125,#16126);
#16125 = CARTESIAN_POINT('',(191.01040764008,-264.6,3.317031967112));
#16126 = VECTOR('',#16127,1.);
#16127 = DIRECTION('',(-0.866025403784,0.,0.5));
#16128 = ORIENTED_EDGE('',*,*,#16129,.F.);
#16129 = EDGE_CURVE('',#16032,#16122,#16130,.T.);
#16130 = LINE('',#16131,#16132);
#16131 = CARTESIAN_POINT('',(189.76040764008,-266.5,4.038719803599));
#16132 = VECTOR('',#16133,1.);
#16133 = DIRECTION('',(0.,1.,0.));
#16134 = PLANE('',#16135);
#16135 = AXIS2_PLACEMENT_3D('',#16136,#16137,#16138);
#16136 = CARTESIAN_POINT('',(191.01040764008,-266.5,3.317031967112));
#16137 = DIRECTION('',(0.5,-0.,0.866025403784));
#16138 = DIRECTION('',(-0.866025403784,0.,0.5));
#16139 = ADVANCED_FACE('',(#16140),#16158,.T.);
#16140 = FACE_BOUND('',#16141,.T.);
#16141 = EDGE_LOOP('',(#16142,#16143,#16144,#16152));
#16142 = ORIENTED_EDGE('',*,*,#16073,.T.);
#16143 = ORIENTED_EDGE('',*,*,#16129,.T.);
#16144 = ORIENTED_EDGE('',*,*,#16145,.T.);
#16145 = EDGE_CURVE('',#16122,#16146,#16148,.T.);
#16146 = VERTEX_POINT('',#16147);
#16147 = CARTESIAN_POINT('',(189.76040764008,-264.6,5.482095476573));
#16148 = LINE('',#16149,#16150);
#16149 = CARTESIAN_POINT('',(189.76040764008,-264.6,4.038719803599));
#16150 = VECTOR('',#16151,1.);
#16151 = DIRECTION('',(0.,0.,1.));
#16152 = ORIENTED_EDGE('',*,*,#16153,.F.);
#16153 = EDGE_CURVE('',#16066,#16146,#16154,.T.);
#16154 = LINE('',#16155,#16156);
#16155 = CARTESIAN_POINT('',(189.76040764008,-266.5,5.482095476573));
#16156 = VECTOR('',#16157,1.);
#16157 = DIRECTION('',(0.,1.,0.));
#16158 = PLANE('',#16159);
#16159 = AXIS2_PLACEMENT_3D('',#16160,#16161,#16162);
#16160 = CARTESIAN_POINT('',(189.76040764008,-266.5,4.038719803599));
#16161 = DIRECTION('',(1.,0.,0.));
#16162 = DIRECTION('',(0.,0.,1.));
#16163 = ADVANCED_FACE('',(#16164),#16182,.T.);
#16164 = FACE_BOUND('',#16165,.T.);
#16165 = EDGE_LOOP('',(#16166,#16167,#16168,#16176));
#16166 = ORIENTED_EDGE('',*,*,#16065,.T.);
#16167 = ORIENTED_EDGE('',*,*,#16153,.T.);
#16168 = ORIENTED_EDGE('',*,*,#16169,.T.);
#16169 = EDGE_CURVE('',#16146,#16170,#16172,.T.);
#16170 = VERTEX_POINT('',#16171);
#16171 = CARTESIAN_POINT('',(191.01040764008,-264.6,6.20378331306));
#16172 = LINE('',#16173,#16174);
#16173 = CARTESIAN_POINT('',(189.76040764008,-264.6,5.482095476573));
#16174 = VECTOR('',#16175,1.);
#16175 = DIRECTION('',(0.866025403784,0.,0.5));
#16176 = ORIENTED_EDGE('',*,*,#16177,.F.);
#16177 = EDGE_CURVE('',#16058,#16170,#16178,.T.);
#16178 = LINE('',#16179,#16180);
#16179 = CARTESIAN_POINT('',(191.01040764008,-266.5,6.20378331306));
#16180 = VECTOR('',#16181,1.);
#16181 = DIRECTION('',(0.,1.,0.));
#16182 = PLANE('',#16183);
#16183 = AXIS2_PLACEMENT_3D('',#16184,#16185,#16186);
#16184 = CARTESIAN_POINT('',(189.76040764008,-266.5,5.482095476573));
#16185 = DIRECTION('',(0.5,0.,-0.866025403784));
#16186 = DIRECTION('',(0.866025403784,0.,0.5));
#16187 = ADVANCED_FACE('',(#16188),#16206,.T.);
#16188 = FACE_BOUND('',#16189,.T.);
#16189 = EDGE_LOOP('',(#16190,#16191,#16192,#16200));
#16190 = ORIENTED_EDGE('',*,*,#16057,.T.);
#16191 = ORIENTED_EDGE('',*,*,#16177,.T.);
#16192 = ORIENTED_EDGE('',*,*,#16193,.T.);
#16193 = EDGE_CURVE('',#16170,#16194,#16196,.T.);
#16194 = VERTEX_POINT('',#16195);
#16195 = CARTESIAN_POINT('',(192.26040764008,-264.6,5.482095476573));
#16196 = LINE('',#16197,#16198);
#16197 = CARTESIAN_POINT('',(191.01040764008,-264.6,6.20378331306));
#16198 = VECTOR('',#16199,1.);
#16199 = DIRECTION('',(0.866025403784,0.,-0.5));
#16200 = ORIENTED_EDGE('',*,*,#16201,.F.);
#16201 = EDGE_CURVE('',#16050,#16194,#16202,.T.);
#16202 = LINE('',#16203,#16204);
#16203 = CARTESIAN_POINT('',(192.26040764008,-266.5,5.482095476573));
#16204 = VECTOR('',#16205,1.);
#16205 = DIRECTION('',(0.,1.,0.));
#16206 = PLANE('',#16207);
#16207 = AXIS2_PLACEMENT_3D('',#16208,#16209,#16210);
#16208 = CARTESIAN_POINT('',(191.01040764008,-266.5,6.20378331306));
#16209 = DIRECTION('',(-0.5,0.,-0.866025403784));
#16210 = DIRECTION('',(0.866025403784,0.,-0.5));
#16211 = ADVANCED_FACE('',(#16212),#16230,.T.);
#16212 = FACE_BOUND('',#16213,.T.);
#16213 = EDGE_LOOP('',(#16214,#16215,#16216,#16224));
#16214 = ORIENTED_EDGE('',*,*,#16049,.T.);
#16215 = ORIENTED_EDGE('',*,*,#16201,.T.);
#16216 = ORIENTED_EDGE('',*,*,#16217,.T.);
#16217 = EDGE_CURVE('',#16194,#16218,#16220,.T.);
#16218 = VERTEX_POINT('',#16219);
#16219 = CARTESIAN_POINT('',(192.26040764008,-264.6,4.038719803599));
#16220 = LINE('',#16221,#16222);
#16221 = CARTESIAN_POINT('',(192.26040764008,-264.6,5.482095476573));
#16222 = VECTOR('',#16223,1.);
#16223 = DIRECTION('',(0.,0.,-1.));
#16224 = ORIENTED_EDGE('',*,*,#16225,.F.);
#16225 = EDGE_CURVE('',#16042,#16218,#16226,.T.);
#16226 = LINE('',#16227,#16228);
#16227 = CARTESIAN_POINT('',(192.26040764008,-266.5,4.038719803599));
#16228 = VECTOR('',#16229,1.);
#16229 = DIRECTION('',(0.,1.,0.));
#16230 = PLANE('',#16231);
#16231 = AXIS2_PLACEMENT_3D('',#16232,#16233,#16234);
#16232 = CARTESIAN_POINT('',(192.26040764008,-266.5,5.482095476573));
#16233 = DIRECTION('',(-1.,0.,0.));
#16234 = DIRECTION('',(0.,0.,-1.));
#16235 = ADVANCED_FACE('',(#16236),#16247,.T.);
#16236 = FACE_BOUND('',#16237,.T.);
#16237 = EDGE_LOOP('',(#16238,#16239,#16240,#16246));
#16238 = ORIENTED_EDGE('',*,*,#16041,.T.);
#16239 = ORIENTED_EDGE('',*,*,#16225,.T.);
#16240 = ORIENTED_EDGE('',*,*,#16241,.T.);
#16241 = EDGE_CURVE('',#16218,#16114,#16242,.T.);
#16242 = LINE('',#16243,#16244);
#16243 = CARTESIAN_POINT('',(192.26040764008,-264.6,4.038719803599));
#16244 = VECTOR('',#16245,1.);
#16245 = DIRECTION('',(-0.866025403784,0.,-0.5));
#16246 = ORIENTED_EDGE('',*,*,#16113,.F.);
#16247 = PLANE('',#16248);
#16248 = AXIS2_PLACEMENT_3D('',#16249,#16250,#16251);
#16249 = CARTESIAN_POINT('',(192.26040764008,-266.5,4.038719803599));
#16250 = DIRECTION('',(-0.5,0.,0.866025403784));
#16251 = DIRECTION('',(-0.866025403784,0.,-0.5));
#16252 = ADVANCED_FACE('',(#16253),#16256,.T.);
#16253 = FACE_BOUND('',#16254,.T.);
#16254 = EDGE_LOOP('',(#16255));
#16255 = ORIENTED_EDGE('',*,*,#16087,.T.);
#16256 = PLANE('',#16257);
#16257 = AXIS2_PLACEMENT_3D('',#16258,#16259,#16260);
#16258 = CARTESIAN_POINT('',(191.01040764008,-255.4,4.760407640086));
#16259 = DIRECTION('',(0.,1.,0.));
#16260 = DIRECTION('',(0.,-0.,1.));
#16261 = ADVANCED_FACE('',(#16262),#16270,.F.);
#16262 = FACE_BOUND('',#16263,.F.);
#16263 = EDGE_LOOP('',(#16264,#16265,#16266,#16267,#16268,#16269));
#16264 = ORIENTED_EDGE('',*,*,#16241,.T.);
#16265 = ORIENTED_EDGE('',*,*,#16121,.T.);
#16266 = ORIENTED_EDGE('',*,*,#16145,.T.);
#16267 = ORIENTED_EDGE('',*,*,#16169,.T.);
#16268 = ORIENTED_EDGE('',*,*,#16193,.T.);
#16269 = ORIENTED_EDGE('',*,*,#16217,.T.);
#16270 = PLANE('',#16271);
#16271 = AXIS2_PLACEMENT_3D('',#16272,#16273,#16274);
#16272 = CARTESIAN_POINT('',(191.01040764008,-264.6,4.760407640086));
#16273 = DIRECTION('',(0.,1.,0.));
#16274 = DIRECTION('',(0.,-0.,1.));
#16275 = MANIFOLD_SOLID_BREP('',#16276);
#16276 = CLOSED_SHELL('',(#16277,#16462,#16494,#16519,#16550,#16575,
    #16595,#16667,#16739,#16773,#16839,#16856,#16907,#16938,#16969,
    #17000,#17024,#17048,#17065,#17074,#17105,#17117,#17148,#17183,
    #17202,#17221));
#16277 = ADVANCED_FACE('',(#16278,#16341,#16399),#16457,.T.);
#16278 = FACE_BOUND('',#16279,.T.);
#16279 = EDGE_LOOP('',(#16280,#16290,#16297,#16298,#16307,#16316,#16325,
    #16334));
#16280 = ORIENTED_EDGE('',*,*,#16281,.F.);
#16281 = EDGE_CURVE('',#16282,#16284,#16286,.T.);
#16282 = VERTEX_POINT('',#16283);
#16283 = CARTESIAN_POINT('',(185.,-259.9,-18.25));
#16284 = VERTEX_POINT('',#16285);
#16285 = CARTESIAN_POINT('',(185.,-273.5,-18.25));
#16286 = LINE('',#16287,#16288);
#16287 = CARTESIAN_POINT('',(185.,-259.9,-18.25));
#16288 = VECTOR('',#16289,1.);
#16289 = DIRECTION('',(0.,-1.,0.));
#16290 = ORIENTED_EDGE('',*,*,#16291,.T.);
#16291 = EDGE_CURVE('',#16282,#16282,#16292,.T.);
#16292 = CIRCLE('',#16293,17.);
#16293 = AXIS2_PLACEMENT_3D('',#16294,#16295,#16296);
#16294 = CARTESIAN_POINT('',(185.,-259.9,-1.25));
#16295 = DIRECTION('',(0.,-1.,0.));
#16296 = DIRECTION('',(0.,-0.,-1.));
#16297 = ORIENTED_EDGE('',*,*,#16281,.T.);
#16298 = ORIENTED_EDGE('',*,*,#16299,.F.);
#16299 = EDGE_CURVE('',#16300,#16284,#16302,.T.);
#16300 = VERTEX_POINT('',#16301);
#16301 = CARTESIAN_POINT('',(178.,-273.5,-16.74193338483));
#16302 = CIRCLE('',#16303,17.);
#16303 = AXIS2_PLACEMENT_3D('',#16304,#16305,#16306);
#16304 = CARTESIAN_POINT('',(185.,-273.5,-1.25));
#16305 = DIRECTION('',(0.,-1.,0.));
#16306 = DIRECTION('',(0.,-0.,-1.));
#16307 = ORIENTED_EDGE('',*,*,#16308,.F.);
#16308 = EDGE_CURVE('',#16309,#16300,#16311,.T.);
#16309 = VERTEX_POINT('',#16310);
#16310 = CARTESIAN_POINT('',(178.,-273.5,14.24193338483));
#16311 = CIRCLE('',#16312,17.);
#16312 = AXIS2_PLACEMENT_3D('',#16313,#16314,#16315);
#16313 = CARTESIAN_POINT('',(185.,-273.5,-1.25));
#16314 = DIRECTION('',(0.,-1.,0.));
#16315 = DIRECTION('',(0.,-0.,-1.));
#16316 = ORIENTED_EDGE('',*,*,#16317,.F.);
#16317 = EDGE_CURVE('',#16318,#16309,#16320,.T.);
#16318 = VERTEX_POINT('',#16319);
#16319 = CARTESIAN_POINT('',(192.,-273.5,14.24193338483));
#16320 = CIRCLE('',#16321,17.);
#16321 = AXIS2_PLACEMENT_3D('',#16322,#16323,#16324);
#16322 = CARTESIAN_POINT('',(185.,-273.5,-1.25));
#16323 = DIRECTION('',(0.,-1.,0.));
#16324 = DIRECTION('',(0.,-0.,-1.));
#16325 = ORIENTED_EDGE('',*,*,#16326,.F.);
#16326 = EDGE_CURVE('',#16327,#16318,#16329,.T.);
#16327 = VERTEX_POINT('',#16328);
#16328 = CARTESIAN_POINT('',(192.,-273.5,-16.74193338483));
#16329 = CIRCLE('',#16330,17.);
#16330 = AXIS2_PLACEMENT_3D('',#16331,#16332,#16333);
#16331 = CARTESIAN_POINT('',(185.,-273.5,-1.25));
#16332 = DIRECTION('',(0.,-1.,0.));
#16333 = DIRECTION('',(0.,-0.,-1.));
#16334 = ORIENTED_EDGE('',*,*,#16335,.F.);
#16335 = EDGE_CURVE('',#16284,#16327,#16336,.T.);
#16336 = CIRCLE('',#16337,17.);
#16337 = AXIS2_PLACEMENT_3D('',#16338,#16339,#16340);
#16338 = CARTESIAN_POINT('',(185.,-273.5,-1.25));
#16339 = DIRECTION('',(0.,-1.,0.));
#16340 = DIRECTION('',(0.,-0.,-1.));
#16341 = FACE_BOUND('',#16342,.T.);
#16342 = EDGE_LOOP('',(#16343));
#16343 = ORIENTED_EDGE('',*,*,#16344,.F.);
#16344 = EDGE_CURVE('',#16345,#16345,#16347,.T.);
#16345 = VERTEX_POINT('',#16346);
#16346 = CARTESIAN_POINT('',(168.08521356918,-263.4,-2.95));
#16347 = B_SPLINE_CURVE_WITH_KNOTS('',8,(#16348,#16349,#16350,#16351,
    #16352,#16353,#16354,#16355,#16356,#16357,#16358,#16359,#16360,
    #16361,#16362,#16363,#16364,#16365,#16366,#16367,#16368,#16369,
    #16370,#16371,#16372,#16373,#16374,#16375,#16376,#16377,#16378,
    #16379,#16380,#16381,#16382,#16383,#16384,#16385,#16386,#16387,
    #16388,#16389,#16390,#16391,#16392,#16393,#16394,#16395,#16396,
    #16397,#16398),.UNSPECIFIED.,.T.,.F.,(9,7,7,7,7,7,7,9),(0.,
    0.152758347306,0.28580432744,0.42202637076,0.588682272649,
    0.714468359741,0.837900881431,1.),.UNSPECIFIED.);
#16348 = CARTESIAN_POINT('',(168.08521356918,-263.4,-2.95));
#16349 = CARTESIAN_POINT('',(168.08521356918,-263.5778818595,-2.95));
#16350 = CARTESIAN_POINT('',(168.08307585646,-263.7556916968,
    -2.928728997326));
#16351 = CARTESIAN_POINT('',(168.07880230357,-263.9318614715,
    -2.886211795348));
#16352 = CARTESIAN_POINT('',(168.07250594011,-264.1046608465,
    -2.822051718152));
#16353 = CARTESIAN_POINT('',(168.06441686379,-264.2720001204,
    -2.735556587263));
#16354 = CARTESIAN_POINT('',(168.05493551598,-264.4312185318,
    -2.625855788956));
#16355 = CARTESIAN_POINT('',(168.04469216582,-264.5787892685,
    -2.492073205362));
#16356 = CARTESIAN_POINT('',(168.02575673353,-264.824040406,
    -2.195615506486));
#16357 = CARTESIAN_POINT('',(168.01676363547,-264.9292141666,
    -2.034649585761));
#16358 = CARTESIAN_POINT('',(168.00849194787,-265.0168800607,
    -1.853101892847));
#16359 = CARTESIAN_POINT('',(168.00201308954,-265.0806670293,
    -1.655331739462));
#16360 = CARTESIAN_POINT('',(167.99829700651,-265.1163597772,
    -1.447213200422));
#16361 = CARTESIAN_POINT('',(167.99778031303,-265.1219648544,
    -1.235388454881));
#16362 = CARTESIAN_POINT('',(168.00029665963,-265.09779591,
    -1.026655692947));
#16363 = CARTESIAN_POINT('',(168.01033733014,-264.9941644871,
    -0.62303794918));
#16364 = CARTESIAN_POINT('',(168.01782655657,-264.9149788885,
    -0.434764424499));
#16365 = CARTESIAN_POINT('',(168.02690528192,-264.8141101607,
    -0.264720769916));
#16366 = CARTESIAN_POINT('',(168.03668715281,-264.6959648471,
    -0.11418423321));
#16367 = CARTESIAN_POINT('',(168.04638671076,-264.5644736613,
    1.625206031786E-02));
#16368 = CARTESIAN_POINT('',(168.05538786908,-264.4231919867,
    0.126501147284));
#16369 = CARTESIAN_POINT('',(168.06325571314,-264.2753412554,
    0.216907755195));
#16370 = CARTESIAN_POINT('',(168.07765860625,-263.9384574964,
    0.375433219091));
#16371 = CARTESIAN_POINT('',(168.08359207222,-263.7455194012,
    0.435040584634));
#16372 = CARTESIAN_POINT('',(168.08706508307,-263.5481359734,
    0.468171207556));
#16373 = CARTESIAN_POINT('',(168.08784003574,-263.3486991628,
    0.475332432693));
#16374 = CARTESIAN_POINT('',(168.08584397008,-263.1495060499,
    0.45653551544));
#16375 = CARTESIAN_POINT('',(168.08117818246,-262.9530618003,
    0.411420916508));
#16376 = CARTESIAN_POINT('',(168.07416572254,-262.7623056639,
    0.33938467816));
#16377 = CARTESIAN_POINT('',(168.05878118482,-262.4441896902,
    0.164498941689));
#16378 = CARTESIAN_POINT('',(168.05109183512,-262.3112557398,
    7.27142227953E-02));
#16379 = CARTESIAN_POINT('',(168.04258100522,-262.1847693841,
    -3.614483367657E-02));
#16380 = CARTESIAN_POINT('',(168.03363714224,-262.0674845465,
    -0.162229352049));
#16381 = CARTESIAN_POINT('',(168.02478200484,-261.962361305,
    -0.305312768885));
#16382 = CARTESIAN_POINT('',(168.01665003484,-261.8725888964,
    -0.464748067659));
#16383 = CARTESIAN_POINT('',(168.00993131055,-261.8016449174,
    -0.63935924068));
#16384 = CARTESIAN_POINT('',(168.00067169354,-261.706074877,
    -1.011579972719));
#16385 = CARTESIAN_POINT('',(167.99815923893,-261.6816778212,
    -1.204529946666));
#16386 = CARTESIAN_POINT('',(167.99821521836,-261.6827478313,
    -1.400938432901));
#16387 = CARTESIAN_POINT('',(168.00102962207,-261.7098447263,
    -1.595167534104));
#16388 = CARTESIAN_POINT('',(168.00630704435,-261.761638492,
    -1.781599455165));
#16389 = CARTESIAN_POINT('',(168.01335301831,-261.8349703474,
    -1.955175932148));
#16390 = CARTESIAN_POINT('',(168.02130580667,-261.9248907712,
    -2.111899075167));
#16391 = CARTESIAN_POINT('',(168.04001171405,-262.1557087378,
    -2.429592751398));
#16392 = CARTESIAN_POINT('',(168.05118119527,-262.307702969,
    -2.581952080853));
#16393 = CARTESIAN_POINT('',(168.06173509155,-262.4742698289,
    -2.706743274039));
#16394 = CARTESIAN_POINT('',(168.07083391909,-262.6508826758,
    -2.804985455459));
#16395 = CARTESIAN_POINT('',(168.07795117942,-262.8341433718,
    -2.877747131673));
#16396 = CARTESIAN_POINT('',(168.08279213861,-263.0214329942,
    -2.925904630576));
#16397 = CARTESIAN_POINT('',(168.08521356918,-263.2106820309,-2.95));
#16398 = CARTESIAN_POINT('',(168.08521356918,-263.4,-2.95));
#16399 = FACE_BOUND('',#16400,.T.);
#16400 = EDGE_LOOP('',(#16401));
#16401 = ORIENTED_EDGE('',*,*,#16402,.F.);
#16402 = EDGE_CURVE('',#16403,#16403,#16405,.T.);
#16403 = VERTEX_POINT('',#16404);
#16404 = CARTESIAN_POINT('',(201.91478643081,-263.4,0.45));
#16405 = B_SPLINE_CURVE_WITH_KNOTS('',8,(#16406,#16407,#16408,#16409,
    #16410,#16411,#16412,#16413,#16414,#16415,#16416,#16417,#16418,
    #16419,#16420,#16421,#16422,#16423,#16424,#16425,#16426,#16427,
    #16428,#16429,#16430,#16431,#16432,#16433,#16434,#16435,#16436,
    #16437,#16438,#16439,#16440,#16441,#16442,#16443,#16444,#16445,
    #16446,#16447,#16448,#16449,#16450,#16451,#16452,#16453,#16454,
    #16455,#16456),.UNSPECIFIED.,.T.,.F.,(9,7,7,7,7,7,7,9),(0.,
    0.152758347772,0.285804328312,0.422026372047,0.588682271523,
    0.714468358963,0.837900880989,1.),.UNSPECIFIED.);
#16406 = CARTESIAN_POINT('',(201.91478643081,-263.4,0.45));
#16407 = CARTESIAN_POINT('',(201.91478643081,-263.5778818595,0.45));
#16408 = CARTESIAN_POINT('',(201.91692414353,-263.7556916968,
    0.428728997326));
#16409 = CARTESIAN_POINT('',(201.92119769642,-263.9318614715,
    0.386211795348));
#16410 = CARTESIAN_POINT('',(201.92749405988,-264.1046608465,
    0.322051718152));
#16411 = CARTESIAN_POINT('',(201.93558313621,-264.2720001204,
    0.235556587263));
#16412 = CARTESIAN_POINT('',(201.94506448401,-264.4312185318,
    0.125855788956));
#16413 = CARTESIAN_POINT('',(201.95530783417,-264.5787892685,
    -7.926794638542E-03));
#16414 = CARTESIAN_POINT('',(201.97424326647,-264.824040406,
    -0.304384493514));
#16415 = CARTESIAN_POINT('',(201.98323636452,-264.9292141666,
    -0.465350414238));
#16416 = CARTESIAN_POINT('',(201.99150805212,-265.0168800607,
    -0.646898107154));
#16417 = CARTESIAN_POINT('',(201.99798691045,-265.0806670293,
    -0.844668260537));
#16418 = CARTESIAN_POINT('',(202.00170299348,-265.1163597772,
    -1.052786799579));
#16419 = CARTESIAN_POINT('',(202.00221968696,-265.1219648544,
    -1.264611545119));
#16420 = CARTESIAN_POINT('',(201.99970334036,-265.09779591,
    -1.473344307053));
#16421 = CARTESIAN_POINT('',(201.98966266985,-264.9941644871,
    -1.87696205082));
#16422 = CARTESIAN_POINT('',(201.98217344342,-264.9149788885,
    -2.065235575501));
#16423 = CARTESIAN_POINT('',(201.97309471807,-264.8141101607,
    -2.235279230084));
#16424 = CARTESIAN_POINT('',(201.96331284718,-264.6959648471,
    -2.38581576679));
#16425 = CARTESIAN_POINT('',(201.95361328923,-264.5644736613,
    -2.516252060318));
#16426 = CARTESIAN_POINT('',(201.94461213091,-264.4231919867,
    -2.626501147284));
#16427 = CARTESIAN_POINT('',(201.93674428685,-264.2753412554,
    -2.716907755195));
#16428 = CARTESIAN_POINT('',(201.92234139388,-263.9384574997,
    -2.875433217561));
#16429 = CARTESIAN_POINT('',(201.91640792757,-263.7455193912,
    -2.935040586815));
#16430 = CARTESIAN_POINT('',(201.91293491689,-263.5481359843,
    -2.968171207965));
#16431 = CARTESIAN_POINT('',(201.91215996446,-263.3486991629,
    -2.975332430423));
#16432 = CARTESIAN_POINT('',(201.91415602993,-263.1495060389,
    -2.956535515151));
#16433 = CARTESIAN_POINT('',(201.91882181728,-262.9530618101,
    -2.911420919313));
#16434 = CARTESIAN_POINT('',(201.92583427761,-262.7623056607,
    -2.839384676435));
#16435 = CARTESIAN_POINT('',(201.94121881517,-262.4441896902,
    -2.664498941693));
#16436 = CARTESIAN_POINT('',(201.94890816487,-262.3112557398,
    -2.572714222798));
#16437 = CARTESIAN_POINT('',(201.95741899477,-262.1847693841,
    -2.463855166321));
#16438 = CARTESIAN_POINT('',(201.96636285775,-262.0674845465,
    -2.337770647944));
#16439 = CARTESIAN_POINT('',(201.97521799515,-261.962361305,
    -2.194687231111));
#16440 = CARTESIAN_POINT('',(201.98334996515,-261.8725888964,
    -2.035251932344));
#16441 = CARTESIAN_POINT('',(201.99006868944,-261.8016449174,
    -1.860640759329));
#16442 = CARTESIAN_POINT('',(201.99932830645,-261.706074877,
    -1.488420027281));
#16443 = CARTESIAN_POINT('',(202.00184076106,-261.6816778212,
    -1.295470053335));
#16444 = CARTESIAN_POINT('',(202.00178478163,-261.6827478313,
    -1.099061567099));
#16445 = CARTESIAN_POINT('',(201.99897037792,-261.7098447263,
    -0.904832465896));
#16446 = CARTESIAN_POINT('',(201.99369295564,-261.761638492,
    -0.718400544835));
#16447 = CARTESIAN_POINT('',(201.98664698168,-261.8349703474,
    -0.544824067852));
#16448 = CARTESIAN_POINT('',(201.97869419332,-261.9248907712,
    -0.388100924833));
#16449 = CARTESIAN_POINT('',(201.95998828594,-262.1557087378,
    -7.040724860183E-02));
#16450 = CARTESIAN_POINT('',(201.94881880472,-262.307702969,
    8.195208085302E-02));
#16451 = CARTESIAN_POINT('',(201.93826490844,-262.4742698289,
    0.206743274039));
#16452 = CARTESIAN_POINT('',(201.9291660809,-262.6508826758,
    0.304985455459));
#16453 = CARTESIAN_POINT('',(201.92204882057,-262.8341433718,
    0.377747131673));
#16454 = CARTESIAN_POINT('',(201.91720786138,-263.0214329942,
    0.425904630576));
#16455 = CARTESIAN_POINT('',(201.91478643081,-263.2106820309,0.45));
#16456 = CARTESIAN_POINT('',(201.91478643081,-263.4,0.45));
#16457 = CYLINDRICAL_SURFACE('',#16458,17.);
#16458 = AXIS2_PLACEMENT_3D('',#16459,#16460,#16461);
#16459 = CARTESIAN_POINT('',(185.,-259.9,-1.25));
#16460 = DIRECTION('',(0.,-1.,0.));
#16461 = DIRECTION('',(0.,-0.,-1.));
#16462 = ADVANCED_FACE('',(#16463),#16489,.T.);
#16463 = FACE_BOUND('',#16464,.T.);
#16464 = EDGE_LOOP('',(#16465,#16473,#16481,#16487,#16488));
#16465 = ORIENTED_EDGE('',*,*,#16466,.F.);
#16466 = EDGE_CURVE('',#16467,#16327,#16469,.T.);
#16467 = VERTEX_POINT('',#16468);
#16468 = CARTESIAN_POINT('',(192.,-273.5,-26.25));
#16469 = LINE('',#16470,#16471);
#16470 = CARTESIAN_POINT('',(192.,-273.5,-26.25));
#16471 = VECTOR('',#16472,1.);
#16472 = DIRECTION('',(0.,0.,1.));
#16473 = ORIENTED_EDGE('',*,*,#16474,.F.);
#16474 = EDGE_CURVE('',#16475,#16467,#16477,.T.);
#16475 = VERTEX_POINT('',#16476);
#16476 = CARTESIAN_POINT('',(178.,-273.5,-26.25));
#16477 = LINE('',#16478,#16479);
#16478 = CARTESIAN_POINT('',(178.,-273.5,-26.25));
#16479 = VECTOR('',#16480,1.);
#16480 = DIRECTION('',(1.,0.,-0.));
#16481 = ORIENTED_EDGE('',*,*,#16482,.T.);
#16482 = EDGE_CURVE('',#16475,#16300,#16483,.T.);
#16483 = LINE('',#16484,#16485);
#16484 = CARTESIAN_POINT('',(178.,-273.5,-26.25));
#16485 = VECTOR('',#16486,1.);
#16486 = DIRECTION('',(0.,0.,1.));
#16487 = ORIENTED_EDGE('',*,*,#16299,.T.);
#16488 = ORIENTED_EDGE('',*,*,#16335,.T.);
#16489 = PLANE('',#16490);
#16490 = AXIS2_PLACEMENT_3D('',#16491,#16492,#16493);
#16491 = CARTESIAN_POINT('',(178.,-273.5,-26.25));
#16492 = DIRECTION('',(-0.,1.,0.));
#16493 = DIRECTION('',(0.,0.,1.));
#16494 = ADVANCED_FACE('',(#16495),#16514,.T.);
#16495 = FACE_BOUND('',#16496,.T.);
#16496 = EDGE_LOOP('',(#16497,#16506,#16513));
#16497 = ORIENTED_EDGE('',*,*,#16498,.F.);
#16498 = EDGE_CURVE('',#16499,#16318,#16501,.T.);
#16499 = VERTEX_POINT('',#16500);
#16500 = CARTESIAN_POINT('',(192.,-284.5,-1.25));
#16501 = HYPERBOLA('',#16502,7.7,7.);
#16502 = AXIS2_PLACEMENT_3D('',#16503,#16504,#16505);
#16503 = CARTESIAN_POINT('',(192.,-292.2,-1.25));
#16504 = DIRECTION('',(1.,0.,-0.));
#16505 = DIRECTION('',(-0.,1.,-0.));
#16506 = ORIENTED_EDGE('',*,*,#16507,.F.);
#16507 = EDGE_CURVE('',#16327,#16499,#16508,.T.);
#16508 = HYPERBOLA('',#16509,7.7,7.);
#16509 = AXIS2_PLACEMENT_3D('',#16510,#16511,#16512);
#16510 = CARTESIAN_POINT('',(192.,-292.2,-1.25));
#16511 = DIRECTION('',(1.,0.,-0.));
#16512 = DIRECTION('',(-0.,1.,-0.));
#16513 = ORIENTED_EDGE('',*,*,#16326,.T.);
#16514 = CONICAL_SURFACE('',#16515,17.,0.73781506012);
#16515 = AXIS2_PLACEMENT_3D('',#16516,#16517,#16518);
#16516 = CARTESIAN_POINT('',(185.,-273.5,-1.25));
#16517 = DIRECTION('',(-0.,1.,-0.));
#16518 = DIRECTION('',(0.,-0.,-1.));
#16519 = ADVANCED_FACE('',(#16520),#16545,.T.);
#16520 = FACE_BOUND('',#16521,.T.);
#16521 = EDGE_LOOP('',(#16522,#16530,#16531,#16539));
#16522 = ORIENTED_EDGE('',*,*,#16523,.F.);
#16523 = EDGE_CURVE('',#16318,#16524,#16526,.T.);
#16524 = VERTEX_POINT('',#16525);
#16525 = CARTESIAN_POINT('',(192.,-273.5,23.75));
#16526 = LINE('',#16527,#16528);
#16527 = CARTESIAN_POINT('',(192.,-273.5,-26.25));
#16528 = VECTOR('',#16529,1.);
#16529 = DIRECTION('',(0.,0.,1.));
#16530 = ORIENTED_EDGE('',*,*,#16317,.T.);
#16531 = ORIENTED_EDGE('',*,*,#16532,.T.);
#16532 = EDGE_CURVE('',#16309,#16533,#16535,.T.);
#16533 = VERTEX_POINT('',#16534);
#16534 = CARTESIAN_POINT('',(178.,-273.5,23.75));
#16535 = LINE('',#16536,#16537);
#16536 = CARTESIAN_POINT('',(178.,-273.5,-26.25));
#16537 = VECTOR('',#16538,1.);
#16538 = DIRECTION('',(0.,0.,1.));
#16539 = ORIENTED_EDGE('',*,*,#16540,.T.);
#16540 = EDGE_CURVE('',#16533,#16524,#16541,.T.);
#16541 = LINE('',#16542,#16543);
#16542 = CARTESIAN_POINT('',(178.,-273.5,23.75));
#16543 = VECTOR('',#16544,1.);
#16544 = DIRECTION('',(1.,0.,-0.));
#16545 = PLANE('',#16546);
#16546 = AXIS2_PLACEMENT_3D('',#16547,#16548,#16549);
#16547 = CARTESIAN_POINT('',(178.,-273.5,-26.25));
#16548 = DIRECTION('',(-0.,1.,0.));
#16549 = DIRECTION('',(0.,0.,1.));
#16550 = ADVANCED_FACE('',(#16551),#16570,.T.);
#16551 = FACE_BOUND('',#16552,.T.);
#16552 = EDGE_LOOP('',(#16553,#16562,#16569));
#16553 = ORIENTED_EDGE('',*,*,#16554,.T.);
#16554 = EDGE_CURVE('',#16300,#16555,#16557,.T.);
#16555 = VERTEX_POINT('',#16556);
#16556 = CARTESIAN_POINT('',(178.,-284.5,-1.25));
#16557 = HYPERBOLA('',#16558,7.7,7.);
#16558 = AXIS2_PLACEMENT_3D('',#16559,#16560,#16561);
#16559 = CARTESIAN_POINT('',(178.,-292.2,-1.25));
#16560 = DIRECTION('',(1.,0.,-0.));
#16561 = DIRECTION('',(-0.,1.,-0.));
#16562 = ORIENTED_EDGE('',*,*,#16563,.T.);
#16563 = EDGE_CURVE('',#16555,#16309,#16564,.T.);
#16564 = HYPERBOLA('',#16565,7.7,7.);
#16565 = AXIS2_PLACEMENT_3D('',#16566,#16567,#16568);
#16566 = CARTESIAN_POINT('',(178.,-292.2,-1.25));
#16567 = DIRECTION('',(1.,0.,-0.));
#16568 = DIRECTION('',(-0.,1.,-0.));
#16569 = ORIENTED_EDGE('',*,*,#16308,.T.);
#16570 = CONICAL_SURFACE('',#16571,17.,0.73781506012);
#16571 = AXIS2_PLACEMENT_3D('',#16572,#16573,#16574);
#16572 = CARTESIAN_POINT('',(185.,-273.5,-1.25));
#16573 = DIRECTION('',(-0.,1.,-0.));
#16574 = DIRECTION('',(0.,-0.,-1.));
#16575 = ADVANCED_FACE('',(#16576,#16579),#16590,.F.);
#16576 = FACE_BOUND('',#16577,.F.);
#16577 = EDGE_LOOP('',(#16578));
#16578 = ORIENTED_EDGE('',*,*,#16291,.T.);
#16579 = FACE_BOUND('',#16580,.F.);
#16580 = EDGE_LOOP('',(#16581));
#16581 = ORIENTED_EDGE('',*,*,#16582,.F.);
#16582 = EDGE_CURVE('',#16583,#16583,#16585,.T.);
#16583 = VERTEX_POINT('',#16584);
#16584 = CARTESIAN_POINT('',(185.,-259.9,-15.4));
#16585 = CIRCLE('',#16586,14.15);
#16586 = AXIS2_PLACEMENT_3D('',#16587,#16588,#16589);
#16587 = CARTESIAN_POINT('',(185.,-259.9,-1.25));
#16588 = DIRECTION('',(0.,-1.,0.));
#16589 = DIRECTION('',(0.,-0.,-1.));
#16590 = PLANE('',#16591);
#16591 = AXIS2_PLACEMENT_3D('',#16592,#16593,#16594);
#16592 = CARTESIAN_POINT('',(185.,-259.9,-1.25));
#16593 = DIRECTION('',(0.,-1.,0.));
#16594 = DIRECTION('',(0.,-0.,-1.));
#16595 = ADVANCED_FACE('',(#16596),#16662,.F.);
#16596 = FACE_BOUND('',#16597,.F.);
#16597 = EDGE_LOOP('',(#16598,#16599,#16607,#16661));
#16598 = ORIENTED_EDGE('',*,*,#16344,.F.);
#16599 = ORIENTED_EDGE('',*,*,#16600,.F.);
#16600 = EDGE_CURVE('',#16601,#16345,#16603,.T.);
#16601 = VERTEX_POINT('',#16602);
#16602 = CARTESIAN_POINT('',(170.95249132408,-263.4,-2.95));
#16603 = LINE('',#16604,#16605);
#16604 = CARTESIAN_POINT('',(172.,-263.4,-2.95));
#16605 = VECTOR('',#16606,1.);
#16606 = DIRECTION('',(-1.,0.,0.));
#16607 = ORIENTED_EDGE('',*,*,#16608,.T.);
#16608 = EDGE_CURVE('',#16601,#16601,#16609,.T.);
#16609 = B_SPLINE_CURVE_WITH_KNOTS('',8,(#16610,#16611,#16612,#16613,
    #16614,#16615,#16616,#16617,#16618,#16619,#16620,#16621,#16622,
    #16623,#16624,#16625,#16626,#16627,#16628,#16629,#16630,#16631,
    #16632,#16633,#16634,#16635,#16636,#16637,#16638,#16639,#16640,
    #16641,#16642,#16643,#16644,#16645,#16646,#16647,#16648,#16649,
    #16650,#16651,#16652,#16653,#16654,#16655,#16656,#16657,#16658,
    #16659,#16660),.UNSPECIFIED.,.T.,.F.,(9,7,7,7,7,7,7,9),(0.,
    0.152772912027,0.28585513288,0.422091434606,0.588676117739,
    0.714466779943,0.837912584465,1.),.UNSPECIFIED.);
#16610 = CARTESIAN_POINT('',(170.95249132408,-263.4,-2.95));
#16611 = CARTESIAN_POINT('',(170.95249132408,-263.5779500337,-2.95));
#16612 = CARTESIAN_POINT('',(170.94991529693,-263.7558292533,
    -2.928712673393));
#16613 = CARTESIAN_POINT('',(170.94476547375,-263.9320505455,
    -2.886162423117));
#16614 = CARTESIAN_POINT('',(170.93718022213,-264.1048696492,
    -2.82196272673));
#16615 = CARTESIAN_POINT('',(170.92744085505,-264.2721914556,
    -2.73543759584));
#16616 = CARTESIAN_POINT('',(170.9160333027,-264.4313594425,
    -2.625733474272));
#16617 = CARTESIAN_POINT('',(170.90371700475,-264.5788598882,
    -2.491987840843));
#16618 = CARTESIAN_POINT('',(170.88095751014,-264.8239990996,
    -2.195665437316));
#16619 = CARTESIAN_POINT('',(170.87014679748,-264.9291736919,
    -2.034723010582));
#16620 = CARTESIAN_POINT('',(170.86020481458,-265.0168507946,
    -1.853182232234));
#16621 = CARTESIAN_POINT('',(170.85242029005,-265.080648718,
    -1.655411975445));
#16622 = CARTESIAN_POINT('',(170.84795525045,-265.1163533819,
    -1.447289370846));
#16623 = CARTESIAN_POINT('',(170.84733262538,-265.1219700565,
    -1.235451680638));
#16624 = CARTESIAN_POINT('',(170.85035490962,-265.0978055016,
    -1.026693050025));
#16625 = CARTESIAN_POINT('',(170.86242079769,-264.9941634589,
    -0.623033944454));
#16626 = CARTESIAN_POINT('',(170.87142021059,-264.9149813197,
    -0.434778585083));
#16627 = CARTESIAN_POINT('',(170.88233053837,-264.8141286274,
    -0.264761519232));
#16628 = CARTESIAN_POINT('',(170.89408925786,-264.6960095672,
    -0.114246886262));
#16629 = CARTESIAN_POINT('',(170.90575402647,-264.5645456959,
    1.618168415739E-02));
#16630 = CARTESIAN_POINT('',(170.91658413987,-264.4232782323,
    0.126441531516));
#16631 = CARTESIAN_POINT('',(170.92605506322,-264.2754104443,
    0.216875197366));
#16632 = CARTESIAN_POINT('',(170.94339348602,-263.9384715018,
    0.37542662865));
#16633 = CARTESIAN_POINT('',(170.9505381759,-263.7455264545,
    0.43504197813));
#16634 = CARTESIAN_POINT('',(170.95472177109,-263.5481226172,
    0.468178024404));
#16635 = CARTESIAN_POINT('',(170.95565480854,-263.3486659587,
    0.475335517857));
#16636 = CARTESIAN_POINT('',(170.953249335,-263.1494650123,
    0.456529316187));
#16637 = CARTESIAN_POINT('',(170.94762988061,-262.9530281681,
    0.411408521789));
#16638 = CARTESIAN_POINT('',(170.93918821808,-262.762288853,
    0.33937543634));
#16639 = CARTESIAN_POINT('',(170.92067125878,-262.4441389078,
    0.164471023858));
#16640 = CARTESIAN_POINT('',(170.91141716681,-262.3111948718,
    7.266687522397E-02));
#16641 = CARTESIAN_POINT('',(170.90117878805,-262.1847217352,
    -3.619672556739E-02));
#16642 = CARTESIAN_POINT('',(170.89042404864,-262.067458736,
    -0.162270821371));
#16643 = CARTESIAN_POINT('',(170.87977980422,-261.962354779,
    -0.305333758974));
#16644 = CARTESIAN_POINT('',(170.87000704709,-261.8725922861,
    -0.464747459279));
#16645 = CARTESIAN_POINT('',(170.86193316184,-261.8016479081,
    -0.639347592726));
#16646 = CARTESIAN_POINT('',(170.85080592463,-261.7060685701,
    -1.011604536347));
#16647 = CARTESIAN_POINT('',(170.84778782276,-261.6816725647,
    -1.204576477071));
#16648 = CARTESIAN_POINT('',(170.84785641465,-261.682750117,
    -1.401000700764));
#16649 = CARTESIAN_POINT('',(170.85123820444,-261.7098570343,
    -1.595239721235));
#16650 = CARTESIAN_POINT('',(170.8575794409,-261.7616622437,
    -1.781676305483));
#16651 = CARTESIAN_POINT('',(170.86604760348,-261.8350055408,
    -1.955248549955));
#16652 = CARTESIAN_POINT('',(170.87560673422,-261.924927291,
    -2.111949340412));
#16653 = CARTESIAN_POINT('',(170.89808702916,-262.1556372272,
    -2.429494325431));
#16654 = CARTESIAN_POINT('',(170.91151458155,-262.3075545078,
    -2.581809747375));
#16655 = CARTESIAN_POINT('',(170.92421080283,-262.4740628142,
    -2.706602973455));
#16656 = CARTESIAN_POINT('',(170.93516509047,-262.6506512627,
    -2.804878464807));
#16657 = CARTESIAN_POINT('',(170.94373921549,-262.8339284776,
    -2.877686004148));
#16658 = CARTESIAN_POINT('',(170.94957307766,-263.0212719901,
    -2.925883462762));
#16659 = CARTESIAN_POINT('',(170.95249132408,-263.2105989107,-2.95));
#16660 = CARTESIAN_POINT('',(170.95249132408,-263.4,-2.95));
#16661 = ORIENTED_EDGE('',*,*,#16600,.T.);
#16662 = CYLINDRICAL_SURFACE('',#16663,1.7);
#16663 = AXIS2_PLACEMENT_3D('',#16664,#16665,#16666);
#16664 = CARTESIAN_POINT('',(172.,-263.4,-1.25));
#16665 = DIRECTION('',(-1.,0.,0.));
#16666 = DIRECTION('',(0.,0.,-1.));
#16667 = ADVANCED_FACE('',(#16668),#16734,.F.);
#16668 = FACE_BOUND('',#16669,.F.);
#16669 = EDGE_LOOP('',(#16670,#16671,#16679,#16733));
#16670 = ORIENTED_EDGE('',*,*,#16402,.F.);
#16671 = ORIENTED_EDGE('',*,*,#16672,.F.);
#16672 = EDGE_CURVE('',#16673,#16403,#16675,.T.);
#16673 = VERTEX_POINT('',#16674);
#16674 = CARTESIAN_POINT('',(199.04750867591,-263.4,0.45));
#16675 = LINE('',#16676,#16677);
#16676 = CARTESIAN_POINT('',(198.,-263.4,0.45));
#16677 = VECTOR('',#16678,1.);
#16678 = DIRECTION('',(1.,0.,0.));
#16679 = ORIENTED_EDGE('',*,*,#16680,.T.);
#16680 = EDGE_CURVE('',#16673,#16673,#16681,.T.);
#16681 = B_SPLINE_CURVE_WITH_KNOTS('',8,(#16682,#16683,#16684,#16685,
    #16686,#16687,#16688,#16689,#16690,#16691,#16692,#16693,#16694,
    #16695,#16696,#16697,#16698,#16699,#16700,#16701,#16702,#16703,
    #16704,#16705,#16706,#16707,#16708,#16709,#16710,#16711,#16712,
    #16713,#16714,#16715,#16716,#16717,#16718,#16719,#16720,#16721,
    #16722,#16723,#16724,#16725,#16726,#16727,#16728,#16729,#16730,
    #16731,#16732),.UNSPECIFIED.,.T.,.F.,(9,7,7,7,7,7,7,9),(0.,
    0.15277291205,0.285855132923,0.422091434665,0.588676117808,
    0.714466780001,0.837912584498,1.),.UNSPECIFIED.);
#16682 = CARTESIAN_POINT('',(199.04750867591,-263.4,0.45));
#16683 = CARTESIAN_POINT('',(199.04750867591,-263.5779500337,0.45));
#16684 = CARTESIAN_POINT('',(199.05008470306,-263.7558292533,
    0.428712673393));
#16685 = CARTESIAN_POINT('',(199.05523452624,-263.9320505455,
    0.386162423117));
#16686 = CARTESIAN_POINT('',(199.06281977787,-264.1048696492,
    0.32196272673));
#16687 = CARTESIAN_POINT('',(199.07255914494,-264.2721914556,
    0.235437595839));
#16688 = CARTESIAN_POINT('',(199.08396669729,-264.4313594425,
    0.125733474272));
#16689 = CARTESIAN_POINT('',(199.09628299524,-264.5788598882,
    -8.0121591569E-03));
#16690 = CARTESIAN_POINT('',(199.11904248985,-264.8239990996,
    -0.304334562684));
#16691 = CARTESIAN_POINT('',(199.12985320251,-264.9291736919,
    -0.465276989419));
#16692 = CARTESIAN_POINT('',(199.13979518541,-265.0168507946,
    -0.646817767764));
#16693 = CARTESIAN_POINT('',(199.14757970994,-265.080648718,
    -0.844588024557));
#16694 = CARTESIAN_POINT('',(199.15204474954,-265.1163533819,
    -1.052710629152));
#16695 = CARTESIAN_POINT('',(199.15266737461,-265.1219700565,
    -1.264548319363));
#16696 = CARTESIAN_POINT('',(199.14964509037,-265.0978055016,
    -1.473306949974));
#16697 = CARTESIAN_POINT('',(199.1375792023,-264.9941634589,
    -1.876966055538));
#16698 = CARTESIAN_POINT('',(199.1285797894,-264.9149813197,
    -2.065221414914));
#16699 = CARTESIAN_POINT('',(199.11766946162,-264.8141286274,
    -2.235238480772));
#16700 = CARTESIAN_POINT('',(199.10591074214,-264.6960095672,
    -2.385753113744));
#16701 = CARTESIAN_POINT('',(199.09424597352,-264.5645456959,
    -2.51618168416));
#16702 = CARTESIAN_POINT('',(199.08341586012,-264.4232782323,
    -2.626441531514));
#16703 = CARTESIAN_POINT('',(199.07394493677,-264.2754104443,
    -2.716875197363));
#16704 = CARTESIAN_POINT('',(199.05660651397,-263.9384715018,
    -2.87542662865));
#16705 = CARTESIAN_POINT('',(199.04946182409,-263.7455264545,
    -2.93504197813));
#16706 = CARTESIAN_POINT('',(199.0452782289,-263.5481226172,
    -2.968178024404));
#16707 = CARTESIAN_POINT('',(199.04434519145,-263.3486659587,
    -2.975335517857));
#16708 = CARTESIAN_POINT('',(199.04675066499,-263.1494650123,
    -2.956529316187));
#16709 = CARTESIAN_POINT('',(199.05237011938,-262.9530281681,
    -2.91140852179));
#16710 = CARTESIAN_POINT('',(199.06081178191,-262.762288853,
    -2.83937543634));
#16711 = CARTESIAN_POINT('',(199.07932874121,-262.4441389078,
    -2.664471023869));
#16712 = CARTESIAN_POINT('',(199.08858283318,-262.3111948719,
    -2.572666875231));
#16713 = CARTESIAN_POINT('',(199.09882121195,-262.1847217352,
    -2.463803274426));
#16714 = CARTESIAN_POINT('',(199.10957595135,-262.067458736,
    -2.337729178612));
#16715 = CARTESIAN_POINT('',(199.12022019577,-261.962354779,
    -2.194666241015));
#16716 = CARTESIAN_POINT('',(199.1299929529,-261.8725922861,
    -2.035252540729));
#16717 = CARTESIAN_POINT('',(199.13806683815,-261.8016479081,
    -1.860652407296));
#16718 = CARTESIAN_POINT('',(199.14919407536,-261.7060685701,
    -1.488395463653));
#16719 = CARTESIAN_POINT('',(199.15221217723,-261.6816725647,
    -1.295423522929));
#16720 = CARTESIAN_POINT('',(199.15214358534,-261.682750117,
    -1.098999299236));
#16721 = CARTESIAN_POINT('',(199.14876179555,-261.7098570343,
    -0.904760278765));
#16722 = CARTESIAN_POINT('',(199.14242055909,-261.7616622437,
    -0.718323694517));
#16723 = CARTESIAN_POINT('',(199.13395239651,-261.8350055408,
    -0.544751450045));
#16724 = CARTESIAN_POINT('',(199.12439326577,-261.924927291,
    -0.388050659588));
#16725 = CARTESIAN_POINT('',(199.10191297083,-262.1556372272,
    -7.050567456931E-02));
#16726 = CARTESIAN_POINT('',(199.08848541844,-262.3075545078,
    8.180974737488E-02));
#16727 = CARTESIAN_POINT('',(199.07578919716,-262.4740628142,
    0.206602973455));
#16728 = CARTESIAN_POINT('',(199.06483490952,-262.6506512627,
    0.304878464807));
#16729 = CARTESIAN_POINT('',(199.0562607845,-262.8339284776,
    0.377686004148));
#16730 = CARTESIAN_POINT('',(199.05042692233,-263.0212719901,
    0.425883462762));
#16731 = CARTESIAN_POINT('',(199.04750867591,-263.2105989107,0.45));
#16732 = CARTESIAN_POINT('',(199.04750867591,-263.4,0.45));
#16733 = ORIENTED_EDGE('',*,*,#16672,.T.);
#16734 = CYLINDRICAL_SURFACE('',#16735,1.7);
#16735 = AXIS2_PLACEMENT_3D('',#16736,#16737,#16738);
#16736 = CARTESIAN_POINT('',(198.,-263.4,-1.25));
#16737 = DIRECTION('',(1.,0.,0.));
#16738 = DIRECTION('',(-0.,0.,1.));
#16739 = ADVANCED_FACE('',(#16740),#16768,.T.);
#16740 = FACE_BOUND('',#16741,.T.);
#16741 = EDGE_LOOP('',(#16742,#16750,#16758,#16764,#16765,#16766,#16767)
  );
#16742 = ORIENTED_EDGE('',*,*,#16743,.F.);
#16743 = EDGE_CURVE('',#16744,#16524,#16746,.T.);
#16744 = VERTEX_POINT('',#16745);
#16745 = CARTESIAN_POINT('',(192.,-325.5,23.75));
#16746 = LINE('',#16747,#16748);
#16747 = CARTESIAN_POINT('',(192.,-325.5,23.75));
#16748 = VECTOR('',#16749,1.);
#16749 = DIRECTION('',(-0.,1.,0.));
#16750 = ORIENTED_EDGE('',*,*,#16751,.F.);
#16751 = EDGE_CURVE('',#16752,#16744,#16754,.T.);
#16752 = VERTEX_POINT('',#16753);
#16753 = CARTESIAN_POINT('',(192.,-325.5,-26.25));
#16754 = LINE('',#16755,#16756);
#16755 = CARTESIAN_POINT('',(192.,-325.5,-26.25));
#16756 = VECTOR('',#16757,1.);
#16757 = DIRECTION('',(0.,0.,1.));
#16758 = ORIENTED_EDGE('',*,*,#16759,.T.);
#16759 = EDGE_CURVE('',#16752,#16467,#16760,.T.);
#16760 = LINE('',#16761,#16762);
#16761 = CARTESIAN_POINT('',(192.,-325.5,-26.25));
#16762 = VECTOR('',#16763,1.);
#16763 = DIRECTION('',(-0.,1.,0.));
#16764 = ORIENTED_EDGE('',*,*,#16466,.T.);
#16765 = ORIENTED_EDGE('',*,*,#16507,.T.);
#16766 = ORIENTED_EDGE('',*,*,#16498,.T.);
#16767 = ORIENTED_EDGE('',*,*,#16523,.T.);
#16768 = PLANE('',#16769);
#16769 = AXIS2_PLACEMENT_3D('',#16770,#16771,#16772);
#16770 = CARTESIAN_POINT('',(192.,-325.5,-26.25));
#16771 = DIRECTION('',(1.,0.,-0.));
#16772 = DIRECTION('',(0.,0.,1.));
#16773 = ADVANCED_FACE('',(#16774),#16834,.F.);
#16774 = FACE_BOUND('',#16775,.F.);
#16775 = EDGE_LOOP('',(#16776,#16777,#16785,#16793,#16801,#16809,#16817,
    #16825,#16831,#16832,#16833));
#16776 = ORIENTED_EDGE('',*,*,#16532,.T.);
#16777 = ORIENTED_EDGE('',*,*,#16778,.F.);
#16778 = EDGE_CURVE('',#16779,#16533,#16781,.T.);
#16779 = VERTEX_POINT('',#16780);
#16780 = CARTESIAN_POINT('',(178.,-325.5,23.75));
#16781 = LINE('',#16782,#16783);
#16782 = CARTESIAN_POINT('',(178.,-325.5,23.75));
#16783 = VECTOR('',#16784,1.);
#16784 = DIRECTION('',(-0.,1.,0.));
#16785 = ORIENTED_EDGE('',*,*,#16786,.F.);
#16786 = EDGE_CURVE('',#16787,#16779,#16789,.T.);
#16787 = VERTEX_POINT('',#16788);
#16788 = CARTESIAN_POINT('',(178.,-325.5,21.75));
#16789 = LINE('',#16790,#16791);
#16790 = CARTESIAN_POINT('',(178.,-325.5,-26.25));
#16791 = VECTOR('',#16792,1.);
#16792 = DIRECTION('',(0.,0.,1.));
#16793 = ORIENTED_EDGE('',*,*,#16794,.T.);
#16794 = EDGE_CURVE('',#16787,#16795,#16797,.T.);
#16795 = VERTEX_POINT('',#16796);
#16796 = CARTESIAN_POINT('',(178.,-309.5,21.75));
#16797 = LINE('',#16798,#16799);
#16798 = CARTESIAN_POINT('',(178.,-325.5,21.75));
#16799 = VECTOR('',#16800,1.);
#16800 = DIRECTION('',(-0.,1.,0.));
#16801 = ORIENTED_EDGE('',*,*,#16802,.F.);
#16802 = EDGE_CURVE('',#16803,#16795,#16805,.T.);
#16803 = VERTEX_POINT('',#16804);
#16804 = CARTESIAN_POINT('',(178.,-309.5,-24.25));
#16805 = LINE('',#16806,#16807);
#16806 = CARTESIAN_POINT('',(178.,-309.5,-24.25));
#16807 = VECTOR('',#16808,1.);
#16808 = DIRECTION('',(0.,0.,1.));
#16809 = ORIENTED_EDGE('',*,*,#16810,.F.);
#16810 = EDGE_CURVE('',#16811,#16803,#16813,.T.);
#16811 = VERTEX_POINT('',#16812);
#16812 = CARTESIAN_POINT('',(178.,-325.5,-24.25));
#16813 = LINE('',#16814,#16815);
#16814 = CARTESIAN_POINT('',(178.,-325.5,-24.25));
#16815 = VECTOR('',#16816,1.);
#16816 = DIRECTION('',(-0.,1.,0.));
#16817 = ORIENTED_EDGE('',*,*,#16818,.F.);
#16818 = EDGE_CURVE('',#16819,#16811,#16821,.T.);
#16819 = VERTEX_POINT('',#16820);
#16820 = CARTESIAN_POINT('',(178.,-325.5,-26.25));
#16821 = LINE('',#16822,#16823);
#16822 = CARTESIAN_POINT('',(178.,-325.5,-26.25));
#16823 = VECTOR('',#16824,1.);
#16824 = DIRECTION('',(0.,0.,1.));
#16825 = ORIENTED_EDGE('',*,*,#16826,.T.);
#16826 = EDGE_CURVE('',#16819,#16475,#16827,.T.);
#16827 = LINE('',#16828,#16829);
#16828 = CARTESIAN_POINT('',(178.,-325.5,-26.25));
#16829 = VECTOR('',#16830,1.);
#16830 = DIRECTION('',(-0.,1.,0.));
#16831 = ORIENTED_EDGE('',*,*,#16482,.T.);
#16832 = ORIENTED_EDGE('',*,*,#16554,.T.);
#16833 = ORIENTED_EDGE('',*,*,#16563,.T.);
#16834 = PLANE('',#16835);
#16835 = AXIS2_PLACEMENT_3D('',#16836,#16837,#16838);
#16836 = CARTESIAN_POINT('',(178.,-325.5,-26.25));
#16837 = DIRECTION('',(1.,0.,-0.));
#16838 = DIRECTION('',(0.,0.,1.));
#16839 = ADVANCED_FACE('',(#16840),#16851,.F.);
#16840 = FACE_BOUND('',#16841,.F.);
#16841 = EDGE_LOOP('',(#16842,#16843,#16849,#16850));
#16842 = ORIENTED_EDGE('',*,*,#16826,.F.);
#16843 = ORIENTED_EDGE('',*,*,#16844,.T.);
#16844 = EDGE_CURVE('',#16819,#16752,#16845,.T.);
#16845 = LINE('',#16846,#16847);
#16846 = CARTESIAN_POINT('',(178.,-325.5,-26.25));
#16847 = VECTOR('',#16848,1.);
#16848 = DIRECTION('',(1.,0.,-0.));
#16849 = ORIENTED_EDGE('',*,*,#16759,.T.);
#16850 = ORIENTED_EDGE('',*,*,#16474,.F.);
#16851 = PLANE('',#16852);
#16852 = AXIS2_PLACEMENT_3D('',#16853,#16854,#16855);
#16853 = CARTESIAN_POINT('',(178.,-325.5,-26.25));
#16854 = DIRECTION('',(0.,0.,1.));
#16855 = DIRECTION('',(1.,0.,-0.));
#16856 = ADVANCED_FACE('',(#16857,#16868),#16902,.T.);
#16857 = FACE_BOUND('',#16858,.T.);
#16858 = EDGE_LOOP('',(#16859,#16860,#16866,#16867));
#16859 = ORIENTED_EDGE('',*,*,#16778,.F.);
#16860 = ORIENTED_EDGE('',*,*,#16861,.T.);
#16861 = EDGE_CURVE('',#16779,#16744,#16862,.T.);
#16862 = LINE('',#16863,#16864);
#16863 = CARTESIAN_POINT('',(178.,-325.5,23.75));
#16864 = VECTOR('',#16865,1.);
#16865 = DIRECTION('',(1.,0.,-0.));
#16866 = ORIENTED_EDGE('',*,*,#16743,.T.);
#16867 = ORIENTED_EDGE('',*,*,#16540,.F.);
#16868 = FACE_BOUND('',#16869,.T.);
#16869 = EDGE_LOOP('',(#16870,#16880,#16888,#16896));
#16870 = ORIENTED_EDGE('',*,*,#16871,.T.);
#16871 = EDGE_CURVE('',#16872,#16874,#16876,.T.);
#16872 = VERTEX_POINT('',#16873);
#16873 = CARTESIAN_POINT('',(181.,-303.0888888888,23.75));
#16874 = VERTEX_POINT('',#16875);
#16875 = CARTESIAN_POINT('',(181.,-277.2,23.75));
#16876 = LINE('',#16877,#16878);
#16877 = CARTESIAN_POINT('',(181.,-307.4067030058,23.75));
#16878 = VECTOR('',#16879,1.);
#16879 = DIRECTION('',(0.,1.,0.));
#16880 = ORIENTED_EDGE('',*,*,#16881,.T.);
#16881 = EDGE_CURVE('',#16874,#16882,#16884,.T.);
#16882 = VERTEX_POINT('',#16883);
#16883 = CARTESIAN_POINT('',(189.,-277.2,23.75));
#16884 = LINE('',#16885,#16886);
#16885 = CARTESIAN_POINT('',(179.5,-277.2,23.75));
#16886 = VECTOR('',#16887,1.);
#16887 = DIRECTION('',(1.,0.,-0.));
#16888 = ORIENTED_EDGE('',*,*,#16889,.F.);
#16889 = EDGE_CURVE('',#16890,#16882,#16892,.T.);
#16890 = VERTEX_POINT('',#16891);
#16891 = CARTESIAN_POINT('',(189.,-303.0888888888,23.75));
#16892 = LINE('',#16893,#16894);
#16893 = CARTESIAN_POINT('',(189.,-307.4067030058,23.75));
#16894 = VECTOR('',#16895,1.);
#16895 = DIRECTION('',(0.,1.,0.));
#16896 = ORIENTED_EDGE('',*,*,#16897,.T.);
#16897 = EDGE_CURVE('',#16890,#16872,#16898,.T.);
#16898 = LINE('',#16899,#16900);
#16899 = CARTESIAN_POINT('',(179.5,-303.0888888888,23.75));
#16900 = VECTOR('',#16901,1.);
#16901 = DIRECTION('',(-1.,0.,0.));
#16902 = PLANE('',#16903);
#16903 = AXIS2_PLACEMENT_3D('',#16904,#16905,#16906);
#16904 = CARTESIAN_POINT('',(178.,-325.5,23.75));
#16905 = DIRECTION('',(0.,0.,1.));
#16906 = DIRECTION('',(1.,0.,-0.));
#16907 = ADVANCED_FACE('',(#16908,#16927,#16930),#16933,.F.);
#16908 = FACE_BOUND('',#16909,.F.);
#16909 = EDGE_LOOP('',(#16910,#16918,#16919,#16920));
#16910 = ORIENTED_EDGE('',*,*,#16911,.F.);
#16911 = EDGE_CURVE('',#16583,#16912,#16914,.T.);
#16912 = VERTEX_POINT('',#16913);
#16913 = CARTESIAN_POINT('',(185.,-267.4,-15.4));
#16914 = LINE('',#16915,#16916);
#16915 = CARTESIAN_POINT('',(185.,-259.8,-15.4));
#16916 = VECTOR('',#16917,1.);
#16917 = DIRECTION('',(0.,-1.,0.));
#16918 = ORIENTED_EDGE('',*,*,#16582,.T.);
#16919 = ORIENTED_EDGE('',*,*,#16911,.T.);
#16920 = ORIENTED_EDGE('',*,*,#16921,.F.);
#16921 = EDGE_CURVE('',#16912,#16912,#16922,.T.);
#16922 = CIRCLE('',#16923,14.15);
#16923 = AXIS2_PLACEMENT_3D('',#16924,#16925,#16926);
#16924 = CARTESIAN_POINT('',(185.,-267.4,-1.25));
#16925 = DIRECTION('',(0.,-1.,0.));
#16926 = DIRECTION('',(0.,-0.,-1.));
#16927 = FACE_BOUND('',#16928,.F.);
#16928 = EDGE_LOOP('',(#16929));
#16929 = ORIENTED_EDGE('',*,*,#16608,.F.);
#16930 = FACE_BOUND('',#16931,.F.);
#16931 = EDGE_LOOP('',(#16932));
#16932 = ORIENTED_EDGE('',*,*,#16680,.F.);
#16933 = CYLINDRICAL_SURFACE('',#16934,14.15);
#16934 = AXIS2_PLACEMENT_3D('',#16935,#16936,#16937);
#16935 = CARTESIAN_POINT('',(185.,-259.8,-1.25));
#16936 = DIRECTION('',(0.,-1.,0.));
#16937 = DIRECTION('',(0.,-0.,-1.));
#16938 = ADVANCED_FACE('',(#16939),#16964,.T.);
#16939 = FACE_BOUND('',#16940,.T.);
#16940 = EDGE_LOOP('',(#16941,#16949,#16957,#16963));
#16941 = ORIENTED_EDGE('',*,*,#16942,.F.);
#16942 = EDGE_CURVE('',#16943,#16803,#16945,.T.);
#16943 = VERTEX_POINT('',#16944);
#16944 = CARTESIAN_POINT('',(166.,-309.5,-24.25));
#16945 = LINE('',#16946,#16947);
#16946 = CARTESIAN_POINT('',(162.,-309.5,-24.25));
#16947 = VECTOR('',#16948,1.);
#16948 = DIRECTION('',(1.,0.,-0.));
#16949 = ORIENTED_EDGE('',*,*,#16950,.T.);
#16950 = EDGE_CURVE('',#16943,#16951,#16953,.T.);
#16951 = VERTEX_POINT('',#16952);
#16952 = CARTESIAN_POINT('',(166.,-309.5,21.75));
#16953 = LINE('',#16954,#16955);
#16954 = CARTESIAN_POINT('',(166.,-309.5,-24.25));
#16955 = VECTOR('',#16956,1.);
#16956 = DIRECTION('',(0.,0.,1.));
#16957 = ORIENTED_EDGE('',*,*,#16958,.T.);
#16958 = EDGE_CURVE('',#16951,#16795,#16959,.T.);
#16959 = LINE('',#16960,#16961);
#16960 = CARTESIAN_POINT('',(162.,-309.5,21.75));
#16961 = VECTOR('',#16962,1.);
#16962 = DIRECTION('',(1.,0.,-0.));
#16963 = ORIENTED_EDGE('',*,*,#16802,.F.);
#16964 = PLANE('',#16965);
#16965 = AXIS2_PLACEMENT_3D('',#16966,#16967,#16968);
#16966 = CARTESIAN_POINT('',(162.,-309.5,-24.25));
#16967 = DIRECTION('',(-0.,1.,0.));
#16968 = DIRECTION('',(0.,0.,1.));
#16969 = ADVANCED_FACE('',(#16970),#16995,.F.);
#16970 = FACE_BOUND('',#16971,.F.);
#16971 = EDGE_LOOP('',(#16972,#16973,#16981,#16989));
#16972 = ORIENTED_EDGE('',*,*,#16871,.T.);
#16973 = ORIENTED_EDGE('',*,*,#16974,.T.);
#16974 = EDGE_CURVE('',#16874,#16975,#16977,.T.);
#16975 = VERTEX_POINT('',#16976);
#16976 = CARTESIAN_POINT('',(181.,-277.2,31.75));
#16977 = LINE('',#16978,#16979);
#16978 = CARTESIAN_POINT('',(181.,-277.2,22.75));
#16979 = VECTOR('',#16980,1.);
#16980 = DIRECTION('',(0.,0.,1.));
#16981 = ORIENTED_EDGE('',*,*,#16982,.T.);
#16982 = EDGE_CURVE('',#16975,#16983,#16985,.T.);
#16983 = VERTEX_POINT('',#16984);
#16984 = CARTESIAN_POINT('',(181.,-294.2,31.75));
#16985 = LINE('',#16986,#16987);
#16986 = CARTESIAN_POINT('',(181.,-277.2,31.75));
#16987 = VECTOR('',#16988,1.);
#16988 = DIRECTION('',(0.,-1.,0.));
#16989 = ORIENTED_EDGE('',*,*,#16990,.T.);
#16990 = EDGE_CURVE('',#16983,#16872,#16991,.T.);
#16991 = LINE('',#16992,#16993);
#16992 = CARTESIAN_POINT('',(181.,-294.2,31.75));
#16993 = VECTOR('',#16994,1.);
#16994 = DIRECTION('',(0.,-0.743294146247,-0.668964731622));
#16995 = PLANE('',#16996);
#16996 = AXIS2_PLACEMENT_3D('',#16997,#16998,#16999);
#16997 = CARTESIAN_POINT('',(181.,-289.3134060117,26.572836028203));
#16998 = DIRECTION('',(1.,0.,0.));
#16999 = DIRECTION('',(-0.,0.,1.));
#17000 = ADVANCED_FACE('',(#17001),#17019,.F.);
#17001 = FACE_BOUND('',#17002,.F.);
#17002 = EDGE_LOOP('',(#17003,#17004,#17012,#17018));
#17003 = ORIENTED_EDGE('',*,*,#16990,.F.);
#17004 = ORIENTED_EDGE('',*,*,#17005,.T.);
#17005 = EDGE_CURVE('',#16983,#17006,#17008,.T.);
#17006 = VERTEX_POINT('',#17007);
#17007 = CARTESIAN_POINT('',(189.,-294.2,31.75));
#17008 = LINE('',#17009,#17010);
#17009 = CARTESIAN_POINT('',(181.,-294.2,31.75));
#17010 = VECTOR('',#17011,1.);
#17011 = DIRECTION('',(1.,0.,0.));
#17012 = ORIENTED_EDGE('',*,*,#17013,.T.);
#17013 = EDGE_CURVE('',#17006,#16890,#17014,.T.);
#17014 = LINE('',#17015,#17016);
#17015 = CARTESIAN_POINT('',(189.,-294.2,31.75));
#17016 = VECTOR('',#17017,1.);
#17017 = DIRECTION('',(0.,-0.743294146247,-0.668964731622));
#17018 = ORIENTED_EDGE('',*,*,#16897,.T.);
#17019 = PLANE('',#17020);
#17020 = AXIS2_PLACEMENT_3D('',#17021,#17022,#17023);
#17021 = CARTESIAN_POINT('',(181.,-294.2,31.75));
#17022 = DIRECTION('',(0.,0.668964731622,-0.743294146247));
#17023 = DIRECTION('',(0.,-0.743294146247,-0.668964731622));
#17024 = ADVANCED_FACE('',(#17025),#17043,.T.);
#17025 = FACE_BOUND('',#17026,.T.);
#17026 = EDGE_LOOP('',(#17027,#17028,#17036,#17042));
#17027 = ORIENTED_EDGE('',*,*,#16889,.T.);
#17028 = ORIENTED_EDGE('',*,*,#17029,.T.);
#17029 = EDGE_CURVE('',#16882,#17030,#17032,.T.);
#17030 = VERTEX_POINT('',#17031);
#17031 = CARTESIAN_POINT('',(189.,-277.2,31.75));
#17032 = LINE('',#17033,#17034);
#17033 = CARTESIAN_POINT('',(189.,-277.2,22.75));
#17034 = VECTOR('',#17035,1.);
#17035 = DIRECTION('',(0.,0.,1.));
#17036 = ORIENTED_EDGE('',*,*,#17037,.T.);
#17037 = EDGE_CURVE('',#17030,#17006,#17038,.T.);
#17038 = LINE('',#17039,#17040);
#17039 = CARTESIAN_POINT('',(189.,-277.2,31.75));
#17040 = VECTOR('',#17041,1.);
#17041 = DIRECTION('',(0.,-1.,0.));
#17042 = ORIENTED_EDGE('',*,*,#17013,.T.);
#17043 = PLANE('',#17044);
#17044 = AXIS2_PLACEMENT_3D('',#17045,#17046,#17047);
#17045 = CARTESIAN_POINT('',(189.,-289.3134060117,26.572836028203));
#17046 = DIRECTION('',(1.,0.,0.));
#17047 = DIRECTION('',(-0.,0.,1.));
#17048 = ADVANCED_FACE('',(#17049),#17060,.F.);
#17049 = FACE_BOUND('',#17050,.F.);
#17050 = EDGE_LOOP('',(#17051,#17052,#17053,#17054));
#17051 = ORIENTED_EDGE('',*,*,#16974,.F.);
#17052 = ORIENTED_EDGE('',*,*,#16881,.T.);
#17053 = ORIENTED_EDGE('',*,*,#17029,.T.);
#17054 = ORIENTED_EDGE('',*,*,#17055,.F.);
#17055 = EDGE_CURVE('',#16975,#17030,#17056,.T.);
#17056 = LINE('',#17057,#17058);
#17057 = CARTESIAN_POINT('',(181.,-277.2,31.75));
#17058 = VECTOR('',#17059,1.);
#17059 = DIRECTION('',(1.,0.,0.));
#17060 = PLANE('',#17061);
#17061 = AXIS2_PLACEMENT_3D('',#17062,#17063,#17064);
#17062 = CARTESIAN_POINT('',(181.,-277.2,22.75));
#17063 = DIRECTION('',(0.,-1.,0.));
#17064 = DIRECTION('',(0.,0.,1.));
#17065 = ADVANCED_FACE('',(#17066),#17069,.F.);
#17066 = FACE_BOUND('',#17067,.F.);
#17067 = EDGE_LOOP('',(#17068));
#17068 = ORIENTED_EDGE('',*,*,#16921,.T.);
#17069 = PLANE('',#17070);
#17070 = AXIS2_PLACEMENT_3D('',#17071,#17072,#17073);
#17071 = CARTESIAN_POINT('',(185.,-267.4,-1.25));
#17072 = DIRECTION('',(0.,-1.,0.));
#17073 = DIRECTION('',(0.,-0.,-1.));
#17074 = ADVANCED_FACE('',(#17075),#17100,.T.);
#17075 = FACE_BOUND('',#17076,.T.);
#17076 = EDGE_LOOP('',(#17077,#17078,#17086,#17094));
#17077 = ORIENTED_EDGE('',*,*,#16950,.F.);
#17078 = ORIENTED_EDGE('',*,*,#17079,.T.);
#17079 = EDGE_CURVE('',#16943,#17080,#17082,.T.);
#17080 = VERTEX_POINT('',#17081);
#17081 = CARTESIAN_POINT('',(166.,-304.5,-24.25));
#17082 = LINE('',#17083,#17084);
#17083 = CARTESIAN_POINT('',(166.,-309.5,-24.25));
#17084 = VECTOR('',#17085,1.);
#17085 = DIRECTION('',(-0.,1.,0.));
#17086 = ORIENTED_EDGE('',*,*,#17087,.T.);
#17087 = EDGE_CURVE('',#17080,#17088,#17090,.T.);
#17088 = VERTEX_POINT('',#17089);
#17089 = CARTESIAN_POINT('',(166.,-304.5,21.75));
#17090 = LINE('',#17091,#17092);
#17091 = CARTESIAN_POINT('',(166.,-304.5,-24.25));
#17092 = VECTOR('',#17093,1.);
#17093 = DIRECTION('',(0.,0.,1.));
#17094 = ORIENTED_EDGE('',*,*,#17095,.F.);
#17095 = EDGE_CURVE('',#16951,#17088,#17096,.T.);
#17096 = LINE('',#17097,#17098);
#17097 = CARTESIAN_POINT('',(166.,-309.5,21.75));
#17098 = VECTOR('',#17099,1.);
#17099 = DIRECTION('',(-0.,1.,0.));
#17100 = PLANE('',#17101);
#17101 = AXIS2_PLACEMENT_3D('',#17102,#17103,#17104);
#17102 = CARTESIAN_POINT('',(166.,-309.5,-24.25));
#17103 = DIRECTION('',(1.,0.,-0.));
#17104 = DIRECTION('',(0.,0.,1.));
#17105 = ADVANCED_FACE('',(#17106),#17112,.F.);
#17106 = FACE_BOUND('',#17107,.F.);
#17107 = EDGE_LOOP('',(#17108,#17109,#17110,#17111));
#17108 = ORIENTED_EDGE('',*,*,#17055,.T.);
#17109 = ORIENTED_EDGE('',*,*,#17037,.T.);
#17110 = ORIENTED_EDGE('',*,*,#17005,.F.);
#17111 = ORIENTED_EDGE('',*,*,#16982,.F.);
#17112 = PLANE('',#17113);
#17113 = AXIS2_PLACEMENT_3D('',#17114,#17115,#17116);
#17114 = CARTESIAN_POINT('',(181.,-277.2,31.75));
#17115 = DIRECTION('',(0.,0.,-1.));
#17116 = DIRECTION('',(0.,-1.,0.));
#17117 = ADVANCED_FACE('',(#17118),#17143,.T.);
#17118 = FACE_BOUND('',#17119,.T.);
#17119 = EDGE_LOOP('',(#17120,#17128,#17136,#17142));
#17120 = ORIENTED_EDGE('',*,*,#17121,.F.);
#17121 = EDGE_CURVE('',#17122,#17080,#17124,.T.);
#17122 = VERTEX_POINT('',#17123);
#17123 = CARTESIAN_POINT('',(162.,-304.5,-24.25));
#17124 = LINE('',#17125,#17126);
#17125 = CARTESIAN_POINT('',(162.,-304.5,-24.25));
#17126 = VECTOR('',#17127,1.);
#17127 = DIRECTION('',(1.,0.,-0.));
#17128 = ORIENTED_EDGE('',*,*,#17129,.T.);
#17129 = EDGE_CURVE('',#17122,#17130,#17132,.T.);
#17130 = VERTEX_POINT('',#17131);
#17131 = CARTESIAN_POINT('',(162.,-304.5,21.75));
#17132 = LINE('',#17133,#17134);
#17133 = CARTESIAN_POINT('',(162.,-304.5,-24.25));
#17134 = VECTOR('',#17135,1.);
#17135 = DIRECTION('',(0.,0.,1.));
#17136 = ORIENTED_EDGE('',*,*,#17137,.T.);
#17137 = EDGE_CURVE('',#17130,#17088,#17138,.T.);
#17138 = LINE('',#17139,#17140);
#17139 = CARTESIAN_POINT('',(162.,-304.5,21.75));
#17140 = VECTOR('',#17141,1.);
#17141 = DIRECTION('',(1.,0.,-0.));
#17142 = ORIENTED_EDGE('',*,*,#17087,.F.);
#17143 = PLANE('',#17144);
#17144 = AXIS2_PLACEMENT_3D('',#17145,#17146,#17147);
#17145 = CARTESIAN_POINT('',(162.,-304.5,-24.25));
#17146 = DIRECTION('',(-0.,1.,0.));
#17147 = DIRECTION('',(0.,0.,1.));
#17148 = ADVANCED_FACE('',(#17149),#17178,.T.);
#17149 = FACE_BOUND('',#17150,.T.);
#17150 = EDGE_LOOP('',(#17151,#17152,#17153,#17154,#17155,#17163,#17171,
    #17177));
#17151 = ORIENTED_EDGE('',*,*,#16844,.T.);
#17152 = ORIENTED_EDGE('',*,*,#16751,.T.);
#17153 = ORIENTED_EDGE('',*,*,#16861,.F.);
#17154 = ORIENTED_EDGE('',*,*,#16786,.F.);
#17155 = ORIENTED_EDGE('',*,*,#17156,.F.);
#17156 = EDGE_CURVE('',#17157,#16787,#17159,.T.);
#17157 = VERTEX_POINT('',#17158);
#17158 = CARTESIAN_POINT('',(162.,-325.5,21.75));
#17159 = LINE('',#17160,#17161);
#17160 = CARTESIAN_POINT('',(162.,-325.5,21.75));
#17161 = VECTOR('',#17162,1.);
#17162 = DIRECTION('',(1.,0.,-0.));
#17163 = ORIENTED_EDGE('',*,*,#17164,.F.);
#17164 = EDGE_CURVE('',#17165,#17157,#17167,.T.);
#17165 = VERTEX_POINT('',#17166);
#17166 = CARTESIAN_POINT('',(162.,-325.5,-24.25));
#17167 = LINE('',#17168,#17169);
#17168 = CARTESIAN_POINT('',(162.,-325.5,-24.25));
#17169 = VECTOR('',#17170,1.);
#17170 = DIRECTION('',(0.,0.,1.));
#17171 = ORIENTED_EDGE('',*,*,#17172,.T.);
#17172 = EDGE_CURVE('',#17165,#16811,#17173,.T.);
#17173 = LINE('',#17174,#17175);
#17174 = CARTESIAN_POINT('',(162.,-325.5,-24.25));
#17175 = VECTOR('',#17176,1.);
#17176 = DIRECTION('',(1.,0.,-0.));
#17177 = ORIENTED_EDGE('',*,*,#16818,.F.);
#17178 = PLANE('',#17179);
#17179 = AXIS2_PLACEMENT_3D('',#17180,#17181,#17182);
#17180 = CARTESIAN_POINT('',(177.4,-325.5,-1.25));
#17181 = DIRECTION('',(-0.,-1.,-0.));
#17182 = DIRECTION('',(0.,0.,-1.));
#17183 = ADVANCED_FACE('',(#17184),#17197,.T.);
#17184 = FACE_BOUND('',#17185,.T.);
#17185 = EDGE_LOOP('',(#17186,#17192,#17193,#17194,#17195,#17196));
#17186 = ORIENTED_EDGE('',*,*,#17187,.T.);
#17187 = EDGE_CURVE('',#17165,#17122,#17188,.T.);
#17188 = LINE('',#17189,#17190);
#17189 = CARTESIAN_POINT('',(162.,-325.5,-24.25));
#17190 = VECTOR('',#17191,1.);
#17191 = DIRECTION('',(-0.,1.,0.));
#17192 = ORIENTED_EDGE('',*,*,#17121,.T.);
#17193 = ORIENTED_EDGE('',*,*,#17079,.F.);
#17194 = ORIENTED_EDGE('',*,*,#16942,.T.);
#17195 = ORIENTED_EDGE('',*,*,#16810,.F.);
#17196 = ORIENTED_EDGE('',*,*,#17172,.F.);
#17197 = PLANE('',#17198);
#17198 = AXIS2_PLACEMENT_3D('',#17199,#17200,#17201);
#17199 = CARTESIAN_POINT('',(169.18918918918,-315.8108108108,-24.25));
#17200 = DIRECTION('',(-0.,-0.,-1.));
#17201 = DIRECTION('',(-1.,0.,0.));
#17202 = ADVANCED_FACE('',(#17203),#17216,.T.);
#17203 = FACE_BOUND('',#17204,.T.);
#17204 = EDGE_LOOP('',(#17205,#17206,#17207,#17208,#17209,#17210));
#17205 = ORIENTED_EDGE('',*,*,#17156,.T.);
#17206 = ORIENTED_EDGE('',*,*,#16794,.T.);
#17207 = ORIENTED_EDGE('',*,*,#16958,.F.);
#17208 = ORIENTED_EDGE('',*,*,#17095,.T.);
#17209 = ORIENTED_EDGE('',*,*,#17137,.F.);
#17210 = ORIENTED_EDGE('',*,*,#17211,.F.);
#17211 = EDGE_CURVE('',#17157,#17130,#17212,.T.);
#17212 = LINE('',#17213,#17214);
#17213 = CARTESIAN_POINT('',(162.,-309.5,21.75));
#17214 = VECTOR('',#17215,1.);
#17215 = DIRECTION('',(-0.,1.,0.));
#17216 = PLANE('',#17217);
#17217 = AXIS2_PLACEMENT_3D('',#17218,#17219,#17220);
#17218 = CARTESIAN_POINT('',(169.18918918918,-315.8108108108,21.75));
#17219 = DIRECTION('',(0.,0.,1.));
#17220 = DIRECTION('',(1.,0.,-0.));
#17221 = ADVANCED_FACE('',(#17222),#17228,.T.);
#17222 = FACE_BOUND('',#17223,.T.);
#17223 = EDGE_LOOP('',(#17224,#17225,#17226,#17227));
#17224 = ORIENTED_EDGE('',*,*,#17164,.T.);
#17225 = ORIENTED_EDGE('',*,*,#17211,.T.);
#17226 = ORIENTED_EDGE('',*,*,#17129,.F.);
#17227 = ORIENTED_EDGE('',*,*,#17187,.F.);
#17228 = PLANE('',#17229);
#17229 = AXIS2_PLACEMENT_3D('',#17230,#17231,#17232);
#17230 = CARTESIAN_POINT('',(162.,-315.,-1.25));
#17231 = DIRECTION('',(-1.,-0.,-0.));
#17232 = DIRECTION('',(0.,0.,-1.));
#17233 = MANIFOLD_SOLID_BREP('',#17234);
#17234 = CLOSED_SHELL('',(#17235,#17268,#17288,#17308));
#17235 = ADVANCED_FACE('',(#17236),#17263,.T.);
#17236 = FACE_BOUND('',#17237,.T.);
#17237 = EDGE_LOOP('',(#17238,#17247,#17255,#17262));
#17238 = ORIENTED_EDGE('',*,*,#17239,.F.);
#17239 = EDGE_CURVE('',#17240,#17240,#17242,.T.);
#17240 = VERTEX_POINT('',#17241);
#17241 = CARTESIAN_POINT('',(193.3,-263.4,-3.55));
#17242 = CIRCLE('',#17243,2.3);
#17243 = AXIS2_PLACEMENT_3D('',#17244,#17245,#17246);
#17244 = CARTESIAN_POINT('',(193.3,-263.4,-1.25));
#17245 = DIRECTION('',(-1.,0.,0.));
#17246 = DIRECTION('',(0.,0.,-1.));
#17247 = ORIENTED_EDGE('',*,*,#17248,.F.);
#17248 = EDGE_CURVE('',#17249,#17240,#17251,.T.);
#17249 = VERTEX_POINT('',#17250);
#17250 = CARTESIAN_POINT('',(199.,-263.4,-3.55));
#17251 = LINE('',#17252,#17253);
#17252 = CARTESIAN_POINT('',(199.,-263.4,-3.55));
#17253 = VECTOR('',#17254,1.);
#17254 = DIRECTION('',(-1.,0.,0.));
#17255 = ORIENTED_EDGE('',*,*,#17256,.T.);
#17256 = EDGE_CURVE('',#17249,#17249,#17257,.T.);
#17257 = CIRCLE('',#17258,2.3);
#17258 = AXIS2_PLACEMENT_3D('',#17259,#17260,#17261);
#17259 = CARTESIAN_POINT('',(199.,-263.4,-1.25));
#17260 = DIRECTION('',(-1.,0.,0.));
#17261 = DIRECTION('',(0.,0.,-1.));
#17262 = ORIENTED_EDGE('',*,*,#17248,.T.);
#17263 = CYLINDRICAL_SURFACE('',#17264,2.3);
#17264 = AXIS2_PLACEMENT_3D('',#17265,#17266,#17267);
#17265 = CARTESIAN_POINT('',(199.,-263.4,-1.25));
#17266 = DIRECTION('',(-1.,0.,0.));
#17267 = DIRECTION('',(0.,0.,-1.));
#17268 = ADVANCED_FACE('',(#17269,#17272),#17283,.T.);
#17269 = FACE_BOUND('',#17270,.T.);
#17270 = EDGE_LOOP('',(#17271));
#17271 = ORIENTED_EDGE('',*,*,#17239,.T.);
#17272 = FACE_BOUND('',#17273,.T.);
#17273 = EDGE_LOOP('',(#17274));
#17274 = ORIENTED_EDGE('',*,*,#17275,.F.);
#17275 = EDGE_CURVE('',#17276,#17276,#17278,.T.);
#17276 = VERTEX_POINT('',#17277);
#17277 = CARTESIAN_POINT('',(193.3,-263.4,-2.75));
#17278 = CIRCLE('',#17279,1.5);
#17279 = AXIS2_PLACEMENT_3D('',#17280,#17281,#17282);
#17280 = CARTESIAN_POINT('',(193.3,-263.4,-1.25));
#17281 = DIRECTION('',(-1.,0.,0.));
#17282 = DIRECTION('',(0.,0.,-1.));
#17283 = PLANE('',#17284);
#17284 = AXIS2_PLACEMENT_3D('',#17285,#17286,#17287);
#17285 = CARTESIAN_POINT('',(193.3,-263.4,-1.25));
#17286 = DIRECTION('',(-1.,0.,0.));
#17287 = DIRECTION('',(0.,0.,-1.));
#17288 = ADVANCED_FACE('',(#17289,#17292),#17303,.F.);
#17289 = FACE_BOUND('',#17290,.F.);
#17290 = EDGE_LOOP('',(#17291));
#17291 = ORIENTED_EDGE('',*,*,#17256,.T.);
#17292 = FACE_BOUND('',#17293,.F.);
#17293 = EDGE_LOOP('',(#17294));
#17294 = ORIENTED_EDGE('',*,*,#17295,.F.);
#17295 = EDGE_CURVE('',#17296,#17296,#17298,.T.);
#17296 = VERTEX_POINT('',#17297);
#17297 = CARTESIAN_POINT('',(199.,-263.4,-2.75));
#17298 = CIRCLE('',#17299,1.5);
#17299 = AXIS2_PLACEMENT_3D('',#17300,#17301,#17302);
#17300 = CARTESIAN_POINT('',(199.,-263.4,-1.25));
#17301 = DIRECTION('',(-1.,0.,0.));
#17302 = DIRECTION('',(0.,0.,-1.));
#17303 = PLANE('',#17304);
#17304 = AXIS2_PLACEMENT_3D('',#17305,#17306,#17307);
#17305 = CARTESIAN_POINT('',(199.,-263.4,-1.25));
#17306 = DIRECTION('',(-1.,0.,0.));
#17307 = DIRECTION('',(0.,0.,-1.));
#17308 = ADVANCED_FACE('',(#17309),#17320,.F.);
#17309 = FACE_BOUND('',#17310,.F.);
#17310 = EDGE_LOOP('',(#17311,#17312,#17318,#17319));
#17311 = ORIENTED_EDGE('',*,*,#17275,.F.);
#17312 = ORIENTED_EDGE('',*,*,#17313,.F.);
#17313 = EDGE_CURVE('',#17296,#17276,#17314,.T.);
#17314 = LINE('',#17315,#17316);
#17315 = CARTESIAN_POINT('',(200.,-263.4,-2.75));
#17316 = VECTOR('',#17317,1.);
#17317 = DIRECTION('',(-1.,0.,0.));
#17318 = ORIENTED_EDGE('',*,*,#17295,.T.);
#17319 = ORIENTED_EDGE('',*,*,#17313,.T.);
#17320 = CYLINDRICAL_SURFACE('',#17321,1.5);
#17321 = AXIS2_PLACEMENT_3D('',#17322,#17323,#17324);
#17322 = CARTESIAN_POINT('',(200.,-263.4,-1.25));
#17323 = DIRECTION('',(-1.,0.,0.));
#17324 = DIRECTION('',(0.,0.,-1.));
#17325 = MANIFOLD_SOLID_BREP('',#17326);
#17326 = CLOSED_SHELL('',(#17327,#17360,#17380,#17439,#17464,#17495,
    #17519,#17543,#17567,#17591,#17608,#17617));
#17327 = ADVANCED_FACE('',(#17328),#17355,.T.);
#17328 = FACE_BOUND('',#17329,.T.);
#17329 = EDGE_LOOP('',(#17330,#17339,#17347,#17354));
#17330 = ORIENTED_EDGE('',*,*,#17331,.F.);
#17331 = EDGE_CURVE('',#17332,#17332,#17334,.T.);
#17332 = VERTEX_POINT('',#17333);
#17333 = CARTESIAN_POINT('',(202.,-263.4,-4.1));
#17334 = CIRCLE('',#17335,2.85);
#17335 = AXIS2_PLACEMENT_3D('',#17336,#17337,#17338);
#17336 = CARTESIAN_POINT('',(202.,-263.4,-1.25));
#17337 = DIRECTION('',(-1.,0.,0.));
#17338 = DIRECTION('',(0.,0.,-1.));
#17339 = ORIENTED_EDGE('',*,*,#17340,.F.);
#17340 = EDGE_CURVE('',#17341,#17332,#17343,.T.);
#17341 = VERTEX_POINT('',#17342);
#17342 = CARTESIAN_POINT('',(203.65,-263.4,-4.1));
#17343 = LINE('',#17344,#17345);
#17344 = CARTESIAN_POINT('',(203.65,-263.4,-4.1));
#17345 = VECTOR('',#17346,1.);
#17346 = DIRECTION('',(-1.,0.,0.));
#17347 = ORIENTED_EDGE('',*,*,#17348,.T.);
#17348 = EDGE_CURVE('',#17341,#17341,#17349,.T.);
#17349 = CIRCLE('',#17350,2.85);
#17350 = AXIS2_PLACEMENT_3D('',#17351,#17352,#17353);
#17351 = CARTESIAN_POINT('',(203.65,-263.4,-1.25));
#17352 = DIRECTION('',(-1.,0.,0.));
#17353 = DIRECTION('',(0.,0.,-1.));
#17354 = ORIENTED_EDGE('',*,*,#17340,.T.);
#17355 = CYLINDRICAL_SURFACE('',#17356,2.85);
#17356 = AXIS2_PLACEMENT_3D('',#17357,#17358,#17359);
#17357 = CARTESIAN_POINT('',(203.65,-263.4,-1.25));
#17358 = DIRECTION('',(-1.,0.,0.));
#17359 = DIRECTION('',(0.,0.,-1.));
#17360 = ADVANCED_FACE('',(#17361,#17364),#17375,.T.);
#17361 = FACE_BOUND('',#17362,.T.);
#17362 = EDGE_LOOP('',(#17363));
#17363 = ORIENTED_EDGE('',*,*,#17331,.T.);
#17364 = FACE_BOUND('',#17365,.T.);
#17365 = EDGE_LOOP('',(#17366));
#17366 = ORIENTED_EDGE('',*,*,#17367,.F.);
#17367 = EDGE_CURVE('',#17368,#17368,#17370,.T.);
#17368 = VERTEX_POINT('',#17369);
#17369 = CARTESIAN_POINT('',(202.,-263.4,-2.75));
#17370 = CIRCLE('',#17371,1.5);
#17371 = AXIS2_PLACEMENT_3D('',#17372,#17373,#17374);
#17372 = CARTESIAN_POINT('',(202.,-263.4,-1.25));
#17373 = DIRECTION('',(-1.,0.,0.));
#17374 = DIRECTION('',(0.,0.,-1.));
#17375 = PLANE('',#17376);
#17376 = AXIS2_PLACEMENT_3D('',#17377,#17378,#17379);
#17377 = CARTESIAN_POINT('',(202.,-263.4,-1.25));
#17378 = DIRECTION('',(-1.,0.,0.));
#17379 = DIRECTION('',(0.,0.,-1.));
#17380 = ADVANCED_FACE('',(#17381,#17384),#17434,.F.);
#17381 = FACE_BOUND('',#17382,.F.);
#17382 = EDGE_LOOP('',(#17383));
#17383 = ORIENTED_EDGE('',*,*,#17348,.T.);
#17384 = FACE_BOUND('',#17385,.F.);
#17385 = EDGE_LOOP('',(#17386,#17396,#17404,#17412,#17420,#17428));
#17386 = ORIENTED_EDGE('',*,*,#17387,.T.);
#17387 = EDGE_CURVE('',#17388,#17390,#17392,.T.);
#17388 = VERTEX_POINT('',#17389);
#17389 = CARTESIAN_POINT('',(203.65,-264.4,-1.82735026919));
#17390 = VERTEX_POINT('',#17391);
#17391 = CARTESIAN_POINT('',(203.65,-263.4,-2.404700538379));
#17392 = LINE('',#17393,#17394);
#17393 = CARTESIAN_POINT('',(203.65,-263.65,-2.260362971082));
#17394 = VECTOR('',#17395,1.);
#17395 = DIRECTION('',(0.,0.866025403784,-0.5));
#17396 = ORIENTED_EDGE('',*,*,#17397,.T.);
#17397 = EDGE_CURVE('',#17390,#17398,#17400,.T.);
#17398 = VERTEX_POINT('',#17399);
#17399 = CARTESIAN_POINT('',(203.65,-262.4,-1.82735026919));
#17400 = LINE('',#17401,#17402);
#17401 = CARTESIAN_POINT('',(203.65,-262.65,-1.971687836487));
#17402 = VECTOR('',#17403,1.);
#17403 = DIRECTION('',(0.,0.866025403784,0.5));
#17404 = ORIENTED_EDGE('',*,*,#17405,.T.);
#17405 = EDGE_CURVE('',#17398,#17406,#17408,.T.);
#17406 = VERTEX_POINT('',#17407);
#17407 = CARTESIAN_POINT('',(203.65,-262.4,-0.67264973081));
#17408 = LINE('',#17409,#17410);
#17409 = CARTESIAN_POINT('',(203.65,-262.4,-0.961324865405));
#17410 = VECTOR('',#17411,1.);
#17411 = DIRECTION('',(0.,-0.,1.));
#17412 = ORIENTED_EDGE('',*,*,#17413,.T.);
#17413 = EDGE_CURVE('',#17406,#17414,#17416,.T.);
#17414 = VERTEX_POINT('',#17415);
#17415 = CARTESIAN_POINT('',(203.65,-263.4,-9.529946162075E-02));
#17416 = LINE('',#17417,#17418);
#17417 = CARTESIAN_POINT('',(203.65,-263.15,-0.239637028918));
#17418 = VECTOR('',#17419,1.);
#17419 = DIRECTION('',(0.,-0.866025403784,0.5));
#17420 = ORIENTED_EDGE('',*,*,#17421,.T.);
#17421 = EDGE_CURVE('',#17414,#17422,#17424,.T.);
#17422 = VERTEX_POINT('',#17423);
#17423 = CARTESIAN_POINT('',(203.65,-264.4,-0.67264973081));
#17424 = LINE('',#17425,#17426);
#17425 = CARTESIAN_POINT('',(203.65,-264.15,-0.528312163513));
#17426 = VECTOR('',#17427,1.);
#17427 = DIRECTION('',(-0.,-0.866025403784,-0.5));
#17428 = ORIENTED_EDGE('',*,*,#17429,.T.);
#17429 = EDGE_CURVE('',#17422,#17388,#17430,.T.);
#17430 = LINE('',#17431,#17432);
#17431 = CARTESIAN_POINT('',(203.65,-264.4,-1.538675134595));
#17432 = VECTOR('',#17433,1.);
#17433 = DIRECTION('',(-0.,0.,-1.));
#17434 = PLANE('',#17435);
#17435 = AXIS2_PLACEMENT_3D('',#17436,#17437,#17438);
#17436 = CARTESIAN_POINT('',(203.65,-263.4,-1.25));
#17437 = DIRECTION('',(-1.,0.,0.));
#17438 = DIRECTION('',(0.,0.,-1.));
#17439 = ADVANCED_FACE('',(#17440),#17459,.T.);
#17440 = FACE_BOUND('',#17441,.T.);
#17441 = EDGE_LOOP('',(#17442,#17451,#17457,#17458));
#17442 = ORIENTED_EDGE('',*,*,#17443,.F.);
#17443 = EDGE_CURVE('',#17444,#17444,#17446,.T.);
#17444 = VERTEX_POINT('',#17445);
#17445 = CARTESIAN_POINT('',(196.,-263.4,-2.75));
#17446 = CIRCLE('',#17447,1.5);
#17447 = AXIS2_PLACEMENT_3D('',#17448,#17449,#17450);
#17448 = CARTESIAN_POINT('',(196.,-263.4,-1.25));
#17449 = DIRECTION('',(-1.,0.,0.));
#17450 = DIRECTION('',(0.,0.,-1.));
#17451 = ORIENTED_EDGE('',*,*,#17452,.F.);
#17452 = EDGE_CURVE('',#17368,#17444,#17453,.T.);
#17453 = LINE('',#17454,#17455);
#17454 = CARTESIAN_POINT('',(202.,-263.4,-2.75));
#17455 = VECTOR('',#17456,1.);
#17456 = DIRECTION('',(-1.,0.,0.));
#17457 = ORIENTED_EDGE('',*,*,#17367,.T.);
#17458 = ORIENTED_EDGE('',*,*,#17452,.T.);
#17459 = CYLINDRICAL_SURFACE('',#17460,1.5);
#17460 = AXIS2_PLACEMENT_3D('',#17461,#17462,#17463);
#17461 = CARTESIAN_POINT('',(202.,-263.4,-1.25));
#17462 = DIRECTION('',(-1.,0.,0.));
#17463 = DIRECTION('',(0.,0.,-1.));
#17464 = ADVANCED_FACE('',(#17465),#17490,.T.);
#17465 = FACE_BOUND('',#17466,.T.);
#17466 = EDGE_LOOP('',(#17467,#17468,#17476,#17484));
#17467 = ORIENTED_EDGE('',*,*,#17387,.T.);
#17468 = ORIENTED_EDGE('',*,*,#17469,.T.);
#17469 = EDGE_CURVE('',#17390,#17470,#17472,.T.);
#17470 = VERTEX_POINT('',#17471);
#17471 = CARTESIAN_POINT('',(202.5775,-263.4,-2.404700538379));
#17472 = LINE('',#17473,#17474);
#17473 = CARTESIAN_POINT('',(203.75,-263.4,-2.404700538379));
#17474 = VECTOR('',#17475,1.);
#17475 = DIRECTION('',(-1.,0.,0.));
#17476 = ORIENTED_EDGE('',*,*,#17477,.T.);
#17477 = EDGE_CURVE('',#17470,#17478,#17480,.T.);
#17478 = VERTEX_POINT('',#17479);
#17479 = CARTESIAN_POINT('',(202.5775,-264.4,-1.82735026919));
#17480 = LINE('',#17481,#17482);
#17481 = CARTESIAN_POINT('',(202.5775,-263.4,-2.404700538379));
#17482 = VECTOR('',#17483,1.);
#17483 = DIRECTION('',(0.,-0.866025403784,0.5));
#17484 = ORIENTED_EDGE('',*,*,#17485,.F.);
#17485 = EDGE_CURVE('',#17388,#17478,#17486,.T.);
#17486 = LINE('',#17487,#17488);
#17487 = CARTESIAN_POINT('',(203.75,-264.4,-1.82735026919));
#17488 = VECTOR('',#17489,1.);
#17489 = DIRECTION('',(-1.,0.,0.));
#17490 = PLANE('',#17491);
#17491 = AXIS2_PLACEMENT_3D('',#17492,#17493,#17494);
#17492 = CARTESIAN_POINT('',(203.75,-263.4,-2.404700538379));
#17493 = DIRECTION('',(0.,0.5,0.866025403784));
#17494 = DIRECTION('',(0.,-0.866025403784,0.5));
#17495 = ADVANCED_FACE('',(#17496),#17514,.T.);
#17496 = FACE_BOUND('',#17497,.T.);
#17497 = EDGE_LOOP('',(#17498,#17499,#17500,#17508));
#17498 = ORIENTED_EDGE('',*,*,#17429,.T.);
#17499 = ORIENTED_EDGE('',*,*,#17485,.T.);
#17500 = ORIENTED_EDGE('',*,*,#17501,.T.);
#17501 = EDGE_CURVE('',#17478,#17502,#17504,.T.);
#17502 = VERTEX_POINT('',#17503);
#17503 = CARTESIAN_POINT('',(202.5775,-264.4,-0.67264973081));
#17504 = LINE('',#17505,#17506);
#17505 = CARTESIAN_POINT('',(202.5775,-264.4,-1.82735026919));
#17506 = VECTOR('',#17507,1.);
#17507 = DIRECTION('',(0.,0.,1.));
#17508 = ORIENTED_EDGE('',*,*,#17509,.F.);
#17509 = EDGE_CURVE('',#17422,#17502,#17510,.T.);
#17510 = LINE('',#17511,#17512);
#17511 = CARTESIAN_POINT('',(203.75,-264.4,-0.67264973081));
#17512 = VECTOR('',#17513,1.);
#17513 = DIRECTION('',(-1.,0.,0.));
#17514 = PLANE('',#17515);
#17515 = AXIS2_PLACEMENT_3D('',#17516,#17517,#17518);
#17516 = CARTESIAN_POINT('',(203.75,-264.4,-1.82735026919));
#17517 = DIRECTION('',(0.,1.,-0.));
#17518 = DIRECTION('',(0.,0.,1.));
#17519 = ADVANCED_FACE('',(#17520),#17538,.T.);
#17520 = FACE_BOUND('',#17521,.T.);
#17521 = EDGE_LOOP('',(#17522,#17523,#17524,#17532));
#17522 = ORIENTED_EDGE('',*,*,#17421,.T.);
#17523 = ORIENTED_EDGE('',*,*,#17509,.T.);
#17524 = ORIENTED_EDGE('',*,*,#17525,.T.);
#17525 = EDGE_CURVE('',#17502,#17526,#17528,.T.);
#17526 = VERTEX_POINT('',#17527);
#17527 = CARTESIAN_POINT('',(202.5775,-263.4,-9.529946162075E-02));
#17528 = LINE('',#17529,#17530);
#17529 = CARTESIAN_POINT('',(202.5775,-264.4,-0.67264973081));
#17530 = VECTOR('',#17531,1.);
#17531 = DIRECTION('',(0.,0.866025403784,0.5));
#17532 = ORIENTED_EDGE('',*,*,#17533,.F.);
#17533 = EDGE_CURVE('',#17414,#17526,#17534,.T.);
#17534 = LINE('',#17535,#17536);
#17535 = CARTESIAN_POINT('',(203.75,-263.4,-9.529946162075E-02));
#17536 = VECTOR('',#17537,1.);
#17537 = DIRECTION('',(-1.,0.,0.));
#17538 = PLANE('',#17539);
#17539 = AXIS2_PLACEMENT_3D('',#17540,#17541,#17542);
#17540 = CARTESIAN_POINT('',(203.75,-264.4,-0.67264973081));
#17541 = DIRECTION('',(0.,0.5,-0.866025403784));
#17542 = DIRECTION('',(0.,0.866025403784,0.5));
#17543 = ADVANCED_FACE('',(#17544),#17562,.T.);
#17544 = FACE_BOUND('',#17545,.T.);
#17545 = EDGE_LOOP('',(#17546,#17547,#17548,#17556));
#17546 = ORIENTED_EDGE('',*,*,#17413,.T.);
#17547 = ORIENTED_EDGE('',*,*,#17533,.T.);
#17548 = ORIENTED_EDGE('',*,*,#17549,.T.);
#17549 = EDGE_CURVE('',#17526,#17550,#17552,.T.);
#17550 = VERTEX_POINT('',#17551);
#17551 = CARTESIAN_POINT('',(202.5775,-262.4,-0.67264973081));
#17552 = LINE('',#17553,#17554);
#17553 = CARTESIAN_POINT('',(202.5775,-263.4,-9.529946162075E-02));
#17554 = VECTOR('',#17555,1.);
#17555 = DIRECTION('',(0.,0.866025403784,-0.5));
#17556 = ORIENTED_EDGE('',*,*,#17557,.F.);
#17557 = EDGE_CURVE('',#17406,#17550,#17558,.T.);
#17558 = LINE('',#17559,#17560);
#17559 = CARTESIAN_POINT('',(203.75,-262.4,-0.67264973081));
#17560 = VECTOR('',#17561,1.);
#17561 = DIRECTION('',(-1.,0.,0.));
#17562 = PLANE('',#17563);
#17563 = AXIS2_PLACEMENT_3D('',#17564,#17565,#17566);
#17564 = CARTESIAN_POINT('',(203.75,-263.4,-9.529946162075E-02));
#17565 = DIRECTION('',(-0.,-0.5,-0.866025403784));
#17566 = DIRECTION('',(0.,0.866025403784,-0.5));
#17567 = ADVANCED_FACE('',(#17568),#17586,.T.);
#17568 = FACE_BOUND('',#17569,.T.);
#17569 = EDGE_LOOP('',(#17570,#17571,#17572,#17580));
#17570 = ORIENTED_EDGE('',*,*,#17405,.T.);
#17571 = ORIENTED_EDGE('',*,*,#17557,.T.);
#17572 = ORIENTED_EDGE('',*,*,#17573,.T.);
#17573 = EDGE_CURVE('',#17550,#17574,#17576,.T.);
#17574 = VERTEX_POINT('',#17575);
#17575 = CARTESIAN_POINT('',(202.5775,-262.4,-1.82735026919));
#17576 = LINE('',#17577,#17578);
#17577 = CARTESIAN_POINT('',(202.5775,-262.4,-0.67264973081));
#17578 = VECTOR('',#17579,1.);
#17579 = DIRECTION('',(0.,0.,-1.));
#17580 = ORIENTED_EDGE('',*,*,#17581,.F.);
#17581 = EDGE_CURVE('',#17398,#17574,#17582,.T.);
#17582 = LINE('',#17583,#17584);
#17583 = CARTESIAN_POINT('',(203.75,-262.4,-1.82735026919));
#17584 = VECTOR('',#17585,1.);
#17585 = DIRECTION('',(-1.,0.,0.));
#17586 = PLANE('',#17587);
#17587 = AXIS2_PLACEMENT_3D('',#17588,#17589,#17590);
#17588 = CARTESIAN_POINT('',(203.75,-262.4,-0.67264973081));
#17589 = DIRECTION('',(-0.,-1.,-0.));
#17590 = DIRECTION('',(0.,0.,-1.));
#17591 = ADVANCED_FACE('',(#17592),#17603,.T.);
#17592 = FACE_BOUND('',#17593,.T.);
#17593 = EDGE_LOOP('',(#17594,#17595,#17596,#17602));
#17594 = ORIENTED_EDGE('',*,*,#17397,.T.);
#17595 = ORIENTED_EDGE('',*,*,#17581,.T.);
#17596 = ORIENTED_EDGE('',*,*,#17597,.T.);
#17597 = EDGE_CURVE('',#17574,#17470,#17598,.T.);
#17598 = LINE('',#17599,#17600);
#17599 = CARTESIAN_POINT('',(202.5775,-262.4,-1.82735026919));
#17600 = VECTOR('',#17601,1.);
#17601 = DIRECTION('',(0.,-0.866025403784,-0.5));
#17602 = ORIENTED_EDGE('',*,*,#17469,.F.);
#17603 = PLANE('',#17604);
#17604 = AXIS2_PLACEMENT_3D('',#17605,#17606,#17607);
#17605 = CARTESIAN_POINT('',(203.75,-262.4,-1.82735026919));
#17606 = DIRECTION('',(0.,-0.5,0.866025403784));
#17607 = DIRECTION('',(0.,-0.866025403784,-0.5));
#17608 = ADVANCED_FACE('',(#17609),#17612,.T.);
#17609 = FACE_BOUND('',#17610,.T.);
#17610 = EDGE_LOOP('',(#17611));
#17611 = ORIENTED_EDGE('',*,*,#17443,.T.);
#17612 = PLANE('',#17613);
#17613 = AXIS2_PLACEMENT_3D('',#17614,#17615,#17616);
#17614 = CARTESIAN_POINT('',(196.,-263.4,-1.25));
#17615 = DIRECTION('',(-1.,0.,0.));
#17616 = DIRECTION('',(0.,0.,-1.));
#17617 = ADVANCED_FACE('',(#17618),#17626,.F.);
#17618 = FACE_BOUND('',#17619,.F.);
#17619 = EDGE_LOOP('',(#17620,#17621,#17622,#17623,#17624,#17625));
#17620 = ORIENTED_EDGE('',*,*,#17597,.T.);
#17621 = ORIENTED_EDGE('',*,*,#17477,.T.);
#17622 = ORIENTED_EDGE('',*,*,#17501,.T.);
#17623 = ORIENTED_EDGE('',*,*,#17525,.T.);
#17624 = ORIENTED_EDGE('',*,*,#17549,.T.);
#17625 = ORIENTED_EDGE('',*,*,#17573,.T.);
#17626 = PLANE('',#17627);
#17627 = AXIS2_PLACEMENT_3D('',#17628,#17629,#17630);
#17628 = CARTESIAN_POINT('',(202.5775,-263.4,-1.25));
#17629 = DIRECTION('',(-1.,-0.,-0.));
#17630 = DIRECTION('',(0.,0.,-1.));
#17631 = MANIFOLD_SOLID_BREP('',#17632);
#17632 = CLOSED_SHELL('',(#17633,#17666,#17686,#17706));
#17633 = ADVANCED_FACE('',(#17634),#17661,.T.);
#17634 = FACE_BOUND('',#17635,.T.);
#17635 = EDGE_LOOP('',(#17636,#17645,#17653,#17660));
#17636 = ORIENTED_EDGE('',*,*,#17637,.F.);
#17637 = EDGE_CURVE('',#17638,#17638,#17640,.T.);
#17638 = VERTEX_POINT('',#17639);
#17639 = CARTESIAN_POINT('',(176.7,-263.4,1.05));
#17640 = CIRCLE('',#17641,2.3);
#17641 = AXIS2_PLACEMENT_3D('',#17642,#17643,#17644);
#17642 = CARTESIAN_POINT('',(176.7,-263.4,-1.25));
#17643 = DIRECTION('',(1.,0.,0.));
#17644 = DIRECTION('',(-0.,0.,1.));
#17645 = ORIENTED_EDGE('',*,*,#17646,.F.);
#17646 = EDGE_CURVE('',#17647,#17638,#17649,.T.);
#17647 = VERTEX_POINT('',#17648);
#17648 = CARTESIAN_POINT('',(171.,-263.4,1.05));
#17649 = LINE('',#17650,#17651);
#17650 = CARTESIAN_POINT('',(171.,-263.4,1.05));
#17651 = VECTOR('',#17652,1.);
#17652 = DIRECTION('',(1.,0.,0.));
#17653 = ORIENTED_EDGE('',*,*,#17654,.T.);
#17654 = EDGE_CURVE('',#17647,#17647,#17655,.T.);
#17655 = CIRCLE('',#17656,2.3);
#17656 = AXIS2_PLACEMENT_3D('',#17657,#17658,#17659);
#17657 = CARTESIAN_POINT('',(171.,-263.4,-1.25));
#17658 = DIRECTION('',(1.,0.,0.));
#17659 = DIRECTION('',(-0.,0.,1.));
#17660 = ORIENTED_EDGE('',*,*,#17646,.T.);
#17661 = CYLINDRICAL_SURFACE('',#17662,2.3);
#17662 = AXIS2_PLACEMENT_3D('',#17663,#17664,#17665);
#17663 = CARTESIAN_POINT('',(171.,-263.4,-1.25));
#17664 = DIRECTION('',(1.,0.,0.));
#17665 = DIRECTION('',(-0.,0.,1.));
#17666 = ADVANCED_FACE('',(#17667,#17670),#17681,.T.);
#17667 = FACE_BOUND('',#17668,.T.);
#17668 = EDGE_LOOP('',(#17669));
#17669 = ORIENTED_EDGE('',*,*,#17637,.T.);
#17670 = FACE_BOUND('',#17671,.T.);
#17671 = EDGE_LOOP('',(#17672));
#17672 = ORIENTED_EDGE('',*,*,#17673,.F.);
#17673 = EDGE_CURVE('',#17674,#17674,#17676,.T.);
#17674 = VERTEX_POINT('',#17675);
#17675 = CARTESIAN_POINT('',(176.7,-263.4,0.25));
#17676 = CIRCLE('',#17677,1.5);
#17677 = AXIS2_PLACEMENT_3D('',#17678,#17679,#17680);
#17678 = CARTESIAN_POINT('',(176.7,-263.4,-1.25));
#17679 = DIRECTION('',(1.,0.,0.));
#17680 = DIRECTION('',(-0.,0.,1.));
#17681 = PLANE('',#17682);
#17682 = AXIS2_PLACEMENT_3D('',#17683,#17684,#17685);
#17683 = CARTESIAN_POINT('',(176.7,-263.4,-1.25));
#17684 = DIRECTION('',(1.,0.,0.));
#17685 = DIRECTION('',(-0.,0.,1.));
#17686 = ADVANCED_FACE('',(#17687,#17690),#17701,.F.);
#17687 = FACE_BOUND('',#17688,.F.);
#17688 = EDGE_LOOP('',(#17689));
#17689 = ORIENTED_EDGE('',*,*,#17654,.T.);
#17690 = FACE_BOUND('',#17691,.F.);
#17691 = EDGE_LOOP('',(#17692));
#17692 = ORIENTED_EDGE('',*,*,#17693,.F.);
#17693 = EDGE_CURVE('',#17694,#17694,#17696,.T.);
#17694 = VERTEX_POINT('',#17695);
#17695 = CARTESIAN_POINT('',(171.,-263.4,0.25));
#17696 = CIRCLE('',#17697,1.5);
#17697 = AXIS2_PLACEMENT_3D('',#17698,#17699,#17700);
#17698 = CARTESIAN_POINT('',(171.,-263.4,-1.25));
#17699 = DIRECTION('',(1.,0.,0.));
#17700 = DIRECTION('',(-0.,0.,1.));
#17701 = PLANE('',#17702);
#17702 = AXIS2_PLACEMENT_3D('',#17703,#17704,#17705);
#17703 = CARTESIAN_POINT('',(171.,-263.4,-1.25));
#17704 = DIRECTION('',(1.,0.,0.));
#17705 = DIRECTION('',(-0.,0.,1.));
#17706 = ADVANCED_FACE('',(#17707),#17718,.F.);
#17707 = FACE_BOUND('',#17708,.F.);
#17708 = EDGE_LOOP('',(#17709,#17710,#17716,#17717));
#17709 = ORIENTED_EDGE('',*,*,#17673,.F.);
#17710 = ORIENTED_EDGE('',*,*,#17711,.F.);
#17711 = EDGE_CURVE('',#17694,#17674,#17712,.T.);
#17712 = LINE('',#17713,#17714);
#17713 = CARTESIAN_POINT('',(170.,-263.4,0.25));
#17714 = VECTOR('',#17715,1.);
#17715 = DIRECTION('',(1.,0.,0.));
#17716 = ORIENTED_EDGE('',*,*,#17693,.T.);
#17717 = ORIENTED_EDGE('',*,*,#17711,.T.);
#17718 = CYLINDRICAL_SURFACE('',#17719,1.5);
#17719 = AXIS2_PLACEMENT_3D('',#17720,#17721,#17722);
#17720 = CARTESIAN_POINT('',(170.,-263.4,-1.25));
#17721 = DIRECTION('',(1.,0.,0.));
#17722 = DIRECTION('',(-0.,0.,1.));
#17723 = MANIFOLD_SOLID_BREP('',#17724);
#17724 = CLOSED_SHELL('',(#17725,#17758,#17778,#17837,#17862,#17893,
    #17917,#17941,#17965,#17989,#18006,#18015));
#17725 = ADVANCED_FACE('',(#17726),#17753,.T.);
#17726 = FACE_BOUND('',#17727,.T.);
#17727 = EDGE_LOOP('',(#17728,#17737,#17745,#17752));
#17728 = ORIENTED_EDGE('',*,*,#17729,.F.);
#17729 = EDGE_CURVE('',#17730,#17730,#17732,.T.);
#17730 = VERTEX_POINT('',#17731);
#17731 = CARTESIAN_POINT('',(168.,-263.4,1.6));
#17732 = CIRCLE('',#17733,2.85);
#17733 = AXIS2_PLACEMENT_3D('',#17734,#17735,#17736);
#17734 = CARTESIAN_POINT('',(168.,-263.4,-1.25));
#17735 = DIRECTION('',(1.,0.,0.));
#17736 = DIRECTION('',(-0.,0.,1.));
#17737 = ORIENTED_EDGE('',*,*,#17738,.F.);
#17738 = EDGE_CURVE('',#17739,#17730,#17741,.T.);
#17739 = VERTEX_POINT('',#17740);
#17740 = CARTESIAN_POINT('',(166.35,-263.4,1.6));
#17741 = LINE('',#17742,#17743);
#17742 = CARTESIAN_POINT('',(166.35,-263.4,1.6));
#17743 = VECTOR('',#17744,1.);
#17744 = DIRECTION('',(1.,0.,0.));
#17745 = ORIENTED_EDGE('',*,*,#17746,.T.);
#17746 = EDGE_CURVE('',#17739,#17739,#17747,.T.);
#17747 = CIRCLE('',#17748,2.85);
#17748 = AXIS2_PLACEMENT_3D('',#17749,#17750,#17751);
#17749 = CARTESIAN_POINT('',(166.35,-263.4,-1.25));
#17750 = DIRECTION('',(1.,0.,0.));
#17751 = DIRECTION('',(-0.,0.,1.));
#17752 = ORIENTED_EDGE('',*,*,#17738,.T.);
#17753 = CYLINDRICAL_SURFACE('',#17754,2.85);
#17754 = AXIS2_PLACEMENT_3D('',#17755,#17756,#17757);
#17755 = CARTESIAN_POINT('',(166.35,-263.4,-1.25));
#17756 = DIRECTION('',(1.,0.,0.));
#17757 = DIRECTION('',(-0.,0.,1.));
#17758 = ADVANCED_FACE('',(#17759,#17762),#17773,.T.);
#17759 = FACE_BOUND('',#17760,.T.);
#17760 = EDGE_LOOP('',(#17761));
#17761 = ORIENTED_EDGE('',*,*,#17729,.T.);
#17762 = FACE_BOUND('',#17763,.T.);
#17763 = EDGE_LOOP('',(#17764));
#17764 = ORIENTED_EDGE('',*,*,#17765,.F.);
#17765 = EDGE_CURVE('',#17766,#17766,#17768,.T.);
#17766 = VERTEX_POINT('',#17767);
#17767 = CARTESIAN_POINT('',(168.,-263.4,0.25));
#17768 = CIRCLE('',#17769,1.5);
#17769 = AXIS2_PLACEMENT_3D('',#17770,#17771,#17772);
#17770 = CARTESIAN_POINT('',(168.,-263.4,-1.25));
#17771 = DIRECTION('',(1.,0.,0.));
#17772 = DIRECTION('',(-0.,0.,1.));
#17773 = PLANE('',#17774);
#17774 = AXIS2_PLACEMENT_3D('',#17775,#17776,#17777);
#17775 = CARTESIAN_POINT('',(168.,-263.4,-1.25));
#17776 = DIRECTION('',(1.,0.,0.));
#17777 = DIRECTION('',(-0.,0.,1.));
#17778 = ADVANCED_FACE('',(#17779,#17782),#17832,.F.);
#17779 = FACE_BOUND('',#17780,.F.);
#17780 = EDGE_LOOP('',(#17781));
#17781 = ORIENTED_EDGE('',*,*,#17746,.T.);
#17782 = FACE_BOUND('',#17783,.F.);
#17783 = EDGE_LOOP('',(#17784,#17794,#17802,#17810,#17818,#17826));
#17784 = ORIENTED_EDGE('',*,*,#17785,.T.);
#17785 = EDGE_CURVE('',#17786,#17788,#17790,.T.);
#17786 = VERTEX_POINT('',#17787);
#17787 = CARTESIAN_POINT('',(166.35,-264.4,-0.67264973081));
#17788 = VERTEX_POINT('',#17789);
#17789 = CARTESIAN_POINT('',(166.35,-263.4,-9.529946162075E-02));
#17790 = LINE('',#17791,#17792);
#17791 = CARTESIAN_POINT('',(166.35,-263.65,-0.239637028918));
#17792 = VECTOR('',#17793,1.);
#17793 = DIRECTION('',(-0.,0.866025403784,0.5));
#17794 = ORIENTED_EDGE('',*,*,#17795,.T.);
#17795 = EDGE_CURVE('',#17788,#17796,#17798,.T.);
#17796 = VERTEX_POINT('',#17797);
#17797 = CARTESIAN_POINT('',(166.35,-262.4,-0.67264973081));
#17798 = LINE('',#17799,#17800);
#17799 = CARTESIAN_POINT('',(166.35,-262.65,-0.528312163513));
#17800 = VECTOR('',#17801,1.);
#17801 = DIRECTION('',(0.,0.866025403784,-0.5));
#17802 = ORIENTED_EDGE('',*,*,#17803,.T.);
#17803 = EDGE_CURVE('',#17796,#17804,#17806,.T.);
#17804 = VERTEX_POINT('',#17805);
#17805 = CARTESIAN_POINT('',(166.35,-262.4,-1.82735026919));
#17806 = LINE('',#17807,#17808);
#17807 = CARTESIAN_POINT('',(166.35,-262.4,-1.538675134595));
#17808 = VECTOR('',#17809,1.);
#17809 = DIRECTION('',(0.,0.,-1.));
#17810 = ORIENTED_EDGE('',*,*,#17811,.T.);
#17811 = EDGE_CURVE('',#17804,#17812,#17814,.T.);
#17812 = VERTEX_POINT('',#17813);
#17813 = CARTESIAN_POINT('',(166.35,-263.4,-2.404700538379));
#17814 = LINE('',#17815,#17816);
#17815 = CARTESIAN_POINT('',(166.35,-263.15,-2.260362971082));
#17816 = VECTOR('',#17817,1.);
#17817 = DIRECTION('',(0.,-0.866025403784,-0.5));
#17818 = ORIENTED_EDGE('',*,*,#17819,.T.);
#17819 = EDGE_CURVE('',#17812,#17820,#17822,.T.);
#17820 = VERTEX_POINT('',#17821);
#17821 = CARTESIAN_POINT('',(166.35,-264.4,-1.82735026919));
#17822 = LINE('',#17823,#17824);
#17823 = CARTESIAN_POINT('',(166.35,-264.15,-1.971687836487));
#17824 = VECTOR('',#17825,1.);
#17825 = DIRECTION('',(0.,-0.866025403784,0.5));
#17826 = ORIENTED_EDGE('',*,*,#17827,.T.);
#17827 = EDGE_CURVE('',#17820,#17786,#17828,.T.);
#17828 = LINE('',#17829,#17830);
#17829 = CARTESIAN_POINT('',(166.35,-264.4,-0.961324865405));
#17830 = VECTOR('',#17831,1.);
#17831 = DIRECTION('',(0.,-0.,1.));
#17832 = PLANE('',#17833);
#17833 = AXIS2_PLACEMENT_3D('',#17834,#17835,#17836);
#17834 = CARTESIAN_POINT('',(166.35,-263.4,-1.25));
#17835 = DIRECTION('',(1.,0.,0.));
#17836 = DIRECTION('',(-0.,0.,1.));
#17837 = ADVANCED_FACE('',(#17838),#17857,.T.);
#17838 = FACE_BOUND('',#17839,.T.);
#17839 = EDGE_LOOP('',(#17840,#17849,#17855,#17856));
#17840 = ORIENTED_EDGE('',*,*,#17841,.F.);
#17841 = EDGE_CURVE('',#17842,#17842,#17844,.T.);
#17842 = VERTEX_POINT('',#17843);
#17843 = CARTESIAN_POINT('',(174.,-263.4,0.25));
#17844 = CIRCLE('',#17845,1.5);
#17845 = AXIS2_PLACEMENT_3D('',#17846,#17847,#17848);
#17846 = CARTESIAN_POINT('',(174.,-263.4,-1.25));
#17847 = DIRECTION('',(1.,0.,0.));
#17848 = DIRECTION('',(-0.,0.,1.));
#17849 = ORIENTED_EDGE('',*,*,#17850,.F.);
#17850 = EDGE_CURVE('',#17766,#17842,#17851,.T.);
#17851 = LINE('',#17852,#17853);
#17852 = CARTESIAN_POINT('',(168.,-263.4,0.25));
#17853 = VECTOR('',#17854,1.);
#17854 = DIRECTION('',(1.,0.,0.));
#17855 = ORIENTED_EDGE('',*,*,#17765,.T.);
#17856 = ORIENTED_EDGE('',*,*,#17850,.T.);
#17857 = CYLINDRICAL_SURFACE('',#17858,1.5);
#17858 = AXIS2_PLACEMENT_3D('',#17859,#17860,#17861);
#17859 = CARTESIAN_POINT('',(168.,-263.4,-1.25));
#17860 = DIRECTION('',(1.,0.,0.));
#17861 = DIRECTION('',(-0.,0.,1.));
#17862 = ADVANCED_FACE('',(#17863),#17888,.T.);
#17863 = FACE_BOUND('',#17864,.T.);
#17864 = EDGE_LOOP('',(#17865,#17866,#17874,#17882));
#17865 = ORIENTED_EDGE('',*,*,#17785,.T.);
#17866 = ORIENTED_EDGE('',*,*,#17867,.T.);
#17867 = EDGE_CURVE('',#17788,#17868,#17870,.T.);
#17868 = VERTEX_POINT('',#17869);
#17869 = CARTESIAN_POINT('',(167.4225,-263.4,-9.529946162075E-02));
#17870 = LINE('',#17871,#17872);
#17871 = CARTESIAN_POINT('',(166.25,-263.4,-9.529946162075E-02));
#17872 = VECTOR('',#17873,1.);
#17873 = DIRECTION('',(1.,0.,0.));
#17874 = ORIENTED_EDGE('',*,*,#17875,.T.);
#17875 = EDGE_CURVE('',#17868,#17876,#17878,.T.);
#17876 = VERTEX_POINT('',#17877);
#17877 = CARTESIAN_POINT('',(167.4225,-264.4,-0.67264973081));
#17878 = LINE('',#17879,#17880);
#17879 = CARTESIAN_POINT('',(167.4225,-263.4,-9.529946162075E-02));
#17880 = VECTOR('',#17881,1.);
#17881 = DIRECTION('',(0.,-0.866025403784,-0.5));
#17882 = ORIENTED_EDGE('',*,*,#17883,.F.);
#17883 = EDGE_CURVE('',#17786,#17876,#17884,.T.);
#17884 = LINE('',#17885,#17886);
#17885 = CARTESIAN_POINT('',(166.25,-264.4,-0.67264973081));
#17886 = VECTOR('',#17887,1.);
#17887 = DIRECTION('',(1.,0.,0.));
#17888 = PLANE('',#17889);
#17889 = AXIS2_PLACEMENT_3D('',#17890,#17891,#17892);
#17890 = CARTESIAN_POINT('',(166.25,-263.4,-9.529946162075E-02));
#17891 = DIRECTION('',(0.,0.5,-0.866025403784));
#17892 = DIRECTION('',(0.,-0.866025403784,-0.5));
#17893 = ADVANCED_FACE('',(#17894),#17912,.T.);
#17894 = FACE_BOUND('',#17895,.T.);
#17895 = EDGE_LOOP('',(#17896,#17897,#17898,#17906));
#17896 = ORIENTED_EDGE('',*,*,#17827,.T.);
#17897 = ORIENTED_EDGE('',*,*,#17883,.T.);
#17898 = ORIENTED_EDGE('',*,*,#17899,.T.);
#17899 = EDGE_CURVE('',#17876,#17900,#17902,.T.);
#17900 = VERTEX_POINT('',#17901);
#17901 = CARTESIAN_POINT('',(167.4225,-264.4,-1.82735026919));
#17902 = LINE('',#17903,#17904);
#17903 = CARTESIAN_POINT('',(167.4225,-264.4,-0.67264973081));
#17904 = VECTOR('',#17905,1.);
#17905 = DIRECTION('',(0.,0.,-1.));
#17906 = ORIENTED_EDGE('',*,*,#17907,.F.);
#17907 = EDGE_CURVE('',#17820,#17900,#17908,.T.);
#17908 = LINE('',#17909,#17910);
#17909 = CARTESIAN_POINT('',(166.25,-264.4,-1.82735026919));
#17910 = VECTOR('',#17911,1.);
#17911 = DIRECTION('',(1.,0.,0.));
#17912 = PLANE('',#17913);
#17913 = AXIS2_PLACEMENT_3D('',#17914,#17915,#17916);
#17914 = CARTESIAN_POINT('',(166.25,-264.4,-0.67264973081));
#17915 = DIRECTION('',(-0.,1.,0.));
#17916 = DIRECTION('',(0.,0.,-1.));
#17917 = ADVANCED_FACE('',(#17918),#17936,.T.);
#17918 = FACE_BOUND('',#17919,.T.);
#17919 = EDGE_LOOP('',(#17920,#17921,#17922,#17930));
#17920 = ORIENTED_EDGE('',*,*,#17819,.T.);
#17921 = ORIENTED_EDGE('',*,*,#17907,.T.);
#17922 = ORIENTED_EDGE('',*,*,#17923,.T.);
#17923 = EDGE_CURVE('',#17900,#17924,#17926,.T.);
#17924 = VERTEX_POINT('',#17925);
#17925 = CARTESIAN_POINT('',(167.4225,-263.4,-2.404700538379));
#17926 = LINE('',#17927,#17928);
#17927 = CARTESIAN_POINT('',(167.4225,-264.4,-1.82735026919));
#17928 = VECTOR('',#17929,1.);
#17929 = DIRECTION('',(0.,0.866025403784,-0.5));
#17930 = ORIENTED_EDGE('',*,*,#17931,.F.);
#17931 = EDGE_CURVE('',#17812,#17924,#17932,.T.);
#17932 = LINE('',#17933,#17934);
#17933 = CARTESIAN_POINT('',(166.25,-263.4,-2.404700538379));
#17934 = VECTOR('',#17935,1.);
#17935 = DIRECTION('',(1.,0.,0.));
#17936 = PLANE('',#17937);
#17937 = AXIS2_PLACEMENT_3D('',#17938,#17939,#17940);
#17938 = CARTESIAN_POINT('',(166.25,-264.4,-1.82735026919));
#17939 = DIRECTION('',(-0.,0.5,0.866025403784));
#17940 = DIRECTION('',(0.,0.866025403784,-0.5));
#17941 = ADVANCED_FACE('',(#17942),#17960,.T.);
#17942 = FACE_BOUND('',#17943,.T.);
#17943 = EDGE_LOOP('',(#17944,#17945,#17946,#17954));
#17944 = ORIENTED_EDGE('',*,*,#17811,.T.);
#17945 = ORIENTED_EDGE('',*,*,#17931,.T.);
#17946 = ORIENTED_EDGE('',*,*,#17947,.T.);
#17947 = EDGE_CURVE('',#17924,#17948,#17950,.T.);
#17948 = VERTEX_POINT('',#17949);
#17949 = CARTESIAN_POINT('',(167.4225,-262.4,-1.82735026919));
#17950 = LINE('',#17951,#17952);
#17951 = CARTESIAN_POINT('',(167.4225,-263.4,-2.404700538379));
#17952 = VECTOR('',#17953,1.);
#17953 = DIRECTION('',(0.,0.866025403784,0.5));
#17954 = ORIENTED_EDGE('',*,*,#17955,.F.);
#17955 = EDGE_CURVE('',#17804,#17948,#17956,.T.);
#17956 = LINE('',#17957,#17958);
#17957 = CARTESIAN_POINT('',(166.25,-262.4,-1.82735026919));
#17958 = VECTOR('',#17959,1.);
#17959 = DIRECTION('',(1.,0.,0.));
#17960 = PLANE('',#17961);
#17961 = AXIS2_PLACEMENT_3D('',#17962,#17963,#17964);
#17962 = CARTESIAN_POINT('',(166.25,-263.4,-2.404700538379));
#17963 = DIRECTION('',(0.,-0.5,0.866025403784));
#17964 = DIRECTION('',(0.,0.866025403784,0.5));
#17965 = ADVANCED_FACE('',(#17966),#17984,.T.);
#17966 = FACE_BOUND('',#17967,.T.);
#17967 = EDGE_LOOP('',(#17968,#17969,#17970,#17978));
#17968 = ORIENTED_EDGE('',*,*,#17803,.T.);
#17969 = ORIENTED_EDGE('',*,*,#17955,.T.);
#17970 = ORIENTED_EDGE('',*,*,#17971,.T.);
#17971 = EDGE_CURVE('',#17948,#17972,#17974,.T.);
#17972 = VERTEX_POINT('',#17973);
#17973 = CARTESIAN_POINT('',(167.4225,-262.4,-0.67264973081));
#17974 = LINE('',#17975,#17976);
#17975 = CARTESIAN_POINT('',(167.4225,-262.4,-1.82735026919));
#17976 = VECTOR('',#17977,1.);
#17977 = DIRECTION('',(0.,0.,1.));
#17978 = ORIENTED_EDGE('',*,*,#17979,.F.);
#17979 = EDGE_CURVE('',#17796,#17972,#17980,.T.);
#17980 = LINE('',#17981,#17982);
#17981 = CARTESIAN_POINT('',(166.25,-262.4,-0.67264973081));
#17982 = VECTOR('',#17983,1.);
#17983 = DIRECTION('',(1.,0.,0.));
#17984 = PLANE('',#17985);
#17985 = AXIS2_PLACEMENT_3D('',#17986,#17987,#17988);
#17986 = CARTESIAN_POINT('',(166.25,-262.4,-1.82735026919));
#17987 = DIRECTION('',(0.,-1.,0.));
#17988 = DIRECTION('',(0.,0.,1.));
#17989 = ADVANCED_FACE('',(#17990),#18001,.T.);
#17990 = FACE_BOUND('',#17991,.T.);
#17991 = EDGE_LOOP('',(#17992,#17993,#17994,#18000));
#17992 = ORIENTED_EDGE('',*,*,#17795,.T.);
#17993 = ORIENTED_EDGE('',*,*,#17979,.T.);
#17994 = ORIENTED_EDGE('',*,*,#17995,.T.);
#17995 = EDGE_CURVE('',#17972,#17868,#17996,.T.);
#17996 = LINE('',#17997,#17998);
#17997 = CARTESIAN_POINT('',(167.4225,-262.4,-0.67264973081));
#17998 = VECTOR('',#17999,1.);
#17999 = DIRECTION('',(0.,-0.866025403784,0.5));
#18000 = ORIENTED_EDGE('',*,*,#17867,.F.);
#18001 = PLANE('',#18002);
#18002 = AXIS2_PLACEMENT_3D('',#18003,#18004,#18005);
#18003 = CARTESIAN_POINT('',(166.25,-262.4,-0.67264973081));
#18004 = DIRECTION('',(0.,-0.5,-0.866025403784));
#18005 = DIRECTION('',(0.,-0.866025403784,0.5));
#18006 = ADVANCED_FACE('',(#18007),#18010,.T.);
#18007 = FACE_BOUND('',#18008,.T.);
#18008 = EDGE_LOOP('',(#18009));
#18009 = ORIENTED_EDGE('',*,*,#17841,.T.);
#18010 = PLANE('',#18011);
#18011 = AXIS2_PLACEMENT_3D('',#18012,#18013,#18014);
#18012 = CARTESIAN_POINT('',(174.,-263.4,-1.25));
#18013 = DIRECTION('',(1.,0.,0.));
#18014 = DIRECTION('',(-0.,0.,1.));
#18015 = ADVANCED_FACE('',(#18016),#18024,.F.);
#18016 = FACE_BOUND('',#18017,.F.);
#18017 = EDGE_LOOP('',(#18018,#18019,#18020,#18021,#18022,#18023));
#18018 = ORIENTED_EDGE('',*,*,#17995,.T.);
#18019 = ORIENTED_EDGE('',*,*,#17875,.T.);
#18020 = ORIENTED_EDGE('',*,*,#17899,.T.);
#18021 = ORIENTED_EDGE('',*,*,#17923,.T.);
#18022 = ORIENTED_EDGE('',*,*,#17947,.T.);
#18023 = ORIENTED_EDGE('',*,*,#17971,.T.);
#18024 = PLANE('',#18025);
#18025 = AXIS2_PLACEMENT_3D('',#18026,#18027,#18028);
#18026 = CARTESIAN_POINT('',(167.4225,-263.4,-1.25));
#18027 = DIRECTION('',(1.,0.,0.));
#18028 = DIRECTION('',(-0.,0.,1.));
#18029 = ( GEOMETRIC_REPRESENTATION_CONTEXT(3) 
GLOBAL_UNCERTAINTY_ASSIGNED_CONTEXT((#18033)) 
GLOBAL_UNIT_ASSIGNED_CONTEXT((#18030,#18031,#18032)) 
REPRESENTATION_CONTEXT('Context #1',
  '3D Context with UNIT and UNCERTAINTY') );
#18030 = ( LENGTH_UNIT() NAMED_UNIT(*) SI_UNIT(.MILLI.,.METRE.) );
#18031 = ( NAMED_UNIT(*) PLANE_ANGLE_UNIT() SI_UNIT($,.RADIAN.) );
#18032 = ( NAMED_UNIT(*) SI_UNIT($,.STERADIAN.) SOLID_ANGLE_UNIT() );
#18033 = UNCERTAINTY_MEASURE_WITH_UNIT(LENGTH_MEASURE(1.E-07),#18030,
  'distance_accuracy_value','confusion accuracy');
#18034 = PRODUCT_RELATED_PRODUCT_CATEGORY('part',$,(#7));
ENDSEC;
END-ISO-10303-21;
